source_line_number,source_molecule_id,source_smiles,canonical_smiles,scaffold_smiles,label,ligand_id,smiles,source,target_id,split_group_id,allocation_rank_sha256,selection_role,split,outer_fold
8,456979,Fc4ccc(Cc2ncnc3cc(\C=C\CCN1CCOCC1)c(NC(=O)C=C)nc23)cc4Cl,C=CC(=O)Nc1nc2c(Cc3ccc(F)c(Cl)c3)ncnc2cc1/C=C/CCN1CCOCC1,C(=Cc1cnc2c(Cc3ccccc3)ncnc2c1)CCN1CCOCC1,active,EGFR_active_L000008,Fc4ccc(Cc2ncnc3cc(\C=C\CCN1CCOCC1)c(NC(=O)C=C)nc23)cc4Cl,DUD-E,EGFR,EGFR_ACTIVE_G2779651A6D049BD57D29,09f223f6dae574310ff747c12f1dceaedf8c1678124b8424b7d08dae6fdcf387,development_train,train,4
486,606293,Nc4ncnc5n(C3O[C@H](COC(=O)c2ccc(S(=O)(=O)Oc1ccc(/C=C/N(=O)=O)cc1)cc2)[C@@H](O)[C@H]3O)cnc45,Nc1ncnc2c1ncn2C1O[C@H](COC(=O)c2ccc(S(=O)(=O)Oc3ccc(/C=C/[N+](=O)[O-])cc3)cc2)[C@@H](O)[C@H]1O,O=C(OCC1CCC(n2cnc3cncnc32)O1)c1ccc(S(=O)(=O)Oc2ccccc2)cc1,active,EGFR_active_L000486,Nc4ncnc5n(C3O[C@H](COC(=O)c2ccc(S(=O)(=O)Oc1ccc(/C=C/N(=O)=O)cc1)cc2)[C@@H](O)[C@H]3O)cnc45,DUD-E,EGFR,EGFR_ACTIVE_G47E783CC01746CD6B96F,0a99cfc401a1ff70b042cb0a69a249add8cb00b57053ea1fc09423c81f21bd22,development_train,train,4
102,210898,Brc4cccc(Nc2ncnc3cc(NCCN1CCOCC1)ncc23)c4,Brc1cccc(Nc2ncnc3cc(NCCN4CCOCC4)ncc23)c1,c1ccc(Nc2ncnc3cc(NCCN4CCOCC4)ncc23)cc1,active,EGFR_active_L000102,Brc4cccc(Nc2ncnc3cc(NCCN1CCOCC1)ncc23)c4,DUD-E,EGFR,EGFR_ACTIVE_G77C84FA2BE3F3D6DEB55,0b1177476bf0c4b680f98e950fe489f090351be8dd53763631de94dc9f788042,development_train,train,2
352,150354,Brc4cccc(Nc2ncnc3ccc(NC(=O)C(=C)CN1CCOCC1)cc23)c4,C=C(CN1CCOCC1)C(=O)Nc1ccc2ncnc(Nc3cccc(Br)c3)c2c1,C=C(CN1CCOCC1)C(=O)Nc1ccc2ncnc(Nc3ccccc3)c2c1,active,EGFR_active_L000352,Brc4cccc(Nc2ncnc3ccc(NC(=O)C(=C)CN1CCOCC1)cc23)c4,DUD-E,EGFR,EGFR_ACTIVE_G9FA7B34CEED0BE0F7529,0c75f8cc3b142b9d811a3419348dd8feb7470b4f40bd4e9c06b9b14827ae5cab,development_train,train,4
438,454619,COc4cc3ncnc(c1c[nH]c2cc(F)c(Cl)cc12)c3cc4OCCCN5CCOCC5,COc1cc2ncnc(-c3c[nH]c4cc(F)c(Cl)cc34)c2cc1OCCCN1CCOCC1,c1ccc2c(-c3ncnc4ccc(OCCCN5CCOCC5)cc34)c[nH]c2c1,active,EGFR_active_L000438,COc4cc3ncnc(c1c[nH]c2cc(F)c(Cl)cc12)c3cc4OCCCN5CCOCC5,DUD-E,EGFR,EGFR_ACTIVE_G40D8089CD932882095F7,0cf70d16daa9b75edacfd1cf729734a67b4f2e2cbb7ca5985b1faa4bfddc5076,development_train,train,3
475,411907,C6CO[C@H](COCc4ccn5ncnc(Nc3ccc2n(Cc1ccccn1)ncc2c3)c45)CN6,c1ccc(Cn2ncc3cc(Nc4ncnn5ccc(COC[C@@H]6CNCCO6)c45)ccc32)nc1,c1ccc(Cn2ncc3cc(Nc4ncnn5ccc(COCC6CNCCO6)c45)ccc32)nc1,active,EGFR_active_L000475,C6CO[C@H](COCc4ccn5ncnc(Nc3ccc2n(Cc1ccccn1)ncc2c3)c45)CN6,DUD-E,EGFR,EGFR_ACTIVE_G5F6598BC2681C0132538,0e042916a0e43f7b07fdd6d607549c27a13688e42a468779d61d36a01f59a5c8,development_train,train,2
113,474983,CS(=O)(=O)CCNCc5cc(c4cc3ncnc(Nc2ccc(OCc1cccc(F)c1)c(Cl)c2)c3s4)co5,CS(=O)(=O)CCNCc1cc(-c2cc3ncnc(Nc4ccc(OCc5cccc(F)c5)c(Cl)c4)c3s2)co1,c1ccc(COc2ccc(Nc3ncnc4cc(-c5ccoc5)sc34)cc2)cc1,active,EGFR_active_L000113,CS(=O)(=O)CCNCc5cc(c4cc3ncnc(Nc2ccc(OCc1cccc(F)c1)c(Cl)c2)c3s4)co5,DUD-E,EGFR,EGFR_ACTIVE_G4C94BA5582941D14618C,0e58978490abd82ffee23e9999e5d63d918e9155a267a3c05932a4db82cca709,development_train,train,5
402,174591,CN4CCN(CCCCNc3ncc2cc(c1c(Cl)cccc1Cl)c(=O)n(C)c2n3)CC4,CN1CCN(CCCCNc2ncc3cc(-c4c(Cl)cccc4Cl)c(=O)n(C)c3n2)CC1,O=c1[nH]c2nc(NCCCCN3CCNCC3)ncc2cc1-c1ccccc1,active,EGFR_active_L000402,CN4CCN(CCCCNc3ncc2cc(c1c(Cl)cccc1Cl)c(=O)n(C)c2n3)CC4,DUD-E,EGFR,EGFR_ACTIVE_GDBD01E209A5E850863DD,0e9ec63906deb18339d4f2934fa43e92151a7d9e8a1a62442be5edf7d8002604,development_train,train,4
354,412189,Fc6cccc(Cn4ncc5cc(Nc2ncnn3ccc(CNC1CCNCC1)c23)ccc45)c6,Fc1cccc(Cn2ncc3cc(Nc4ncnn5ccc(CNC6CCNCC6)c45)ccc32)c1,c1ccc(Cn2ncc3cc(Nc4ncnn5ccc(CNC6CCNCC6)c45)ccc32)cc1,active,EGFR_active_L000354,Fc6cccc(Cn4ncc5cc(Nc2ncnn3ccc(CNC1CCNCC1)c23)ccc45)c6,DUD-E,EGFR,EGFR_ACTIVE_GCDFDCB9E76DF55AA7403,11a7f72953a45230da10aa65f11da211e395fcbdb356fb40a33af8ff5cbb96ce,development_train,train,4
170,521855,Fc5ccc(Nc3ncnc4nc(Nc2ccc(CN1CCCCC1)cc2)sc34)cc5Cl,Fc1ccc(Nc2ncnc3nc(Nc4ccc(CN5CCCCC5)cc4)sc23)cc1Cl,c1ccc(Nc2ncnc3nc(Nc4ccc(CN5CCCCC5)cc4)sc23)cc1,active,EGFR_active_L000170,Fc5ccc(Nc3ncnc4nc(Nc2ccc(CN1CCCCC1)cc2)sc34)cc5Cl,DUD-E,EGFR,EGFR_ACTIVE_G4FFA284E20A150B9644B,12fadf0a1411ea1fcc5585b2ca7af068885aaee7d7be670fecc08ddad41953eb,development_train,train,3
433,509460,Nc4nc(Nc1cccc(Br)c1)c3cc(CCc2ccccc2)[nH]c3n4,Nc1nc(Nc2cccc(Br)c2)c2cc(CCc3ccccc3)[nH]c2n1,c1ccc(CCc2cc3c(Nc4ccccc4)ncnc3[nH]2)cc1,active,EGFR_active_L000433,Nc4nc(Nc1cccc(Br)c1)c3cc(CCc2ccccc2)[nH]c3n4,DUD-E,EGFR,EGFR_ACTIVE_G3744CAB57045884D1F04,1bed421c2216916f5a72ea975f7f592d9df99dee00547ad31b7e84897aa96970,development_train,train,1
457,281739,NC(=O)CN4CCC(n2cc(c1cccc(O)c1)c3c(N)ncnc23)C4,NC(=O)CN1CCC(n2cc(-c3cccc(O)c3)c3c(N)ncnc32)C1,c1ccc(-c2cn(C3CCNC3)c3ncncc23)cc1,active,EGFR_active_L000457,NC(=O)CN4CCC(n2cc(c1cccc(O)c1)c3c(N)ncnc23)C4,DUD-E,EGFR,EGFR_ACTIVE_G387EB5E9D66629006FCE,1c894e631a90dea7150599c12ae18ae1b91bb18cbea030b7c95f3ee5f7c04593,development_train,train,5
295,414994,COc4cc3ncc(C#N)c(N[C@@H]1C[C@H]1c2ccccc2)c3cc4OCCCc5cccnc5,COc1cc2ncc(C#N)c(N[C@@H]3C[C@H]3c3ccccc3)c2cc1OCCCc1cccnc1,c1ccc(C2CC2Nc2ccnc3ccc(OCCCc4cccnc4)cc23)cc1,active,EGFR_active_L000295,COc4cc3ncc(C#N)c(N[C@@H]1C[C@H]1c2ccccc2)c3cc4OCCCc5cccnc5,DUD-E,EGFR,EGFR_ACTIVE_G97C65FDB4345BA75F297,21d141f69ae009d7afac99355a77ffbb99482a13239062f95340d9e07cf04521,development_train,train,1
169,118603,Cc3c(c1ccccc1)[nH]c4ncnc(Nc2cccc(Cl)c2)c34,Cc1c(-c2ccccc2)[nH]c2ncnc(Nc3cccc(Cl)c3)c12,c1ccc(Nc2ncnc3[nH]c(-c4ccccc4)cc23)cc1,active,EGFR_active_L000169,Cc3c(c1ccccc1)[nH]c4ncnc(Nc2cccc(Cl)c2)c34,DUD-E,EGFR,EGFR_ACTIVE_G40E1A8B4EBB9E04070A0,24a34a2802c44bea573dbc3c0399673f738b308d8238aa30ed45b2c88b995fc2,development_train,train,1
5,299120,CCOc4cc3ncc(C#N)c(Nc2ccc(OCc1ccccn1)c(Cl)c2)c3cc4NC(=O)\C=C\CN(C)C,CCOc1cc2ncc(C#N)c(Nc3ccc(OCc4ccccn4)c(Cl)c3)c2cc1NC(=O)/C=C/CN(C)C,c1ccc(COc2ccc(Nc3ccnc4ccccc34)cc2)nc1,active,EGFR_active_L000005,CCOc4cc3ncc(C#N)c(Nc2ccc(OCc1ccccn1)c(Cl)c2)c3cc4NC(=O)\C=C\CN(C)C,DUD-E,EGFR,EGFR_ACTIVE_G05490F4E5CD19EBF1DB1,2556de29d590b9cbaa048f7f5176720986cae622a237fbe7258c37a7ebcee64f,development_train,train,2
276,414993,COc4cc3ncc(C#N)c(N[C@@H]1C[C@H]1c2ccccc2)c3cc4OCCCN5CCOCC5,COc1cc2ncc(C#N)c(N[C@@H]3C[C@H]3c3ccccc3)c2cc1OCCCN1CCOCC1,c1ccc(C2CC2Nc2ccnc3ccc(OCCCN4CCOCC4)cc23)cc1,active,EGFR_active_L000276,COc4cc3ncc(C#N)c(N[C@@H]1C[C@H]1c2ccccc2)c3cc4OCCCN5CCOCC5,DUD-E,EGFR,EGFR_ACTIVE_G4EF9AA62CDB8130B5ED0,270939fe54e54624dc7965ef8fbd8e64abd5967034d803719a1d5c4ff584af76,development_train,train,1
230,451739,Nc3ncnc(Nc2ccc(OCc1ccccc1)c(Cl)c2)c3c5nnc(CCN4CCOCC4)o5,Nc1ncnc(Nc2ccc(OCc3ccccc3)c(Cl)c2)c1-c1nnc(CCN2CCOCC2)o1,c1ccc(COc2ccc(Nc3ncncc3-c3nnc(CCN4CCOCC4)o3)cc2)cc1,active,EGFR_active_L000230,Nc3ncnc(Nc2ccc(OCc1ccccc1)c(Cl)c2)c3c5nnc(CCN4CCOCC4)o5,DUD-E,EGFR,EGFR_ACTIVE_G6A0CEF5FBEA66EEF006E,273fa964fa155248cb9c83f283a8e5473faeb334da57e9ad3f7729fbd1159c7a,development_train,train,2
91,198067,Clc4cccc(Nc2[nH]cnc3nnc(NCc1ccccc1)c23)c4,Clc1cccc(Nc2[nH]cnc3nnc(NCc4ccccc4)c2-3)c1,c1ccc(CNc2nnc3nc[nH]c(Nc4ccccc4)c2-3)cc1,active,EGFR_active_L000091,Clc4cccc(Nc2[nH]cnc3nnc(NCc1ccccc1)c23)c4,DUD-E,EGFR,EGFR_ACTIVE_GF9E846105FEFAEEB5564,2827ba4b413bf982bbd9b17060634a825b326fbd0934117b087d0c0cb2d3f0a9,development_train,train,5
522,393505,Fc6cccc(Cn4ncc5cc(Nc2ncnn3ccc(CN1CCNCC(=O)C1)c23)ccc45)c6,O=C1CNCCN(Cc2ccn3ncnc(Nc4ccc5c(cnn5Cc5cccc(F)c5)c4)c23)C1,O=C1CNCCN(Cc2ccn3ncnc(Nc4ccc5c(cnn5Cc5ccccc5)c4)c23)C1,active,EGFR_active_L000522,Fc6cccc(Cn4ncc5cc(Nc2ncnn3ccc(CN1CCNCC(=O)C1)c23)ccc45)c6,DUD-E,EGFR,EGFR_ACTIVE_G7F8DAAFAFAE6CDA79A43,289050ead3f81755fc867177831d0094746744632302bd80906bb53f897eb6fe,development_train,train,2
189,151828,Brc4cccc(Nc2ncnc3cc1OCOc1cc23)c4,Brc1cccc(Nc2ncnc3cc4c(cc23)OCO4)c1,c1ccc(Nc2ncnc3cc4c(cc23)OCO4)cc1,active,EGFR_active_L000189,Brc4cccc(Nc2ncnc3cc1OCOc1cc23)c4,DUD-E,EGFR,EGFR_ACTIVE_G03B599C4ED5E8151D3D7,293114e1fda3ddbf80f09415330575df49a39f98892d0bdf3a5c3a9f09f6f266,development_train,train,5
47,125696,N(c2ccc1[nH]ccc1c2)c4ncnc5cc(c3cccs3)sc45,c1csc(-c2cc3ncnc(Nc4ccc5[nH]ccc5c4)c3s2)c1,c1csc(-c2cc3ncnc(Nc4ccc5[nH]ccc5c4)c3s2)c1,active,EGFR_active_L000047,N(c2ccc1[nH]ccc1c2)c4ncnc5cc(c3cccs3)sc45,DUD-E,EGFR,EGFR_ACTIVE_G1C94EF6E7A02B745F362,2a520c8945c56db3c76d2511e433295955f0d16c465f7e7a872e5eae545abc2b,development_train,train,2
196,437162,OCCOc3n[nH]c4ncnc(Nc2ccc(OCc1ccccn1)c(Cl)c2)c34,OCCOc1n[nH]c2ncnc(Nc3ccc(OCc4ccccn4)c(Cl)c3)c12,c1ccc(COc2ccc(Nc3ncnc4[nH]ncc34)cc2)nc1,active,EGFR_active_L000196,OCCOc3n[nH]c4ncnc(Nc2ccc(OCc1ccccn1)c(Cl)c2)c34,DUD-E,EGFR,EGFR_ACTIVE_G62239150A73C98CF4AD9,2df8ed99da15cff6a4df8a8379754fb5890443199b749ce2ac0a06a2301c432f,development_train,train,1
118,414192,CCOc4cc3ncnc(C#C[C@@](C)(Cc1ccccc1)N2CCC(C(O)=O)CC2)c3cc4OCC,CCOc1cc2ncnc(C#C[C@@](C)(Cc3ccccc3)N3CCC(C(=O)O)CC3)c2cc1OCC,C(#CC(Cc1ccccc1)N1CCCCC1)c1ncnc2ccccc12,active,EGFR_active_L000118,CCOc4cc3ncnc(C#C[C@@](C)(Cc1ccccc1)N2CCC(C(O)=O)CC2)c3cc4OCC,DUD-E,EGFR,EGFR_ACTIVE_G5A120C6EF6085C68FC17,2f09b16a50a2c41c84d47a7ccac0318cc8a349e145d2ae549509bde8ca6ae508,development_train,train,1
43,198357,Oc4cccc(Nc2[nH]nc3ncnc(Nc1cccc(Cl)c1)c23)c4,Oc1cccc(Nc2[nH]nc3ncnc(Nc4cccc(Cl)c4)c23)c1,c1ccc(Nc2ncnc3n[nH]c(Nc4ccccc4)c23)cc1,active,EGFR_active_L000043,Oc4cccc(Nc2[nH]nc3ncnc(Nc1cccc(Cl)c1)c23)c4,DUD-E,EGFR,EGFR_ACTIVE_G38A4FD8771FF73F90981,2f6de2eca34137f75ce0a03f0d5d15b728aaba2fa9666a1335fe51e205358f07,development_train,train,2
148,456649,CS(=O)(=O)CCNCc5nc(c4ccc3ncnc(Nc2ccc(OCc1ccccc1)c(Cl)c2)c3c4)cs5,CS(=O)(=O)CCNCc1nc(-c2ccc3ncnc(Nc4ccc(OCc5ccccc5)c(Cl)c4)c3c2)cs1,c1ccc(COc2ccc(Nc3ncnc4ccc(-c5cscn5)cc34)cc2)cc1,active,EGFR_active_L000148,CS(=O)(=O)CCNCc5nc(c4ccc3ncnc(Nc2ccc(OCc1ccccc1)c(Cl)c2)c3c4)cs5,DUD-E,EGFR,EGFR_ACTIVE_GF2390FAD2128BD299F48,31c36394fd8a89025bcbe95c31a42a7281e3bfc1c0d0771abcb4644a06be5cf4,development_train,train,4
236,300114,Fc5cccc(COc4ccc(Nc2ncnc3nn1ccccc1c23)cc4Cl)c5,Fc1cccc(COc2ccc(Nc3ncnc4nn5ccccc5c34)cc2Cl)c1,c1ccc(COc2ccc(Nc3ncnc4nn5ccccc5c34)cc2)cc1,active,EGFR_active_L000236,Fc5cccc(COc4ccc(Nc2ncnc3nn1ccccc1c23)cc4Cl)c5,DUD-E,EGFR,EGFR_ACTIVE_G574B640327994E7EED31,35949ccb2ef68a785a129769705367f384c9af218f40a92792bfbb2b5569bf72,development_train,train,3
56,456652,Brc3cccc(Nc1ncnc2cc(NC(=O)C=C)[nH]c12)c3,C=CC(=O)Nc1cc2ncnc(Nc3cccc(Br)c3)c2[nH]1,c1ccc(Nc2ncnc3cc[nH]c23)cc1,active,EGFR_active_L000056,Brc3cccc(Nc1ncnc2cc(NC(=O)C=C)[nH]c12)c3,DUD-E,EGFR,EGFR_ACTIVE_GB141EF270BBFADFBF044,35cf258193c7cd6015a8b4d54e1b2b5fce87b9218a885d7fec93b045c38ba55e,development_train,train,3
512,457497,COc3cc(Nc1ncnc2[nH]ccc12)ccc3c5nc4ccccc4s5,COc1cc(Nc2ncnc3[nH]ccc23)ccc1-c1nc2ccccc2s1,c1ccc2sc(-c3ccc(Nc4ncnc5[nH]ccc45)cc3)nc2c1,active,EGFR_active_L000512,COc3cc(Nc1ncnc2[nH]ccc12)ccc3c5nc4ccccc4s5,DUD-E,EGFR,EGFR_ACTIVE_GFCD208D77D4BBD777B4E,38380a9371e14ffbbd19c83b57fda59ccc21a435a3016ca385d271ac52467788,development_train,train,2
297,650691,COc3ccc(C2CC(c1ccc(C)c(C)c1)=NN2C(N)=S)cc3,COc1ccc(C2CC(c3ccc(C)c(C)c3)=NN2C(N)=S)cc1,c1ccc(C2=NNC(c3ccccc3)C2)cc1,active,EGFR_active_L000297,COc3ccc(C2CC(c1ccc(C)c(C)c1)=NN2C(N)=S)cc3,DUD-E,EGFR,EGFR_ACTIVE_G1A9EF7D7A7AFE69C6176,390ad9800a9f73a487d39f58049eca03bc202fa6a9abee8de9b507c2deebdd68,development_train,train,4
333,598429,Oc1ccc(Br)cc1\C=N\NC2=NC(=O)CS2,O=C1CSC(N/N=C/c2cc(Br)ccc2O)=N1,O=C1CSC(NN=Cc2ccccc2)=N1,active,EGFR_active_L000333,Oc1ccc(Br)cc1\C=N\NC2=NC(=O)CS2,DUD-E,EGFR,EGFR_ACTIVE_G1E9C34C6B7EF23835F43,3a959047c37e90a15c20c9d0e8125a451b8847e11d3269d1e9999a857dcbef77,development_train,train,4
469,309937,COc4cc3ncnc(Nc2cc(NC(=O)c1ccccc1)c(F)cc2F)c3cc4OC,COc1cc2ncnc(Nc3cc(NC(=O)c4ccccc4)c(F)cc3F)c2cc1OC,O=C(Nc1cccc(Nc2ncnc3ccccc23)c1)c1ccccc1,active,EGFR_active_L000469,COc4cc3ncnc(Nc2cc(NC(=O)c1ccccc1)c(F)cc2F)c3cc4OC,DUD-E,EGFR,EGFR_ACTIVE_G0221BD19AB4829F73E57,3b0352a41b852b7a77e2336753aab36eadfafb0b5baee0fc937a01d685b0a038,development_train,train,2
319,598212,Oc3ccc(CN(Cc1cccc(Cl)c1O)C(=S)Nc2ccccc2)cc3,Oc1ccc(CN(Cc2cccc(Cl)c2O)C(=S)Nc2ccccc2)cc1,S=C(Nc1ccccc1)N(Cc1ccccc1)Cc1ccccc1,active,EGFR_active_L000319,Oc3ccc(CN(Cc1cccc(Cl)c1O)C(=S)Nc2ccccc2)cc3,DUD-E,EGFR,EGFR_ACTIVE_GC81F2BCB427DF6AE7977,3d3b10dd684e103afbf09081d8cf9300fba657a5a387058edb1c914d92d56254,development_train,train,1
325,299046,CCOc5cc4ncc(C#N)c(Nc3ccc2n(S(=O)(=O)c1ccccc1)ccc2c3)c4cc5NC(=O)\C=C\CN(C)C,CCOc1cc2ncc(C#N)c(Nc3ccc4c(ccn4S(=O)(=O)c4ccccc4)c3)c2cc1NC(=O)/C=C/CN(C)C,O=S(=O)(c1ccccc1)n1ccc2cc(Nc3ccnc4ccccc34)ccc21,active,EGFR_active_L000325,CCOc5cc4ncc(C#N)c(Nc3ccc2n(S(=O)(=O)c1ccccc1)ccc2c3)c4cc5NC(=O)\C=C\CN(C)C,DUD-E,EGFR,EGFR_ACTIVE_G983FE2567D918B33D753,3e4d390de3e3633096ee9b26d79aaed8b8580c334e4869664068eb8f6df86cf6,development_train,train,4
73,107305,Cc2cc(C(=O)N1CCOCC1)[nH]c2\C=c6/c(=O)[nH]c7ncnc(Nc5ccc4n(Cc3ccccc3)ncc4c5)c67,Cc1cc(C(=O)N2CCOCC2)[nH]c1/C=C1\C(=O)Nc2ncnc(Nc3ccc4c(cnn4Cc4ccccc4)c3)c21,O=C1Nc2ncnc(Nc3ccc4c(cnn4Cc4ccccc4)c3)c2C1=Cc1ccc(C(=O)N2CCOCC2)[nH]1,active,EGFR_active_L000073,Cc2cc(C(=O)N1CCOCC1)[nH]c2\C=c6/c(=O)[nH]c7ncnc(Nc5ccc4n(Cc3ccccc3)ncc4c5)c67,DUD-E,EGFR,EGFR_ACTIVE_GE36326DC30CD70641184,3f53fd4267aeec4deb7ba03766b4a46fd5653462d13a5ffaab0c44f3373a6780,development_train,train,3
127,327605,CN5CCC(Oc3cccc4ncnc(Nc2ccc(OCc1cccc(F)c1)c(Cl)c2)c34)CC5,CN1CCC(Oc2cccc3ncnc(Nc4ccc(OCc5cccc(F)c5)c(Cl)c4)c23)CC1,c1ccc(COc2ccc(Nc3ncnc4cccc(OC5CCNCC5)c34)cc2)cc1,active,EGFR_active_L000127,CN5CCC(Oc3cccc4ncnc(Nc2ccc(OCc1cccc(F)c1)c(Cl)c2)c34)CC5,DUD-E,EGFR,EGFR_ACTIVE_GF03042FCB0C585FB824C,4194771245a17bf36b302f3255831d76ea67f813f8874d5d4d54b4f606bf964d,development_train,train,5
489,327055,CCOC(=O)c4cn3ncnc(Nc2ccc(Oc1ccccc1)cc2)c3c4CC,CCOC(=O)c1cn2ncnc(Nc3ccc(Oc4ccccc4)cc3)c2c1CC,c1ccc(Oc2ccc(Nc3ncnn4cccc34)cc2)cc1,active,EGFR_active_L000489,CCOC(=O)c4cn3ncnc(Nc2ccc(Oc1ccccc1)cc2)c3c4CC,DUD-E,EGFR,EGFR_ACTIVE_G6864C392345C1B819616,41f30504f483501633e5f0ae436ce438f5c8f662b92c42fe49911042dd1f2934,development_train,train,1
391,327047,CCOC(=O)c3cn2ncnc(NCc1ccccc1)c2c3CC,CCOC(=O)c1cn2ncnc(NCc3ccccc3)c2c1CC,c1ccc(CNc2ncnn3cccc23)cc1,active,EGFR_active_L000391,CCOC(=O)c3cn2ncnc(NCc1ccccc1)c2c3CC,DUD-E,EGFR,EGFR_ACTIVE_GC7A9B86DFDC376202BA1,450f7ab4f4a8a954fbf0e3562fbe953e13e37357381517f44272cd0fcb779241,development_train,train,2
313,88437,COc3cc2ncnc(Nc1ccc(F)c(Cl)c1)c2cc3OCCCN4CCCCC4,COc1cc2ncnc(Nc3ccc(F)c(Cl)c3)c2cc1OCCCN1CCCCC1,c1ccc(Nc2ncnc3ccc(OCCCN4CCCCC4)cc23)cc1,active,EGFR_active_L000313,COc3cc2ncnc(Nc1ccc(F)c(Cl)c1)c2cc3OCCCN4CCCCC4,DUD-E,EGFR,EGFR_ACTIVE_GA47D54886A82D615788A,45e597e2ad5881466868343560a62b6e40d934e8d51feea1bd1f73051dec01bb,development_train,train,3
81,209068,CCOc4cc3ncnc(Nc2cccc(c1nccs1)c2)c3cc4OCC,CCOc1cc2ncnc(Nc3cccc(-c4nccs4)c3)c2cc1OCC,c1cc(Nc2ncnc3ccccc23)cc(-c2nccs2)c1,active,EGFR_active_L000081,CCOc4cc3ncnc(Nc2cccc(c1nccs1)c2)c3cc4OCC,DUD-E,EGFR,EGFR_ACTIVE_G0C081B7B3A9E609CA3D6,492fd5cf10f47d86957e3519026850c221ccc03bf79963967df12854688f6220,development_train,train,3
481,609883,COc5ccc(N4Cc2cnc(Nc1ccc(F)cc1)nc2N([C@H]3CC[C@@H](O)C3)C4=O)cc5,COc1ccc(N2Cc3cnc(Nc4ccc(F)cc4)nc3N([C@H]3CC[C@@H](O)C3)C2=O)cc1,O=C1N(c2ccccc2)Cc2cnc(Nc3ccccc3)nc2N1C1CCCC1,active,EGFR_active_L000481,COc5ccc(N4Cc2cnc(Nc1ccc(F)cc1)nc2N([C@H]3CC[C@@H](O)C3)C4=O)cc5,DUD-E,EGFR,EGFR_ACTIVE_G6FADD7C45C61E285F7FD,49c9920ccc6e1dda2b85ee9a04b56acd95fad80c541d68bcbeffadc25c57523b,development_train,train,5
60,596440,Brc5cccc(Nc3ncnc4ccc(NC(=O)[C@@H]1O[C@H]1CN2CCCCC2)cc34)c5,O=C(Nc1ccc2ncnc(Nc3cccc(Br)c3)c2c1)[C@@H]1O[C@H]1CN1CCCCC1,O=C(Nc1ccc2ncnc(Nc3ccccc3)c2c1)C1OC1CN1CCCCC1,active,EGFR_active_L000060,Brc5cccc(Nc3ncnc4ccc(NC(=O)[C@@H]1O[C@H]1CN2CCCCC2)cc34)c5,DUD-E,EGFR,EGFR_ACTIVE_G8F08DA7C02AE94BA3D40,49e36d5d7bcd49375fa40e5ecdacee7caec4da1525106da2d9d70df208ddde8b,development_train,train,5
157,55335,Brc5cccc(Nc3ncnc4cc2n(CCCN1CCOCC1)ncc2cc34)c5,Brc1cccc(Nc2ncnc3cc4c(cnn4CCCN4CCOCC4)cc23)c1,c1ccc(Nc2ncnc3cc4c(cnn4CCCN4CCOCC4)cc23)cc1,active,EGFR_active_L000157,Brc5cccc(Nc3ncnc4cc2n(CCCN1CCOCC1)ncc2cc34)c5,DUD-E,EGFR,EGFR_ACTIVE_G2CE8938E3E85F87615CF,49f49ce76eb9ae0d5f8175827296900d5388779d47a2cea266f9057454cafe60,development_train,train,1
490,623604,O=C(Cc1ccccc1)Nc7cccc(c3nc2sccn2c3c6ccnc(Nc5cccc(N4CCOCC4)c5)n6)c7,O=C(Cc1ccccc1)Nc1cccc(-c2nc3sccn3c2-c2ccnc(Nc3cccc(N4CCOCC4)c3)n2)c1,O=C(Cc1ccccc1)Nc1cccc(-c2nc3sccn3c2-c2ccnc(Nc3cccc(N4CCOCC4)c3)n2)c1,active,EGFR_active_L000490,O=C(Cc1ccccc1)Nc7cccc(c3nc2sccn2c3c6ccnc(Nc5cccc(N4CCOCC4)c5)n6)c7,DUD-E,EGFR,EGFR_ACTIVE_G5F2AE51B216A54932581,4b5ceb9e735185db94fed2695ff31f367ad19e5acd227da6655610aa95094027,development_train,train,3
441,299053,CCOc5cc4ncc(C#N)c(Nc3ccc2N(Cc1ccccc1)CCc2c3)c4cc5NC(=O)\C=C\CN(C)C,CCOc1cc2ncc(C#N)c(Nc3ccc4c(c3)CCN4Cc3ccccc3)c2cc1NC(=O)/C=C/CN(C)C,c1ccc(CN2CCc3cc(Nc4ccnc5ccccc45)ccc32)cc1,active,EGFR_active_L000441,CCOc5cc4ncc(C#N)c(Nc3ccc2N(Cc1ccccc1)CCc2c3)c4cc5NC(=O)\C=C\CN(C)C,DUD-E,EGFR,EGFR_ACTIVE_G56DBD499F0F35B122AE7,4bcf8f045f6e183d88f7829e1056fade76631b49822df7fa6f707af396197631,development_train,train,5
10,604615,CCOc3cc2ncc(C#N)c(Nc1ccc(F)c(Cl)c1)c2cc3NC(=O)\C=C\CN(C)C,CCOc1cc2ncc(C#N)c(Nc3ccc(F)c(Cl)c3)c2cc1NC(=O)/C=C/CN(C)C,c1ccc(Nc2ccnc3ccccc23)cc1,active,EGFR_active_L000010,CCOc3cc2ncc(C#N)c(Nc1ccc(F)c(Cl)c1)c2cc3NC(=O)\C=C\CN(C)C,DUD-E,EGFR,EGFR_ACTIVE_G9F77AB824411259DADBC,4c355a087f5b4ad10aad6d41b925f5c4b724f81fb3f9f8c6e3ee6cfea81d7752,development_train,train,1
154,456526,COc3cc2ncnc(Nc1ccc(F)c(Cl)c1)c2cc3CNC(=O)[C@H]4CCCCN4C,COc1cc2ncnc(Nc3ccc(F)c(Cl)c3)c2cc1CNC(=O)[C@H]1CCCCN1C,O=C(NCc1ccc2ncnc(Nc3ccccc3)c2c1)C1CCCCN1,active,EGFR_active_L000154,COc3cc2ncnc(Nc1ccc(F)c(Cl)c1)c2cc3CNC(=O)[C@H]4CCCCN4C,DUD-E,EGFR,EGFR_ACTIVE_GB63AB49CD15CDDE57C32,4c393af6d336ca801176c55060c72f7d85d6384096a69686f2734a1a77b9c912,development_train,train,5
294,474930,CN(C)Cc5ccc(c4cc3c(Nc2ccc(OCc1cccc(F)c1)c(Cl)c2)ncnc3s4)[nH]5,CN(C)Cc1ccc(-c2cc3c(Nc4ccc(OCc5cccc(F)c5)c(Cl)c4)ncnc3s2)[nH]1,c1ccc(COc2ccc(Nc3ncnc4sc(-c5ccc[nH]5)cc34)cc2)cc1,active,EGFR_active_L000294,CN(C)Cc5ccc(c4cc3c(Nc2ccc(OCc1cccc(F)c1)c(Cl)c2)ncnc3s4)[nH]5,DUD-E,EGFR,EGFR_ACTIVE_G6632184511DAF1E0344F,4d970429d872e7114b267c292d7eecca31221c0398a549be0f31e1d1d79d31bf,development_train,train,5
430,171234,COc4cccc(c2cn(c1ccc(CCN(C)CCO)cc1)c3ncnc(N)c23)c4,COc1cccc(-c2cn(-c3ccc(CCN(C)CCO)cc3)c3ncnc(N)c23)c1,c1ccc(-c2cn(-c3ccccc3)c3ncncc23)cc1,active,EGFR_active_L000430,COc4cccc(c2cn(c1ccc(CCN(C)CCO)cc1)c3ncnc(N)c23)c4,DUD-E,EGFR,EGFR_ACTIVE_G43C76511AC795217B157,4df2cb9e861bb51a81b0dc785075adfcdb6584105217509b0623e07e8ba4b949,development_train,train,5
30,210892,Brc4cccc(Nc2ncnc3cc(NCCCN1(=O)CCOCC1)ncc23)c4,[O-][N+]1(CCCNc2cc3ncnc(Nc4cccc(Br)c4)c3cn2)CCOCC1,c1ccc(Nc2ncnc3cc(NCCC[NH+]4CCOCC4)ncc23)cc1,active,EGFR_active_L000030,Brc4cccc(Nc2ncnc3cc(NCCCN1(=O)CCOCC1)ncc23)c4,DUD-E,EGFR,EGFR_ACTIVE_G6FB4443C0D87B9B1310B,50cd2aad25749b3818b855e26aadbd3fc217eeffbfd9244c33ec15948d89529e,development_train,train,3
537,598035,Oc3ccc(CN(Cc1cccc(Cl)c1O)C(=O)Nc2ccccc2)cc3,O=C(Nc1ccccc1)N(Cc1ccc(O)cc1)Cc1cccc(Cl)c1O,O=C(Nc1ccccc1)N(Cc1ccccc1)Cc1ccccc1,active,EGFR_active_L000537,Oc3ccc(CN(Cc1cccc(Cl)c1O)C(=O)Nc2ccccc2)cc3,DUD-E,EGFR,EGFR_ACTIVE_G2E98489BD04988A7DE4D,53252b265aaf0e18c50ff75184abb2a49f347aa291dc39cf3aa60f931ef9420a,development_train,train,3
488,81442,C(Nc1ncnc2cccnc12)c3ccccc3,c1ccc(CNc2ncnc3cccnc23)cc1,c1ccc(CNc2ncnc3cccnc23)cc1,active,EGFR_active_L000488,C(Nc1ncnc2cccnc12)c3ccccc3,DUD-E,EGFR,EGFR_ACTIVE_GFD43C81683CB6BE21796,5378eee2599d07aa5a7f1911bf90952003359c01ebe556e7986ff57a27878bb1,development_train,train,1
484,547320,COc4cc3ncnc(Nc2ccc1CCCc1c2)c3cc4OC,COc1cc2ncnc(Nc3ccc4c(c3)CCC4)c2cc1OC,c1ccc2c(Nc3ccc4c(c3)CCC4)ncnc2c1,active,EGFR_active_L000484,COc4cc3ncnc(Nc2ccc1CCCc1c2)c3cc4OC,DUD-E,EGFR,EGFR_ACTIVE_GB86280CC1C558F83C91E,5449c48f84938dd61f32257263ef177a1635e04577c024c1ea7098a7fe4c2f63,development_train,train,2
328,647961,Cc2ccc(Br)c3c(C#N)cc(C(=O)C1CC1)n23,Cc1ccc(Br)c2c(C#N)cc(C(=O)C3CC3)n12,O=C(c1ccc2ccccn12)C1CC1,active,EGFR_active_L000328,Cc2ccc(Br)c3c(C#N)cc(C(=O)C1CC1)n23,DUD-E,EGFR,EGFR_ACTIVE_GA3BA38FAB3311925339F,5536bd646b56845f12db5057ed44187046505fe4885dfd9a2b82faad1e9abd07,development_train,train,2
421,252755,Brc4cccc(Nc1ncnc3c1ccc2[nH]cnc23)c4,Brc1cccc(Nc2ncnc3c2ccc2[nH]cnc23)c1,c1ccc(Nc2ncnc3c2ccc2[nH]cnc23)cc1,active,EGFR_active_L000421,Brc4cccc(Nc1ncnc3c1ccc2[nH]cnc23)c4,DUD-E,EGFR,EGFR_ACTIVE_G0D7288BD14D0970FDFB9,5ad891aa8c7ea39b74df0e313ed9a129816d8180c4a7ba81ddafe53a355e2464,development_train,train,5
76,43264,CN(C)C/C=C/C(=O)Nc3cc2c(Nc1cccc(Br)c1)c(C#N)cnc2cn3,CN(C)C/C=C/C(=O)Nc1cc2c(Nc3cccc(Br)c3)c(C#N)cnc2cn1,c1ccc(Nc2ccnc3cnccc23)cc1,active,EGFR_active_L000076,CN(C)C/C=C/C(=O)Nc3cc2c(Nc1cccc(Br)c1)c(C#N)cnc2cn3,DUD-E,EGFR,EGFR_ACTIVE_G6B16D861B8641A24E50B,5e4c4b8181eff3b1636d644c156a87960ffcb011120b8c388cfff212935fed63,development_train,train,1
285,457763,COc5cc4ncnc(Nc3ccc(c2nc1ccccc1s2)c(OC)c3)c4cc5OC,COc1cc2ncnc(Nc3ccc(-c4nc5ccccc5s4)c(OC)c3)c2cc1OC,c1ccc2sc(-c3ccc(Nc4ncnc5ccccc45)cc3)nc2c1,active,EGFR_active_L000285,COc5cc4ncnc(Nc3ccc(c2nc1ccccc1s2)c(OC)c3)c4cc5OC,DUD-E,EGFR,EGFR_ACTIVE_GF3FA496B9DD31F933F9C,5e880f8f92f644910c1d9e36e6ca53872112fa74e9018a89f9e25fe8ffff710c,development_train,train,5
184,414189,CCOc4cc3ncnc(C#Cc1nccn1c2ccccc2)c3cc4OCC,CCOc1cc2ncnc(C#Cc3nccn3-c3ccccc3)c2cc1OCC,C(#Cc1nccn1-c1ccccc1)c1ncnc2ccccc12,active,EGFR_active_L000184,CCOc4cc3ncnc(C#Cc1nccn1c2ccccc2)c3cc4OCC,DUD-E,EGFR,EGFR_ACTIVE_G17DEC861C4355BF4BAC3,6672bcb16cbacb8335dfb3e3899338cb6eba479b79e0edfcf83d39af39163953,development_train,train,4
9,41605,Fc4ccc(Nc2ncnc3cc(\C=C\CCN1CCOCC1)c(NC(=O)C=C)nc23)cc4Cl,C=CC(=O)Nc1nc2c(Nc3ccc(F)c(Cl)c3)ncnc2cc1/C=C/CCN1CCOCC1,C(=Cc1cnc2c(Nc3ccccc3)ncnc2c1)CCN1CCOCC1,active,EGFR_active_L000009,Fc4ccc(Nc2ncnc3cc(\C=C\CCN1CCOCC1)c(NC(=O)C=C)nc23)cc4Cl,DUD-E,EGFR,EGFR_ACTIVE_GF508A39C1B6D7EF130E7,68fbbe79bb1e0a988ad6fd41100bd3b77d9e5410493ef47cba5a2333507a5e85,development_train,train,5
409,623601,CN(C)CCc6ccc(Nc5nccc(c3c(c2cccc(NC(=O)c1c(F)cccc1F)c2)nc4sccn34)n5)cc6,CN(C)CCc1ccc(Nc2nccc(-c3c(-c4cccc(NC(=O)c5c(F)cccc5F)c4)nc4sccn34)n2)cc1,O=C(Nc1cccc(-c2nc3sccn3c2-c2ccnc(Nc3ccccc3)n2)c1)c1ccccc1,active,EGFR_active_L000409,CN(C)CCc6ccc(Nc5nccc(c3c(c2cccc(NC(=O)c1c(F)cccc1F)c2)nc4sccn34)n5)cc6,DUD-E,EGFR,EGFR_ACTIVE_G9DF711B26A5721FFE04E,707dc216487288f5fd508565ab1a597c254cc1c107b0862e32f33972a67bb82a,development_train,train,2
516,252860,Brc4cccc(Nc2ncnc3c1cccnc1sc23)c4,Brc1cccc(Nc2ncnc3c2sc2ncccc23)c1,c1ccc(Nc2ncnc3c2sc2ncccc23)cc1,active,EGFR_active_L000516,Brc4cccc(Nc2ncnc3c1cccnc1sc23)c4,DUD-E,EGFR,EGFR_ACTIVE_GD6FA02A7CB4D2F9936A1,715b42c0e69e831023c27a11a105b70c65ae6242613403aea02211e26135e892,development_train,train,1
229,127083,C6CN(Cc5ccc(c4cc3nccc(Nc2ccc1[nH]ccc1c2)c3s4)cc5)CCO6,c1cc(Nc2ccc3[nH]ccc3c2)c2sc(-c3ccc(CN4CCOCC4)cc3)cc2n1,c1cc(Nc2ccc3[nH]ccc3c2)c2sc(-c3ccc(CN4CCOCC4)cc3)cc2n1,active,EGFR_active_L000229,C6CN(Cc5ccc(c4cc3nccc(Nc2ccc1[nH]ccc1c2)c3s4)cc5)CCO6,DUD-E,EGFR,EGFR_ACTIVE_GBE0237A56A25883BEC3F,721e42929a9b44aa631bd089734b89249856ab4f0fd8ecce4bd981eef7e5a3a5,development_train,train,4
279,426466,CO/N=C/c1c(N)ncnc1Nc4ccc3N(Cc2cccc(F)c2)CCc3c4,CO/N=C/c1c(N)ncnc1Nc1ccc2c(c1)CCN2Cc1cccc(F)c1,c1ccc(CN2CCc3cc(Nc4ccncn4)ccc32)cc1,active,EGFR_active_L000279,CO/N=C/c1c(N)ncnc1Nc4ccc3N(Cc2cccc(F)c2)CCc3c4,DUD-E,EGFR,EGFR_ACTIVE_G1277411E0C5917B80429,7872f88da8c058bec2a7ee7ced64cc09885c6bb7e8058dc488e2102227bf1b32,development_train,train,4
222,511659,COC[C@@H]1CCCN1/N=C/c2c(N)ncnc2Nc5ccc4n(Cc3cccc(F)c3)ncc4c5,COC[C@@H]1CCCN1/N=C/c1c(N)ncnc1Nc1ccc2c(cnn2Cc2cccc(F)c2)c1,C(=NN1CCCC1)c1cncnc1Nc1ccc2c(cnn2Cc2ccccc2)c1,active,EGFR_active_L000222,COC[C@@H]1CCCN1/N=C/c2c(N)ncnc2Nc5ccc4n(Cc3cccc(F)c3)ncc4c5,DUD-E,EGFR,EGFR_ACTIVE_GA6FD827874CCE747A5DE,7be4bc962ca5a5ff0acd6775f4d724cb243b3d74fad597b210b5cfb66b476cb7,development_train,train,1
436,117334,C1CCc3c(C1)[nH]c4ncnc(Nc2ccccc2)c34,c1ccc(Nc2ncnc3[nH]c4c(c23)CCCC4)cc1,c1ccc(Nc2ncnc3[nH]c4c(c23)CCCC4)cc1,active,EGFR_active_L000436,C1CCc3c(C1)[nH]c4ncnc(Nc2ccccc2)c34,DUD-E,EGFR,EGFR_ACTIVE_GDB8C0C0FC2D160495C0D,7c24377acce37ad5aea4fe0a4093844aee8cfc7dcd38673fc7195057e0453025,development_train,train,2
197,511601,Nc4ncnc(Nc3ccc2n(Cc1cccc(F)c1)ncc2c3)c4\C=N\N5CCOCC5,Nc1ncnc(Nc2ccc3c(cnn3Cc3cccc(F)c3)c2)c1/C=N/N1CCOCC1,C(=NN1CCOCC1)c1cncnc1Nc1ccc2c(cnn2Cc2ccccc2)c1,active,EGFR_active_L000197,Nc4ncnc(Nc3ccc2n(Cc1cccc(F)c1)ncc2c3)c4\C=N\N5CCOCC5,DUD-E,EGFR,EGFR_ACTIVE_GDE6C4D03AB24F9217940,7ede26bdac58273bd833fc784ecf2aac4cb54e58bca05461afcbaf8450fffbc8,development_train,train,5
532,148978,COc4cc3ncnc(NC1CCc2ccccc12)c3cc4OC,COc1cc2ncnc(NC3CCc4ccccc43)c2cc1OC,c1ccc2c(c1)CCC2Nc1ncnc2ccccc12,active,EGFR_active_L000532,COc4cc3ncnc(NC1CCc2ccccc12)c3cc4OC,DUD-E,EGFR,EGFR_ACTIVE_G6DD7AE8BE4D693B689B6,816e34e7c70cec7f12a45ef5a1bee3523ba44fc6b01122d0a4d0f41ec498f2d7,development_train,train,5
187,228436,Brc4cccc(Nc2ncnc3cnc(NC(=O)/C=C/C(=O)NCCCn1ccnc1)cc23)c4,O=C(/C=C/C(=O)Nc1cc2c(Nc3cccc(Br)c3)ncnc2cn1)NCCCn1ccnc1,O=C(C=CC(=O)Nc1cc2c(Nc3ccccc3)ncnc2cn1)NCCCn1ccnc1,active,EGFR_active_L000187,Brc4cccc(Nc2ncnc3cnc(NC(=O)/C=C/C(=O)NCCCn1ccnc1)cc23)c4,DUD-E,EGFR,EGFR_ACTIVE_GBC747B56300F4627712F,829cb48b338395a0d760f093215e0ac6acdae7b63055f0cf49e164883a2dfd22,development_train,train,4
101,339004,Fc4ccc(Nc2ncnc3cnc(NC(=O)C#CCN1CCOCC1)cc23)cc4Cl,O=C(C#CCN1CCOCC1)Nc1cc2c(Nc3ccc(F)c(Cl)c3)ncnc2cn1,O=C(C#CCN1CCOCC1)Nc1cc2c(Nc3ccccc3)ncnc2cn1,active,EGFR_active_L000101,Fc4ccc(Nc2ncnc3cnc(NC(=O)C#CCN1CCOCC1)cc23)cc4Cl,DUD-E,EGFR,EGFR_ACTIVE_GEF2B5243790078686811,8773bf910cfb9b493d778c47e1faa3050dfa38bfb0a79274c9a86eb625391123,development_train,train,3
234,573491,CCC5=C1C(N=CN=C1Nc4ccc3n(Cc2ccccc2)ncc3c4)N=C5NC(=O)OCC6CCNCC6,CCC1=C2C(Nc3ccc4c(cnn4Cc4ccccc4)c3)=NC=NC2N=C1NC(=O)OCC1CCNCC1,O=C(NC1=NC2N=CN=C(Nc3ccc4c(cnn4Cc4ccccc4)c3)C2=C1)OCC1CCNCC1,active,EGFR_active_L000234,CCC5=C1C(N=CN=C1Nc4ccc3n(Cc2ccccc2)ncc3c4)N=C5NC(=O)OCC6CCNCC6,DUD-E,EGFR,EGFR_ACTIVE_G0F62D4FAED03060234E8,8a981b581180f621f97e978fd52e18c510b2a9137dfde3af458e6ce50bc76dc1,development_train,train,4
144,437511,Cc5ccc(Oc4ccc(Nc2ncnc3[nH]nc(OCCN1CCC(O)CC1)c23)cc4Cl)cn5,Cc1ccc(Oc2ccc(Nc3ncnc4[nH]nc(OCCN5CCC(O)CC5)c34)cc2Cl)cn1,c1cncc(Oc2ccc(Nc3ncnc4[nH]nc(OCCN5CCCCC5)c34)cc2)c1,active,EGFR_active_L000144,Cc5ccc(Oc4ccc(Nc2ncnc3[nH]nc(OCCN1CCC(O)CC1)c23)cc4Cl)cn5,DUD-E,EGFR,EGFR_ACTIVE_GABFD505BE2C787386891,98c12bdf364cd2c1b93a80f9d9ec06690eed1895aaa6d755469f9ec3e6a07b54,development_train,train,2
371,89326,CN4CCN(CCCNc3ncc2cc(c1c(Cl)cccc1Cl)c(NC(=O)NC(C)(C)C)nc2n3)CC4,CN1CCN(CCCNc2ncc3cc(-c4c(Cl)cccc4Cl)c(NC(=O)NC(C)(C)C)nc3n2)CC1,c1ccc(-c2cnc3nc(NCCCN4CCNCC4)ncc3c2)cc1,active,EGFR_active_L000371,CN4CCN(CCCNc3ncc2cc(c1c(Cl)cccc1Cl)c(NC(=O)NC(C)(C)C)nc2n3)CC4,DUD-E,EGFR,EGFR_ACTIVE_G0AF56EF42C46C49AAFD6,9e9921757a9fcff63e2ce1149853220ac6d17ee2d716578cd33e3eed4cb1d8de,development_train,train,1
317,282739,Oc3ccc(O)c(CNc2ccc(O)c(C(=O)OCc1ccccc1)c2)c3,O=C(OCc1ccccc1)c1cc(NCc2cc(O)ccc2O)ccc1O,O=C(OCc1ccccc1)c1cccc(NCc2ccccc2)c1,active,EGFR_active_L000317,Oc3ccc(O)c(CNc2ccc(O)c(C(=O)OCc1ccccc1)c2)c3,DUD-E,EGFR,EGFR_ACTIVE_G575784DA77FD1AACC4E0,9ffab1af8754072f9262330c52a48e9ac6fc63e8b54a1614b1e021c685beb6be,development_train,train,1
358,414991,COc4cc3ncc(C#N)c(N[C@@H]1C[C@H]1c2ccccc2)c3cc4OCc5ccccc5,COc1cc2ncc(C#N)c(N[C@@H]3C[C@H]3c3ccccc3)c2cc1OCc1ccccc1,c1ccc(COc2ccc3nccc(NC4CC4c4ccccc4)c3c2)cc1,active,EGFR_active_L000358,COc4cc3ncc(C#N)c(N[C@@H]1C[C@H]1c2ccccc2)c3cc4OCc5ccccc5,DUD-E,EGFR,EGFR_ACTIVE_G03092658451ED7C69FE9,a1ba6974d822980b1d9342627951dc1664ae0a1cefec010f37b21e2ce034dd1a,development_train,train,2
194,568338,CC4(C)CNc3cc(NC(=O)c1cccnc1NCc2ccncc2)ccc34,CC1(C)CNc2cc(NC(=O)c3cccnc3NCc3ccncc3)ccc21,O=C(Nc1ccc2c(c1)NCC2)c1cccnc1NCc1ccncc1,active,EGFR_active_L000194,CC4(C)CNc3cc(NC(=O)c1cccnc1NCc2ccncc2)ccc34,DUD-E,EGFR,EGFR_ACTIVE_G458FDDCBC1221033E7C9,a2bc13f9d5c94cf2ab016efe2b7bd0e67f206d6ed5ad4e5270dd23b8819d0e69,development_train,train,5
3,101370,Brc4cccc(Nc2ncnc3cc1[nH]cnc1cc23)c4,Brc1cccc(Nc2ncnc3cc4[nH]cnc4cc23)c1,c1ccc(Nc2ncnc3cc4[nH]cnc4cc23)cc1,active,EGFR_active_L000003,Brc4cccc(Nc2ncnc3cc1[nH]cnc1cc23)c4,DUD-E,EGFR,EGFR_ACTIVE_GE0F234D35BF911C27894,a3ac2e2cf54affe5420a199bd23ae22f5cc99f458677231f9d38e3a72eddfef6,development_train,train,2
121,54880,Brc5cccc(Nc3ncnc4cc2[nH]cc(CN1CCOCC1)c2cc34)c5,Brc1cccc(Nc2ncnc3cc4[nH]cc(CN5CCOCC5)c4cc23)c1,c1ccc(Nc2ncnc3cc4[nH]cc(CN5CCOCC5)c4cc23)cc1,active,EGFR_active_L000121,Brc5cccc(Nc3ncnc4cc2[nH]cc(CN1CCOCC1)c2cc34)c5,DUD-E,EGFR,EGFR_ACTIVE_GC9DB3C76F31458FB3B6F,a42ff5ea83a5d1831beed5d2ebc6fab687a5245bd251d5c903b467e151443dcf,development_train,train,1
458,457275,Cc6cc(Oc5ccc(Nc3ncnc4cc(C#C[C@@H]2C[C@@H](OC(=O)N1CCOCC1)CN2)sc34)cc5Cl)no6,Cc1cc(Oc2ccc(Nc3ncnc4cc(C#C[C@@H]5C[C@@H](OC(=O)N6CCOCC6)CN5)sc34)cc2Cl)no1,O=C(OC1CNC(C#Cc2cc3ncnc(Nc4ccc(Oc5ccon5)cc4)c3s2)C1)N1CCOCC1,active,EGFR_active_L000458,Cc6cc(Oc5ccc(Nc3ncnc4cc(C#C[C@@H]2C[C@@H](OC(=O)N1CCOCC1)CN2)sc34)cc5Cl)no6,DUD-E,EGFR,EGFR_ACTIVE_GD53BF2D973BBD9B4C219,a6ec164ffcd1f98a6dafdf7fd40ef729bcc23de9440837f516f35ff32001a3ef,development_train,train,2
390,33863,COc3cc2c(Nc1ccc(Cl)cc1F)ncnc2cc3OCCN4CCN(C)CC4,COc1cc2c(Nc3ccc(Cl)cc3F)ncnc2cc1OCCN1CCN(C)CC1,c1ccc(Nc2ncnc3cc(OCCN4CCNCC4)ccc23)cc1,active,EGFR_active_L000390,COc3cc2c(Nc1ccc(Cl)cc1F)ncnc2cc3OCCN4CCN(C)CC4,DUD-E,EGFR,EGFR_ACTIVE_G9C2400235217BDF15A87,a96ead4469ff8941bb358e92612e5a998cedcfacc8d57476fd86af5036f585fe,development_train,train,3
49,126427,NC(=O)C6CCN(Cc5ccc(c4cc3nccc(Nc2ccc1[nH]ccc1c2)c3s4)cc5)CC6,NC(=O)C1CCN(Cc2ccc(-c3cc4nccc(Nc5ccc6[nH]ccc6c5)c4s3)cc2)CC1,c1cc(Nc2ccc3[nH]ccc3c2)c2sc(-c3ccc(CN4CCCCC4)cc3)cc2n1,active,EGFR_active_L000049,NC(=O)C6CCN(Cc5ccc(c4cc3nccc(Nc2ccc1[nH]ccc1c2)c3s4)cc5)CC6,DUD-E,EGFR,EGFR_ACTIVE_G1D511F77DD1D4158DCC4,a9cf8b22f63873741e72ef0585092e5ebd2835e62c4e88ec6293699668b42f5a,development_train,train,2
44,272413,Brc4cccc(Nc2ncnc3cnc(NCCCN1CCOCC1)cc23)c4,Brc1cccc(Nc2ncnc3cnc(NCCCN4CCOCC4)cc23)c1,c1ccc(Nc2ncnc3cnc(NCCCN4CCOCC4)cc23)cc1,active,EGFR_active_L000044,Brc4cccc(Nc2ncnc3cnc(NCCCN1CCOCC1)cc23)c4,DUD-E,EGFR,EGFR_ACTIVE_G6029B0ACF1C79BA73EBE,ad1c32db8c4194a9c174f1e5d240152175d04c8cb43dd0cedac99ef3b9241b65,development_train,train,5
21,456750,Brc4cccc(Nc2ncnc3cc1NCc1cc23)c4,Brc1cccc(Nc2ncnc3cc4c(cc23)CN4)c1,c1ccc(Nc2ncnc3cc4c(cc23)CN4)cc1,active,EGFR_active_L000021,Brc4cccc(Nc2ncnc3cc1NCc1cc23)c4,DUD-E,EGFR,EGFR_ACTIVE_GF16157185735A867A1E9,ad336254c4f6dd05eb1026858a9d1edb79863d5a7b91e72b7de2a41bc4ee920e,development_train,train,5
4,290482,Cn3cnc4cc2ncnc(Nc1cccc(Br)c1)c2cc34,Cn1cnc2cc3ncnc(Nc4cccc(Br)c4)c3cc21,c1ccc(Nc2ncnc3cc4nc[nH]c4cc23)cc1,active,EGFR_active_L000004,Cn3cnc4cc2ncnc(Nc1cccc(Br)c1)c2cc34,DUD-E,EGFR,EGFR_ACTIVE_GAF07015CD9CB9C746084,ad7aa58d72f92ad993a6e2b3fc92d624ea9fed303f42acf09fffbf13107001fc,development_train,train,1
252,415002,NCc5ccc(c4ccc3ncc(C#N)c(N[C@@H]1C[C@H]1c2ccccc2)c3c4)cc5,N#Cc1cnc2ccc(-c3ccc(CN)cc3)cc2c1N[C@@H]1C[C@H]1c1ccccc1,c1ccc(-c2ccc3nccc(NC4CC4c4ccccc4)c3c2)cc1,active,EGFR_active_L000252,NCc5ccc(c4ccc3ncc(C#N)c(N[C@@H]1C[C@H]1c2ccccc2)c3c4)cc5,DUD-E,EGFR,EGFR_ACTIVE_G155EE873BA8CB38D31F4,aeb07704abb4b5a593a171e8065a8bf075bd43f005f979ea6f3cd9c825c57020,development_train,train,1
83,358848,COc3cc2ncnc(Nc1cccc(Cl)c1F)c2cc3OCC4CCN(C)CC4,COc1cc2ncnc(Nc3cccc(Cl)c3F)c2cc1OCC1CCN(C)CC1,c1ccc(Nc2ncnc3ccc(OCC4CCNCC4)cc23)cc1,active,EGFR_active_L000083,COc3cc2ncnc(Nc1cccc(Cl)c1F)c2cc3OCC4CCN(C)CC4,DUD-E,EGFR,EGFR_ACTIVE_GD3C88946167A6EFC5317,afb66bf3afd2f85cbeea1daf5d93076836120b8cc15f5fe589af4e35c429181a,development_train,train,5
173,414188,CCOc4cc3ncnc(C#Cc1[nH]ccc1c2ccccc2)c3cc4OCC,CCOc1cc2ncnc(C#Cc3[nH]ccc3-c3ccccc3)c2cc1OCC,C(#Cc1ncnc2ccccc12)c1[nH]ccc1-c1ccccc1,active,EGFR_active_L000173,CCOc4cc3ncnc(C#Cc1[nH]ccc1c2ccccc2)c3cc4OCC,DUD-E,EGFR,EGFR_ACTIVE_G4D724FB4B71F8899BCBC,b64e892dc923cccc44914658462e96764c870a72af62adc60c722f74d0605712,development_train,train,1
526,411908,C6CO[C@H](COCc4ccn5ncnc(Nc3ccc2n(Cc1cccnc1)ncc2c3)c45)CN6,c1cncc(Cn2ncc3cc(Nc4ncnn5ccc(COC[C@@H]6CNCCO6)c45)ccc32)c1,c1cncc(Cn2ncc3cc(Nc4ncnn5ccc(COCC6CNCCO6)c45)ccc32)c1,active,EGFR_active_L000526,C6CO[C@H](COCc4ccn5ncnc(Nc3ccc2n(Cc1cccnc1)ncc2c3)c45)CN6,DUD-E,EGFR,EGFR_ACTIVE_GA6D4A4145CD7BD59F347,b84428516838aaa2683d10e327802694005042e219e90e42fa6829993b7d42fa,development_train,train,3
32,456978,Fc3ccc(Cc1ncnc2ccc(NC(=O)C=C)nc12)cc3Cl,C=CC(=O)Nc1ccc2ncnc(Cc3ccc(F)c(Cl)c3)c2n1,c1ccc(Cc2ncnc3cccnc23)cc1,active,EGFR_active_L000032,Fc3ccc(Cc1ncnc2ccc(NC(=O)C=C)nc12)cc3Cl,DUD-E,EGFR,EGFR_ACTIVE_G37910CFBAD3C93371070,b91bcde9bb887ba5341746e2be55c16f8122b900fbaa93769541a15d9cfcb0e9,development_train,train,4
261,412223,NC6CCN(Cc4ccn5ncnc(Nc3ccc2n(Cc1ccccn1)ncc2c3)c45)CC6,NC1CCN(Cc2ccn3ncnc(Nc4ccc5c(cnn5Cc5ccccn5)c4)c23)CC1,c1ccc(Cn2ncc3cc(Nc4ncnn5ccc(CN6CCCCC6)c45)ccc32)nc1,active,EGFR_active_L000261,NC6CCN(Cc4ccn5ncnc(Nc3ccc2n(Cc1ccccn1)ncc2c3)c45)CC6,DUD-E,EGFR,EGFR_ACTIVE_GD25FEA06964AB3664F27,bbc789e28d672de35b57af322e190cf1ae60dc5afd76cae396f0c4287eed17dc,development_train,train,4
224,118567,Clc4cccc(Nc2[nH]cnc3nc1CCCCc1c23)c4,Clc1cccc(Nc2[nH]cnc3nc4c(c2-3)CCCC4)c1,c1ccc(Nc2[nH]cnc3nc4c(c2-3)CCCC4)cc1,active,EGFR_active_L000224,Clc4cccc(Nc2[nH]cnc3nc1CCCCc1c23)c4,DUD-E,EGFR,EGFR_ACTIVE_GF8D5C5534289EE1DB094,bbfe5ba9c56ac6896acf855e253c32f5bbaccae4e34945bbef2e417784bee914,development_train,train,5
31,41608,Fc3ccc(Nc1ncnc2ccc(NC(=O)C=C)nc12)cc3Cl,C=CC(=O)Nc1ccc2ncnc(Nc3ccc(F)c(Cl)c3)c2n1,c1ccc(Nc2ncnc3cccnc23)cc1,active,EGFR_active_L000031,Fc3ccc(Nc1ncnc2ccc(NC(=O)C=C)nc12)cc3Cl,DUD-E,EGFR,EGFR_ACTIVE_GDA9CC1135F776F1219A2,bc2da611403df569be5160213bc74d455699b14cd936edf68baea3b6038dcf3d,development_train,train,4
117,391669,CCOc4cc3ncnc(Nc2cc(=O)c(OCc1cccc(F)c1)cc2=O)c3cc4NC(=O)\C=C\CN(C)C,CCOc1cc2ncnc(NC3=CC(=O)C(OCc4cccc(F)c4)=CC3=O)c2cc1NC(=O)/C=C/CN(C)C,O=C1C=C(OCc2ccccc2)C(=O)C=C1Nc1ncnc2ccccc12,active,EGFR_active_L000117,CCOc4cc3ncnc(Nc2cc(=O)c(OCc1cccc(F)c1)cc2=O)c3cc4NC(=O)\C=C\CN(C)C,DUD-E,EGFR,EGFR_ACTIVE_GC99647B948A9F99DAEEB,be7e358c6b71884f8638057c252222d97853c4ca7b8f6180bee708614e1e2ed4,development_train,train,3
1,101343,Brc4cccc(Nc2ncnc3cc1ccccc1cc23)c4,Brc1cccc(Nc2ncnc3cc4ccccc4cc23)c1,c1ccc(Nc2ncnc3cc4ccccc4cc23)cc1,active,EGFR_active_L000001,Brc4cccc(Nc2ncnc3cc1ccccc1cc23)c4,DUD-E,EGFR,EGFR_ACTIVE_GC0A453EA406E6CB24C13,c633442473732e9f93380b781bac391208c642ab584cc6ba6e5126b9ad8ae114,development_train,train,3
266,33600,COc3cc2c(Nc1ccc(Br)cc1F)ncnc2cc3OCCn4ccnn4,COc1cc2c(Nc3ccc(Br)cc3F)ncnc2cc1OCCn1ccnn1,c1ccc(Nc2ncnc3cc(OCCn4ccnn4)ccc23)cc1,active,EGFR_active_L000266,COc3cc2c(Nc1ccc(Br)cc1F)ncnc2cc3OCCn4ccnn4,DUD-E,EGFR,EGFR_ACTIVE_GD70006346179AE337BB8,c6d12bc7464a15cd899564a84248acc31f164410a0a6a131ce63a6bace17fd58,development_train,train,3
283,361179,Brc4cccc(Nc2ncnc3ccc(NC(=O)C1CCSS1)cc23)c4,O=C(Nc1ccc2ncnc(Nc3cccc(Br)c3)c2c1)C1CCSS1,O=C(Nc1ccc2ncnc(Nc3ccccc3)c2c1)C1CCSS1,active,EGFR_active_L000283,Brc4cccc(Nc2ncnc3ccc(NC(=O)C1CCSS1)cc23)c4,DUD-E,EGFR,EGFR_ACTIVE_G552ECD57304E567F7862,c732bba8beeab7be1ea9838bfb4b9c27577d1838304f41842df63c45ad1162c5,development_train,train,4
470,87442,Oc2cc1CCC(=C(C#N)C#N)c1cc2O,N#CC(C#N)=C1CCc2cc(O)c(O)cc21,C=C1CCc2ccccc21,active,EGFR_active_L000470,Oc2cc1CCC(=C(C#N)C#N)c1cc2O,DUD-E,EGFR,EGFR_ACTIVE_G15672E865060CD13CD51,cd08dc1c1c858130b811b611d96c4c31679303bb9b9c9ca2ca95118279c2f9a3,development_train,train,3
159,437161,OC5CCN(CCCOc3n[nH]c4ncnc(Nc2ccc(OCc1ccccn1)c(Cl)c2)c34)CC5,OC1CCN(CCCOc2n[nH]c3ncnc(Nc4ccc(OCc5ccccn5)c(Cl)c4)c23)CC1,c1ccc(COc2ccc(Nc3ncnc4[nH]nc(OCCCN5CCCCC5)c34)cc2)nc1,active,EGFR_active_L000159,OC5CCN(CCCOc3n[nH]c4ncnc(Nc2ccc(OCc1ccccn1)c(Cl)c2)c34)CC5,DUD-E,EGFR,EGFR_ACTIVE_G2C0385265DCFD2EC2A17,cdfb972cc68e4d155ce4bb939ae3e6947591b39ba18b26eefbf11cd71009d569,development_train,train,1
434,342224,COc4cc3CNc2c(Nc1cccc(Br)c1)ncnc2Oc3cc4OC,COc1cc2c(cc1OC)Oc1ncnc(Nc3cccc(Br)c3)c1NC2,c1ccc(Nc2ncnc3c2NCc2ccccc2O3)cc1,active,EGFR_active_L000434,COc4cc3CNc2c(Nc1cccc(Br)c1)ncnc2Oc3cc4OC,DUD-E,EGFR,EGFR_ACTIVE_G9FB8E2008B217E1BF96A,ce4dd78f0a831247cc15b53539097d282b02541df3099f28a2cafef224e4fa08,development_train,train,4
188,437112,CN5CCN(CCCOc3n[nH]c4ncnc(Nc2ccc(OCc1ccccn1)c(Cl)c2)c34)CC5,CN1CCN(CCCOc2n[nH]c3ncnc(Nc4ccc(OCc5ccccn5)c(Cl)c4)c23)CC1,c1ccc(COc2ccc(Nc3ncnc4[nH]nc(OCCCN5CCNCC5)c34)cc2)nc1,active,EGFR_active_L000188,CN5CCN(CCCOc3n[nH]c4ncnc(Nc2ccc(OCc1ccccn1)c(Cl)c2)c34)CC5,DUD-E,EGFR,EGFR_ACTIVE_GC488B2FE6870E48FC813,cee7db029ed02510852436415c1f7376564b21242348fbe45828d584d8b0258f,development_train,train,1
246,573555,CCC5=C1C(N=CN=C1Nc4ccc3n(Cc2ccccc2)ncc3c4)N=C5NC(=O)OCCN6CCCCC6,CCC1=C2C(Nc3ccc4c(cnn4Cc4ccccc4)c3)=NC=NC2N=C1NC(=O)OCCN1CCCCC1,O=C(NC1=NC2N=CN=C(Nc3ccc4c(cnn4Cc4ccccc4)c3)C2=C1)OCCN1CCCCC1,active,EGFR_active_L000246,CCC5=C1C(N=CN=C1Nc4ccc3n(Cc2ccccc2)ncc3c4)N=C5NC(=O)OCCN6CCCCC6,DUD-E,EGFR,EGFR_ACTIVE_GA13E75BF544A15B3BD25,d040991d084592395a346e575b915398b5ea079769dc75452cce5e9b2d2fcdbf,development_train,train,4
29,272568,Brc4cccc(Nc2ncnc3cnc(NCCN1CCOCC1)cc23)c4,Brc1cccc(Nc2ncnc3cnc(NCCN4CCOCC4)cc23)c1,c1ccc(Nc2ncnc3cnc(NCCN4CCOCC4)cc23)cc1,active,EGFR_active_L000029,Brc4cccc(Nc2ncnc3cnc(NCCN1CCOCC1)cc23)c4,DUD-E,EGFR,EGFR_ACTIVE_GBDD68A6F0975CDBEE733,d20cbfbfe1a4101edc3f353971a86789172aadea8031facdce7f36b54e670b48,development_train,train,2
320,598618,COc2ccc(NC(=O)c1ccc(N(CCCl)CCCl)cc1)cc2,COc1ccc(NC(=O)c2ccc(N(CCCl)CCCl)cc2)cc1,O=C(Nc1ccccc1)c1ccccc1,active,EGFR_active_L000320,COc2ccc(NC(=O)c1ccc(N(CCCl)CCCl)cc1)cc2,DUD-E,EGFR,EGFR_ACTIVE_G57D0BEB290F0D917FA28,d2c542a0430048e20b60f36f3e43ca53bfa8e635d1e14f9d52eab204a542f869,development_train,train,2
221,414184,COc4cc3ncnc(C#Cc1ccccc1c2ccccc2)c3cc4OC,COc1cc2ncnc(C#Cc3ccccc3-c3ccccc3)c2cc1OC,C(#Cc1ncnc2ccccc12)c1ccccc1-c1ccccc1,active,EGFR_active_L000221,COc4cc3ncnc(C#Cc1ccccc1c2ccccc2)c3cc4OC,DUD-E,EGFR,EGFR_ACTIVE_G7DB29A80F7F8A07F83DD,d83d41b7f9ef1b78bd9abed819adea628b71d6ea761f09cffd1510cea36fe397,development_train,train,4
147,650852,OC[C@H](Nc3ncnc4oc(c1ccccc1)c(c2cccc(NC(=O)C=C)c2)c34)c5ccccc5,C=CC(=O)Nc1cccc(-c2c(-c3ccccc3)oc3ncnc(N[C@@H](CO)c4ccccc4)c23)c1,c1ccc(CNc2ncnc3oc(-c4ccccc4)c(-c4ccccc4)c23)cc1,active,EGFR_active_L000147,OC[C@H](Nc3ncnc4oc(c1ccccc1)c(c2cccc(NC(=O)C=C)c2)c34)c5ccccc5,DUD-E,EGFR,EGFR_ACTIVE_GB55C03506CA87401CFEC,d8d338a444862c7bc035d3fd191b5e9c32335e49477e45a1316c0ea2dcd11528,development_train,train,3
105,456587,C=CC(=O)NC3=CC=C4N=CN=C(Nc2ccc(OCc1ccccc1)cc2)C34,C=CC(=O)NC1=CC=C2N=CN=C(Nc3ccc(OCc4ccccc4)cc3)C21,C1=CC2C(=C1)N=CN=C2Nc1ccc(OCc2ccccc2)cc1,active,EGFR_active_L000105,C=CC(=O)NC3=CC=C4N=CN=C(Nc2ccc(OCc1ccccc1)cc2)C34,DUD-E,EGFR,EGFR_ACTIVE_G6CE4F72788FC859CA420,d93aae4d29f8851db750400a24ab306ea1124955ba6cdcf53c4c54b05e62cfaa,development_train,train,1
337,457130,COc1ccccc1Cc8nc7ccc(c5nn(C4CCC(N3CCN(CC2CC2)CC3)CC4)c6ncnc(N)c56)cc7[nH]8,COc1ccccc1Cc1nc2ccc(-c3nn(C4CCC(N5CCN(CC6CC6)CC5)CC4)c4ncnc(N)c34)cc2[nH]1,c1ccc(Cc2nc3ccc(-c4nn(C5CCC(N6CCN(CC7CC7)CC6)CC5)c5ncncc45)cc3[nH]2)cc1,active,EGFR_active_L000337,COc1ccccc1Cc8nc7ccc(c5nn(C4CCC(N3CCN(CC2CC2)CC3)CC4)c6ncnc(N)c56)cc7[nH]8,DUD-E,EGFR,EGFR_ACTIVE_G653BF26AF1DFB709AE59,d9bb31dc6ffd53d58ab7b6f0fb708e006279ee6afec8a5f5e037bd2233a03506,development_train,train,1
368,548047,Cn3c1ccccc1c4ncnc(Nc2cccc(Br)c2)c34,Cn1c2ccccc2c2ncnc(Nc3cccc(Br)c3)c21,c1ccc(Nc2ncnc3c2[nH]c2ccccc23)cc1,active,EGFR_active_L000368,Cn3c1ccccc1c4ncnc(Nc2cccc(Br)c2)c34,DUD-E,EGFR,EGFR_ACTIVE_G4DC5454D888EBC351498,dcebd586b0285c1cea0fa2263586cd38f5ebd128e8908a6cc7e7be770ec74191,development_train,train,5
114,475034,CN(C)Cc5ccc(c4cc3ncnc(Nc2ccc(OCc1cccc(F)c1)c(Cl)c2)c3s4)[nH]5,CN(C)Cc1ccc(-c2cc3ncnc(Nc4ccc(OCc5cccc(F)c5)c(Cl)c4)c3s2)[nH]1,c1ccc(COc2ccc(Nc3ncnc4cc(-c5ccc[nH]5)sc34)cc2)cc1,active,EGFR_active_L000114,CN(C)Cc5ccc(c4cc3ncnc(Nc2ccc(OCc1cccc(F)c1)c(Cl)c2)c3s4)[nH]5,DUD-E,EGFR,EGFR_ACTIVE_G8FF7DC1928F1C0CA66C0,e15be8c69507b127cf1edd04aac41b15830b03fcee46a541bbcdc7f57453ca02,development_train,train,3
115,414183,COc3cc2ncnc(\C=C\CCc1ccccc1)c2cc3OC,COc1cc2ncnc(/C=C/CCc3ccccc3)c2cc1OC,C(=Cc1ncnc2ccccc12)CCc1ccccc1,active,EGFR_active_L000115,COc3cc2ncnc(\C=C\CCc1ccccc1)c2cc3OC,DUD-E,EGFR,EGFR_ACTIVE_G0BD0D70244645C95FBA2,e1977014e76a383d4ed80cb5a534f18611fd8d50601f98580b0ac73030cbdee1,development_train,train,4
63,273000,Brc4cccc(Nc2ncnc3cnc(NCc1cccnc1)cc23)c4,Brc1cccc(Nc2ncnc3cnc(NCc4cccnc4)cc23)c1,c1ccc(Nc2ncnc3cnc(NCc4cccnc4)cc23)cc1,active,EGFR_active_L000063,Brc4cccc(Nc2ncnc3cnc(NCc1cccnc1)cc23)c4,DUD-E,EGFR,EGFR_ACTIVE_GC31FBF02ED30C1E48A4E,e3f5a3653b2e6cef815bfa1e9b2f12381645217a3a289d97b4ca78e582ba985b,development_train,train,3
540,628391,NC1CCc4c(C1)c3cc(OCCc2ccc(O)cc2)ccc3n4CCCCCc5ccccc5,NC1CCc2c(c3cc(OCCc4ccc(O)cc4)ccc3n2CCCCCc2ccccc2)C1,c1ccc(CCCCCn2c3c(c4cc(OCCc5ccccc5)ccc42)CCCC3)cc1,active,EGFR_active_L000540,NC1CCc4c(C1)c3cc(OCCc2ccc(O)cc2)ccc3n4CCCCCc5ccccc5,DUD-E,EGFR,EGFR_ACTIVE_GBA3C437C5589FC5596BC,e7a0507dac2f15d20062b98cf3b41263fc3b2cb8b2af888dbaec9ed5ab1cb963,development_train,train,4
298,412231,NC5CCN(Cc3ccn4ncnc(Nc2ccc(OCc1ccccn1=O)c(Cl)c2)c34)CC5,NC1CCN(Cc2ccn3ncnc(Nc4ccc(OCc5cccc[n+]5[O-])c(Cl)c4)c23)CC1,c1ccc(COc2ccc(Nc3ncnn4ccc(CN5CCCCC5)c34)cc2)[nH+]c1,active,EGFR_active_L000298,NC5CCN(Cc3ccn4ncnc(Nc2ccc(OCc1ccccn1=O)c(Cl)c2)c34)CC5,DUD-E,EGFR,EGFR_ACTIVE_GC51FD0B3A0DCF14B00DB,eb5b925166a1d2c5012f767a164d72e116e5666c1bfa94e4a27dc5680f2670ed,development_train,train,4
254,299045,COc4cc3ncc(C#N)c(Nc2ccc(Sc1nccn1C)c(Cl)c2)c3cc4NC(=O)\C=C\CN(C)C,COc1cc2ncc(C#N)c(Nc3ccc(Sc4nccn4C)c(Cl)c3)c2cc1NC(=O)/C=C/CN(C)C,c1ccc2c(Nc3ccc(Sc4ncc[nH]4)cc3)ccnc2c1,active,EGFR_active_L000254,COc4cc3ncc(C#N)c(Nc2ccc(Sc1nccn1C)c(Cl)c2)c3cc4NC(=O)\C=C\CN(C)C,DUD-E,EGFR,EGFR_ACTIVE_G257E8D0A05C8211643AC,f02044ae4930709d95e0b76e9ef0cf5aef8fcf81cc313bfd315d92e282f667ae,development_train,train,5
215,14809,CS(=O)(=O)CNCCCCOc5ccc4ncnc(Nc3ccc2n(Cc1cccc(F)c1)ncc2c3)c4c5,CS(=O)(=O)CNCCCCOc1ccc2ncnc(Nc3ccc4c(cnn4Cc4cccc(F)c4)c3)c2c1,c1ccc(Cn2ncc3cc(Nc4ncnc5ccccc45)ccc32)cc1,active,EGFR_active_L000215,CS(=O)(=O)CNCCCCOc5ccc4ncnc(Nc3ccc2n(Cc1cccc(F)c1)ncc2c3)c4c5,DUD-E,EGFR,EGFR_ACTIVE_G8D66A1BD1ADD450B677D,f3c26127ffa0d4a159f7c1befd5111de73c0c44d60d390c52a85a75cbd4fae79,development_train,train,3
472,105463,Oc3cc2cc(c1cccnc1)cnc2cc3O,Oc1cc2cc(-c3cccnc3)cnc2cc1O,c1cncc(-c2cnc3ccccc3c2)c1,active,EGFR_active_L000472,Oc3cc2cc(c1cccnc1)cnc2cc3O,DUD-E,EGFR,EGFR_ACTIVE_G4310290837B3DDCB56D5,f4bb47f31b99ea730aa5bead0b9d17b195022ac6896267e7933bf54f85a02083,development_train,train,3
335,393489,Fc6cccc(Cn4ncc5cc(Nc2ncnn3ccc(CN1CCNCC1)c23)ccc45)c6,Fc1cccc(Cn2ncc3cc(Nc4ncnn5ccc(CN6CCNCC6)c45)ccc32)c1,c1ccc(Cn2ncc3cc(Nc4ncnn5ccc(CN6CCNCC6)c45)ccc32)cc1,active,EGFR_active_L000335,Fc6cccc(Cn4ncc5cc(Nc2ncnn3ccc(CN1CCNCC1)c23)ccc45)c6,DUD-E,EGFR,EGFR_ACTIVE_G8531785F69B79DCC0D87,f528c7e57e2070f49c53073dba6dc1ad52c966de979e1ef22128009cb61c7d84,development_train,train,3
241,252313,Brc3cccc(Nc1ncnc2sccc12)c3,Brc1cccc(Nc2ncnc3sccc23)c1,c1ccc(Nc2ncnc3sccc23)cc1,active,EGFR_active_L000241,Brc3cccc(Nc1ncnc2sccc12)c3,DUD-E,EGFR,EGFR_ACTIVE_G9DD61B0ECF5B15F4FD9F,f6339273f6bbbad33ed2b44d9c700005316b16417d527577e4e0b4359dbee3a2,development_train,train,2
392,149046,COc4cc3ncnc(Nc1nccc2ccccc12)c3cc4OC,COc1cc2ncnc(Nc3nccc4ccccc34)c2cc1OC,c1ccc2c(Nc3ncnc4ccccc34)nccc2c1,active,EGFR_active_L000392,COc4cc3ncnc(Nc1nccc2ccccc12)c3cc4OC,DUD-E,EGFR,EGFR_ACTIVE_GAED55EC4564D61EB9610,f7d2eab173352bce179fe617721a652a01b2e5b84cf037125783d158f1baeaed,development_train,train,5
79,413936,C[C@H](CN(C)C(=O)CO)Oc3cccc4ncnc(Nc2ccc(OCc1ccccn1)c(Cl)c2)c34,C[C@H](CN(C)C(=O)CO)Oc1cccc2ncnc(Nc3ccc(OCc4ccccn4)c(Cl)c3)c12,c1ccc(COc2ccc(Nc3ncnc4ccccc34)cc2)nc1,active,EGFR_active_L000079,C[C@H](CN(C)C(=O)CO)Oc3cccc4ncnc(Nc2ccc(OCc1ccccn1)c(Cl)c2)c34,DUD-E,EGFR,EGFR_ACTIVE_G46A1F4EE7ADA9C25F32F,fdc3b1d9cceda7551c1193c3be3ce5c398ccc413ef4dc6ef1214ae3c36e1cb62,development_train,train,2
307,299090,CCOc4cc3ncc(C#N)c(Nc2ccc(OCc1ccccc1)c(Cl)c2)c3cc4NC(=O)C(=C)CN5CCOCC5,C=C(CN1CCOCC1)C(=O)Nc1cc2c(Nc3ccc(OCc4ccccc4)c(Cl)c3)c(C#N)cnc2cc1OCC,C=C(CN1CCOCC1)C(=O)Nc1ccc2nccc(Nc3ccc(OCc4ccccc4)cc3)c2c1,active,EGFR_active_L000307,CCOc4cc3ncc(C#N)c(Nc2ccc(OCc1ccccc1)c(Cl)c2)c3cc4NC(=O)C(=C)CN5CCOCC5,DUD-E,EGFR,EGFR_ACTIVE_G158B4FCF13A8271444A0,fe47c87084eea21b32bc47a7ee2f1e52700f07e905e45a1182516858af8ec815,development_train,train,2
203,573423,CCC5=C1C(N=CN=C1Nc4ccc3n(Cc2ccccc2)ncc3c4)N=C5NC(=O)OC6CCC(C)(N)CC6,CCC1=C2C(Nc3ccc4c(cnn4Cc4ccccc4)c3)=NC=NC2N=C1NC(=O)OC1CCC(C)(N)CC1,O=C(NC1=NC2N=CN=C(Nc3ccc4c(cnn4Cc4ccccc4)c3)C2=C1)OC1CCCCC1,active,EGFR_active_L000203,CCC5=C1C(N=CN=C1Nc4ccc3n(Cc2ccccc2)ncc3c4)N=C5NC(=O)OC6CCC(C)(N)CC6,DUD-E,EGFR,EGFR_ACTIVE_G0FCA7BE3F7063A5FF175,ff5cf748909cb1dc037183ceaf0e95f015958983a7507bec005940c6f07f1f7e,development_train,train,3
33153,C00091641,Cc1ccc(o1)/C=C/2\C(=O)OC(=N2)c3ccc(cc3)OC(C)C,Cc1ccc(/C=C2/N=C(c3ccc(OC(C)C)cc3)OC2=O)o1,O=C1OC(c2ccccc2)=NC1=Cc1ccco1,decoy,EGFR_decoy_L033153,Cc1ccc(o1)/C=C/2\C(=O)OC(=N2)c3ccc(cc3)OC(C)C,DUD-E,EGFR,EGFR_DECOY_GF7B4FEFAE716A94DA241,00191b3a0869d7efed651b38c7e39d176b5fc6b279069293457a103dedc6faf6,development_train,train,5
30504,C09252974,c1ccc2c(c1)CCN2S(=O)(=O)c3cccc(c3)C(=O)NC[C@H](c4cccs4)[NH+]5CCOCC5,O=C(NC[C@H](c1cccs1)[NH+]1CCOCC1)c1cccc(S(=O)(=O)N2CCc3ccccc32)c1,O=C(NCC(c1cccs1)[NH+]1CCOCC1)c1cccc(S(=O)(=O)N2CCc3ccccc32)c1,decoy,EGFR_decoy_L030504,c1ccc2c(c1)CCN2S(=O)(=O)c3cccc(c3)C(=O)NC[C@H](c4cccs4)[NH+]5CCOCC5,DUD-E,EGFR,EGFR_DECOY_G33E7669B476E9B459CA8,0136dd1beaeb8bc3eff1dbe64076badbbbb5c0c061932fb6614694a245b6e36f,development_train,train,5
15194,C63912701,Cc1nc([nH]n1)c2cccc(c2)[N-]S(=O)(=O)c3ccc(s3)[N+](=O)[O-],Cc1n[nH]c(-c2cccc([N-]S(=O)(=O)c3ccc([N+](=O)[O-])s3)c2)n1,O=S(=O)([N-]c1cccc(-c2ncn[nH]2)c1)c1cccs1,decoy,EGFR_decoy_L015194,Cc1nc([nH]n1)c2cccc(c2)[N-]S(=O)(=O)c3ccc(s3)[N+](=O)[O-],DUD-E,EGFR,EGFR_DECOY_G4E56646F0F5C342ED4B9,0146eaed8f13403028138532ef71918d81d1bdaee605885bbcbd54efbe137657,development_train,train,3
14437,C36646403,Cc1c(cc(o1)c2ccc(cc2)Cl)C(=O)NC34CC5CC(C3)CC(C5)C4,Cc1oc(-c2ccc(Cl)cc2)cc1C(=O)NC12CC3CC(CC(C3)C1)C2,O=C(NC12CC3CC(CC(C3)C1)C2)c1coc(-c2ccccc2)c1,decoy,EGFR_decoy_L014437,Cc1c(cc(o1)c2ccc(cc2)Cl)C(=O)NC34CC5CC(C3)CC(C5)C4,DUD-E,EGFR,EGFR_DECOY_G331DEE8CC771D19BADF3,01aec6ac14d7f91955489a8a131732f3f6b16eb77701d81f7071bd0d19a2376e,development_train,train,5
13931,C35755420,CCCNC(=O)[C@@H]1[C@@H](OC(=O)N1Cc2ccc(cc2)C)c3cccc(c3)NC(=O)C(C)C,CCCNC(=O)[C@@H]1[C@H](c2cccc(NC(=O)C(C)C)c2)OC(=O)N1Cc1ccc(C)cc1,O=C1OC(c2ccccc2)CN1Cc1ccccc1,decoy,EGFR_decoy_L013931,CCCNC(=O)[C@@H]1[C@@H](OC(=O)N1Cc2ccc(cc2)C)c3cccc(c3)NC(=O)C(C)C,DUD-E,EGFR,EGFR_DECOY_G4C7C1E557A242FAFE106,0307efffade56ad0ec9ca91da3bcb71e89e08854ec2061f6a2df6416c0cb6166,development_train,train,5
9256,C09219221,C[C@@H]1C[NH+](C[C@H](O1)C)C(C)(C)CNc2cnn(c(=O)c2Cl)c3ccc(cn3)C(F)(F)F,C[C@@H]1C[NH+](C(C)(C)CNc2cnn(-c3ccc(C(F)(F)F)cn3)c(=O)c2Cl)C[C@@H](C)O1,O=c1cc(NCC[NH+]2CCOCC2)cnn1-c1ccccn1,decoy,EGFR_decoy_L009256,C[C@@H]1C[NH+](C[C@H](O1)C)C(C)(C)CNc2cnn(c(=O)c2Cl)c3ccc(cn3)C(F)(F)F,DUD-E,EGFR,EGFR_DECOY_G2DA313D729CD2589B0DC,04a94e895a9f650b79609d096d55bd4d6bb2c4a6c542f6529ee645fe8c02cc8e,development_train,train,3
31609,C23739570,c1ccc(cc1)[C@@H](CNC(=O)CCCN2C(=O)C3(CCCC3)NC2=O)[NH+]4CCCC4,O=C(CCCN1C(=O)NC2(CCCC2)C1=O)NC[C@H](c1ccccc1)[NH+]1CCCC1,O=C(CCCN1C(=O)NC2(CCCC2)C1=O)NCC(c1ccccc1)[NH+]1CCCC1,decoy,EGFR_decoy_L031609,c1ccc(cc1)[C@@H](CNC(=O)CCCN2C(=O)C3(CCCC3)NC2=O)[NH+]4CCCC4,DUD-E,EGFR,EGFR_DECOY_GABB0A5C27622C325598A,04d19b7e2a8b08ee2393a1d45625f69463fa88b1649b171b6eacacc7d3908b9c,development_train,train,5
12342,C58979392,c1cc(ccc1NC(=O)C23CC4CC(C2)CC(C4)C3)N5CCNC(=O)C5,O=C1CN(c2ccc(NC(=O)C34CC5CC(CC(C5)C3)C4)cc2)CCN1,O=C1CN(c2ccc(NC(=O)C34CC5CC(CC(C5)C3)C4)cc2)CCN1,decoy,EGFR_decoy_L012342,c1cc(ccc1NC(=O)C23CC4CC(C2)CC(C4)C3)N5CCNC(=O)C5,DUD-E,EGFR,EGFR_DECOY_GE563294C34E36EB23305,04d77f38f1c1ffbaf22a93714afa1623f7470079901d63f9c07f8c43d930ba5c,development_train,train,2
9703,C08391847,Cc1ccc(cc1)c2nnc3n2N=C([C@@H](S3)CC(=O)[O-])c4cccs4,Cc1ccc(-c2nnc3n2N=C(c2cccs2)[C@H](CC(=O)[O-])S3)cc1,c1ccc(-c2nnc3n2N=C(c2cccs2)CS3)cc1,decoy,EGFR_decoy_L009703,Cc1ccc(cc1)c2nnc3n2N=C([C@@H](S3)CC(=O)[O-])c4cccs4,DUD-E,EGFR,EGFR_DECOY_G9637949EECA5047D2B83,055cba3e20283cebf460743ac93316accc8752aa76822cb3dceeffc6abb3613e,development_train,train,1
553,C09435247,Cc1c2ccc(c(c2oc(=O)c1CCC(=O)NCCc3c[nH]c4c3cc(cc4)Cl)C)OC,COc1ccc2c(C)c(CCC(=O)NCCc3c[nH]c4ccc(Cl)cc34)c(=O)oc2c1C,O=C(CCc1cc2ccccc2oc1=O)NCCc1c[nH]c2ccccc12,decoy,EGFR_decoy_L000553,Cc1c2ccc(c(c2oc(=O)c1CCC(=O)NCCc3c[nH]c4c3cc(cc4)Cl)C)OC,DUD-E,EGFR,EGFR_DECOY_GBC8F591494AEE937BB4F,05bebc26b69f3fee71e944a6fc6be6c53b50611f2f9e4e25817ce9647c19465d,development_train,train,2
1565,C04631518,C[C@H]1CC=C2[C@H](C1)[C@H](C(C(=C2C#N)N)(C#N)C#N)c3ccc(c(c3)F)F,C[C@H]1CC=C2C(C#N)=C(N)C(C#N)(C#N)[C@H](c3ccc(F)c(F)c3)[C@H]2C1,C1=CC2=CCCCC2C(c2ccccc2)C1,decoy,EGFR_decoy_L001565,C[C@H]1CC=C2[C@H](C1)[C@H](C(C(=C2C#N)N)(C#N)C#N)c3ccc(c(c3)F)F,DUD-E,EGFR,EGFR_DECOY_G586CEF67F7D1449CC1A0,05c5e4924572846bb9075e34e744416f6b762565f4959a860c34ba6f3cc4602a,development_train,train,4
1585,C43766786,C[C@@H]1CC=C2[C@@H](C1)[C@H](C(C(=C2C#N)N)(C#N)C#N)c3ccc(c(c3)F)F,C[C@@H]1CC=C2C(C#N)=C(N)C(C#N)(C#N)[C@H](c3ccc(F)c(F)c3)[C@@H]2C1,C1=CC2=CCCCC2C(c2ccccc2)C1,decoy,EGFR_decoy_L001585,C[C@@H]1CC=C2[C@@H](C1)[C@H](C(C(=C2C#N)N)(C#N)C#N)c3ccc(c(c3)F)F,DUD-E,EGFR,EGFR_DECOY_G586CEF67F7D1449CC1A0,05c5e4924572846bb9075e34e744416f6b762565f4959a860c34ba6f3cc4602a,development_train,train,4
12078,C04354938,C[C@H]1CC=C2[C@H](C1)[C@@H](C(C(=C2C#N)N)(C#N)C#N)c3cccc(c3)Cl,C[C@H]1CC=C2C(C#N)=C(N)C(C#N)(C#N)[C@@H](c3cccc(Cl)c3)[C@H]2C1,C1=CC2=CCCCC2C(c2ccccc2)C1,decoy,EGFR_decoy_L012078,C[C@H]1CC=C2[C@H](C1)[C@@H](C(C(=C2C#N)N)(C#N)C#N)c3cccc(c3)Cl,DUD-E,EGFR,EGFR_DECOY_G586CEF67F7D1449CC1A0,05c5e4924572846bb9075e34e744416f6b762565f4959a860c34ba6f3cc4602a,development_train,train,4
12433,C04354931,C[C@H]1CC=C2[C@@H](C1)[C@@H](C(C(=C2C#N)N)(C#N)C#N)c3cccc(c3)Cl,C[C@H]1CC=C2C(C#N)=C(N)C(C#N)(C#N)[C@@H](c3cccc(Cl)c3)[C@@H]2C1,C1=CC2=CCCCC2C(c2ccccc2)C1,decoy,EGFR_decoy_L012433,C[C@H]1CC=C2[C@@H](C1)[C@@H](C(C(=C2C#N)N)(C#N)C#N)c3cccc(c3)Cl,DUD-E,EGFR,EGFR_DECOY_G586CEF67F7D1449CC1A0,05c5e4924572846bb9075e34e744416f6b762565f4959a860c34ba6f3cc4602a,development_train,train,4
12437,C39325046,CCc1ccc(cc1)[C@@H]2[C@H]3C[C@@H](CC=C3C(=C(C2(C#N)C#N)N)C#N)C,CCc1ccc([C@@H]2[C@H]3C[C@H](C)CC=C3C(C#N)=C(N)C2(C#N)C#N)cc1,C1=CC2=CCCCC2C(c2ccccc2)C1,decoy,EGFR_decoy_L012437,CCc1ccc(cc1)[C@@H]2[C@H]3C[C@@H](CC=C3C(=C(C2(C#N)C#N)N)C#N)C,DUD-E,EGFR,EGFR_DECOY_G586CEF67F7D1449CC1A0,05c5e4924572846bb9075e34e744416f6b762565f4959a860c34ba6f3cc4602a,development_train,train,4
15671,C09065287,CC(C)(C)[C@@H]1CC=C2[C@@H](C1)[C@@H](C(C(=C2C#N)N)(C#N)C#N)c3ccc(cc3)OCC(=O)N,CC(C)(C)[C@@H]1CC=C2C(C#N)=C(N)C(C#N)(C#N)[C@@H](c3ccc(OCC(N)=O)cc3)[C@@H]2C1,C1=CC2=CCCCC2C(c2ccccc2)C1,decoy,EGFR_decoy_L015671,CC(C)(C)[C@@H]1CC=C2[C@@H](C1)[C@@H](C(C(=C2C#N)N)(C#N)C#N)c3ccc(cc3)OCC(=O)N,DUD-E,EGFR,EGFR_DECOY_G586CEF67F7D1449CC1A0,05c5e4924572846bb9075e34e744416f6b762565f4959a860c34ba6f3cc4602a,development_train,train,4
16517,C16037313,CCCCOc1ccc(cc1)[C@H]2[C@H]3CCCC=C3C(=C(C2(C#N)C#N)C#N)N,CCCCOc1ccc([C@H]2[C@H]3CCCC=C3C(N)=C(C#N)C2(C#N)C#N)cc1,C1=CC2=CCCCC2C(c2ccccc2)C1,decoy,EGFR_decoy_L016517,CCCCOc1ccc(cc1)[C@H]2[C@H]3CCCC=C3C(=C(C2(C#N)C#N)C#N)N,DUD-E,EGFR,EGFR_DECOY_G586CEF67F7D1449CC1A0,05c5e4924572846bb9075e34e744416f6b762565f4959a860c34ba6f3cc4602a,development_train,train,4
24816,C19852908,CC(C)Oc1ccccc1[C@H]2[C@@H]3C[C@@H](CC=C3C(=C(C2(C#N)C#N)N)C#N)C(C)(C)C,CC(C)Oc1ccccc1[C@H]1[C@@H]2C[C@H](C(C)(C)C)CC=C2C(C#N)=C(N)C1(C#N)C#N,C1=CC2=CCCCC2C(c2ccccc2)C1,decoy,EGFR_decoy_L024816,CC(C)Oc1ccccc1[C@H]2[C@@H]3C[C@@H](CC=C3C(=C(C2(C#N)C#N)N)C#N)C(C)(C)C,DUD-E,EGFR,EGFR_DECOY_G586CEF67F7D1449CC1A0,05c5e4924572846bb9075e34e744416f6b762565f4959a860c34ba6f3cc4602a,development_train,train,4
34111,C12698494,Cc1ccccc1C(=O)NCC(=O)NNC(=O)c2cc3c(s2)CCCCCC3,Cc1ccccc1C(=O)NCC(=O)NNC(=O)c1cc2c(s1)CCCCCC2,O=C(CNC(=O)c1ccccc1)NNC(=O)c1cc2c(s1)CCCCCC2,decoy,EGFR_decoy_L034111,Cc1ccccc1C(=O)NCC(=O)NNC(=O)c2cc3c(s2)CCCCCC3,DUD-E,EGFR,EGFR_DECOY_GCDAC28CAF909FC245A13,062c791e8523d2acf82f99031038429605f890a0902aceacd5f6e87fa07f8e07,development_train,train,1
6422,C35842497,CC(C)(C)c1ccc(cc1)CN(CCc2c[nH]c3c2cccc3)C(=O)CN(CCCOC)C(=O)C4CCCC4,COCCCN(CC(=O)N(CCc1c[nH]c2ccccc12)Cc1ccc(C(C)(C)C)cc1)C(=O)C1CCCC1,O=C(NCC(=O)N(CCc1c[nH]c2ccccc12)Cc1ccccc1)C1CCCC1,decoy,EGFR_decoy_L006422,CC(C)(C)c1ccc(cc1)CN(CCc2c[nH]c3c2cccc3)C(=O)CN(CCCOC)C(=O)C4CCCC4,DUD-E,EGFR,EGFR_DECOY_G6B2314019AD3C441FB11,06fd803ce9617b8007dfad9dedcd35cfcd370ad183739383cb1b5a64df0feecd,development_train,train,4
6433,C36587491,CC(C)(C)CC(C)(C)NC(=O)[C@@H](c1ccc(cc1)[N+](=O)[O-])N(C(=O)CCc2ccc(cc2)OC)C(C)(C)C,COc1ccc(CCC(=O)N([C@@H](C(=O)NC(C)(C)CC(C)(C)C)c2ccc([N+](=O)[O-])cc2)C(C)(C)C)cc1,O=C(CCc1ccccc1)NCc1ccccc1,decoy,EGFR_decoy_L006433,CC(C)(C)CC(C)(C)NC(=O)[C@@H](c1ccc(cc1)[N+](=O)[O-])N(C(=O)CCc2ccc(cc2)OC)C(C)(C)C,DUD-E,EGFR,EGFR_DECOY_GD3661FE5CE2907CEE7D2,07eb54d47ec59c5bbdd3f582b973f21197dd40fbfa5cb8698cfcabebf8e3a93c,development_train,train,5
6836,C36587483,CC(C)(C)CC(C)(C)NC(=O)[C@@H](c1ccc(c(c1)OC)OC)N(C(=O)CCc2ccc(cc2)OC)C(C)(C)C,COc1ccc(CCC(=O)N([C@@H](C(=O)NC(C)(C)CC(C)(C)C)c2ccc(OC)c(OC)c2)C(C)(C)C)cc1,O=C(CCc1ccccc1)NCc1ccccc1,decoy,EGFR_decoy_L006836,CC(C)(C)CC(C)(C)NC(=O)[C@@H](c1ccc(c(c1)OC)OC)N(C(=O)CCc2ccc(cc2)OC)C(C)(C)C,DUD-E,EGFR,EGFR_DECOY_GD3661FE5CE2907CEE7D2,07eb54d47ec59c5bbdd3f582b973f21197dd40fbfa5cb8698cfcabebf8e3a93c,development_train,train,5
859,C06788282,CCCCN(c1c(n(c(=O)[nH]c1=O)CC(C)C)N)C(=O)c2cccc(c2)Cl,CCCCN(C(=O)c1cccc(Cl)c1)c1c(N)n(CC(C)C)c(=O)[nH]c1=O,O=C(Nc1c[nH]c(=O)[nH]c1=O)c1ccccc1,decoy,EGFR_decoy_L000859,CCCCN(c1c(n(c(=O)[nH]c1=O)CC(C)C)N)C(=O)c2cccc(c2)Cl,DUD-E,EGFR,EGFR_DECOY_G7D7054C93725CE6963BC,087316287f3f710052e3262a2d800b6bc58572fe7407d5c739b9a763c903e285,development_train,train,5
20813,C14656389,CCCCn1c(c(c(=O)[nH]c1=O)N(C)C(=O)c2cccc(c2)OC(F)F)N,CCCCn1c(N)c(N(C)C(=O)c2cccc(OC(F)F)c2)c(=O)[nH]c1=O,O=C(Nc1c[nH]c(=O)[nH]c1=O)c1ccccc1,decoy,EGFR_decoy_L020813,CCCCn1c(c(c(=O)[nH]c1=O)N(C)C(=O)c2cccc(c2)OC(F)F)N,DUD-E,EGFR,EGFR_DECOY_G7D7054C93725CE6963BC,087316287f3f710052e3262a2d800b6bc58572fe7407d5c739b9a763c903e285,development_train,train,5
22613,C12772480,CC(C)Cn1c(c(c(=O)[nH]c1=O)N(CCCOC)C(=O)c2cc(ccc2Cl)Br)N,COCCCN(C(=O)c1cc(Br)ccc1Cl)c1c(N)n(CC(C)C)c(=O)[nH]c1=O,O=C(Nc1c[nH]c(=O)[nH]c1=O)c1ccccc1,decoy,EGFR_decoy_L022613,CC(C)Cn1c(c(c(=O)[nH]c1=O)N(CCCOC)C(=O)c2cc(ccc2Cl)Br)N,DUD-E,EGFR,EGFR_DECOY_G7D7054C93725CE6963BC,087316287f3f710052e3262a2d800b6bc58572fe7407d5c739b9a763c903e285,development_train,train,5
29762,C14655034,CCCCn1c(c(c(=O)[nH]c1=O)N(C)C(=O)c2cc(c(c(c2)Br)OCC)OC)N,CCCCn1c(N)c(N(C)C(=O)c2cc(Br)c(OCC)c(OC)c2)c(=O)[nH]c1=O,O=C(Nc1c[nH]c(=O)[nH]c1=O)c1ccccc1,decoy,EGFR_decoy_L029762,CCCCn1c(c(c(=O)[nH]c1=O)N(C)C(=O)c2cc(c(c(c2)Br)OCC)OC)N,DUD-E,EGFR,EGFR_DECOY_G7D7054C93725CE6963BC,087316287f3f710052e3262a2d800b6bc58572fe7407d5c739b9a763c903e285,development_train,train,5
34454,C07724673,CCCCN(c1c(n(c(=O)[nH]c1=O)CC(C)C)N)C(=O)c2cc(cc(c2)C)C,CCCCN(C(=O)c1cc(C)cc(C)c1)c1c(N)n(CC(C)C)c(=O)[nH]c1=O,O=C(Nc1c[nH]c(=O)[nH]c1=O)c1ccccc1,decoy,EGFR_decoy_L034454,CCCCN(c1c(n(c(=O)[nH]c1=O)CC(C)C)N)C(=O)c2cc(cc(c2)C)C,DUD-E,EGFR,EGFR_DECOY_G7D7054C93725CE6963BC,087316287f3f710052e3262a2d800b6bc58572fe7407d5c739b9a763c903e285,development_train,train,5
34507,C06625592,CCCCN(c1c(n(c(=O)[nH]c1=O)CC(C)C)N)C(=O)c2ccc(cc2)C,CCCCN(C(=O)c1ccc(C)cc1)c1c(N)n(CC(C)C)c(=O)[nH]c1=O,O=C(Nc1c[nH]c(=O)[nH]c1=O)c1ccccc1,decoy,EGFR_decoy_L034507,CCCCN(c1c(n(c(=O)[nH]c1=O)CC(C)C)N)C(=O)c2ccc(cc2)C,DUD-E,EGFR,EGFR_DECOY_G7D7054C93725CE6963BC,087316287f3f710052e3262a2d800b6bc58572fe7407d5c739b9a763c903e285,development_train,train,5
34512,C14823620,CCCCN(c1c(n(c(=O)[nH]c1=O)CCC)N)C(=O)c2ccc(cc2C)C,CCCCN(C(=O)c1ccc(C)cc1C)c1c(N)n(CCC)c(=O)[nH]c1=O,O=C(Nc1c[nH]c(=O)[nH]c1=O)c1ccccc1,decoy,EGFR_decoy_L034512,CCCCN(c1c(n(c(=O)[nH]c1=O)CCC)N)C(=O)c2ccc(cc2C)C,DUD-E,EGFR,EGFR_DECOY_G7D7054C93725CE6963BC,087316287f3f710052e3262a2d800b6bc58572fe7407d5c739b9a763c903e285,development_train,train,5
34534,C44671335,Cc1ccc(cc1C)C(=O)N(CC(C)C)c2c(n(c(=O)[nH]c2=O)CC(C)C)N,Cc1ccc(C(=O)N(CC(C)C)c2c(N)n(CC(C)C)c(=O)[nH]c2=O)cc1C,O=C(Nc1c[nH]c(=O)[nH]c1=O)c1ccccc1,decoy,EGFR_decoy_L034534,Cc1ccc(cc1C)C(=O)N(CC(C)C)c2c(n(c(=O)[nH]c2=O)CC(C)C)N,DUD-E,EGFR,EGFR_DECOY_G7D7054C93725CE6963BC,087316287f3f710052e3262a2d800b6bc58572fe7407d5c739b9a763c903e285,development_train,train,5
34556,C14624141,CCCCn1c(c(c(=O)[nH]c1=O)N(CCCC)C(=O)c2ccc(cc2C)C)N,CCCCN(C(=O)c1ccc(C)cc1C)c1c(N)n(CCCC)c(=O)[nH]c1=O,O=C(Nc1c[nH]c(=O)[nH]c1=O)c1ccccc1,decoy,EGFR_decoy_L034556,CCCCn1c(c(c(=O)[nH]c1=O)N(CCCC)C(=O)c2ccc(cc2C)C)N,DUD-E,EGFR,EGFR_DECOY_G7D7054C93725CE6963BC,087316287f3f710052e3262a2d800b6bc58572fe7407d5c739b9a763c903e285,development_train,train,5
20490,C40905377,c1ccc2c(c1)CCCN2CCNC(=O)C3CCN(CC3)c4ccc(cc4F)c5nc(on5)c6ccncc6,O=C(NCCN1CCCc2ccccc21)C1CCN(c2ccc(-c3noc(-c4ccncc4)n3)cc2F)CC1,O=C(NCCN1CCCc2ccccc21)C1CCN(c2ccc(-c3noc(-c4ccncc4)n3)cc2)CC1,decoy,EGFR_decoy_L020490,c1ccc2c(c1)CCCN2CCNC(=O)C3CCN(CC3)c4ccc(cc4F)c5nc(on5)c6ccncc6,DUD-E,EGFR,EGFR_DECOY_G5B3AA99F3CBD588439B9,0a02179f4d8ed2f0aaa8c04cac1ab724c0b0a15ce96f4fadb0f1a240da963158,development_train,train,2
6297,C59310257,COc1ccc(cc1OC)C(=O)CSc2nc([nH]n2)N/N=C/c3ccc4ccc5cccc6c5c4c3cc6,COc1ccc(C(=O)CSc2n[nH]c(N/N=C/c3ccc4ccc5cccc6ccc3c4c56)n2)cc1OC,O=C(CSc1n[nH]c(NN=Cc2ccc3ccc4cccc5ccc2c3c45)n1)c1ccccc1,decoy,EGFR_decoy_L006297,COc1ccc(cc1OC)C(=O)CSc2nc([nH]n2)N/N=C/c3ccc4ccc5cccc6c5c4c3cc6,DUD-E,EGFR,EGFR_DECOY_G2F3609B4179AA9003E17,0d3e66e05527a6988d00688255cd93944d77716aaf764857ace2d7d12e1ab42a,development_train,train,2
14851,C04135106,c1ccc(c(c1)/C=C/C(=O)Nc2c3ccccc3oc2C(=O)N)Cl,NC(=O)c1oc2ccccc2c1NC(=O)/C=C/c1ccccc1Cl,O=C(C=Cc1ccccc1)Nc1coc2ccccc12,decoy,EGFR_decoy_L014851,c1ccc(c(c1)/C=C/C(=O)Nc2c3ccccc3oc2C(=O)N)Cl,DUD-E,EGFR,EGFR_DECOY_G4998CADD6F6341FE8528,0e7bfe8123a7ef2918979be692a56dcd0f43acdf73a4e38adbae27ad1c01fd34,development_train,train,3
27939,C04704173,C=CCN1[C@H](C(=O)N(C1=O)c2ccc(cc2)F)CC(=O)Nc3ccc(cc3)Cl,C=CCN1C(=O)N(c2ccc(F)cc2)C(=O)[C@@H]1CC(=O)Nc1ccc(Cl)cc1,O=C(CC1NC(=O)N(c2ccccc2)C1=O)Nc1ccccc1,decoy,EGFR_decoy_L027939,C=CCN1[C@H](C(=O)N(C1=O)c2ccc(cc2)F)CC(=O)Nc3ccc(cc3)Cl,DUD-E,EGFR,EGFR_DECOY_G17F3A71671814C1C9A7B,0e8098113c648b3bc9e088e889787877c1af8a8c9adba7327a5772a299d7bd4b,development_train,train,3
17288,C46791567,C[C@H]1CN(C[C@@H](O1)C)c2ccc(c[nH+]2)CNC(=O)CNC(=O)c3ccc(cc3)C(F)(F)F,C[C@H]1CN(c2ccc(CNC(=O)CNC(=O)c3ccc(C(F)(F)F)cc3)c[nH+]2)C[C@H](C)O1,O=C(CNC(=O)c1ccccc1)NCc1ccc(N2CCOCC2)[nH+]c1,decoy,EGFR_decoy_L017288,C[C@H]1CN(C[C@@H](O1)C)c2ccc(c[nH+]2)CNC(=O)CNC(=O)c3ccc(cc3)C(F)(F)F,DUD-E,EGFR,EGFR_DECOY_G7B635D62D11D0B602E97,0f93ec4c41f20b6c720157da2332ab241a7989a3831947a5e840bb9b9964a2e4,development_train,train,4
29279,C58983552,C[C@@H]1CN(CCO1)c2ccc(c[nH+]2)CNC(=O)[C@@H](C)NC(=O)c3ccc(cc3)C(C)(C)C,C[C@@H]1CN(c2ccc(CNC(=O)[C@@H](C)NC(=O)c3ccc(C(C)(C)C)cc3)c[nH+]2)CCO1,O=C(CNC(=O)c1ccccc1)NCc1ccc(N2CCOCC2)[nH+]c1,decoy,EGFR_decoy_L029279,C[C@@H]1CN(CCO1)c2ccc(c[nH+]2)CNC(=O)[C@@H](C)NC(=O)c3ccc(cc3)C(C)(C)C,DUD-E,EGFR,EGFR_DECOY_G7B635D62D11D0B602E97,0f93ec4c41f20b6c720157da2332ab241a7989a3831947a5e840bb9b9964a2e4,development_train,train,4
9871,C39517992,Cc1c2ccc3ccccc3c2oc1C(=O)N[C@H](C)c4cccc(c4)S(=O)(=O)N,Cc1c(C(=O)N[C@H](C)c2cccc(S(N)(=O)=O)c2)oc2c1ccc1ccccc12,O=C(NCc1ccccc1)c1cc2ccc3ccccc3c2o1,decoy,EGFR_decoy_L009871,Cc1c2ccc3ccccc3c2oc1C(=O)N[C@H](C)c4cccc(c4)S(=O)(=O)N,DUD-E,EGFR,EGFR_DECOY_GCC60CE16FF9E87EDA0A8,10034ee7a5a1f383a9a4190fa82b9a73e097c919a6e1240209e074c40759c4c1,development_train,train,3
7537,C38621100,Cc1ccc(c(c1)C)NC(=O)C(=O)NC[C@@H](c2ccc3c(c2)OCO3)N4CCN(CC4)c5ccccc5F,Cc1ccc(NC(=O)C(=O)NC[C@@H](c2ccc3c(c2)OCO3)N2CCN(c3ccccc3F)CC2)c(C)c1,O=C(NCC(c1ccc2c(c1)OCO2)N1CCN(c2ccccc2)CC1)C(=O)Nc1ccccc1,decoy,EGFR_decoy_L007537,Cc1ccc(c(c1)C)NC(=O)C(=O)NC[C@@H](c2ccc3c(c2)OCO3)N4CCN(CC4)c5ccccc5F,DUD-E,EGFR,EGFR_DECOY_G8CD2AF1F33B760E2C916,102a7be6e78e34329b996905a511c5cf051b9d6cbf601a63ff1d0093223b6a8a,development_train,train,4
18520,C38621158,Cc1cc(c(c(c1)C)NC(=O)C(=O)NC[C@H](c2ccc3c(c2)OCO3)N4CCN(CC4)c5ccccc5F)C,Cc1cc(C)c(NC(=O)C(=O)NC[C@H](c2ccc3c(c2)OCO3)N2CCN(c3ccccc3F)CC2)c(C)c1,O=C(NCC(c1ccc2c(c1)OCO2)N1CCN(c2ccccc2)CC1)C(=O)Nc1ccccc1,decoy,EGFR_decoy_L018520,Cc1cc(c(c(c1)C)NC(=O)C(=O)NC[C@H](c2ccc3c(c2)OCO3)N4CCN(CC4)c5ccccc5F)C,DUD-E,EGFR,EGFR_DECOY_G8CD2AF1F33B760E2C916,102a7be6e78e34329b996905a511c5cf051b9d6cbf601a63ff1d0093223b6a8a,development_train,train,4
20387,C38621051,c1ccc(c(c1)N2CCN(CC2)[C@@H](CNC(=O)C(=O)Nc3cccc(c3)F)c4ccc5c(c4)OCO5)F,O=C(NC[C@@H](c1ccc2c(c1)OCO2)N1CCN(c2ccccc2F)CC1)C(=O)Nc1cccc(F)c1,O=C(NCC(c1ccc2c(c1)OCO2)N1CCN(c2ccccc2)CC1)C(=O)Nc1ccccc1,decoy,EGFR_decoy_L020387,c1ccc(c(c1)N2CCN(CC2)[C@@H](CNC(=O)C(=O)Nc3cccc(c3)F)c4ccc5c(c4)OCO5)F,DUD-E,EGFR,EGFR_DECOY_G8CD2AF1F33B760E2C916,102a7be6e78e34329b996905a511c5cf051b9d6cbf601a63ff1d0093223b6a8a,development_train,train,4
29797,C59913665,CC(C)c1nnc(n1N)SCCC(=O)Nc2ccc(cc2)S(=O)(=O)N3CCc4ccccc4C3,CC(C)c1nnc(SCCC(=O)Nc2ccc(S(=O)(=O)N3CCc4ccccc4C3)cc2)n1N,O=C(CCSc1nnc[nH]1)Nc1ccc(S(=O)(=O)N2CCc3ccccc3C2)cc1,decoy,EGFR_decoy_L029797,CC(C)c1nnc(n1N)SCCC(=O)Nc2ccc(cc2)S(=O)(=O)N3CCc4ccccc4C3,DUD-E,EGFR,EGFR_DECOY_G11E417A011D494599749,11af645cbf107a95f15120d3086dceed78a348bbc9966e89e6931f45b993cfc1,development_train,train,4
23122,C19621457,COCCCN(c1c(n(c(=O)[nH]c1=O)Cc2ccccc2)N)C(=O)c3ccc(o3)c4ccc(cc4)F,COCCCN(C(=O)c1ccc(-c2ccc(F)cc2)o1)c1c(N)n(Cc2ccccc2)c(=O)[nH]c1=O,O=C(Nc1cn(Cc2ccccc2)c(=O)[nH]c1=O)c1ccc(-c2ccccc2)o1,decoy,EGFR_decoy_L023122,COCCCN(c1c(n(c(=O)[nH]c1=O)Cc2ccccc2)N)C(=O)c3ccc(o3)c4ccc(cc4)F,DUD-E,EGFR,EGFR_DECOY_G3F8627040E5E04B48DDF,11cf2a2fc3fcb2abd94d73853fe315d2b3f8e062eb7823f6c5ef847b3cc7d5c3,development_train,train,4
22380,C39409967,COc1cccc(c1O)/C=[NH+]/[C@H]2c3cccc(c3O[C@@]4([C@@H]2CCCC4)/N=C/c5cccc(c5O)OC)OC,COc1cccc(/C=N/[C@]23CCCC[C@@H]2[C@@H](/[NH+]=C/c2cccc(OC)c2O)c2cccc(OC)c2O3)c1O,C(=NC12CCCCC1C([NH+]=Cc1ccccc1)c1ccccc1O2)c1ccccc1,decoy,EGFR_decoy_L022380,COc1cccc(c1O)/C=[NH+]/[C@H]2c3cccc(c3O[C@@]4([C@@H]2CCCC4)/N=C/c5cccc(c5O)OC)OC,DUD-E,EGFR,EGFR_DECOY_G09C7AFC526C559852F2C,137a7ef17dea6e72755f562b4113ff4c331ae01033fee37b04989d7adfad95ad,development_train,train,2
19414,C33633538,CCCCc1c(c(c(n1CCC[NH+](C)C)C)C(=O)N)c2ccc(cc2)C(F)(F)F,CCCCc1c(-c2ccc(C(F)(F)F)cc2)c(C(N)=O)c(C)n1CCC[NH+](C)C,c1ccc(-c2cc[nH]c2)cc1,decoy,EGFR_decoy_L019414,CCCCc1c(c(c(n1CCC[NH+](C)C)C)C(=O)N)c2ccc(cc2)C(F)(F)F,DUD-E,EGFR,EGFR_DECOY_G4DFE68734C67BDDA5014,153d87896e276d6d116e282c5d2a55d31200a2d397fa9beac85bad9619d457cd,development_train,train,1
34052,C06273964,CCCCc1c(c(c(n1CCCO)C)C(=O)N)c2ccc(cc2)C#N,CCCCc1c(-c2ccc(C#N)cc2)c(C(N)=O)c(C)n1CCCO,c1ccc(-c2cc[nH]c2)cc1,decoy,EGFR_decoy_L034052,CCCCc1c(c(c(n1CCCO)C)C(=O)N)c2ccc(cc2)C#N,DUD-E,EGFR,EGFR_DECOY_G4DFE68734C67BDDA5014,153d87896e276d6d116e282c5d2a55d31200a2d397fa9beac85bad9619d457cd,development_train,train,1
17718,C19520600,CC[C@@H]1C[C@@H](n2c(cc(n2)C(=O)Nc3ccc4c(c3)NC(=O)[C@H](O4)C)N1)C(F)(F)F,CC[C@@H]1C[C@H](C(F)(F)F)n2nc(C(=O)Nc3ccc4c(c3)NC(=O)[C@@H](C)O4)cc2N1,O=C1COc2ccc(NC(=O)c3cc4n(n3)CCCN4)cc2N1,decoy,EGFR_decoy_L017718,CC[C@@H]1C[C@@H](n2c(cc(n2)C(=O)Nc3ccc4c(c3)NC(=O)[C@H](O4)C)N1)C(F)(F)F,DUD-E,EGFR,EGFR_DECOY_G7EB1F466BA93726C64D5,17528122ed581f4e357bd6cec3a6304ded2cfa5073f72a1682ac3ce83e19d021,development_train,train,5
6596,C16607626,Cc1c(c(=O)n([nH]1)c2ccccc2)C(=O)CCCCCCCCC(=O)c3c([nH]n(c3=O)c4ccccc4)C,Cc1[nH]n(-c2ccccc2)c(=O)c1C(=O)CCCCCCCCC(=O)c1c(C)[nH]n(-c2ccccc2)c1=O,O=C(CCCCCCCCC(=O)c1c[nH]n(-c2ccccc2)c1=O)c1c[nH]n(-c2ccccc2)c1=O,decoy,EGFR_decoy_L006596,Cc1c(c(=O)n([nH]1)c2ccccc2)C(=O)CCCCCCCCC(=O)c3c([nH]n(c3=O)c4ccccc4)C,DUD-E,EGFR,EGFR_DECOY_G8EDB03F34168B6D2805A,17dafa56c664d4ae73732607c2f26d08d2a3b9112106591314202d8c9b30202f,development_train,train,4
30068,C27697408,CC1CC[NH+](CC1)C[C@@H](Cn2c3ccccc3nc2[C@@H](c4ccccc4)Sc5ccccc5)O,CC1CC[NH+](C[C@H](O)Cn2c([C@H](Sc3ccccc3)c3ccccc3)nc3ccccc32)CC1,c1ccc(SC(c2ccccc2)c2nc3ccccc3n2CCC[NH+]2CCCCC2)cc1,decoy,EGFR_decoy_L030068,CC1CC[NH+](CC1)C[C@@H](Cn2c3ccccc3nc2[C@@H](c4ccccc4)Sc5ccccc5)O,DUD-E,EGFR,EGFR_DECOY_G2B7A230EE80320DE5B4C,192c5cbe8acf17e9078683044b6236f3e23949c441fa75f26a6cb15db9917512,development_train,train,4
30123,C27697403,CC1CC[NH+](CC1)C[C@H](Cn2c3ccccc3nc2[C@@H](c4ccccc4)Sc5ccccc5)O,CC1CC[NH+](C[C@@H](O)Cn2c([C@H](Sc3ccccc3)c3ccccc3)nc3ccccc32)CC1,c1ccc(SC(c2ccccc2)c2nc3ccccc3n2CCC[NH+]2CCCCC2)cc1,decoy,EGFR_decoy_L030123,CC1CC[NH+](CC1)C[C@H](Cn2c3ccccc3nc2[C@@H](c4ccccc4)Sc5ccccc5)O,DUD-E,EGFR,EGFR_DECOY_G2B7A230EE80320DE5B4C,192c5cbe8acf17e9078683044b6236f3e23949c441fa75f26a6cb15db9917512,development_train,train,4
3260,C12833319,CCC(C)(C)n1c(nnn1)C[NH+](Cc2cccs2)Cc3cc4ccc(cc4[nH]c3=O)OC,CCC(C)(C)n1nnnc1C[NH+](Cc1cccs1)Cc1cc2ccc(OC)cc2[nH]c1=O,O=c1[nH]c2ccccc2cc1C[NH+](Cc1nnn[nH]1)Cc1cccs1,decoy,EGFR_decoy_L003260,CCC(C)(C)n1c(nnn1)C[NH+](Cc2cccs2)Cc3cc4ccc(cc4[nH]c3=O)OC,DUD-E,EGFR,EGFR_DECOY_GC3B1A36BF5B816808E2E,1a5e183d5c8642d14fb909bba9c3f6e89df008dc7136a7a55bed708b0962af35,development_train,train,3
5010,C13034010,CCc1ccc2c(c1)cc(c(=O)[nH]2)C[NH+](Cc3cccs3)[C@@H](CC)c4nnnn4C(C)(C)CC,CCc1ccc2[nH]c(=O)c(C[NH+](Cc3cccs3)[C@@H](CC)c3nnnn3C(C)(C)CC)cc2c1,O=c1[nH]c2ccccc2cc1C[NH+](Cc1nnn[nH]1)Cc1cccs1,decoy,EGFR_decoy_L005010,CCc1ccc2c(c1)cc(c(=O)[nH]2)C[NH+](Cc3cccs3)[C@@H](CC)c4nnnn4C(C)(C)CC,DUD-E,EGFR,EGFR_DECOY_GC3B1A36BF5B816808E2E,1a5e183d5c8642d14fb909bba9c3f6e89df008dc7136a7a55bed708b0962af35,development_train,train,3
5063,C13064552,CC[C@@H](c1nnnn1C(C)(C)C)[NH+](Cc2cccs2)Cc3cc4cc(c(cc4[nH]c3=O)C)C,CC[C@@H](c1nnnn1C(C)(C)C)[NH+](Cc1cccs1)Cc1cc2cc(C)c(C)cc2[nH]c1=O,O=c1[nH]c2ccccc2cc1C[NH+](Cc1nnn[nH]1)Cc1cccs1,decoy,EGFR_decoy_L005063,CC[C@@H](c1nnnn1C(C)(C)C)[NH+](Cc2cccs2)Cc3cc4cc(c(cc4[nH]c3=O)C)C,DUD-E,EGFR,EGFR_DECOY_GC3B1A36BF5B816808E2E,1a5e183d5c8642d14fb909bba9c3f6e89df008dc7136a7a55bed708b0962af35,development_train,train,3
5313,C13065023,CC[C@@H](c1nnnn1C(C)(C)CC)[NH+](Cc2cccs2)Cc3cc4ccc(c(c4[nH]c3=O)C)C,CC[C@@H](c1nnnn1C(C)(C)CC)[NH+](Cc1cccs1)Cc1cc2ccc(C)c(C)c2[nH]c1=O,O=c1[nH]c2ccccc2cc1C[NH+](Cc1nnn[nH]1)Cc1cccs1,decoy,EGFR_decoy_L005313,CC[C@@H](c1nnnn1C(C)(C)CC)[NH+](Cc2cccs2)Cc3cc4ccc(c(c4[nH]c3=O)C)C,DUD-E,EGFR,EGFR_DECOY_GC3B1A36BF5B816808E2E,1a5e183d5c8642d14fb909bba9c3f6e89df008dc7136a7a55bed708b0962af35,development_train,train,3
7378,C20120850,CC[C@H](c1nnnn1CC(=O)OCC)[NH+](Cc2cccs2)Cc3cc4cc(ccc4[nH]c3=O)C,CCOC(=O)Cn1nnnc1[C@@H](CC)[NH+](Cc1cccs1)Cc1cc2cc(C)ccc2[nH]c1=O,O=c1[nH]c2ccccc2cc1C[NH+](Cc1nnn[nH]1)Cc1cccs1,decoy,EGFR_decoy_L007378,CC[C@H](c1nnnn1CC(=O)OCC)[NH+](Cc2cccs2)Cc3cc4cc(ccc4[nH]c3=O)C,DUD-E,EGFR,EGFR_DECOY_GC3B1A36BF5B816808E2E,1a5e183d5c8642d14fb909bba9c3f6e89df008dc7136a7a55bed708b0962af35,development_train,train,3
8015,C13065153,CC[C@@H](c1nnnn1CCOC)[NH+](Cc2cccs2)Cc3cc4ccc(c(c4[nH]c3=O)C)C,CC[C@@H](c1nnnn1CCOC)[NH+](Cc1cccs1)Cc1cc2ccc(C)c(C)c2[nH]c1=O,O=c1[nH]c2ccccc2cc1C[NH+](Cc1nnn[nH]1)Cc1cccs1,decoy,EGFR_decoy_L008015,CC[C@@H](c1nnnn1CCOC)[NH+](Cc2cccs2)Cc3cc4ccc(c(c4[nH]c3=O)C)C,DUD-E,EGFR,EGFR_DECOY_GC3B1A36BF5B816808E2E,1a5e183d5c8642d14fb909bba9c3f6e89df008dc7136a7a55bed708b0962af35,development_train,train,3
8038,C19499752,CCC(C)(C)n1c(nnn1)C[NH+](Cc2cccs2)Cc3cc4cc(ccc4[nH]c3=O)OCC,CCOc1ccc2[nH]c(=O)c(C[NH+](Cc3cccs3)Cc3nnnn3C(C)(C)CC)cc2c1,O=c1[nH]c2ccccc2cc1C[NH+](Cc1nnn[nH]1)Cc1cccs1,decoy,EGFR_decoy_L008038,CCC(C)(C)n1c(nnn1)C[NH+](Cc2cccs2)Cc3cc4cc(ccc4[nH]c3=O)OCC,DUD-E,EGFR,EGFR_DECOY_GC3B1A36BF5B816808E2E,1a5e183d5c8642d14fb909bba9c3f6e89df008dc7136a7a55bed708b0962af35,development_train,train,3
10307,C13064665,CC[C@@H](c1nnnn1CC(=O)OCC)[NH+](Cc2cccs2)Cc3cc4cc(c(cc4[nH]c3=O)C)C,CCOC(=O)Cn1nnnc1[C@H](CC)[NH+](Cc1cccs1)Cc1cc2cc(C)c(C)cc2[nH]c1=O,O=c1[nH]c2ccccc2cc1C[NH+](Cc1nnn[nH]1)Cc1cccs1,decoy,EGFR_decoy_L010307,CC[C@@H](c1nnnn1CC(=O)OCC)[NH+](Cc2cccs2)Cc3cc4cc(c(cc4[nH]c3=O)C)C,DUD-E,EGFR,EGFR_DECOY_GC3B1A36BF5B816808E2E,1a5e183d5c8642d14fb909bba9c3f6e89df008dc7136a7a55bed708b0962af35,development_train,train,3
10308,C13065090,CC[C@H](c1nnnn1CC(=O)OCC)[NH+](Cc2cccs2)Cc3cc4ccc(c(c4[nH]c3=O)C)C,CCOC(=O)Cn1nnnc1[C@@H](CC)[NH+](Cc1cccs1)Cc1cc2ccc(C)c(C)c2[nH]c1=O,O=c1[nH]c2ccccc2cc1C[NH+](Cc1nnn[nH]1)Cc1cccs1,decoy,EGFR_decoy_L010308,CC[C@H](c1nnnn1CC(=O)OCC)[NH+](Cc2cccs2)Cc3cc4ccc(c(c4[nH]c3=O)C)C,DUD-E,EGFR,EGFR_DECOY_GC3B1A36BF5B816808E2E,1a5e183d5c8642d14fb909bba9c3f6e89df008dc7136a7a55bed708b0962af35,development_train,train,3
27411,C12833470,CCOC(=O)Cn1c(nnn1)C[NH+](Cc2cccs2)Cc3cc4cc(ccc4[nH]c3=O)OC,CCOC(=O)Cn1nnnc1C[NH+](Cc1cccs1)Cc1cc2cc(OC)ccc2[nH]c1=O,O=c1[nH]c2ccccc2cc1C[NH+](Cc1nnn[nH]1)Cc1cccs1,decoy,EGFR_decoy_L027411,CCOC(=O)Cn1c(nnn1)C[NH+](Cc2cccs2)Cc3cc4cc(ccc4[nH]c3=O)OC,DUD-E,EGFR,EGFR_DECOY_GC3B1A36BF5B816808E2E,1a5e183d5c8642d14fb909bba9c3f6e89df008dc7136a7a55bed708b0962af35,development_train,train,3
27441,C12833065,CCOC(=O)Cn1c(nnn1)C[NH+](Cc2cccs2)Cc3cc4cc(cc(c4[nH]c3=O)C)C,CCOC(=O)Cn1nnnc1C[NH+](Cc1cccs1)Cc1cc2cc(C)cc(C)c2[nH]c1=O,O=c1[nH]c2ccccc2cc1C[NH+](Cc1nnn[nH]1)Cc1cccs1,decoy,EGFR_decoy_L027441,CCOC(=O)Cn1c(nnn1)C[NH+](Cc2cccs2)Cc3cc4cc(cc(c4[nH]c3=O)C)C,DUD-E,EGFR,EGFR_DECOY_GC3B1A36BF5B816808E2E,1a5e183d5c8642d14fb909bba9c3f6e89df008dc7136a7a55bed708b0962af35,development_train,train,3
4982,C02527629,c1ccc2c(c1)CCC[C@@]2(C(=O)[O-])NC(=O)OCC3c4ccccc4-c5c3cccc5,O=C(N[C@]1(C(=O)[O-])CCCc2ccccc21)OCC1c2ccccc2-c2ccccc21,O=C(NC1CCCc2ccccc21)OCC1c2ccccc2-c2ccccc21,decoy,EGFR_decoy_L004982,c1ccc2c(c1)CCC[C@@]2(C(=O)[O-])NC(=O)OCC3c4ccccc4-c5c3cccc5,DUD-E,EGFR,EGFR_DECOY_G13F257CAE0F383C4B61E,1aa717f7635712840729896e2619859720a8498f9ea6cd68462daf641be9f4d5,development_train,train,2
14972,C47173160,Cc1ccc2c(coc2c1C)CC(=O)N[C@@H]3CCCCNC3=O,Cc1ccc2c(CC(=O)N[C@@H]3CCCCNC3=O)coc2c1C,O=C(Cc1coc2ccccc12)NC1CCCCNC1=O,decoy,EGFR_decoy_L014972,Cc1ccc2c(coc2c1C)CC(=O)N[C@@H]3CCCCNC3=O,DUD-E,EGFR,EGFR_DECOY_G87DEC7E8345D17479ED8,1aefb14ff3aec13acfd530d47a09b4660039e3a71fd99d38484dfded25afc4e4,development_train,train,2
23584,C35921785,CC[NH+]1CCc2c(c(nn2c3ccccc3OC)CN(CCOC)C(=O)c4ccccc4OC)C1,CC[NH+]1CCc2c(c(CN(CCOC)C(=O)c3ccccc3OC)nn2-c2ccccc2OC)C1,O=C(NCc1nn(-c2ccccc2)c2c1C[NH2+]CC2)c1ccccc1,decoy,EGFR_decoy_L023584,CC[NH+]1CCc2c(c(nn2c3ccccc3OC)CN(CCOC)C(=O)c4ccccc4OC)C1,DUD-E,EGFR,EGFR_DECOY_GA4752244488852573732,1b8b3ec4c9ad9bd239396e85969a85d31c255201b8ae90cab5ece5e4a1f74f0d,development_train,train,2
8528,C55307933,Cc1ccnc(c1)C[C@H](C)[NH+](C)C/C(=C/c2ccco2)/C,C/C(=C\c1ccco1)C[NH+](C)[C@@H](C)Cc1cc(C)ccn1,C(=Cc1ccco1)C[NH2+]CCc1ccccn1,decoy,EGFR_decoy_L008528,Cc1ccnc(c1)C[C@H](C)[NH+](C)C/C(=C/c2ccco2)/C,DUD-E,EGFR,EGFR_DECOY_G8501A34949E7E083AAD5,1c218c6710875f16a582a5ffc510417f75c41edcb832b6d05e9b83a6106b751e,development_train,train,1
3674,C39227314,CC(C)[NH+]1CCC2(CC1)CC(=O)c3cc(ccc3O2)c4ccc(cc4)C(=O)NC(C)(C)C#C,C#CC(C)(C)NC(=O)c1ccc(-c2ccc3c(c2)C(=O)CC2(CC[NH+](C(C)C)CC2)O3)cc1,O=C1CC2(CC[NH2+]CC2)Oc2ccc(-c3ccccc3)cc21,decoy,EGFR_decoy_L003674,CC(C)[NH+]1CCC2(CC1)CC(=O)c3cc(ccc3O2)c4ccc(cc4)C(=O)NC(C)(C)C#C,DUD-E,EGFR,EGFR_DECOY_GF258B0D560E255AA9FB2,1ccb8f5de83b102b1ef4f35fa5d168884ac5f3dd19f940045f89474e48f6d99b,development_train,train,1
3675,C39227374,CC(C)[NH+]1CCC2(CC1)CC(=O)c3cc(ccc3O2)c4cccc(c4)C(=O)NC(C)(C)C#C,C#CC(C)(C)NC(=O)c1cccc(-c2ccc3c(c2)C(=O)CC2(CC[NH+](C(C)C)CC2)O3)c1,O=C1CC2(CC[NH2+]CC2)Oc2ccc(-c3ccccc3)cc21,decoy,EGFR_decoy_L003675,CC(C)[NH+]1CCC2(CC1)CC(=O)c3cc(ccc3O2)c4cccc(c4)C(=O)NC(C)(C)C#C,DUD-E,EGFR,EGFR_DECOY_GF258B0D560E255AA9FB2,1ccb8f5de83b102b1ef4f35fa5d168884ac5f3dd19f940045f89474e48f6d99b,development_train,train,1
30620,C39227579,CC(C)(CNC(=O)c1cccc(c1)c2ccc3c(c2)C(=O)CC4(O3)CC[NH+](CC4)C)C[NH+](C)C,C[NH+](C)CC(C)(C)CNC(=O)c1cccc(-c2ccc3c(c2)C(=O)CC2(CC[NH+](C)CC2)O3)c1,O=C1CC2(CC[NH2+]CC2)Oc2ccc(-c3ccccc3)cc21,decoy,EGFR_decoy_L030620,CC(C)(CNC(=O)c1cccc(c1)c2ccc3c(c2)C(=O)CC4(O3)CC[NH+](CC4)C)C[NH+](C)C,DUD-E,EGFR,EGFR_DECOY_GF258B0D560E255AA9FB2,1ccb8f5de83b102b1ef4f35fa5d168884ac5f3dd19f940045f89474e48f6d99b,development_train,train,1
29121,C12583505,Cc1cccc(c1)N2C3=[NH+]C4=C([C@@H](C3=C(N2)C)c5ccc(c(c5)OC)O)C(=O)CC(C4)(C)C,COc1cc([C@@H]2C3=C(C)NN(c4cccc(C)c4)C3=[NH+]C3=C2C(=O)CC(C)(C)C3)ccc1O,O=C1CCCC2=C1C(c1ccccc1)C1=CNN(c3ccccc3)C1=[NH+]2,decoy,EGFR_decoy_L029121,Cc1cccc(c1)N2C3=[NH+]C4=C([C@@H](C3=C(N2)C)c5ccc(c(c5)OC)O)C(=O)CC(C4)(C)C,DUD-E,EGFR,EGFR_DECOY_G0A55745E9AA65B24797C,1d2c09bf3a8bcc395d6bbe94826f90988f5ac10c5d332576d720cecc5761e36a,development_train,train,4
3367,C35502227,C[NH2+][C@@H](c1ccc(c(c1)Cl)Cl)c2cc(sc2Cl)Cl,C[NH2+][C@@H](c1ccc(Cl)c(Cl)c1)c1cc(Cl)sc1Cl,c1ccc(Cc2ccsc2)cc1,decoy,EGFR_decoy_L003367,C[NH2+][C@@H](c1ccc(c(c1)Cl)Cl)c2cc(sc2Cl)Cl,DUD-E,EGFR,EGFR_DECOY_GBB3C36F09BE355205DCC,1db1bf2e80879efcf4c6a25e0f0f1b395335c040a98922a1789216e09a487751,development_train,train,5
3368,C35502448,C[NH2+][C@H](c1cc(ccc1Cl)Cl)c2cc(sc2Cl)Cl,C[NH2+][C@H](c1cc(Cl)ccc1Cl)c1cc(Cl)sc1Cl,c1ccc(Cc2ccsc2)cc1,decoy,EGFR_decoy_L003368,C[NH2+][C@H](c1cc(ccc1Cl)Cl)c2cc(sc2Cl)Cl,DUD-E,EGFR,EGFR_DECOY_GBB3C36F09BE355205DCC,1db1bf2e80879efcf4c6a25e0f0f1b395335c040a98922a1789216e09a487751,development_train,train,5
3378,C35559324,CC[NH2+][C@H](c1ccccc1Cl)c2cc(sc2Cl)Cl,CC[NH2+][C@H](c1ccccc1Cl)c1cc(Cl)sc1Cl,c1ccc(Cc2ccsc2)cc1,decoy,EGFR_decoy_L003378,CC[NH2+][C@H](c1ccccc1Cl)c2cc(sc2Cl)Cl,DUD-E,EGFR,EGFR_DECOY_GBB3C36F09BE355205DCC,1db1bf2e80879efcf4c6a25e0f0f1b395335c040a98922a1789216e09a487751,development_train,train,5
3379,C35559787,CC[NH2+][C@H](c1ccc(cc1)Br)c2cc(sc2Cl)Cl,CC[NH2+][C@H](c1ccc(Br)cc1)c1cc(Cl)sc1Cl,c1ccc(Cc2ccsc2)cc1,decoy,EGFR_decoy_L003379,CC[NH2+][C@H](c1ccc(cc1)Br)c2cc(sc2Cl)Cl,DUD-E,EGFR,EGFR_DECOY_GBB3C36F09BE355205DCC,1db1bf2e80879efcf4c6a25e0f0f1b395335c040a98922a1789216e09a487751,development_train,train,5
3400,C62665287,Cc1ccc(cc1[C@@H](c2cc(sc2Br)Br)[NH2+]C)F,C[NH2+][C@@H](c1cc(F)ccc1C)c1cc(Br)sc1Br,c1ccc(Cc2ccsc2)cc1,decoy,EGFR_decoy_L003400,Cc1ccc(cc1[C@@H](c2cc(sc2Br)Br)[NH2+]C)F,DUD-E,EGFR,EGFR_DECOY_GBB3C36F09BE355205DCC,1db1bf2e80879efcf4c6a25e0f0f1b395335c040a98922a1789216e09a487751,development_train,train,5
15307,C37380296,c1ccc(c(c1)[C@@H](c2cc(sc2Br)Br)[NH3+])OC(F)F,[NH3+][C@@H](c1ccccc1OC(F)F)c1cc(Br)sc1Br,c1ccc(Cc2ccsc2)cc1,decoy,EGFR_decoy_L015307,c1ccc(c(c1)[C@@H](c2cc(sc2Br)Br)[NH3+])OC(F)F,DUD-E,EGFR,EGFR_DECOY_GBB3C36F09BE355205DCC,1db1bf2e80879efcf4c6a25e0f0f1b395335c040a98922a1789216e09a487751,development_train,train,5
26023,C29315125,Cc1ccc(c(=O)n1CC(=O)NCC2CCN(CC2)C(=[NH2+])N)NC(=O)CC(c3ccccc3)c4ccccc4,Cc1ccc(NC(=O)CC(c2ccccc2)c2ccccc2)c(=O)n1CC(=O)NCC1CCN(C(N)=[NH2+])CC1,O=C(Cn1cccc(NC(=O)CC(c2ccccc2)c2ccccc2)c1=O)NCC1CCNCC1,decoy,EGFR_decoy_L026023,Cc1ccc(c(=O)n1CC(=O)NCC2CCN(CC2)C(=[NH2+])N)NC(=O)CC(c3ccccc3)c4ccccc4,DUD-E,EGFR,EGFR_DECOY_G8BBF639F31EBC0E08E90,1dd84243ec7be099f76021e77118866fe4c61d7a7e4e052877a11abb622c662f,development_train,train,1
32117,C11709381,CN(C[C@H]1Cc2ccccc2O1)C(=O)CCc3nnc(o3)Cc4c[nH]c5c4cccc5,CN(C[C@H]1Cc2ccccc2O1)C(=O)CCc1nnc(Cc2c[nH]c3ccccc23)o1,O=C(CCc1nnc(Cc2c[nH]c3ccccc23)o1)NCC1Cc2ccccc2O1,decoy,EGFR_decoy_L032117,CN(C[C@H]1Cc2ccccc2O1)C(=O)CCc3nnc(o3)Cc4c[nH]c5c4cccc5,DUD-E,EGFR,EGFR_DECOY_G4FB6BF26AABC3833BB11,1e3cc2d4a46a1fe353b697f2dd49a4414c6576dd296ab7127c0e246fcf717840,development_train,train,2
1537,C57992246,C[C@H]1CCCC[NH+]1CCNC(=O)[C@@H]2C[C@@H]3CCCN3[C@@]24c5ccccc5NC4=O,C[C@H]1CCCC[NH+]1CCNC(=O)[C@@H]1C[C@@H]2CCCN2[C@]12C(=O)Nc1ccccc12,O=C(NCC[NH+]1CCCCC1)C1CC2CCCN2C12C(=O)Nc1ccccc12,decoy,EGFR_decoy_L001537,C[C@H]1CCCC[NH+]1CCNC(=O)[C@@H]2C[C@@H]3CCCN3[C@@]24c5ccccc5NC4=O,DUD-E,EGFR,EGFR_DECOY_G4ABAE3A1848AD516A62C,1e3fec0f1d9b70139897e8767977883780ac284cfa2084cf5e1350eb5b2abee4,development_train,train,4
32690,C57933941,C=CCN1c2cc3c(cc2N[C@@H](C1=O)c4ccccc4)OCCO3,C=CCN1C(=O)[C@@H](c2ccccc2)Nc2cc3c(cc21)OCCO3,O=C1Nc2cc3c(cc2NC1c1ccccc1)OCCO3,decoy,EGFR_decoy_L032690,C=CCN1c2cc3c(cc2N[C@@H](C1=O)c4ccccc4)OCCO3,DUD-E,EGFR,EGFR_DECOY_GFA9B2A70432CDD5294D1,1f348e0a1cde8106d5934019c3c46997bb6628c616ca89e5973db4f2dd85ef78,development_train,train,1
4792,C45555279,C[C@H](C(=O)c1ccc(s1)CNC(=O)C)OC(=O)[C@@H]2CCCC[C@@H]2C(=O)N3CCc4c3cccc4,CC(=O)NCc1ccc(C(=O)[C@@H](C)OC(=O)[C@@H]2CCCC[C@@H]2C(=O)N2CCc3ccccc32)s1,O=C(COC(=O)C1CCCCC1C(=O)N1CCc2ccccc21)c1cccs1,decoy,EGFR_decoy_L004792,C[C@H](C(=O)c1ccc(s1)CNC(=O)C)OC(=O)[C@@H]2CCCC[C@@H]2C(=O)N3CCc4c3cccc4,DUD-E,EGFR,EGFR_DECOY_G7BFBA6B3C02C5F34B2D1,1fbb511853f0e76e139f62103f6291c668ec2ead23fa9c1ff4863c7169fddc1a,development_train,train,4
3176,C39560290,C[C@H]1C[C@H](CC([C@@H]1CC[C@@H](C)O)(C)C)O[C@H]2[C@@H]([C@H]([C@@H]([C@H](O2)CO)O)O)O,C[C@@H](O)CC[C@@H]1[C@@H](C)C[C@@H](O[C@@H]2O[C@H](CO)[C@@H](O)[C@H](O)[C@H]2O)CC1(C)C,C1CCC(OC2CCCCO2)CC1,decoy,EGFR_decoy_L003176,C[C@H]1C[C@H](CC([C@@H]1CC[C@@H](C)O)(C)C)O[C@H]2[C@@H]([C@H]([C@@H]([C@H](O2)CO)O)O)O,DUD-E,EGFR,EGFR_DECOY_GD077CC1C47E09E9B716A,1fff185b1b1ce097ac1c192741d3e058e8596f669887b307d82072afded19954,development_train,train,5
24858,C05954262,CC\1=CC[C@H](C/C1=N\NC(=O)CCC(=O)N/N=C/2\C[C@@H](CC=C2C)C(=C)C)C(=C)C,C=C(C)[C@@H]1CC=C(C)/C(=N/NC(=O)CCC(=O)N/N=C2\C[C@H](C(=C)C)CC=C2C)C1,O=C(CCC(=O)NN=C1C=CCCC1)NN=C1C=CCCC1,decoy,EGFR_decoy_L024858,CC\1=CC[C@H](C/C1=N\NC(=O)CCC(=O)N/N=C/2\C[C@@H](CC=C2C)C(=C)C)C(=C)C,DUD-E,EGFR,EGFR_DECOY_G4BBC93A9CE4DC16E4589,20da0cdab9f7eeb0882a043bf8afbfeb98701e44caebee677d8de7d75a79ee78,development_train,train,2
983,C39672307,Cc1ccc(cc1)CC(=O)N2C[C@H](C3(C2)CC[NH2+]CC3)C(=O)NCc4ccc5c(c4)CCCN5C,Cc1ccc(CC(=O)N2C[C@@H](C(=O)NCc3ccc4c(c3)CCCN4C)C3(CC[NH2+]CC3)C2)cc1,O=C(NCc1ccc2c(c1)CCCN2)C1CN(C(=O)Cc2ccccc2)CC12CC[NH2+]CC2,decoy,EGFR_decoy_L000983,Cc1ccc(cc1)CC(=O)N2C[C@H](C3(C2)CC[NH2+]CC3)C(=O)NCc4ccc5c(c4)CCCN5C,DUD-E,EGFR,EGFR_DECOY_GE6599F68B7CC1AAB0776,217914599b98c5d71c344465798a667184d3d5db89f57c92e849c8b205684cea,development_train,train,2
1475,C39672306,Cc1ccc(cc1)CC(=O)N2C[C@@H](C3(C2)CC[NH2+]CC3)C(=O)NCc4ccc5c(c4)CCCN5C,Cc1ccc(CC(=O)N2C[C@H](C(=O)NCc3ccc4c(c3)CCCN4C)C3(CC[NH2+]CC3)C2)cc1,O=C(NCc1ccc2c(c1)CCCN2)C1CN(C(=O)Cc2ccccc2)CC12CC[NH2+]CC2,decoy,EGFR_decoy_L001475,Cc1ccc(cc1)CC(=O)N2C[C@@H](C3(C2)CC[NH2+]CC3)C(=O)NCc4ccc5c(c4)CCCN5C,DUD-E,EGFR,EGFR_DECOY_GE6599F68B7CC1AAB0776,217914599b98c5d71c344465798a667184d3d5db89f57c92e849c8b205684cea,development_train,train,2
23216,C13629872,CC(C)CCOc1ccc(cc1Br)C(=O)NNC(=O)[C@@H]2CC(=O)N(C2)Cc3ccco3,CC(C)CCOc1ccc(C(=O)NNC(=O)[C@@H]2CC(=O)N(Cc3ccco3)C2)cc1Br,O=C(NNC(=O)C1CC(=O)N(Cc2ccco2)C1)c1ccccc1,decoy,EGFR_decoy_L023216,CC(C)CCOc1ccc(cc1Br)C(=O)NNC(=O)[C@@H]2CC(=O)N(C2)Cc3ccco3,DUD-E,EGFR,EGFR_DECOY_G70C6E8D348981501E6A7,218afea060a0be1fb6e43fb176c5b0c4edf8cd23bd83249afd1ded5b3d87697c,development_train,train,4
23217,C13629898,CC(C)CCOc1ccc(cc1C(=O)NNC(=O)[C@H]2CC(=O)N(C2)Cc3ccco3)Br,CC(C)CCOc1ccc(Br)cc1C(=O)NNC(=O)[C@H]1CC(=O)N(Cc2ccco2)C1,O=C(NNC(=O)C1CC(=O)N(Cc2ccco2)C1)c1ccccc1,decoy,EGFR_decoy_L023217,CC(C)CCOc1ccc(cc1C(=O)NNC(=O)[C@H]2CC(=O)N(C2)Cc3ccco3)Br,DUD-E,EGFR,EGFR_DECOY_G70C6E8D348981501E6A7,218afea060a0be1fb6e43fb176c5b0c4edf8cd23bd83249afd1ded5b3d87697c,development_train,train,4
7528,C27528353,COC(=O)c1ccc(cc1)NC(=O)/C(=C\c2ccc3c(c2)OCO3)/NC(=O)c4ccc(o4)Br,COC(=O)c1ccc(NC(=O)/C(=C\c2ccc3c(c2)OCO3)NC(=O)c2ccc(Br)o2)cc1,O=C(Nc1ccccc1)C(=Cc1ccc2c(c1)OCO2)NC(=O)c1ccco1,decoy,EGFR_decoy_L007528,COC(=O)c1ccc(cc1)NC(=O)/C(=C\c2ccc3c(c2)OCO3)/NC(=O)c4ccc(o4)Br,DUD-E,EGFR,EGFR_DECOY_G80ABE8C65D2778AAA98F,21b7589d630df0d702c5f6a624f90859c1252a910d8f1840e125957b9acbbf4d,development_train,train,4
195,C59160308,Cc1ccc\2c(c1C)NC(=O)/C2=N\NC(=O)c3ccc(c(c3)Cl)C,Cc1ccc(C(=O)N/N=C2\C(=O)Nc3c2ccc(C)c3C)cc1Cl,O=C1Nc2ccccc2C1=NNC(=O)c1ccccc1,decoy,EGFR_decoy_L000195,Cc1ccc\2c(c1C)NC(=O)/C2=N\NC(=O)c3ccc(c(c3)Cl)C,DUD-E,EGFR,EGFR_DECOY_G5868230D13C9FB92E82A,22e352eb89dcb425ab491ec5869e3457479ca728b368487ca5c9097fd370ec27,development_train,train,2
946,C05868263,CCNC(=O)CN1c2ccccc2/C(=N/NC(=O)c3ccc(cc3)C(C)(C)C)/C1=O,CCNC(=O)CN1C(=O)/C(=N\NC(=O)c2ccc(C(C)(C)C)cc2)c2ccccc21,O=C1Nc2ccccc2C1=NNC(=O)c1ccccc1,decoy,EGFR_decoy_L000946,CCNC(=O)CN1c2ccccc2/C(=N/NC(=O)c3ccc(cc3)C(C)(C)C)/C1=O,DUD-E,EGFR,EGFR_DECOY_G5868230D13C9FB92E82A,22e352eb89dcb425ab491ec5869e3457479ca728b368487ca5c9097fd370ec27,development_train,train,2
11840,C59148872,Cc1ccc(cc1Cl)C(=O)N/N=C\2/c3cc(cc(c3NC2=O)C)C,Cc1cc(C)c2c(c1)/C(=N/NC(=O)c1ccc(C)c(Cl)c1)C(=O)N2,O=C1Nc2ccccc2C1=NNC(=O)c1ccccc1,decoy,EGFR_decoy_L011840,Cc1ccc(cc1Cl)C(=O)N/N=C\2/c3cc(cc(c3NC2=O)C)C,DUD-E,EGFR,EGFR_DECOY_G5868230D13C9FB92E82A,22e352eb89dcb425ab491ec5869e3457479ca728b368487ca5c9097fd370ec27,development_train,train,2
22941,C01512153,c1cc(cc(c1)[N+](=O)[O-])C(=O)N/N=C\2/c3cc(ccc3NC2=O)Br,O=C1Nc2ccc(Br)cc2/C1=N/NC(=O)c1cccc([N+](=O)[O-])c1,O=C1Nc2ccccc2C1=NNC(=O)c1ccccc1,decoy,EGFR_decoy_L022941,c1cc(cc(c1)[N+](=O)[O-])C(=O)N/N=C\2/c3cc(ccc3NC2=O)Br,DUD-E,EGFR,EGFR_DECOY_G5868230D13C9FB92E82A,22e352eb89dcb425ab491ec5869e3457479ca728b368487ca5c9097fd370ec27,development_train,train,2
32990,C01500632,C=CCN1c2ccccc2/C(=N/NC(=O)c3ccccc3[N+](=O)[O-])/C1=O,C=CCN1C(=O)/C(=N\NC(=O)c2ccccc2[N+](=O)[O-])c2ccccc21,O=C1Nc2ccccc2C1=NNC(=O)c1ccccc1,decoy,EGFR_decoy_L032990,C=CCN1c2ccccc2/C(=N/NC(=O)c3ccccc3[N+](=O)[O-])/C1=O,DUD-E,EGFR,EGFR_DECOY_G5868230D13C9FB92E82A,22e352eb89dcb425ab491ec5869e3457479ca728b368487ca5c9097fd370ec27,development_train,train,2
31945,C63806799,Cc1ccc(cc1)N2[C@@H]([C@H](CCC2=O)C(=O)NCCC3=c4ccccc4=[NH+]C3)c5cccs5,Cc1ccc(N2C(=O)CC[C@H](C(=O)NCCC3=c4ccccc4=[NH+]C3)[C@H]2c2cccs2)cc1,O=C(NCCC1=c2ccccc2=[NH+]C1)C1CCC(=O)N(c2ccccc2)C1c1cccs1,decoy,EGFR_decoy_L031945,Cc1ccc(cc1)N2[C@@H]([C@H](CCC2=O)C(=O)NCCC3=c4ccccc4=[NH+]C3)c5cccs5,DUD-E,EGFR,EGFR_DECOY_GAC326C6E054C5CA5B6AA,22f12d1d099272a318960779380dcdd738ce25f5f41a808fbfa5f10341e8702f,development_train,train,5
28811,C12246752,c1ccnc(c1)Cn2cnc3c(c2=O)c4c(s3)C[C@@H](CC4)[NH2+]CC5C6CC7CC(C6)CC5C7,O=c1c2c3c(sc2ncn1Cc1ccccn1)C[C@H]([NH2+]CC1C2CC4CC(C2)CC1C4)CC3,O=c1c2c3c(sc2ncn1Cc1ccccn1)CC([NH2+]CC1C2CC4CC(C2)CC1C4)CC3,decoy,EGFR_decoy_L028811,c1ccnc(c1)Cn2cnc3c(c2=O)c4c(s3)C[C@@H](CC4)[NH2+]CC5C6CC7CC(C6)CC5C7,DUD-E,EGFR,EGFR_DECOY_GD1E942B3F77970DB5FDC,2542ee3bd3f78691e849c091981c82e6eefa0befaea2aad17cc9f745de959325,development_train,train,4
805,C09153445,CCCn1c2ccccc2c3c1c(=O)n(nc3)CC(=O)NCCC[NH+](Cc4ccco4)C5CCCC5,CCCn1c2ccccc2c2cnn(CC(=O)NCCC[NH+](Cc3ccco3)C3CCCC3)c(=O)c21,O=C(Cn1ncc2c([nH]c3ccccc32)c1=O)NCCC[NH+](Cc1ccco1)C1CCCC1,decoy,EGFR_decoy_L000805,CCCn1c2ccccc2c3c1c(=O)n(nc3)CC(=O)NCCC[NH+](Cc4ccco4)C5CCCC5,DUD-E,EGFR,EGFR_DECOY_G4D0BC342911515877CC8,27a9b35ab4e79b40422f4ed6d5cbab324a24c391906151194bd141a8c9bc9990,development_train,train,4
17126,C15972494,CC(C)C[C@H]1[C@@H]2[C@@H](C(=O)N(C2=O)C[C@@H]3CCCO3)[C@]4([NH2+]1)c5cccc(c5NC4=O)Cl,CC(C)C[C@@H]1[NH2+][C@@]2(C(=O)Nc3c(Cl)cccc32)[C@@H]2C(=O)N(C[C@@H]3CCCO3)C(=O)[C@H]12,O=C1C2C[NH2+]C3(C(=O)Nc4ccccc43)C2C(=O)N1CC1CCCO1,decoy,EGFR_decoy_L017126,CC(C)C[C@H]1[C@@H]2[C@@H](C(=O)N(C2=O)C[C@@H]3CCCO3)[C@]4([NH2+]1)c5cccc(c5NC4=O)Cl,DUD-E,EGFR,EGFR_DECOY_GD9B84D56EEB771C5A999,28a46e1a949b094de19fb6bea8e05a58eb2be643eba8495199a32fe5895be5df,development_train,train,2
25589,C36552922,CCCCNC(=O)[C@H](c1cc(ccc1Cl)[N+](=O)[O-])N(c2cccc(c2)Cl)C(=O)[C@@H]3CCC(=O)N3,CCCCNC(=O)[C@H](c1cc([N+](=O)[O-])ccc1Cl)N(C(=O)[C@@H]1CCC(=O)N1)c1cccc(Cl)c1,O=C1CCC(C(=O)N(Cc2ccccc2)c2ccccc2)N1,decoy,EGFR_decoy_L025589,CCCCNC(=O)[C@H](c1cc(ccc1Cl)[N+](=O)[O-])N(c2cccc(c2)Cl)C(=O)[C@@H]3CCC(=O)N3,DUD-E,EGFR,EGFR_DECOY_G8492ECC677B266230417,295c7605019443c8fd9b7d4ebadabea0a14c6fda3e97415bfb0674f19301f986,development_train,train,5
2573,C39654855,Cc1c(c(no1)c2ccccc2Cl)C(=O)N3C[C@@H](C4(C3)CC[NH2+]CC4)C(=O)NCc5ccco5,Cc1onc(-c2ccccc2Cl)c1C(=O)N1C[C@H](C(=O)NCc2ccco2)C2(CC[NH2+]CC2)C1,O=C(NCc1ccco1)C1CN(C(=O)c2conc2-c2ccccc2)CC12CC[NH2+]CC2,decoy,EGFR_decoy_L002573,Cc1c(c(no1)c2ccccc2Cl)C(=O)N3C[C@@H](C4(C3)CC[NH2+]CC4)C(=O)NCc5ccco5,DUD-E,EGFR,EGFR_DECOY_G24A070DC737077C74F46,2a8b65fc29feadbf3d5e693b6f13169dcb6787664c2654363182b3957be45b05,development_train,train,3
1333,C56157787,C[C@@H](C(=O)Nc1ccc(cc1)OC(F)F)Nc2cccc(c2)N3CCNC3=O,C[C@H](Nc1cccc(N2CCNC2=O)c1)C(=O)Nc1ccc(OC(F)F)cc1,O=C(CNc1cccc(N2CCNC2=O)c1)Nc1ccccc1,decoy,EGFR_decoy_L001333,C[C@@H](C(=O)Nc1ccc(cc1)OC(F)F)Nc2cccc(c2)N3CCNC3=O,DUD-E,EGFR,EGFR_DECOY_G62FEFD132B9F3CE9C11B,2ad34cc2e92e8dbc1ab9ac4052508c5632c3d79e70d7039712db1754732e02f6,development_train,train,2
2233,C56157718,C[C@@H](C(=O)Nc1ccccc1C(C)C)Nc2cccc(c2)N3CCNC3=O,CC(C)c1ccccc1NC(=O)[C@H](C)Nc1cccc(N2CCNC2=O)c1,O=C(CNc1cccc(N2CCNC2=O)c1)Nc1ccccc1,decoy,EGFR_decoy_L002233,C[C@@H](C(=O)Nc1ccccc1C(C)C)Nc2cccc(c2)N3CCNC3=O,DUD-E,EGFR,EGFR_DECOY_G62FEFD132B9F3CE9C11B,2ad34cc2e92e8dbc1ab9ac4052508c5632c3d79e70d7039712db1754732e02f6,development_train,train,2
27199,C63259006,c1ccc2=[NH+]CC(=c2c1)C[C@@H](C(=O)OCC(=O)NC34CC5CC(C3)CC(C5)C4)NC(=O)c6cccs6,O=C(COC(=O)[C@H](CC1=c2ccccc2=[NH+]C1)NC(=O)c1cccs1)NC12CC3CC(CC(C3)C1)C2,O=C(COC(=O)C(CC1=c2ccccc2=[NH+]C1)NC(=O)c1cccs1)NC12CC3CC(CC(C3)C1)C2,decoy,EGFR_decoy_L027199,c1ccc2=[NH+]CC(=c2c1)C[C@@H](C(=O)OCC(=O)NC34CC5CC(C3)CC(C5)C4)NC(=O)c6cccs6,DUD-E,EGFR,EGFR_DECOY_G443805583F8660726A16,2b2a839bf3e1a833abeedba79d1f85a6cc4e67cae471449cf62ff640aa95e91c,development_train,train,2
15563,C20618024,Cc1ccc(cc1)[C@]23C=C(C(=O)N2c4ccccc4N3)O,Cc1ccc([C@]23C=C(O)C(=O)N2c2ccccc2N3)cc1,O=C1C=CC2(c3ccccc3)Nc3ccccc3N12,decoy,EGFR_decoy_L015563,Cc1ccc(cc1)[C@]23C=C(C(=O)N2c4ccccc4N3)O,DUD-E,EGFR,EGFR_DECOY_GD1AEDC1EB8235A651BB7,2be0cade994288c41f2593a9ebd1e9cc80f78a0a74588b9d138df06c0704b8c4,development_train,train,5
25862,C12756567,CCN(c1ccccc1)S(=O)(=O)c2ccc(cc2)S(=O)(=O)N3CCCCC3,CCN(c1ccccc1)S(=O)(=O)c1ccc(S(=O)(=O)N2CCCCC2)cc1,O=S(=O)(Nc1ccccc1)c1ccc(S(=O)(=O)N2CCCCC2)cc1,decoy,EGFR_decoy_L025862,CCN(c1ccccc1)S(=O)(=O)c2ccc(cc2)S(=O)(=O)N3CCCCC3,DUD-E,EGFR,EGFR_DECOY_GB184CE4501A023CC5D38,2be9c09f7bf748deb1a1402725a4006c2f4dee87cbc8ccff228dcffb17fd584c,development_train,train,4
101,C05963664,CC1(CNC(=[NH+]C1)[C@@H](c2ccccc2)Oc3ccc(cc3)Cl)C,CC1(C)CNC([C@H](Oc2ccc(Cl)cc2)c2ccccc2)=[NH+]C1,c1ccc(OC(C2=[NH+]CCCN2)c2ccccc2)cc1,decoy,EGFR_decoy_L000101,CC1(CNC(=[NH+]C1)[C@@H](c2ccccc2)Oc3ccc(cc3)Cl)C,DUD-E,EGFR,EGFR_DECOY_G11D69300FA2660690E4B,2cedbb2db0a6845544782d424c4aa6650db2fe4a5125fb547e01964232eab911,development_train,train,2
820,C06443908,Cc1cccc2c1[nH]c(=O)c(c2)[C@H](c3nnnn3C(C)(C)C)[NH+](Cc4cccs4)C[C@@H]5CCCO5,Cc1cccc2cc([C@H](c3nnnn3C(C)(C)C)[NH+](Cc3cccs3)C[C@@H]3CCCO3)c(=O)[nH]c12,O=c1[nH]c2ccccc2cc1C(c1nnn[nH]1)[NH+](Cc1cccs1)CC1CCCO1,decoy,EGFR_decoy_L000820,Cc1cccc2c1[nH]c(=O)c(c2)[C@H](c3nnnn3C(C)(C)C)[NH+](Cc4cccs4)C[C@@H]5CCCO5,DUD-E,EGFR,EGFR_DECOY_G2E8E0BFCA00EAEBBEBBF,2d5d6e9745cfcdb30cb769658d6a338d63b0744dedf9dba7f1716ce1ee55efb9,development_train,train,2
6752,C06149188,CCC(C)(C)n1c(nnn1)[C@@H](c2cc3cc(ccc3[nH]c2=O)OC)[NH+](Cc4cccs4)C[C@@H]5CCCO5,CCC(C)(C)n1nnnc1[C@@H](c1cc2cc(OC)ccc2[nH]c1=O)[NH+](Cc1cccs1)C[C@@H]1CCCO1,O=c1[nH]c2ccccc2cc1C(c1nnn[nH]1)[NH+](Cc1cccs1)CC1CCCO1,decoy,EGFR_decoy_L006752,CCC(C)(C)n1c(nnn1)[C@@H](c2cc3cc(ccc3[nH]c2=O)OC)[NH+](Cc4cccs4)C[C@@H]5CCCO5,DUD-E,EGFR,EGFR_DECOY_G2E8E0BFCA00EAEBBEBBF,2d5d6e9745cfcdb30cb769658d6a338d63b0744dedf9dba7f1716ce1ee55efb9,development_train,train,2
31551,C06014933,CC(C)(C)n1c(nnn1)[C@@H](c2cc3cc(ccc3[nH]c2=O)OC)[NH+](Cc4cccs4)C[C@@H]5CCCO5,COc1ccc2[nH]c(=O)c([C@H](c3nnnn3C(C)(C)C)[NH+](Cc3cccs3)C[C@@H]3CCCO3)cc2c1,O=c1[nH]c2ccccc2cc1C(c1nnn[nH]1)[NH+](Cc1cccs1)CC1CCCO1,decoy,EGFR_decoy_L031551,CC(C)(C)n1c(nnn1)[C@@H](c2cc3cc(ccc3[nH]c2=O)OC)[NH+](Cc4cccs4)C[C@@H]5CCCO5,DUD-E,EGFR,EGFR_DECOY_G2E8E0BFCA00EAEBBEBBF,2d5d6e9745cfcdb30cb769658d6a338d63b0744dedf9dba7f1716ce1ee55efb9,development_train,train,2
34753,C06197926,CCc1ccc2c(c1)cc(c(=O)[nH]2)[C@@H](c3nnnn3C(C)(C)CC)[NH+](Cc4cccs4)C[C@@H]5CCCO5,CCc1ccc2[nH]c(=O)c([C@@H](c3nnnn3C(C)(C)CC)[NH+](Cc3cccs3)C[C@@H]3CCCO3)cc2c1,O=c1[nH]c2ccccc2cc1C(c1nnn[nH]1)[NH+](Cc1cccs1)CC1CCCO1,decoy,EGFR_decoy_L034753,CCc1ccc2c(c1)cc(c(=O)[nH]2)[C@@H](c3nnnn3C(C)(C)CC)[NH+](Cc4cccs4)C[C@@H]5CCCO5,DUD-E,EGFR,EGFR_DECOY_G2E8E0BFCA00EAEBBEBBF,2d5d6e9745cfcdb30cb769658d6a338d63b0744dedf9dba7f1716ce1ee55efb9,development_train,train,2
25507,C10813750,CC1(CC(CC([NH2+]1)(C)C)NC(=O)C2CCN(CC2)S(=O)(=O)c3ccc(cc3)C(C)(C)C)C,CC1(C)CC(NC(=O)C2CCN(S(=O)(=O)c3ccc(C(C)(C)C)cc3)CC2)CC(C)(C)[NH2+]1,O=C(NC1CC[NH2+]CC1)C1CCN(S(=O)(=O)c2ccccc2)CC1,decoy,EGFR_decoy_L025507,CC1(CC(CC([NH2+]1)(C)C)NC(=O)C2CCN(CC2)S(=O)(=O)c3ccc(cc3)C(C)(C)C)C,DUD-E,EGFR,EGFR_DECOY_GA7572AEC579A90E836FF,2e257337c07bb1252938bff0a3bdd0f8363979b4c3c3d18ab2225519382ff857,development_train,train,5
30659,C06702818,Cc1ccc(cc1)S(=O)(=O)N2CCC(CC2)C(=O)NC3CC([NH2+]C(C3)(C)C)(C)C,Cc1ccc(S(=O)(=O)N2CCC(C(=O)NC3CC(C)(C)[NH2+]C(C)(C)C3)CC2)cc1,O=C(NC1CC[NH2+]CC1)C1CCN(S(=O)(=O)c2ccccc2)CC1,decoy,EGFR_decoy_L030659,Cc1ccc(cc1)S(=O)(=O)N2CCC(CC2)C(=O)NC3CC([NH2+]C(C3)(C)C)(C)C,DUD-E,EGFR,EGFR_DECOY_GA7572AEC579A90E836FF,2e257337c07bb1252938bff0a3bdd0f8363979b4c3c3d18ab2225519382ff857,development_train,train,5
15419,C24578735,CC(C)[C@@H](C(=O)N1CCN(CC1)c2ccccc2F)NC(=O)C34CC5CC(C3)CC(C5)C4,CC(C)[C@H](NC(=O)C12CC3CC(CC(C3)C1)C2)C(=O)N1CCN(c2ccccc2F)CC1,O=C(CNC(=O)C12CC3CC(CC(C3)C1)C2)N1CCN(c2ccccc2)CC1,decoy,EGFR_decoy_L015419,CC(C)[C@@H](C(=O)N1CCN(CC1)c2ccccc2F)NC(=O)C34CC5CC(C3)CC(C5)C4,DUD-E,EGFR,EGFR_DECOY_GC851488BABC3C5575B1F,2e64a0d91282b1a0419549e4648a668f2a64b4898c086ddadd141511d024ab5a,development_train,train,2
23407,C13231828,CCCN([C@H]1CCS(=O)(=O)C1)C(=O)CSc2nc3cc(ccc3c(=O)n2CC(C)C)C(=O)[O-],CCCN(C(=O)CSc1nc2cc(C(=O)[O-])ccc2c(=O)n1CC(C)C)[C@H]1CCS(=O)(=O)C1,O=C(CSc1nc2ccccc2c(=O)[nH]1)NC1CCS(=O)(=O)C1,decoy,EGFR_decoy_L023407,CCCN([C@H]1CCS(=O)(=O)C1)C(=O)CSc2nc3cc(ccc3c(=O)n2CC(C)C)C(=O)[O-],DUD-E,EGFR,EGFR_DECOY_G7F2F0BA8970398A769BE,2e755fbdd4aa458038663ba8ce5dadff7682420c1828d22d0e5609711c708b2b,development_train,train,5
2212,C21323302,Cc1cccc(c1)CSc2nnc(n2N)N/N=C(\C)/c3ccc(cc3)F,C/C(=N\Nc1nnc(SCc2cccc(C)c2)n1N)c1ccc(F)cc1,C(=NNc1nnc(SCc2ccccc2)[nH]1)c1ccccc1,decoy,EGFR_decoy_L002212,Cc1cccc(c1)CSc2nnc(n2N)N/N=C(\C)/c3ccc(cc3)F,DUD-E,EGFR,EGFR_DECOY_G3A4293AAAA3356873DF0,30132bf174d77f8d3d91ebe9b7ba176ab3abe9a3970794b5c5d56e0345b055d1,development_train,train,3
3239,C59829699,Cc1cccc(c1)CSc2nnc(n2N)N/N=C(\C)/c3ccccc3O,C/C(=N\Nc1nnc(SCc2cccc(C)c2)n1N)c1ccccc1O,C(=NNc1nnc(SCc2ccccc2)[nH]1)c1ccccc1,decoy,EGFR_decoy_L003239,Cc1cccc(c1)CSc2nnc(n2N)N/N=C(\C)/c3ccccc3O,DUD-E,EGFR,EGFR_DECOY_G3A4293AAAA3356873DF0,30132bf174d77f8d3d91ebe9b7ba176ab3abe9a3970794b5c5d56e0345b055d1,development_train,train,3
7229,C59016653,Cc1ccc(cc1)CSc2[nH]c(nn2)N/N=C/c3ccc(cc3OC)OC,COc1ccc(/C=N/Nc2nnc(SCc3ccc(C)cc3)[nH]2)c(OC)c1,C(=NNc1nnc(SCc2ccccc2)[nH]1)c1ccccc1,decoy,EGFR_decoy_L007229,Cc1ccc(cc1)CSc2[nH]c(nn2)N/N=C/c3ccc(cc3OC)OC,DUD-E,EGFR,EGFR_DECOY_G3A4293AAAA3356873DF0,30132bf174d77f8d3d91ebe9b7ba176ab3abe9a3970794b5c5d56e0345b055d1,development_train,train,3
7230,C59310524,Cc1ccc(cc1)CSc2[nH]c(nn2)N/N=C/c3cc(ccc3OC)OC,COc1ccc(OC)c(/C=N/Nc2nnc(SCc3ccc(C)cc3)[nH]2)c1,C(=NNc1nnc(SCc2ccccc2)[nH]1)c1ccccc1,decoy,EGFR_decoy_L007230,Cc1ccc(cc1)CSc2[nH]c(nn2)N/N=C/c3cc(ccc3OC)OC,DUD-E,EGFR,EGFR_DECOY_G3A4293AAAA3356873DF0,30132bf174d77f8d3d91ebe9b7ba176ab3abe9a3970794b5c5d56e0345b055d1,development_train,train,3
16806,C20527539,Cc1ccccc1CSc2nnc(n2N)N/N=C/c3cccc(c3O)CC=C,C=CCc1cccc(/C=N/Nc2nnc(SCc3ccccc3C)n2N)c1O,C(=NNc1nnc(SCc2ccccc2)[nH]1)c1ccccc1,decoy,EGFR_decoy_L016806,Cc1ccccc1CSc2nnc(n2N)N/N=C/c3cccc(c3O)CC=C,DUD-E,EGFR,EGFR_DECOY_G3A4293AAAA3356873DF0,30132bf174d77f8d3d91ebe9b7ba176ab3abe9a3970794b5c5d56e0345b055d1,development_train,train,3
21131,C06251843,c1ccc(c(c1)NC(=O)C2C[C@H]3CCC[C@@H](C2)C34SCCS4)[N+](=O)[O-],O=C(Nc1ccccc1[N+](=O)[O-])C1C[C@H]2CCC[C@@H](C1)C21SCCS1,O=C(Nc1ccccc1)C1CC2CCCC(C1)C21SCCS1,decoy,EGFR_decoy_L021131,c1ccc(c(c1)NC(=O)C2C[C@H]3CCC[C@@H](C2)C34SCCS4)[N+](=O)[O-],DUD-E,EGFR,EGFR_DECOY_GB967B29202F3773DE66E,309a7d03399a4c11f720a7b9e3243085a8868f6fe3cd5b98c1fe4d566f5a7b44,development_train,train,1
7310,C01729082,CC(=O)O[C@H](C(Cl)(Cl)Cl)S[C@@H](C(Cl)(Cl)Cl)OC(=O)C,CC(=O)O[C@@H](S[C@H](OC(C)=O)C(Cl)(Cl)Cl)C(Cl)(Cl)Cl,CC(=O)OC(SC(OC(C)=O)C(Cl)(Cl)Cl)C(Cl)(Cl)Cl,decoy,EGFR_decoy_L007310,CC(=O)O[C@H](C(Cl)(Cl)Cl)S[C@@H](C(Cl)(Cl)Cl)OC(=O)C,DUD-E,EGFR,EGFR_DECOY_G1233CE29B665B8DA9D24,314cf09089d999565f875b959a8b6ea5913dd106fb96beef588bd278ad5a8db0,development_train,train,5
10487,C39421133,Cc1ccc2c(c1)[C@@H]([C@@H](O2)C(=O)N3CCC(CC3)c4[nH]c5cc(ccc5n4)C)C,Cc1ccc2c(c1)[C@H](C)[C@H](C(=O)N1CCC(c3nc4ccc(C)cc4[nH]3)CC1)O2,O=C(C1Cc2ccccc2O1)N1CCC(c2nc3ccccc3[nH]2)CC1,decoy,EGFR_decoy_L010487,Cc1ccc2c(c1)[C@@H]([C@@H](O2)C(=O)N3CCC(CC3)c4[nH]c5cc(ccc5n4)C)C,DUD-E,EGFR,EGFR_DECOY_G914E58B92EB5A4AD02B8,316c1500c7d28a5642108ce644997aeb73322d81749b2af82c88f32ea9bf66c2,development_train,train,4
19072,C45616975,c1ccc2c(c1)c(c[nH]2)CCCC(=O)NNC(=O)c3cc4c(s3)CCCCC4,O=C(CCCc1c[nH]c2ccccc12)NNC(=O)c1cc2c(s1)CCCCC2,O=C(CCCc1c[nH]c2ccccc12)NNC(=O)c1cc2c(s1)CCCCC2,decoy,EGFR_decoy_L019072,c1ccc2c(c1)c(c[nH]2)CCCC(=O)NNC(=O)c3cc4c(s3)CCCCC4,DUD-E,EGFR,EGFR_DECOY_G0093C033F0DCF2F1BB4E,32d70ad068ed28ea065cd2beb624a424f88a51221a64fa034ee0eee81a61981b,development_train,train,1
3671,C35907990,c1cc2c(cc1C(F)(F)F)C[C@@H]([C@@H]3N2CC[NH+](C3)C4CCCCC4)C(=O)NC[C@@H]5CCCO5,O=C(NC[C@@H]1CCCO1)[C@H]1Cc2cc(C(F)(F)F)ccc2N2CC[NH+](C3CCCCC3)C[C@H]12,O=C(NCC1CCCO1)C1Cc2ccccc2N2CC[NH+](C3CCCCC3)CC12,decoy,EGFR_decoy_L003671,c1cc2c(cc1C(F)(F)F)C[C@@H]([C@@H]3N2CC[NH+](C3)C4CCCCC4)C(=O)NC[C@@H]5CCCO5,DUD-E,EGFR,EGFR_DECOY_G27AEE28DEC62523A4AA4,338433f140975289eeaceaae8a14c46ded5b7456886df5cd4745ad5e2396eb69,development_train,train,1
438,C12348012,c1ccc(cc1)n2c(=O)c3c([nH]2)NC4=C([C@@H]3c5cccs5)C(=O)CCC4,O=C1CCCC2=C1[C@H](c1cccs1)c1c([nH]n(-c3ccccc3)c1=O)N2,O=C1CCCC2=C1C(c1cccs1)c1c([nH]n(-c3ccccc3)c1=O)N2,decoy,EGFR_decoy_L000438,c1ccc(cc1)n2c(=O)c3c([nH]2)NC4=C([C@@H]3c5cccs5)C(=O)CCC4,DUD-E,EGFR,EGFR_DECOY_G1AAF2C25D67BF0C50590,339cd5ccf994908f1c01596a1ebf69bece675a7abef0ebbeae04e722f33a5f4a,development_train,train,3
33639,C27495903,c1ccc(cc1)/C=N/NC(=O)C23CC4(CC(C2)CC(C4)C3)C(=O)N/N=C/c5ccccc5,O=C(N/N=C/c1ccccc1)C12CC3CC(C1)CC(C(=O)N/N=C/c1ccccc1)(C3)C2,O=C(NN=Cc1ccccc1)C12CC3CC(C1)CC(C(=O)NN=Cc1ccccc1)(C3)C2,decoy,EGFR_decoy_L033639,c1ccc(cc1)/C=N/NC(=O)C23CC4(CC(C2)CC(C4)C3)C(=O)N/N=C/c5ccccc5,DUD-E,EGFR,EGFR_DECOY_GB141B799A1720F2708CA,34f6f6235c71f7aea38a9e3efe896ce6b1a4e79e1931b3f77fc0ee58d389afaa,development_train,train,4
16924,C47619375,c1ccc(cc1)C2CCC(CC2)NC(=O)NCc3ccc(cc3)S(=O)(=O)N,NS(=O)(=O)c1ccc(CNC(=O)NC2CCC(c3ccccc3)CC2)cc1,O=C(NCc1ccccc1)NC1CCC(c2ccccc2)CC1,decoy,EGFR_decoy_L016924,c1ccc(cc1)C2CCC(CC2)NC(=O)NCc3ccc(cc3)S(=O)(=O)N,DUD-E,EGFR,EGFR_DECOY_G40528B554AD080D04649,35f1d8c541a22fe272892ef35510f13cf035abef725b9572c16c714c0ae5a817,development_train,train,4
11553,C09206462,Cc1cc(c(n1c2ccc3c(c2)CCC3)C)C(=O)C[NH+](C)Cc4[nH]c(=O)c5ccccc5n4,Cc1cc(C(=O)C[NH+](C)Cc2nc3ccccc3c(=O)[nH]2)c(C)n1-c1ccc2c(c1)CCC2,O=C(C[NH2+]Cc1nc2ccccc2c(=O)[nH]1)c1ccn(-c2ccc3c(c2)CCC3)c1,decoy,EGFR_decoy_L011553,Cc1cc(c(n1c2ccc3c(c2)CCC3)C)C(=O)C[NH+](C)Cc4[nH]c(=O)c5ccccc5n4,DUD-E,EGFR,EGFR_DECOY_GBE6561B63D2F43F39AF6,377327f03d6fcb36cce2af57f9162ff3e99b59bbdceedc37bdf412454b36bfe1,development_train,train,5
28623,C36233273,c1c(c(sc1Br)Br)S(=O)(=O)/N=c\2/[nH]c3c(s2)C[NH2+]CC3,O=S(=O)(/N=c1/[nH]c2c(s1)C[NH2+]CC2)c1cc(Br)sc1Br,O=S(=O)(N=c1[nH]c2c(s1)C[NH2+]CC2)c1ccsc1,decoy,EGFR_decoy_L028623,c1c(c(sc1Br)Br)S(=O)(=O)/N=c\2/[nH]c3c(s2)C[NH2+]CC3,DUD-E,EGFR,EGFR_DECOY_G5C9CDAF1D451E261BF15,3786789c51ef064ca0116d1e6bcbde614babd1812882d1545aa622e61c76bd14,development_train,train,5
1355,C20876707,C[C@H](C[NH2+]Cc1cc(c(c(c1)Br)OCc2ccc3c(c2)OCO3)OC)O,COc1cc(C[NH2+]C[C@@H](C)O)cc(Br)c1OCc1ccc2c(c1)OCO2,c1ccc(OCc2ccc3c(c2)OCO3)cc1,decoy,EGFR_decoy_L001355,C[C@H](C[NH2+]Cc1cc(c(c(c1)Br)OCc2ccc3c(c2)OCO3)OC)O,DUD-E,EGFR,EGFR_DECOY_GCD1B07943E840AAC44AA,37e3dfbaa71fa700d0906388bfcea3092d862de2b3908a93d6086573d4248088,development_train,train,2
15791,C60244839,CN(Cc1ccc(cc1)Br)C(=O)NC[C@H]2CCC[NH+](C2)Cc3cccs3,CN(Cc1ccc(Br)cc1)C(=O)NC[C@H]1CCC[NH+](Cc2cccs2)C1,O=C(NCc1ccccc1)NCC1CCC[NH+](Cc2cccs2)C1,decoy,EGFR_decoy_L015791,CN(Cc1ccc(cc1)Br)C(=O)NC[C@H]2CCC[NH+](C2)Cc3cccs3,DUD-E,EGFR,EGFR_DECOY_GE1EE983C6A02FA8FE0E5,38956489cd0dc0b0ac18421e2c2868513fcd6b1709fe8c5580ef6eccd7e27c76,development_train,train,1
16839,C63718199,CC(C)(CNC(=O)C[C@@H](c1cccs1)NC(=O)N)c2cccc(c2)Cl,CC(C)(CNC(=O)C[C@H](NC(N)=O)c1cccs1)c1cccc(Cl)c1,O=C(CCc1cccs1)NCCc1ccccc1,decoy,EGFR_decoy_L016839,CC(C)(CNC(=O)C[C@@H](c1cccs1)NC(=O)N)c2cccc(c2)Cl,DUD-E,EGFR,EGFR_DECOY_G088E988194B06808E666,3940d53c222aa2790acf2bb8fdf4256006f9b47baf3a70c596d9393b4f094b56,development_train,train,2
33331,C24860360,Cc1cc(ccc1NC(=O)CN2C(=O)[C@@]3(C[C@H](CC(C3)(C)C)C)NC2=O)N4CCCC4,Cc1cc(N2CCCC2)ccc1NC(=O)CN1C(=O)N[C@]2(C[C@@H](C)CC(C)(C)C2)C1=O,O=C(CN1C(=O)NC2(CCCCC2)C1=O)Nc1ccc(N2CCCC2)cc1,decoy,EGFR_decoy_L033331,Cc1cc(ccc1NC(=O)CN2C(=O)[C@@]3(C[C@H](CC(C3)(C)C)C)NC2=O)N4CCCC4,DUD-E,EGFR,EGFR_DECOY_GBE046439296BEDB9CFD3,39d592b38a743702fbb6a6441a0c034296379fea4b03fdfd0ba5e9a71e0e70b4,development_train,train,4
31252,C08646159,CCCCn1c(=O)c2c(c(sc2nc1SCC(=O)c3ccc(cc3)NC(=O)C)C)C,CCCCn1c(SCC(=O)c2ccc(NC(C)=O)cc2)nc2sc(C)c(C)c2c1=O,O=C(CSc1nc2sccc2c(=O)[nH]1)c1ccccc1,decoy,EGFR_decoy_L031252,CCCCn1c(=O)c2c(c(sc2nc1SCC(=O)c3ccc(cc3)NC(=O)C)C)C,DUD-E,EGFR,EGFR_DECOY_G541635D1D19E25A60A10,3b201cfb4eef99182e75d34e914e4e216e331ffb74acfb1984acb097092ee6f1,development_train,train,3
10444,C63571263,c1ccc(c(c1)[C@@H]2[C@@H]3C(=c4ccccc4=[NH+]3)CCN2C(=O)Nc5ccc(cc5)F)F,O=C(Nc1ccc(F)cc1)N1CCC2=c3ccccc3=[NH+][C@@H]2[C@H]1c1ccccc1F,O=C(Nc1ccccc1)N1CCC2=c3ccccc3=[NH+]C2C1c1ccccc1,decoy,EGFR_decoy_L010444,c1ccc(c(c1)[C@@H]2[C@@H]3C(=c4ccccc4=[NH+]3)CCN2C(=O)Nc5ccc(cc5)F)F,DUD-E,EGFR,EGFR_DECOY_GD142DAF008C4F5BB218C,3b6b9dd132aba9f4aa7a0db1d9f0d8d536aa8ddd5430ec8f9b077e64f932a5ba,development_train,train,4
10449,C64622962,c1ccc2=[NH+][C@@H]3[C@H](N(CCC3=c2c1)C(=O)Nc4ccc(cc4)F)c5ccc(cc5)F,O=C(Nc1ccc(F)cc1)N1CCC2=c3ccccc3=[NH+][C@@H]2[C@H]1c1ccc(F)cc1,O=C(Nc1ccccc1)N1CCC2=c3ccccc3=[NH+]C2C1c1ccccc1,decoy,EGFR_decoy_L010449,c1ccc2=[NH+][C@@H]3[C@H](N(CCC3=c2c1)C(=O)Nc4ccc(cc4)F)c5ccc(cc5)F,DUD-E,EGFR,EGFR_DECOY_GD142DAF008C4F5BB218C,3b6b9dd132aba9f4aa7a0db1d9f0d8d536aa8ddd5430ec8f9b077e64f932a5ba,development_train,train,4
17991,C63573161,Cc1ccc(c(c1)NC(=O)N2CCC3=c4cc(ccc4=[NH+][C@@H]3[C@H]2c5ccc(cc5)F)OC)C,COc1ccc2c(c1)=C1CCN(C(=O)Nc3cc(C)ccc3C)[C@H](c3ccc(F)cc3)[C@H]1[NH+]=2,O=C(Nc1ccccc1)N1CCC2=c3ccccc3=[NH+]C2C1c1ccccc1,decoy,EGFR_decoy_L017991,Cc1ccc(c(c1)NC(=O)N2CCC3=c4cc(ccc4=[NH+][C@@H]3[C@H]2c5ccc(cc5)F)OC)C,DUD-E,EGFR,EGFR_DECOY_GD142DAF008C4F5BB218C,3b6b9dd132aba9f4aa7a0db1d9f0d8d536aa8ddd5430ec8f9b077e64f932a5ba,development_train,train,4
17992,C63573208,COc1ccc2=[NH+][C@@H]3[C@@H](N(CCC3=c2c1)C(=O)Nc4ccc(cc4)Br)c5ccc(cc5)F,COc1ccc2c(c1)=C1CCN(C(=O)Nc3ccc(Br)cc3)[C@@H](c3ccc(F)cc3)[C@H]1[NH+]=2,O=C(Nc1ccccc1)N1CCC2=c3ccccc3=[NH+]C2C1c1ccccc1,decoy,EGFR_decoy_L017992,COc1ccc2=[NH+][C@@H]3[C@@H](N(CCC3=c2c1)C(=O)Nc4ccc(cc4)Br)c5ccc(cc5)F,DUD-E,EGFR,EGFR_DECOY_GD142DAF008C4F5BB218C,3b6b9dd132aba9f4aa7a0db1d9f0d8d536aa8ddd5430ec8f9b077e64f932a5ba,development_train,train,4
17993,C63573342,Cc1ccc(cc1)[C@@H]2[C@@H]3C(=c4cc(ccc4=[NH+]3)OC)CCN2C(=O)Nc5ccc(cc5Cl)C,COc1ccc2c(c1)=C1CCN(C(=O)Nc3ccc(C)cc3Cl)[C@H](c3ccc(C)cc3)[C@H]1[NH+]=2,O=C(Nc1ccccc1)N1CCC2=c3ccccc3=[NH+]C2C1c1ccccc1,decoy,EGFR_decoy_L017993,Cc1ccc(cc1)[C@@H]2[C@@H]3C(=c4cc(ccc4=[NH+]3)OC)CCN2C(=O)Nc5ccc(cc5Cl)C,DUD-E,EGFR,EGFR_DECOY_GD142DAF008C4F5BB218C,3b6b9dd132aba9f4aa7a0db1d9f0d8d536aa8ddd5430ec8f9b077e64f932a5ba,development_train,train,4
17994,C63573465,Cc1ccc(cc1)[C@@H]2[C@H]3C(=c4cc(ccc4=[NH+]3)OC)CCN2C(=O)Nc5ccc(cc5C)C,COc1ccc2c(c1)=C1CCN(C(=O)Nc3ccc(C)cc3C)[C@H](c3ccc(C)cc3)[C@@H]1[NH+]=2,O=C(Nc1ccccc1)N1CCC2=c3ccccc3=[NH+]C2C1c1ccccc1,decoy,EGFR_decoy_L017994,Cc1ccc(cc1)[C@@H]2[C@H]3C(=c4cc(ccc4=[NH+]3)OC)CCN2C(=O)Nc5ccc(cc5C)C,DUD-E,EGFR,EGFR_DECOY_GD142DAF008C4F5BB218C,3b6b9dd132aba9f4aa7a0db1d9f0d8d536aa8ddd5430ec8f9b077e64f932a5ba,development_train,train,4
17995,C63573557,Cc1ccc(cc1)[C@@H]2[C@@H]3C(=c4cc(ccc4=[NH+]3)OC)CCN2C(=O)Nc5ccc(cc5F)F,COc1ccc2c(c1)=C1CCN(C(=O)Nc3ccc(F)cc3F)[C@H](c3ccc(C)cc3)[C@H]1[NH+]=2,O=C(Nc1ccccc1)N1CCC2=c3ccccc3=[NH+]C2C1c1ccccc1,decoy,EGFR_decoy_L017995,Cc1ccc(cc1)[C@@H]2[C@@H]3C(=c4cc(ccc4=[NH+]3)OC)CCN2C(=O)Nc5ccc(cc5F)F,DUD-E,EGFR,EGFR_DECOY_GD142DAF008C4F5BB218C,3b6b9dd132aba9f4aa7a0db1d9f0d8d536aa8ddd5430ec8f9b077e64f932a5ba,development_train,train,4
17998,C64623164,Cc1ccc(cc1)NC(=O)N2CCC3=c4cc(ccc4=[NH+][C@@H]3[C@@H]2c5ccc(cc5)F)OC,COc1ccc2c(c1)=C1CCN(C(=O)Nc3ccc(C)cc3)[C@@H](c3ccc(F)cc3)[C@H]1[NH+]=2,O=C(Nc1ccccc1)N1CCC2=c3ccccc3=[NH+]C2C1c1ccccc1,decoy,EGFR_decoy_L017998,Cc1ccc(cc1)NC(=O)N2CCC3=c4cc(ccc4=[NH+][C@@H]3[C@@H]2c5ccc(cc5)F)OC,DUD-E,EGFR,EGFR_DECOY_GD142DAF008C4F5BB218C,3b6b9dd132aba9f4aa7a0db1d9f0d8d536aa8ddd5430ec8f9b077e64f932a5ba,development_train,train,4
30350,C64623248,CCOC(=O)Cc1ccc(cc1)NC(=O)N2CCC3=c4cc(ccc4=[NH+][C@@H]3[C@@H]2c5ccc(cc5)C)OC,CCOC(=O)Cc1ccc(NC(=O)N2CCC3=c4cc(OC)ccc4=[NH+][C@@H]3[C@@H]2c2ccc(C)cc2)cc1,O=C(Nc1ccccc1)N1CCC2=c3ccccc3=[NH+]C2C1c1ccccc1,decoy,EGFR_decoy_L030350,CCOC(=O)Cc1ccc(cc1)NC(=O)N2CCC3=c4cc(ccc4=[NH+][C@@H]3[C@@H]2c5ccc(cc5)C)OC,DUD-E,EGFR,EGFR_DECOY_GD142DAF008C4F5BB218C,3b6b9dd132aba9f4aa7a0db1d9f0d8d536aa8ddd5430ec8f9b077e64f932a5ba,development_train,train,4
31312,C17371158,CCc1ccc(cc1)[C@H](C(C)C)NC(=O)c2ccc(c(c2)S(=O)(=O)N3CCCC3)OC,CCc1ccc([C@@H](NC(=O)c2ccc(OC)c(S(=O)(=O)N3CCCC3)c2)C(C)C)cc1,O=C(NCc1ccccc1)c1cccc(S(=O)(=O)N2CCCC2)c1,decoy,EGFR_decoy_L031312,CCc1ccc(cc1)[C@H](C(C)C)NC(=O)c2ccc(c(c2)S(=O)(=O)N3CCCC3)OC,DUD-E,EGFR,EGFR_DECOY_G714672EF3F256693202E,3b8df3f2eba220bd3aab9de65ceaec67b0925cc79017ec7e92c04b83a5c4922d,development_train,train,4
5848,C01900270,C[C@H](CCc1ccccc1)NC(=O)CSc2nc3c(c4c(s3)CO[C@@H](C4)C(C)C)c(=O)n2CCc5ccccc5,CC(C)[C@@H]1Cc2c(sc3nc(SCC(=O)N[C@H](C)CCc4ccccc4)n(CCc4ccccc4)c(=O)c23)CO1,O=C(CSc1nc2sc3c(c2c(=O)n1CCc1ccccc1)CCOC3)NCCCc1ccccc1,decoy,EGFR_decoy_L005848,C[C@H](CCc1ccccc1)NC(=O)CSc2nc3c(c4c(s3)CO[C@@H](C4)C(C)C)c(=O)n2CCc5ccccc5,DUD-E,EGFR,EGFR_DECOY_G6C47D55BF2CADDADDCFB,3bbd844f0346e8b264e87be012df4d8ae543304c436c8ae04eec3f97b9f97574,development_train,train,1
5896,C01900267,C[C@@H](CCc1ccccc1)NC(=O)CSc2nc3c(c4c(s3)CO[C@H](C4)C(C)C)c(=O)n2CCc5ccccc5,CC(C)[C@H]1Cc2c(sc3nc(SCC(=O)N[C@@H](C)CCc4ccccc4)n(CCc4ccccc4)c(=O)c23)CO1,O=C(CSc1nc2sc3c(c2c(=O)n1CCc1ccccc1)CCOC3)NCCCc1ccccc1,decoy,EGFR_decoy_L005896,C[C@@H](CCc1ccccc1)NC(=O)CSc2nc3c(c4c(s3)CO[C@H](C4)C(C)C)c(=O)n2CCc5ccccc5,DUD-E,EGFR,EGFR_DECOY_G6C47D55BF2CADDADDCFB,3bbd844f0346e8b264e87be012df4d8ae543304c436c8ae04eec3f97b9f97574,development_train,train,1
7524,C13791325,Cc1ccc(c(c1)C(=O)c2ccccc2)NC(=O)c3ccccc3NC(=O)[C@H]4CCCN(C4)S(=O)(=O)C,Cc1ccc(NC(=O)c2ccccc2NC(=O)[C@H]2CCCN(S(C)(=O)=O)C2)c(C(=O)c2ccccc2)c1,O=C(Nc1ccccc1C(=O)c1ccccc1)c1ccccc1NC(=O)C1CCCNC1,decoy,EGFR_decoy_L007524,Cc1ccc(c(c1)C(=O)c2ccccc2)NC(=O)c3ccccc3NC(=O)[C@H]4CCCN(C4)S(=O)(=O)C,DUD-E,EGFR,EGFR_DECOY_G019AB81B2940B9F85591,3c986be29d43ba455de1674c13e20e558ae3ebf102ac14bd4b59751ab2c82a8b,development_train,train,5
4586,C40921229,CC(C)c1ccc(cc1)c2ccc(nn2)N3CCC(CC3)C(=O)N4CCC(CC4)(C(=O)N)[NH+]5CCCCC5,CC(C)c1ccc(-c2ccc(N3CCC(C(=O)N4CCC(C(N)=O)([NH+]5CCCCC5)CC4)CC3)nn2)cc1,O=C(C1CCN(c2ccc(-c3ccccc3)nn2)CC1)N1CCC([NH+]2CCCCC2)CC1,decoy,EGFR_decoy_L004586,CC(C)c1ccc(cc1)c2ccc(nn2)N3CCC(CC3)C(=O)N4CCC(CC4)(C(=O)N)[NH+]5CCCCC5,DUD-E,EGFR,EGFR_DECOY_GB067AABC1A7974FC2BD4,3e574365fcdd131136232503f91b1ab1e16ccd181778453bc9de90c5a6cbf08b,development_train,train,3
26012,C15707753,COc1ccc(cc1)CNC(=O)CC[C@@H]2CNC(=O)[C@H]3[NH+]2C[C@H](C3)NC(=S)NCc4ccco4,COc1ccc(CNC(=O)CC[C@@H]2CNC(=O)[C@@H]3C[C@H](NC(=S)NCc4ccco4)C[NH+]23)cc1,O=C(CCC1CNC(=O)C2CC(NC(=S)NCc3ccco3)C[NH+]12)NCc1ccccc1,decoy,EGFR_decoy_L026012,COc1ccc(cc1)CNC(=O)CC[C@@H]2CNC(=O)[C@H]3[NH+]2C[C@H](C3)NC(=S)NCc4ccco4,DUD-E,EGFR,EGFR_DECOY_GF6768BE49BE7561E8115,3e864cc429f8d9219ff4300b439d3dc764ad5d9a1a9d43b789c10784ee8984bf,development_train,train,1
20018,C20759000,c1ccc2c(c1)c3c4c(cc([nH+]3)C(=O)[O-])c5ccccc5n4c2=O,O=C([O-])c1cc2c3ccccc3n3c(=O)c4ccccc4c([nH+]1)c23,O=c1c2ccccc2c2[nH+]ccc3c4ccccc4n1c32,decoy,EGFR_decoy_L020018,c1ccc2c(c1)c3c4c(cc([nH+]3)C(=O)[O-])c5ccccc5n4c2=O,DUD-E,EGFR,EGFR_DECOY_G0ECA1FF5DC82A532A7F2,3ec02079c1d4b1c19ad1c11f781cdb36b37faa263694e917ba339234eeb0f3c8,development_train,train,4
20887,C40826792,Cc1ccc2c(coc2c1C)CC(=O)N/N=C/3\CCCc4c3c(c(o4)C(=O)Nc5ccc6c(c5)OCCO6)C,Cc1ccc2c(CC(=O)N/N=C3\CCCc4oc(C(=O)Nc5ccc6c(c5)OCCO6)c(C)c43)coc2c1C,O=C(Cc1coc2ccccc12)NN=C1CCCc2oc(C(=O)Nc3ccc4c(c3)OCCO4)cc21,decoy,EGFR_decoy_L020887,Cc1ccc2c(coc2c1C)CC(=O)N/N=C/3\CCCc4c3c(c(o4)C(=O)Nc5ccc6c(c5)OCCO6)C,DUD-E,EGFR,EGFR_DECOY_GD71F51B43CD08702E69A,3f20c4bfea7647cb3024538795e8311951d5e6febfc621711dcabfbdcdff9981,development_train,train,4
20888,C40827037,Cc1cc(c2c(c1)occ2CC(=O)N/N=C/3\CCCc4c3c(c(o4)C(=O)Nc5ccc6c(c5)OCCO6)C)C,Cc1cc(C)c2c(CC(=O)N/N=C3\CCCc4oc(C(=O)Nc5ccc6c(c5)OCCO6)c(C)c43)coc2c1,O=C(Cc1coc2ccccc12)NN=C1CCCc2oc(C(=O)Nc3ccc4c(c3)OCCO4)cc21,decoy,EGFR_decoy_L020888,Cc1cc(c2c(c1)occ2CC(=O)N/N=C/3\CCCc4c3c(c(o4)C(=O)Nc5ccc6c(c5)OCCO6)C)C,DUD-E,EGFR,EGFR_DECOY_GD71F51B43CD08702E69A,3f20c4bfea7647cb3024538795e8311951d5e6febfc621711dcabfbdcdff9981,development_train,train,4
16021,C20352596,Cc1cc(ccc1N[C@H](C)C(=O)N/N=C/c2ccc(s2)[N+](=O)[O-])I,Cc1cc(I)ccc1N[C@H](C)C(=O)N/N=C/c1ccc([N+](=O)[O-])s1,O=C(CNc1ccccc1)NN=Cc1cccs1,decoy,EGFR_decoy_L016021,Cc1cc(ccc1N[C@H](C)C(=O)N/N=C/c2ccc(s2)[N+](=O)[O-])I,DUD-E,EGFR,EGFR_DECOY_G855BE7469FC56ED54F87,3f6220f30cf245db1b8322d7dc9b70b4e804ffdc8df62a40ec2032f578ae8b7b,development_train,train,4
16022,C20352598,Cc1cc(ccc1N[C@@H](C)C(=O)N/N=C/c2ccc(s2)[N+](=O)[O-])I,Cc1cc(I)ccc1N[C@@H](C)C(=O)N/N=C/c1ccc([N+](=O)[O-])s1,O=C(CNc1ccccc1)NN=Cc1cccs1,decoy,EGFR_decoy_L016022,Cc1cc(ccc1N[C@@H](C)C(=O)N/N=C/c2ccc(s2)[N+](=O)[O-])I,DUD-E,EGFR,EGFR_DECOY_G855BE7469FC56ED54F87,3f6220f30cf245db1b8322d7dc9b70b4e804ffdc8df62a40ec2032f578ae8b7b,development_train,train,4
21658,C09789443,CCc1ccc2c(cc(=O)oc2c1)COC(=O)c3cccc(c3)S(=O)(=O)NC(C)C,CCc1ccc2c(COC(=O)c3cccc(S(=O)(=O)NC(C)C)c3)cc(=O)oc2c1,O=C(OCc1cc(=O)oc2ccccc12)c1ccccc1,decoy,EGFR_decoy_L021658,CCc1ccc2c(cc(=O)oc2c1)COC(=O)c3cccc(c3)S(=O)(=O)NC(C)C,DUD-E,EGFR,EGFR_DECOY_G2966C2CC244825B9823F,3fd08590e929831a5045d63cee1706125987ddbb69445b1954dcefef279c298b,development_train,train,4
31779,C24723766,Cc1cc2c(cc1C(C)C)c(cc(=O)o2)COC(=O)c3cc(ccc3F)S(=O)(=O)NC,CNS(=O)(=O)c1ccc(F)c(C(=O)OCc2cc(=O)oc3cc(C)c(C(C)C)cc23)c1,O=C(OCc1cc(=O)oc2ccccc12)c1ccccc1,decoy,EGFR_decoy_L031779,Cc1cc2c(cc1C(C)C)c(cc(=O)o2)COC(=O)c3cc(ccc3F)S(=O)(=O)NC,DUD-E,EGFR,EGFR_DECOY_G2966C2CC244825B9823F,3fd08590e929831a5045d63cee1706125987ddbb69445b1954dcefef279c298b,development_train,train,4
29749,C65259877,COCC/[NH+]=C\1/[C@@]2(CCCN(C2)C(=O)Cc3cccs3)Nc4ccccc4N1,COCC/[NH+]=C1\Nc2ccccc2N[C@]12CCCN(C(=O)Cc1cccs1)C2,[NH+]=C1Nc2ccccc2NC12CCCN(C(=O)Cc1cccs1)C2,decoy,EGFR_decoy_L029749,COCC/[NH+]=C\1/[C@@]2(CCCN(C2)C(=O)Cc3cccs3)Nc4ccccc4N1,DUD-E,EGFR,EGFR_DECOY_GBD6A40166F8AEC7E3C98,40aa8a51adcefdf6acf5c20d6b4afa1e71e369d10047a1878c7659209cd8fbce,development_train,train,5
25348,C59022142,Cc1cc(ccc1NC(=O)CSc2nc([nH]n2)N/N=C(/C)\c3ccc4ccccc4c3)Cl,C/C(=N/Nc1nc(SCC(=O)Nc2ccc(Cl)cc2C)n[nH]1)c1ccc2ccccc2c1,O=C(CSc1n[nH]c(NN=Cc2ccc3ccccc3c2)n1)Nc1ccccc1,decoy,EGFR_decoy_L025348,Cc1cc(ccc1NC(=O)CSc2nc([nH]n2)N/N=C(/C)\c3ccc4ccccc4c3)Cl,DUD-E,EGFR,EGFR_DECOY_G1153763F00B43A5CBE98,40fef59d28c6f20448aaf046fabadb5c3a286a35129e7d3056f01307d925db95,development_train,train,3
33744,C59022331,Cc1ccc(c(c1)NC(=O)CSc2nc([nH]n2)N/N=C(/C)\c3ccc4ccccc4c3)C,C/C(=N/Nc1nc(SCC(=O)Nc2cc(C)ccc2C)n[nH]1)c1ccc2ccccc2c1,O=C(CSc1n[nH]c(NN=Cc2ccc3ccccc3c2)n1)Nc1ccccc1,decoy,EGFR_decoy_L033744,Cc1ccc(c(c1)NC(=O)CSc2nc([nH]n2)N/N=C(/C)\c3ccc4ccccc4c3)C,DUD-E,EGFR,EGFR_DECOY_G1153763F00B43A5CBE98,40fef59d28c6f20448aaf046fabadb5c3a286a35129e7d3056f01307d925db95,development_train,train,3
32464,C00296310,c1ccc(cc1)CN2[C@H](SCC2=O)c3cccc(c3)[N+](=O)[O-],O=C1CS[C@H](c2cccc([N+](=O)[O-])c2)N1Cc1ccccc1,O=C1CSC(c2ccccc2)N1Cc1ccccc1,decoy,EGFR_decoy_L032464,c1ccc(cc1)CN2[C@H](SCC2=O)c3cccc(c3)[N+](=O)[O-],DUD-E,EGFR,EGFR_DECOY_G71C48B9ABE3E84336CEB,4139bb2f3dee581048ff3f6b35ed33b4302537a04112e2c9b75df7c8c508b217,development_train,train,4
5951,C03840589,C[C@@H]1c2c(sc(n2)Nc3cc(ccc3OC)OC)C[C@]4([C@H]1[C@H]([C@@H](CC4)[C@H](C)C(=O)N(C)CC=C)O)C,C=CCN(C)C(=O)[C@@H](C)[C@@H]1CC[C@@]2(C)Cc3sc(Nc4cc(OC)ccc4OC)nc3[C@@H](C)[C@@H]2[C@H]1O,c1ccc(Nc2nc3c(s2)CC2CCCCC2C3)cc1,decoy,EGFR_decoy_L005951,C[C@@H]1c2c(sc(n2)Nc3cc(ccc3OC)OC)C[C@]4([C@H]1[C@H]([C@@H](CC4)[C@H](C)C(=O)N(C)CC=C)O)C,DUD-E,EGFR,EGFR_DECOY_G1133097B9B7D43427313,422e4d3e95846e80ff5e1235fb02e5584b08d6b6661ebc358fcafc406c084733,development_train,train,5
5996,C43548747,C[C@@H]1c2c(sc(n2)Nc3cc(ccc3OC)OC)C[C@@]4([C@H]1[C@@H]([C@H](CC4)[C@H](C)C(=O)N(C)CC=C)O)C,C=CCN(C)C(=O)[C@@H](C)[C@H]1CC[C@]2(C)Cc3sc(Nc4cc(OC)ccc4OC)nc3[C@@H](C)[C@@H]2[C@@H]1O,c1ccc(Nc2nc3c(s2)CC2CCCCC2C3)cc1,decoy,EGFR_decoy_L005996,C[C@@H]1c2c(sc(n2)Nc3cc(ccc3OC)OC)C[C@@]4([C@H]1[C@@H]([C@H](CC4)[C@H](C)C(=O)N(C)CC=C)O)C,DUD-E,EGFR,EGFR_DECOY_G1133097B9B7D43427313,422e4d3e95846e80ff5e1235fb02e5584b08d6b6661ebc358fcafc406c084733,development_train,train,5
16651,C03841014,CC(C)NC(=O)C[C@@H]1c2c(sc(n2)Nc3ccccc3)C[C@H]4[C@]1(CC[C@H]([C@@]4(C)CO)O)C,CC(C)NC(=O)C[C@@H]1c2nc(Nc3ccccc3)sc2C[C@@H]2[C@](C)(CO)[C@H](O)CC[C@]21C,c1ccc(Nc2nc3c(s2)CC2CCCCC2C3)cc1,decoy,EGFR_decoy_L016651,CC(C)NC(=O)C[C@@H]1c2c(sc(n2)Nc3ccccc3)C[C@H]4[C@]1(CC[C@H]([C@@]4(C)CO)O)C,DUD-E,EGFR,EGFR_DECOY_G1133097B9B7D43427313,422e4d3e95846e80ff5e1235fb02e5584b08d6b6661ebc358fcafc406c084733,development_train,train,5
6622,C35156712,CC(C)CNC(=O)CCCSc1nc2c(c3ccccc3n2Cc4ccc(cc4)Br)nn1,CC(C)CNC(=O)CCCSc1nnc2c3ccccc3n(Cc3ccc(Br)cc3)c2n1,c1ccc(Cn2c3ccccc3c3nncnc32)cc1,decoy,EGFR_decoy_L006622,CC(C)CNC(=O)CCCSc1nc2c(c3ccccc3n2Cc4ccc(cc4)Br)nn1,DUD-E,EGFR,EGFR_DECOY_GBADEAB2512C40B28BD82,429a017ad453c94fe8a43d9b1d8ee732738612f652791d5a12360a9f5b861725,development_train,train,3
22853,C04357293,COc1ccc(cc1)c2nnc(n2CC=C)SCc3ccc(o3)C(=O)OC,C=CCn1c(SCc2ccc(C(=O)OC)o2)nnc1-c1ccc(OC)cc1,c1ccc(-c2nnc(SCc3ccco3)[nH]2)cc1,decoy,EGFR_decoy_L022853,COc1ccc(cc1)c2nnc(n2CC=C)SCc3ccc(o3)C(=O)OC,DUD-E,EGFR,EGFR_DECOY_GBBFA1FC09F16741825F2,4342352b8b1472ea5ee6347867f4ac9012fa4865a81745cac103249df7f017fd,development_train,train,3
12533,C08437580,c1ccc2c(c1)ccc3c2cc(o3)C(=O)NN/C=C/4\C=C(C=C(C4=O)Cl)Br,O=C1C(Cl)=CC(Br)=C/C1=C\NNC(=O)c1cc2c(ccc3ccccc32)o1,O=C1C=CC=CC1=CNNC(=O)c1cc2c(ccc3ccccc32)o1,decoy,EGFR_decoy_L012533,c1ccc2c(c1)ccc3c2cc(o3)C(=O)NN/C=C/4\C=C(C=C(C4=O)Cl)Br,DUD-E,EGFR,EGFR_DECOY_G0E17314F27373A37DE56,43c0992aae595033ef106699c2b74b8c8d2ddcf36092bead8d9fd2668b232dc3,development_train,train,5
8801,C04282899,CCOC(=O)c1c2c(sc1NC(=O)C(=O)N/N=C/c3cc4ccc(cc4nc3Cl)C)C[C@@H](CC2)C,CCOC(=O)c1c(NC(=O)C(=O)N/N=C/c2cc3ccc(C)cc3nc2Cl)sc2c1CC[C@@H](C)C2,O=C(NN=Cc1cnc2ccccc2c1)C(=O)Nc1cc2c(s1)CCCC2,decoy,EGFR_decoy_L008801,CCOC(=O)c1c2c(sc1NC(=O)C(=O)N/N=C/c3cc4ccc(cc4nc3Cl)C)C[C@@H](CC2)C,DUD-E,EGFR,EGFR_DECOY_GEFE7EEE74612757FDA67,462192446bfe5456d0e4f1c22944bce311a7a6048e6cdb29607bd3bc2e69bd05,development_train,train,2
8802,C02520415,CCOC(=O)c1c2c(sc1NC(=O)C(=O)N/N=C/c3cc4ccc(cc4nc3Cl)C)C[C@H](CC2)C,CCOC(=O)c1c(NC(=O)C(=O)N/N=C/c2cc3ccc(C)cc3nc2Cl)sc2c1CC[C@H](C)C2,O=C(NN=Cc1cnc2ccccc2c1)C(=O)Nc1cc2c(s1)CCCC2,decoy,EGFR_decoy_L008802,CCOC(=O)c1c2c(sc1NC(=O)C(=O)N/N=C/c3cc4ccc(cc4nc3Cl)C)C[C@H](CC2)C,DUD-E,EGFR,EGFR_DECOY_GEFE7EEE74612757FDA67,462192446bfe5456d0e4f1c22944bce311a7a6048e6cdb29607bd3bc2e69bd05,development_train,train,2
23753,C01115405,CCOC(=O)c1c(c(sc1NC(=O)c2c(c3cc(c(cc3o2)C)C)C)C(=O)C)C,CCOC(=O)c1c(NC(=O)c2oc3cc(C)c(C)cc3c2C)sc(C(C)=O)c1C,O=C(Nc1cccs1)c1cc2ccccc2o1,decoy,EGFR_decoy_L023753,CCOC(=O)c1c(c(sc1NC(=O)c2c(c3cc(c(cc3o2)C)C)C)C(=O)C)C,DUD-E,EGFR,EGFR_DECOY_GDBD4B3E85F1782F31246,4882e9029bf8040924e30654faae8b03b56094013b5aefe0db68c163cd5b6767,development_train,train,3
26611,C14092880,Cc1c(c(n(n1)[C@H]2CCS(=O)(=O)C2)C)C[NH+](C)CC(=O)Nc3ccccc3Cc4ccccc4,Cc1nn([C@H]2CCS(=O)(=O)C2)c(C)c1C[NH+](C)CC(=O)Nc1ccccc1Cc1ccccc1,O=C(C[NH2+]Cc1cnn(C2CCS(=O)(=O)C2)c1)Nc1ccccc1Cc1ccccc1,decoy,EGFR_decoy_L026611,Cc1c(c(n(n1)[C@H]2CCS(=O)(=O)C2)C)C[NH+](C)CC(=O)Nc3ccccc3Cc4ccccc4,DUD-E,EGFR,EGFR_DECOY_G1DAF6FA0768231CED7EE,4943f6935ebf91f836cd675cc05fee831b01c30e96739ba1b5d23e304fb9f10e,development_train,train,4
33001,C00167799,c1ccc2c(c1)CCN2C[C@@H](c3ccc(cc3)[N+](=O)[O-])O,O=[N+]([O-])c1ccc([C@@H](O)CN2CCc3ccccc32)cc1,c1ccc(CCN2CCc3ccccc32)cc1,decoy,EGFR_decoy_L033001,c1ccc2c(c1)CCN2C[C@@H](c3ccc(cc3)[N+](=O)[O-])O,DUD-E,EGFR,EGFR_DECOY_GF4245DBD1C2FE8A04C2E,4985705e1cd553c8a9547caf6e0314225ee38bfb5d5481ae3e1cde18ab4baf1d,development_train,train,3
19178,C32698887,c1ccc(c(c1)c2nnc(o2)SCC(=O)Nc3nnc(s3)SC4CCCCC4)Br,O=C(CSc1nnc(-c2ccccc2Br)o1)Nc1nnc(SC2CCCCC2)s1,O=C(CSc1nnc(-c2ccccc2)o1)Nc1nnc(SC2CCCCC2)s1,decoy,EGFR_decoy_L019178,c1ccc(c(c1)c2nnc(o2)SCC(=O)Nc3nnc(s3)SC4CCCCC4)Br,DUD-E,EGFR,EGFR_DECOY_G6C9458AD2BB619E65022,49d70616b6de280e68455315074b77a98323c8e2886506325d4488c6c6df0a9c,development_train,train,1
15747,C01819377,COc1ccccc1n2c(=O)c3ccccc3nc2SCc4[nH]c(=O)c5c(n4)-c6ccccc6CC57CCCCC7,COc1ccccc1-n1c(SCc2nc3c(c(=O)[nH]2)C2(CCCCC2)Cc2ccccc2-3)nc2ccccc2c1=O,O=c1[nH]c(CSc2nc3ccccc3c(=O)n2-c2ccccc2)nc2c1C1(CCCCC1)Cc1ccccc1-2,decoy,EGFR_decoy_L015747,COc1ccccc1n2c(=O)c3ccccc3nc2SCc4[nH]c(=O)c5c(n4)-c6ccccc6CC57CCCCC7,DUD-E,EGFR,EGFR_DECOY_G4ECF43668719747F3CC8,4a72ce13d60808c0fc30e838d19594c9f0f5a315354f375ae94070ae9327bda6,development_train,train,1
18037,C01789604,c1ccc(cc1)n2c(=O)c3ccccc3nc2SCc4[nH]c(=O)c5c(n4)-c6ccccc6CC57CCCCC7,O=c1[nH]c(CSc2nc3ccccc3c(=O)n2-c2ccccc2)nc2c1C1(CCCCC1)Cc1ccccc1-2,O=c1[nH]c(CSc2nc3ccccc3c(=O)n2-c2ccccc2)nc2c1C1(CCCCC1)Cc1ccccc1-2,decoy,EGFR_decoy_L018037,c1ccc(cc1)n2c(=O)c3ccccc3nc2SCc4[nH]c(=O)c5c(n4)-c6ccccc6CC57CCCCC7,DUD-E,EGFR,EGFR_DECOY_G4ECF43668719747F3CC8,4a72ce13d60808c0fc30e838d19594c9f0f5a315354f375ae94070ae9327bda6,development_train,train,1
21684,C00732608,CCCN(CC(=O)Nc1cc(nn1c2ccc(cc2)F)c3ccccc3)C(=O)c4ccco4,CCCN(CC(=O)Nc1cc(-c2ccccc2)nn1-c1ccc(F)cc1)C(=O)c1ccco1,O=C(CNC(=O)c1ccco1)Nc1cc(-c2ccccc2)nn1-c1ccccc1,decoy,EGFR_decoy_L021684,CCCN(CC(=O)Nc1cc(nn1c2ccc(cc2)F)c3ccccc3)C(=O)c4ccco4,DUD-E,EGFR,EGFR_DECOY_GA49054675CCD0ED5A4E7,4aa37fcfe33a6f9955449565780db75d4e3212c704fc3734ad663dd9bdadc138,development_train,train,3
1293,C64719753,C[C@H]1CC(=NO1)NC(=O)[C@@H](CC2=c3ccccc3=[NH+]C2)NC(=O)c4ccc(cc4)F,C[C@H]1CC(NC(=O)[C@@H](CC2=c3ccccc3=[NH+]C2)NC(=O)c2ccc(F)cc2)=NO1,O=C(NC(CC1=c2ccccc2=[NH+]C1)C(=O)NC1=NOCC1)c1ccccc1,decoy,EGFR_decoy_L001293,C[C@H]1CC(=NO1)NC(=O)[C@@H](CC2=c3ccccc3=[NH+]C2)NC(=O)c4ccc(cc4)F,DUD-E,EGFR,EGFR_DECOY_GAF9D1C068E941E03F078,4ac38bcb899b920a8a9f67615a690146897106335a24946e9446617f4c78f6f6,development_train,train,1
8280,C36309799,CCC[NH+](C[C@H](COCc1ccco1)O)CC(=O)N2CCc3c(ccs3)[C@@H]2COc4ccc(cc4)F,CCC[NH+](CC(=O)N1CCc2sccc2[C@@H]1COc1ccc(F)cc1)C[C@@H](O)COCc1ccco1,O=C(C[NH2+]CCCOCc1ccco1)N1CCc2sccc2C1COc1ccccc1,decoy,EGFR_decoy_L008280,CCC[NH+](C[C@H](COCc1ccco1)O)CC(=O)N2CCc3c(ccs3)[C@@H]2COc4ccc(cc4)F,DUD-E,EGFR,EGFR_DECOY_G68C6722A914A27897521,4c2b443dcac1ba8f65ac3c2db38795d70bf1ecea4d1674ad4da85fff48d59318,development_train,train,3
27031,C36309755,CC(C)[NH+](C[C@@H](COCc1ccco1)O)CC(=O)N2CCc3c(ccs3)[C@@H]2COc4ccc(cc4)F,CC(C)[NH+](CC(=O)N1CCc2sccc2[C@@H]1COc1ccc(F)cc1)C[C@H](O)COCc1ccco1,O=C(C[NH2+]CCCOCc1ccco1)N1CCc2sccc2C1COc1ccccc1,decoy,EGFR_decoy_L027031,CC(C)[NH+](C[C@@H](COCc1ccco1)O)CC(=O)N2CCc3c(ccs3)[C@@H]2COc4ccc(cc4)F,DUD-E,EGFR,EGFR_DECOY_G68C6722A914A27897521,4c2b443dcac1ba8f65ac3c2db38795d70bf1ecea4d1674ad4da85fff48d59318,development_train,train,3
27032,C36309797,CCC[NH+](C[C@@H](COCc1ccco1)O)CC(=O)N2CCc3c(ccs3)[C@@H]2COc4ccc(cc4)F,CCC[NH+](CC(=O)N1CCc2sccc2[C@@H]1COc1ccc(F)cc1)C[C@H](O)COCc1ccco1,O=C(C[NH2+]CCCOCc1ccco1)N1CCc2sccc2C1COc1ccccc1,decoy,EGFR_decoy_L027032,CCC[NH+](C[C@@H](COCc1ccco1)O)CC(=O)N2CCc3c(ccs3)[C@@H]2COc4ccc(cc4)F,DUD-E,EGFR,EGFR_DECOY_G68C6722A914A27897521,4c2b443dcac1ba8f65ac3c2db38795d70bf1ecea4d1674ad4da85fff48d59318,development_train,train,3
7231,C59930706,CCOc1ccc(cc1)c2nc(on2)CNc3ccc(cc3C)C(=O)NC(C)C,CCOc1ccc(-c2noc(CNc3ccc(C(=O)NC(C)C)cc3C)n2)cc1,c1ccc(NCc2nc(-c3ccccc3)no2)cc1,decoy,EGFR_decoy_L007231,CCOc1ccc(cc1)c2nc(on2)CNc3ccc(cc3C)C(=O)NC(C)C,DUD-E,EGFR,EGFR_DECOY_G0DF50E1565FF1E3DBFC9,4cd4236b517f752e492a5e019bdaba034c5a02273123bbbea59d24d5009a8f36,development_train,train,2
32988,C55825219,c1cc(cc(c1)[N+](=O)[O-])c2nc(on2)CNc3ccc(cc3)C#N,N#Cc1ccc(NCc2nc(-c3cccc([N+](=O)[O-])c3)no2)cc1,c1ccc(NCc2nc(-c3ccccc3)no2)cc1,decoy,EGFR_decoy_L032988,c1cc(cc(c1)[N+](=O)[O-])c2nc(on2)CNc3ccc(cc3)C#N,DUD-E,EGFR,EGFR_DECOY_G0DF50E1565FF1E3DBFC9,4cd4236b517f752e492a5e019bdaba034c5a02273123bbbea59d24d5009a8f36,development_train,train,2
15769,C25382045,Cc1c2ccccc2nc(c1CC(=O)NC[C@H](c3cccs3)[NH+]4CCC(CC4)C)C,Cc1nc2ccccc2c(C)c1CC(=O)NC[C@H](c1cccs1)[NH+]1CCC(C)CC1,O=C(Cc1cnc2ccccc2c1)NCC(c1cccs1)[NH+]1CCCCC1,decoy,EGFR_decoy_L015769,Cc1c2ccccc2nc(c1CC(=O)NC[C@H](c3cccs3)[NH+]4CCC(CC4)C)C,DUD-E,EGFR,EGFR_DECOY_G33D8FB62003C7681AFF6,4d8df3ce0144a40f1df3b0794f4c1af57b89e96061b38a07618c830f4e17188e,development_train,train,1
13266,C16570693,c1cc(ccc1c2cc(n(n2)c3ccc(cc3)Cl)C(=O)N[C@H]4CCCCNC4=O)F,O=C(N[C@H]1CCCCNC1=O)c1cc(-c2ccc(F)cc2)nn1-c1ccc(Cl)cc1,O=C(NC1CCCCNC1=O)c1cc(-c2ccccc2)nn1-c1ccccc1,decoy,EGFR_decoy_L013266,c1cc(ccc1c2cc(n(n2)c3ccc(cc3)Cl)C(=O)N[C@H]4CCCCNC4=O)F,DUD-E,EGFR,EGFR_DECOY_GBA4494AB8D44FE910A57,4e2ad839daab69c846b35414d03c089b34e6eda2aee3603e4d88ef0ae6f18a3e,development_train,train,2
1090,C39361902,Cc1ccc(c(c1)N2[C@H](N=N[C@@H]2SCC(=O)Nc3nnc(s3)C)Cc4cc(=O)[nH]c(=O)[nH]4)C,Cc1ccc(C)c(N2[C@@H](SCC(=O)Nc3nnc(C)s3)N=N[C@@H]2Cc2cc(=O)[nH]c(=O)[nH]2)c1,O=C(CSC1N=NC(Cc2cc(=O)[nH]c(=O)[nH]2)N1c1ccccc1)Nc1nncs1,decoy,EGFR_decoy_L001090,Cc1ccc(c(c1)N2[C@H](N=N[C@@H]2SCC(=O)Nc3nnc(s3)C)Cc4cc(=O)[nH]c(=O)[nH]4)C,DUD-E,EGFR,EGFR_DECOY_G2839B13F5F04402A9098,4e8749713285a36bca53862e7f07ed86b49005c056e758c623194f13463c4291,development_train,train,2
1091,C39361903,CCc1nnc(s1)NC(=O)CS[C@@H]2N=N[C@@H](N2c3cc(ccc3C)C)Cc4cc(=O)[nH]c(=O)[nH]4,CCc1nnc(NC(=O)CS[C@@H]2N=N[C@H](Cc3cc(=O)[nH]c(=O)[nH]3)N2c2cc(C)ccc2C)s1,O=C(CSC1N=NC(Cc2cc(=O)[nH]c(=O)[nH]2)N1c1ccccc1)Nc1nncs1,decoy,EGFR_decoy_L001091,CCc1nnc(s1)NC(=O)CS[C@@H]2N=N[C@@H](N2c3cc(ccc3C)C)Cc4cc(=O)[nH]c(=O)[nH]4,DUD-E,EGFR,EGFR_DECOY_G2839B13F5F04402A9098,4e8749713285a36bca53862e7f07ed86b49005c056e758c623194f13463c4291,development_train,train,2
23097,C59831408,Cc1c(c(n(n1)CC=C)C)/C=N/Nc2[nH]nc(n2)SCCC(=O)Nc3c(cccc3Cl)Cl,C=CCn1nc(C)c(/C=N/Nc2nc(SCCC(=O)Nc3c(Cl)cccc3Cl)n[nH]2)c1C,O=C(CCSc1n[nH]c(NN=Cc2cn[nH]c2)n1)Nc1ccccc1,decoy,EGFR_decoy_L023097,Cc1c(c(n(n1)CC=C)C)/C=N/Nc2[nH]nc(n2)SCCC(=O)Nc3c(cccc3Cl)Cl,DUD-E,EGFR,EGFR_DECOY_G8B40336345B6C5EE416A,50d317164a43dda2a5bbb0cbb10c1041c0403e76445a641e21751ba4d8fb9e33,development_train,train,2
28933,C12300862,Cc1c(cn(n1)C)[C@@H](C)[NH2+]Cc2c(nc3n2cc(cc3)Cl)C(=O)N4CCCCCCC4,Cc1nn(C)cc1[C@@H](C)[NH2+]Cc1c(C(=O)N2CCCCCCC2)nc2ccc(Cl)cn12,O=C(c1nc2ccccn2c1C[NH2+]Cc1cn[nH]c1)N1CCCCCCC1,decoy,EGFR_decoy_L028933,Cc1c(cn(n1)C)[C@@H](C)[NH2+]Cc2c(nc3n2cc(cc3)Cl)C(=O)N4CCCCCCC4,DUD-E,EGFR,EGFR_DECOY_GB0537DA38FBBC45F9B3C,514dbef4437498aa06d4919346bf585f381e1d989b38a2c0ddfe10a1baa4011f,development_train,train,3
4947,C66231020,C[C@H](/C(=C(/C#N)\C(=O)NC1CCCC1)/[O-])Oc2cc(cc(c2)Cl)Cl,C[C@@H](Oc1cc(Cl)cc(Cl)c1)/C([O-])=C(/C#N)C(=O)NC1CCCC1,O=C(C=CCOc1ccccc1)NC1CCCC1,decoy,EGFR_decoy_L004947,C[C@H](/C(=C(/C#N)\C(=O)NC1CCCC1)/[O-])Oc2cc(cc(c2)Cl)Cl,DUD-E,EGFR,EGFR_DECOY_GF49040CC6DA1983ECD7B,51b178e332d82ab617b8e3f7618d7171206623e53b6a6d5f19e983643af600ad,development_train,train,4
9531,C39354847,C[C@@H]1C(=C(N=N1)C)CCN(C)C(=O)C[C@@H]2C(=O)NCC[NH+]2Cc3ccccc3F,CC1=C(CCN(C)C(=O)C[C@@H]2C(=O)NCC[NH+]2Cc2ccccc2F)[C@@H](C)N=N1,O=C(CC1C(=O)NCC[NH+]1Cc1ccccc1)NCCC1=CN=NC1,decoy,EGFR_decoy_L009531,C[C@@H]1C(=C(N=N1)C)CCN(C)C(=O)C[C@@H]2C(=O)NCC[NH+]2Cc3ccccc3F,DUD-E,EGFR,EGFR_DECOY_G14AAE1060EC8EF2C09F0,51c92e53f40b3ea51fb86e79fa63a0f3996c6bcc917fe0577beaea92c39d6304,development_train,train,4
2613,C35810193,c1ccc2c(c1)[nH]c(n2)N(C[C@H]3CCCO3)Cn4c5ccccc5[nH+]c4NC[C@@H]6CCCO6,c1ccc2[nH]c(N(C[C@H]3CCCO3)Cn3c(NC[C@@H]4CCCO4)[nH+]c4ccccc43)nc2c1,c1ccc2[nH]c(N(CC3CCCO3)Cn3c(NCC4CCCO4)[nH+]c4ccccc43)nc2c1,decoy,EGFR_decoy_L002613,c1ccc2c(c1)[nH]c(n2)N(C[C@H]3CCCO3)Cn4c5ccccc5[nH+]c4NC[C@@H]6CCCO6,DUD-E,EGFR,EGFR_DECOY_GA1DDD2FEB3D6898C3151,5488d3e0654563b1193b8fa778c271470892354b9f2f20be3d04a54d40c8a5dc,development_train,train,4
20615,C20635025,c1ccc2c(c1)[nH]c(n2)N(C[C@@H]3CCCO3)Cn4c5ccccc5[nH+]c4NC[C@@H]6CCCO6,c1ccc2[nH]c(N(C[C@@H]3CCCO3)Cn3c(NC[C@@H]4CCCO4)[nH+]c4ccccc43)nc2c1,c1ccc2[nH]c(N(CC3CCCO3)Cn3c(NCC4CCCO4)[nH+]c4ccccc43)nc2c1,decoy,EGFR_decoy_L020615,c1ccc2c(c1)[nH]c(n2)N(C[C@@H]3CCCO3)Cn4c5ccccc5[nH+]c4NC[C@@H]6CCCO6,DUD-E,EGFR,EGFR_DECOY_GA1DDD2FEB3D6898C3151,5488d3e0654563b1193b8fa778c271470892354b9f2f20be3d04a54d40c8a5dc,development_train,train,4
7692,C39325523,Cc1ccc2=C[C@@H](C(=O)[NH+]=c2c1)CN(CCc3ccccc3)S(=O)(=O)c4ccc(cc4)Br,Cc1ccc2c(c1)=[NH+]C(=O)[C@@H](CN(CCc1ccccc1)S(=O)(=O)c1ccc(Br)cc1)C=2,O=C1[NH+]=c2ccccc2=CC1CN(CCc1ccccc1)S(=O)(=O)c1ccccc1,decoy,EGFR_decoy_L007692,Cc1ccc2=C[C@@H](C(=O)[NH+]=c2c1)CN(CCc3ccccc3)S(=O)(=O)c4ccc(cc4)Br,DUD-E,EGFR,EGFR_DECOY_GBC7EA256EEA13B51AE05,555ab2ebece91d8fea122496cfe7b451dc1ff7d2ac614b526700016eec3635b3,development_train,train,2
7738,C39324763,Cc1cc(c2=C[C@H](C(=O)[NH+]=c2c1)CN(CCc3ccccc3)S(=O)(=O)c4ccccc4C(=O)OC)C,COC(=O)c1ccccc1S(=O)(=O)N(CCc1ccccc1)C[C@@H]1C=c2c(C)cc(C)cc2=[NH+]C1=O,O=C1[NH+]=c2ccccc2=CC1CN(CCc1ccccc1)S(=O)(=O)c1ccccc1,decoy,EGFR_decoy_L007738,Cc1cc(c2=C[C@H](C(=O)[NH+]=c2c1)CN(CCc3ccccc3)S(=O)(=O)c4ccccc4C(=O)OC)C,DUD-E,EGFR,EGFR_DECOY_GBC7EA256EEA13B51AE05,555ab2ebece91d8fea122496cfe7b451dc1ff7d2ac614b526700016eec3635b3,development_train,train,2
9640,C07849703,c1ccc(c(c1)/N=C/2\NN=C(CS2)c3ccc(c(c3)F)F)[N+](=O)[O-],O=[N+]([O-])c1ccccc1/N=C1\NN=C(c2ccc(F)c(F)c2)CS1,c1ccc(N=C2NN=C(c3ccccc3)CS2)cc1,decoy,EGFR_decoy_L009640,c1ccc(c(c1)/N=C/2\NN=C(CS2)c3ccc(c(c3)F)F)[N+](=O)[O-],DUD-E,EGFR,EGFR_DECOY_G2AA132C6B0BFC1573EDC,559fae5039a4ecbe74947980707dd5fa898c2d587a3e13d17258fcf8c4bc3f95,development_train,train,2
21235,C35052794,Cc1cc(oc-2c/c(=[NH+]\C(=O)[C@H]3[C@@H]4[C@@H]([C@@H]5[C@@H](O3)OC(O5)(C)C)OC(O4)(C)C)/ccc12)O,Cc1cc(O)oc2c/c(=[NH+]\C(=O)[C@@H]3O[C@H]4OC(C)(C)O[C@@H]4[C@H]4OC(C)(C)O[C@@H]43)ccc1-2,O=C([NH+]=c1ccc2cccoc-2c1)C1OC2OCOC2C2OCOC12,decoy,EGFR_decoy_L021235,Cc1cc(oc-2c/c(=[NH+]\C(=O)[C@H]3[C@@H]4[C@@H]([C@@H]5[C@@H](O3)OC(O5)(C)C)OC(O4)(C)C)/ccc12)O,DUD-E,EGFR,EGFR_DECOY_GF699FB64D142EF0D01B3,5826eb49f44dddf2269e4116a517eb15dd3abb7f0bbf3e9d5e87244de3b5f008,development_train,train,1
21236,C35052796,Cc1cc(oc-2c/c(=[NH+]\C(=O)[C@@H]3[C@H]4[C@@H]([C@@H]5[C@@H](O3)OC(O5)(C)C)OC(O4)(C)C)/ccc12)O,Cc1cc(O)oc2c/c(=[NH+]\C(=O)[C@H]3O[C@H]4OC(C)(C)O[C@@H]4[C@H]4OC(C)(C)O[C@H]43)ccc1-2,O=C([NH+]=c1ccc2cccoc-2c1)C1OC2OCOC2C2OCOC12,decoy,EGFR_decoy_L021236,Cc1cc(oc-2c/c(=[NH+]\C(=O)[C@@H]3[C@H]4[C@@H]([C@@H]5[C@@H](O3)OC(O5)(C)C)OC(O4)(C)C)/ccc12)O,DUD-E,EGFR,EGFR_DECOY_GF699FB64D142EF0D01B3,5826eb49f44dddf2269e4116a517eb15dd3abb7f0bbf3e9d5e87244de3b5f008,development_train,train,1
26065,C36039532,CC(C)c1ccc(cc1)n\2cc([nH]/c2=N\C(=O)C[NH2+]Cc3ccccc3)c4ccc(cc4)OC,COc1ccc(-c2cn(-c3ccc(C(C)C)cc3)/c(=N/C(=O)C[NH2+]Cc3ccccc3)[nH]2)cc1,O=C(C[NH2+]Cc1ccccc1)N=c1[nH]c(-c2ccccc2)cn1-c1ccccc1,decoy,EGFR_decoy_L026065,CC(C)c1ccc(cc1)n\2cc([nH]/c2=N\C(=O)C[NH2+]Cc3ccccc3)c4ccc(cc4)OC,DUD-E,EGFR,EGFR_DECOY_G8036E2CFD3881605C4C2,58a24ccd0d78bd8003160c45cc594975d6b23756cd11c9449bf848b5b2d1167e,development_train,train,1
19534,C58360406,Cc1cc(c(n1CCC(C)C)C)C(=O)CSc2nnnn2C3CC3,Cc1cc(C(=O)CSc2nnnn2C2CC2)c(C)n1CCC(C)C,O=C(CSc1nnnn1C1CC1)c1cc[nH]c1,decoy,EGFR_decoy_L019534,Cc1cc(c(n1CCC(C)C)C)C(=O)CSc2nnnn2C3CC3,DUD-E,EGFR,EGFR_DECOY_G9D84BFB67482F0F4AC1F,58a3bf6c482ee784177c95264466b30185997a14949432426ddca79c48677f04,development_train,train,5
26014,C16686002,CC[C@@H](c1nnc(n1Cc2ccccc2)SCC(=O)c3c(n(c(=O)[nH]c3=O)C4CC4)N)[NH+](C)C,CC[C@@H](c1nnc(SCC(=O)c2c(N)n(C3CC3)c(=O)[nH]c2=O)n1Cc1ccccc1)[NH+](C)C,O=C(CSc1nncn1Cc1ccccc1)c1cn(C2CC2)c(=O)[nH]c1=O,decoy,EGFR_decoy_L026014,CC[C@@H](c1nnc(n1Cc2ccccc2)SCC(=O)c3c(n(c(=O)[nH]c3=O)C4CC4)N)[NH+](C)C,DUD-E,EGFR,EGFR_DECOY_G275F1D03D97BCE2CAEB8,591efbab231f997eb7547299e21dccadc17f12bdef7c8bb895573974cddf4487,development_train,train,4
22747,C66925113,Cc1cc2c(o1)CC(C[C@@H]2NC(=O)NNC(=O)Cc3ccccc3F)(C)C,Cc1cc2c(o1)CC(C)(C)C[C@@H]2NC(=O)NNC(=O)Cc1ccccc1F,O=C(Cc1ccccc1)NNC(=O)NC1CCCc2occc21,decoy,EGFR_decoy_L022747,Cc1cc2c(o1)CC(C[C@@H]2NC(=O)NNC(=O)Cc3ccccc3F)(C)C,DUD-E,EGFR,EGFR_DECOY_G2AF5326A258301EB3630,5928e13e4ead347da7c4220c09548dfbeec111f32eff5f110d0488d51b7a02e1,development_train,train,1
18056,C08856198,c1ccc2c(c1)-c3ccccc3C2C(=O)NN=C(Cc4ccc(cc4)Cl)Cc5ccc(cc5)Cl,O=C(NN=C(Cc1ccc(Cl)cc1)Cc1ccc(Cl)cc1)C1c2ccccc2-c2ccccc21,O=C(NN=C(Cc1ccccc1)Cc1ccccc1)C1c2ccccc2-c2ccccc21,decoy,EGFR_decoy_L018056,c1ccc2c(c1)-c3ccccc3C2C(=O)NN=C(Cc4ccc(cc4)Cl)Cc5ccc(cc5)Cl,DUD-E,EGFR,EGFR_DECOY_GAFE3F09BBA1BB038DF83,5a39fa643146108268befea7af7399e988a3756e3f99fe33018d7f4e4ac6c593,development_train,train,2
23373,C02975432,COc1ccc(cc1OC)CCNC(=O)c2ccc(cc2)Cn3c(=O)c4cc5c(cc4[nH]c3=S)OCO5,COc1ccc(CCNC(=O)c2ccc(Cn3c(=S)[nH]c4cc5c(cc4c3=O)OCO5)cc2)cc1OC,O=C(NCCc1ccccc1)c1ccc(Cn2c(=S)[nH]c3cc4c(cc3c2=O)OCO4)cc1,decoy,EGFR_decoy_L023373,COc1ccc(cc1OC)CCNC(=O)c2ccc(cc2)Cn3c(=O)c4cc5c(cc4[nH]c3=S)OCO5,DUD-E,EGFR,EGFR_DECOY_G87F814F68B287349940D,5a83d9f7eeb88b5ad491e6bdf4b74045d5bea49cb4d36922c77b03548cc04677,development_train,train,4
22808,C00056866,Cc1cc(cc(c1O)C)S(=O)(=O)c2cc(c(c(c2)C)O)C,Cc1cc(S(=O)(=O)c2cc(C)c(O)c(C)c2)cc(C)c1O,O=S(=O)(c1ccccc1)c1ccccc1,decoy,EGFR_decoy_L022808,Cc1cc(cc(c1O)C)S(=O)(=O)c2cc(c(c(c2)C)O)C,DUD-E,EGFR,EGFR_DECOY_G4F610A913A5A99F30A54,5b3067b43c1870bb355389c55a9c87e258b6498988d9be49e82babeb14d3565c,development_train,train,2
3888,C48890489,c1cc(c(cc1NNC(=O)c2cnsn2)Cl)Cl,O=C(NNc1ccc(Cl)c(Cl)c1)c1cnsn1,O=C(NNc1ccccc1)c1cnsn1,decoy,EGFR_decoy_L003888,c1cc(c(cc1NNC(=O)c2cnsn2)Cl)Cl,DUD-E,EGFR,EGFR_DECOY_GC6F104B5012BCD48243B,5b587c3720a95723c5a80a65b385a0d8c85ee04e7bd28e6de8520170f1483b30,development_train,train,1
9390,C44848917,CC[C@H](C(=O)NCc1ccccc1n2cc[nH+]c2C)N(c3ccc(cc3)Cl)S(=O)(=O)C,CC[C@H](C(=O)NCc1ccccc1-n1cc[nH+]c1C)N(c1ccc(Cl)cc1)S(C)(=O)=O,O=C(CNc1ccccc1)NCc1ccccc1-n1cc[nH+]c1,decoy,EGFR_decoy_L009390,CC[C@H](C(=O)NCc1ccccc1n2cc[nH+]c2C)N(c3ccc(cc3)Cl)S(=O)(=O)C,DUD-E,EGFR,EGFR_DECOY_G6E4890E0E54B1B3C1E1C,5b5a331e3dd38ff7e0aa52b52c1ecc6be49205c41e5ad885c52215af2e8ab68a,development_train,train,1
9482,C44845761,Cc1ccc(cc1N([C@H](C)C(=O)NCc2ccccc2n3cc[nH+]c3C)S(=O)(=O)C)Cl,Cc1ccc(Cl)cc1N([C@H](C)C(=O)NCc1ccccc1-n1cc[nH+]c1C)S(C)(=O)=O,O=C(CNc1ccccc1)NCc1ccccc1-n1cc[nH+]c1,decoy,EGFR_decoy_L009482,Cc1ccc(cc1N([C@H](C)C(=O)NCc2ccccc2n3cc[nH+]c3C)S(=O)(=O)C)Cl,DUD-E,EGFR,EGFR_DECOY_G6E4890E0E54B1B3C1E1C,5b5a331e3dd38ff7e0aa52b52c1ecc6be49205c41e5ad885c52215af2e8ab68a,development_train,train,1
33455,C02725264,Cc1ccc(c(c1)NC(=O)NC2(Oc3ccccc3O2)C(F)(F)F)C,Cc1ccc(C)c(NC(=O)NC2(C(F)(F)F)Oc3ccccc3O2)c1,O=C(Nc1ccccc1)NC1Oc2ccccc2O1,decoy,EGFR_decoy_L033455,Cc1ccc(c(c1)NC(=O)NC2(Oc3ccccc3O2)C(F)(F)F)C,DUD-E,EGFR,EGFR_DECOY_GF1279E99ABC03C0D11B3,5e246625a149abf0204f04939d8bf5d1019b0c8748bb0f7fbec1f3c23e5f9649,development_train,train,2
18094,C59151621,c1ccc(cc1)C(c2ccccc2)N3c4ccccc4/C(=N/Nc5ccc(cc5)Br)/C3=O,O=C1/C(=N\Nc2ccc(Br)cc2)c2ccccc2N1C(c1ccccc1)c1ccccc1,O=C1C(=NNc2ccccc2)c2ccccc2N1C(c1ccccc1)c1ccccc1,decoy,EGFR_decoy_L018094,c1ccc(cc1)C(c2ccccc2)N3c4ccccc4/C(=N/Nc5ccc(cc5)Br)/C3=O,DUD-E,EGFR,EGFR_DECOY_G0948F1B9994CAA3E26EF,5f324270200976d44023e6d85178ca62e29d1c7385ecc17fb6fa1882cc67cfc0,development_train,train,5
34386,C38661317,CN1[C@@H](NN=C1SCC(=O)N/N=C/[C@H]2C=NN=C2c3ccccc3)c4ccc(cc4)Br,CN1C(SCC(=O)N/N=C/[C@H]2C=NN=C2c2ccccc2)=NN[C@H]1c1ccc(Br)cc1,O=C(CSC1=NNC(c2ccccc2)N1)NN=CC1C=NN=C1c1ccccc1,decoy,EGFR_decoy_L034386,CN1[C@@H](NN=C1SCC(=O)N/N=C/[C@H]2C=NN=C2c3ccccc3)c4ccc(cc4)Br,DUD-E,EGFR,EGFR_DECOY_GA6A2E93A06F25BFA4839,5fb4a105b97ce0db076152de2ea541c64616c68b902efd3782dbdbc581965e23,development_train,train,1
10421,C35560626,CC[NH2+][C@@H](c1ccc2c(c1)OCO2)c3cc(sc3Br)Br,CC[NH2+][C@@H](c1ccc2c(c1)OCO2)c1cc(Br)sc1Br,c1cc(Cc2ccc3c(c2)OCO3)cs1,decoy,EGFR_decoy_L010421,CC[NH2+][C@@H](c1ccc2c(c1)OCO2)c3cc(sc3Br)Br,DUD-E,EGFR,EGFR_DECOY_GE5AC76F30CF614C857F2,628f60ad2550b3d33d07fe61e5bae3e6b66137b8cccb577cf9f63ea0d0cd1543,development_train,train,1
7571,C38976818,Cc1ccc(c(c1)C)N[C@@H]2[C@@H]([NH+]=C3N2C=CC=C3C)[C@@H]4C=c5cc(ccc5=[NH+]C4=O)OC,COc1ccc2c(c1)=C[C@@H]([C@@H]1[NH+]=C3C(C)=CC=CN3[C@@H]1Nc1ccc(C)cc1C)C(=O)[NH+]=2,O=C1[NH+]=c2ccccc2=CC1C1[NH+]=C2C=CC=CN2C1Nc1ccccc1,decoy,EGFR_decoy_L007571,Cc1ccc(c(c1)C)N[C@@H]2[C@@H]([NH+]=C3N2C=CC=C3C)[C@@H]4C=c5cc(ccc5=[NH+]C4=O)OC,DUD-E,EGFR,EGFR_DECOY_G589BA10B742DC6B0CB6A,63266a71532a5eb94be294998aab935abfd1d4170c4f09bb5fdbc06058e6f298,development_train,train,2
1859,C08799120,CN1CCCc2c1ccc(c2)[C@@H](CNS(=O)(=O)c3ccc4c(c3)CCCC4)[NH+]5CCCC5,CN1CCCc2cc([C@@H](CNS(=O)(=O)c3ccc4c(c3)CCCC4)[NH+]3CCCC3)ccc21,O=S(=O)(NCC(c1ccc2c(c1)CCCN2)[NH+]1CCCC1)c1ccc2c(c1)CCCC2,decoy,EGFR_decoy_L001859,CN1CCCc2c1ccc(c2)[C@@H](CNS(=O)(=O)c3ccc4c(c3)CCCC4)[NH+]5CCCC5,DUD-E,EGFR,EGFR_DECOY_G806BAFCE0E8ED62AC210,63d7db73734ee72ebf2c4cdd31c78056c29b6363128b1e2281ea1cf12a93c50a,development_train,train,2
23351,C02663963,c1ccc(cc1)[C@@H](CC(=O)OCC(=O)NC(=O)[C@H]2COc3ccccc3O2)NC(=O)c4ccccc4Cl,O=C(COC(=O)C[C@@H](NC(=O)c1ccccc1Cl)c1ccccc1)NC(=O)[C@H]1COc2ccccc2O1,O=C(COC(=O)CC(NC(=O)c1ccccc1)c1ccccc1)NC(=O)C1COc2ccccc2O1,decoy,EGFR_decoy_L023351,c1ccc(cc1)[C@@H](CC(=O)OCC(=O)NC(=O)[C@H]2COc3ccccc3O2)NC(=O)c4ccccc4Cl,DUD-E,EGFR,EGFR_DECOY_G23486865C7DE748AA2E6,6609e4ae4c865d98f4a954e1bea102c2bb5eb6f9c7c96b9b32fb4c84f44491b9,development_train,train,3
14994,C65536344,Cc1cc(cc(c1C)S(=O)(=O)N)C(=O)N2CC=C[C@H]2C(C)C,Cc1cc(C(=O)N2CC=C[C@H]2C(C)C)cc(S(N)(=O)=O)c1C,O=C(c1ccccc1)N1CC=CC1,decoy,EGFR_decoy_L014994,Cc1cc(cc(c1C)S(=O)(=O)N)C(=O)N2CC=C[C@H]2C(C)C,DUD-E,EGFR,EGFR_DECOY_G3F2E66D13807A245CE57,66d69c88ed0aa3b961361ed1d5400dfe3e646df5c0da8ed8f7ea3807734e23de,development_train,train,1
10550,C13556670,Cc1c(c(n(n1)c2ccc(cc2)[N+](=O)[O-])O)/C=[NH+]/CCc3ccc(cc3)S(=O)(=O)N,Cc1nn(-c2ccc([N+](=O)[O-])cc2)c(O)c1/C=[NH+]/CCc1ccc(S(N)(=O)=O)cc1,C(=[NH+]CCc1ccccc1)c1cnn(-c2ccccc2)c1,decoy,EGFR_decoy_L010550,Cc1c(c(n(n1)c2ccc(cc2)[N+](=O)[O-])O)/C=[NH+]/CCc3ccc(cc3)S(=O)(=O)N,DUD-E,EGFR,EGFR_DECOY_G89DEC7C68270FD588F25,678ae677c3ab3452bdc0f76e1b47f5201e2a320330dcd47b8101d5606886ce1a,development_train,train,4
22071,C27572529,COCCNC(=O)c1c2c(sc1NC(=O)C[NH+]3CCC[C@@H](C3)C(=O)Nc4ccccc4)CCCC2,COCCNC(=O)c1c(NC(=O)C[NH+]2CCC[C@H](C(=O)Nc3ccccc3)C2)sc2c1CCCC2,O=C(C[NH+]1CCCC(C(=O)Nc2ccccc2)C1)Nc1cc2c(s1)CCCC2,decoy,EGFR_decoy_L022071,COCCNC(=O)c1c2c(sc1NC(=O)C[NH+]3CCC[C@@H](C3)C(=O)Nc4ccccc4)CCCC2,DUD-E,EGFR,EGFR_DECOY_GEE65F42F79C80C8F9672,67e66b1c45d9287c5a63f904284688f7eef7ccfc184e2838f7c4bee0c2c8fcd7,development_train,train,3
29460,C27572525,COCCNC(=O)c1c2c(sc1NC(=O)C[NH+]3CCC[C@H](C3)C(=O)Nc4ccccc4)CCCC2,COCCNC(=O)c1c(NC(=O)C[NH+]2CCC[C@@H](C(=O)Nc3ccccc3)C2)sc2c1CCCC2,O=C(C[NH+]1CCCC(C(=O)Nc2ccccc2)C1)Nc1cc2c(s1)CCCC2,decoy,EGFR_decoy_L029460,COCCNC(=O)c1c2c(sc1NC(=O)C[NH+]3CCC[C@H](C3)C(=O)Nc4ccccc4)CCCC2,DUD-E,EGFR,EGFR_DECOY_GEE65F42F79C80C8F9672,67e66b1c45d9287c5a63f904284688f7eef7ccfc184e2838f7c4bee0c2c8fcd7,development_train,train,3
21145,C59713723,CC(=O)C1=NN([C@H](NN1C)c2cccc3c2cccc3)c4ccc(cc4)Cl,CC(=O)C1=NN(c2ccc(Cl)cc2)[C@@H](c2cccc3ccccc23)NN1C,C1=NN(c2ccccc2)C(c2cccc3ccccc23)NN1,decoy,EGFR_decoy_L021145,CC(=O)C1=NN([C@H](NN1C)c2cccc3c2cccc3)c4ccc(cc4)Cl,DUD-E,EGFR,EGFR_DECOY_G7984BAB251A6C1D5E407,68cc83d5306a53f77881d2ab56e1f1e0872d9eb2a2025b4f10e50183e30d85a2,development_train,train,5
20849,C67134756,CCc1c(nnn1c2cccc(c2)Cl)C(=O)Nc3nc(cs3)CC(=O)N,CCc1c(C(=O)Nc2nc(CC(N)=O)cs2)nnn1-c1cccc(Cl)c1,O=C(Nc1nccs1)c1cn(-c2ccccc2)nn1,decoy,EGFR_decoy_L020849,CCc1c(nnn1c2cccc(c2)Cl)C(=O)Nc3nc(cs3)CC(=O)N,DUD-E,EGFR,EGFR_DECOY_GFDCD8CF321F8C2A2AAD8,6a02398be0f91e180e102b45156b27039bef6992b0b58879228797586448ef2a,development_train,train,5
25473,C39984682,C[C@@H]1N=C(CS1)C2=C(N=[NH+][C@H]2c3ccc(c(c3O)O)O)C(F)(F)F,C[C@@H]1N=C(C2=C(C(F)(F)F)N=[NH+][C@H]2c2ccc(O)c(O)c2O)CS1,C1=C(C2=NCSC2)C(c2ccccc2)[NH+]=N1,decoy,EGFR_decoy_L025473,C[C@@H]1N=C(CS1)C2=C(N=[NH+][C@H]2c3ccc(c(c3O)O)O)C(F)(F)F,DUD-E,EGFR,EGFR_DECOY_G202B0F0B612E44E4213A,6c4333aa4561c2a79ac2cc185c968bb6f428380cb235e30533307a4ac0c08bca,development_train,train,2
19357,C15708331,c1cscc1NC(=O)N[C@H]2C[C@H]3C(=O)NC[C@H]([NH+]3C2)CCC(=O)NC4CC4,O=C(CC[C@@H]1CNC(=O)[C@@H]2C[C@H](NC(=O)Nc3ccsc3)C[NH+]12)NC1CC1,O=C(CCC1CNC(=O)C2CC(NC(=O)Nc3ccsc3)C[NH+]12)NC1CC1,decoy,EGFR_decoy_L019357,c1cscc1NC(=O)N[C@H]2C[C@H]3C(=O)NC[C@H]([NH+]3C2)CCC(=O)NC4CC4,DUD-E,EGFR,EGFR_DECOY_GAB0749E5266157B4AB86,6e249e6dec3699e36133629fe4f18cbc08c60b4a1b3914c1885fbe76ac4220d9,development_train,train,3
19511,C03542587,Cc1cc(c(n1C[C@H]2CCCO2)C)C(=O)COC(=O)c3cccc(c3)N(C)C,Cc1cc(C(=O)COC(=O)c2cccc(N(C)C)c2)c(C)n1C[C@H]1CCCO1,O=C(COC(=O)c1ccccc1)c1ccn(CC2CCCO2)c1,decoy,EGFR_decoy_L019511,Cc1cc(c(n1C[C@H]2CCCO2)C)C(=O)COC(=O)c3cccc(c3)N(C)C,DUD-E,EGFR,EGFR_DECOY_GA7724F6322EA30830A68,6ed2404c930a22ea375e0b1c0af62739d5c439bb8179f1ed862cb8cb7c56fc67,development_train,train,2
31659,C03308574,Cc1cc(c(n1C[C@@H]2CCCO2)C)C(=O)COC(=O)c3cc(c(c(c3)Br)O)OC,COc1cc(C(=O)OCC(=O)c2cc(C)n(C[C@@H]3CCCO3)c2C)cc(Br)c1O,O=C(COC(=O)c1ccccc1)c1ccn(CC2CCCO2)c1,decoy,EGFR_decoy_L031659,Cc1cc(c(n1C[C@@H]2CCCO2)C)C(=O)COC(=O)c3cc(c(c(c3)Br)O)OC,DUD-E,EGFR,EGFR_DECOY_GA7724F6322EA30830A68,6ed2404c930a22ea375e0b1c0af62739d5c439bb8179f1ed862cb8cb7c56fc67,development_train,train,2
21137,C38502690,Cc1cc(n(n1)C(C)C)C(=O)Nc2nc-3c(s2)-c4cccc5c4c3ccc5,Cc1cc(C(=O)Nc2nc3c(s2)-c2cccc4cccc-3c24)n(C(C)C)n1,O=C(Nc1nc2c(s1)-c1cccc3cccc-2c13)c1ccn[nH]1,decoy,EGFR_decoy_L021137,Cc1cc(n(n1)C(C)C)C(=O)Nc2nc-3c(s2)-c4cccc5c4c3ccc5,DUD-E,EGFR,EGFR_DECOY_GF3396456CBB0BA721ED1,7019769233db907e353b0b48a78db1e873d4eda4b50a6db1e1ca1c614b66d60b,development_train,train,3
7887,C52619205,c1ccc2c(c1)cc(o2)[C@H]3C(=c4ccccc4=[NH+]3)CCNS(=O)(=O)c5ccc(cc5)c6ccncc6,O=S(=O)(NCCC1=c2ccccc2=[NH+][C@H]1c1cc2ccccc2o1)c1ccc(-c2ccncc2)cc1,O=S(=O)(NCCC1=c2ccccc2=[NH+]C1c1cc2ccccc2o1)c1ccc(-c2ccncc2)cc1,decoy,EGFR_decoy_L007887,c1ccc2c(c1)cc(o2)[C@H]3C(=c4ccccc4=[NH+]3)CCNS(=O)(=O)c5ccc(cc5)c6ccncc6,DUD-E,EGFR,EGFR_DECOY_G39AB090840C4F345928D,7204abafb5f2b30a3d6d3ac9b0968fe8be6ece35024b3e6049573e5a737b62b3,development_train,train,1
30865,C39655233,c1ccc(cc1)CCC(=O)N2C[C@@H](C3(C2)CC[NH2+]CC3)C(=O)NCCNc4ccccc4,O=C(NCCNc1ccccc1)[C@H]1CN(C(=O)CCc2ccccc2)CC12CC[NH2+]CC2,O=C(NCCNc1ccccc1)C1CN(C(=O)CCc2ccccc2)CC12CC[NH2+]CC2,decoy,EGFR_decoy_L030865,c1ccc(cc1)CCC(=O)N2C[C@@H](C3(C2)CC[NH2+]CC3)C(=O)NCCNc4ccccc4,DUD-E,EGFR,EGFR_DECOY_G455C37AB00680026F160,729fce476b6fe1e7e136122af5bc3c6dc6993c51372c138b95538f98b95a61ab,development_train,train,5
6508,C02744601,CCCOC(=O)c1c2c(sc1NC(=O)c3ccc(o3)Cn4c(cc(n4)C(F)(F)F)C)C[C@@H](CC2)C,CCCOC(=O)c1c(NC(=O)c2ccc(Cn3nc(C(F)(F)F)cc3C)o2)sc2c1CC[C@@H](C)C2,O=C(Nc1cc2c(s1)CCCC2)c1ccc(Cn2cccn2)o1,decoy,EGFR_decoy_L006508,CCCOC(=O)c1c2c(sc1NC(=O)c3ccc(o3)Cn4c(cc(n4)C(F)(F)F)C)C[C@@H](CC2)C,DUD-E,EGFR,EGFR_DECOY_G87E5FE6A7774A9135D36,72b785e20906f2581167c28cf0d4368b3498f3ed93caaa7a16fd2463ee1d888f,development_train,train,2
11188,C39920669,C[C@H](C(=O)NN1[C@@H](Nc2ccc(cc2C1=O)Br)c3ccco3)Oc4cccc5c4cccc5,C[C@@H](Oc1cccc2ccccc12)C(=O)NN1C(=O)c2cc(Br)ccc2N[C@H]1c1ccco1,O=C(COc1cccc2ccccc12)NN1C(=O)c2ccccc2NC1c1ccco1,decoy,EGFR_decoy_L011188,C[C@H](C(=O)NN1[C@@H](Nc2ccc(cc2C1=O)Br)c3ccco3)Oc4cccc5c4cccc5,DUD-E,EGFR,EGFR_DECOY_G0293274F258EDFB65A7C,739e0819ccdaa4158948a798a8dc890a2e8bc37f65bf10e7515bec5e9f122485,development_train,train,3
24988,C40184246,c1ccc2c(c1)nc(n2CC(=O)N(C3CCCCC3)C4CCCCC4)CCNC(=O)c5ccncc5,O=C(NCCc1nc2ccccc2n1CC(=O)N(C1CCCCC1)C1CCCCC1)c1ccncc1,O=C(NCCc1nc2ccccc2n1CC(=O)N(C1CCCCC1)C1CCCCC1)c1ccncc1,decoy,EGFR_decoy_L024988,c1ccc2c(c1)nc(n2CC(=O)N(C3CCCCC3)C4CCCCC4)CCNC(=O)c5ccncc5,DUD-E,EGFR,EGFR_DECOY_G14BFD6A1B637C23B999B,73d7ca5a45f63bf78f49342a15709293329785197253a5e37d7f7e65fee7d4bf,development_train,train,1
20575,C15236606,C[C@@]1(C(=O)N(C(=O)N1)C[C@@H](COc2ccc(cc2)c3ccccc3)O)c4ccc(cc4)[N+](=O)[O-],C[C@@]1(c2ccc([N+](=O)[O-])cc2)NC(=O)N(C[C@H](O)COc2ccc(-c3ccccc3)cc2)C1=O,O=C1NC(c2ccccc2)C(=O)N1CCCOc1ccc(-c2ccccc2)cc1,decoy,EGFR_decoy_L020575,C[C@@]1(C(=O)N(C(=O)N1)C[C@@H](COc2ccc(cc2)c3ccccc3)O)c4ccc(cc4)[N+](=O)[O-],DUD-E,EGFR,EGFR_DECOY_GE252E8057627DF5D8435,74ec680ac820d70ca6b1191cb395bffc84ff24ae4fa31613d1245ee5c9b6d83c,development_train,train,4
6102,C11909053,C[NH+](C)CCCN1C(=O)[C@](NC1=O)(Cc2ccc(cc2)F)C3CC[NH+](CC3)Cc4ccc(o4)CO,C[NH+](C)CCCN1C(=O)N[C@@](Cc2ccc(F)cc2)(C2CC[NH+](Cc3ccc(CO)o3)CC2)C1=O,O=C1NC(=O)C(Cc2ccccc2)(C2CC[NH+](Cc3ccco3)CC2)N1,decoy,EGFR_decoy_L006102,C[NH+](C)CCCN1C(=O)[C@](NC1=O)(Cc2ccc(cc2)F)C3CC[NH+](CC3)Cc4ccc(o4)CO,DUD-E,EGFR,EGFR_DECOY_G5D91856DE810958D4017,76249514fbdcd02f95432a3bb9c0078fa11661ca4f2f53e7b2bb6c2b5985553f,development_train,train,3
800,C45899053,CC(C)CNC(=O)CCCCn1c(=O)c2ccccc2n(c1=O)CC(=O)NCc3ccccc3Cl,CC(C)CNC(=O)CCCCn1c(=O)c2ccccc2n(CC(=O)NCc2ccccc2Cl)c1=O,O=C(Cn1c(=O)[nH]c(=O)c2ccccc21)NCc1ccccc1,decoy,EGFR_decoy_L000800,CC(C)CNC(=O)CCCCn1c(=O)c2ccccc2n(c1=O)CC(=O)NCc3ccccc3Cl,DUD-E,EGFR,EGFR_DECOY_G6DCC6AC976F3912E9658,76ebb78fe4e271f84d8989fcc19aee1ab97f019fe0d6e86ca6b8a59789cedafc,development_train,train,3
1962,C12487477,c1cc2cccc3c2c(c1)/C(=N/NC(=O)N)/N3,NC(=O)N/N=C1\Nc2cccc3cccc1c23,N=C1Nc2cccc3cccc1c23,decoy,EGFR_decoy_L001962,c1cc2cccc3c2c(c1)/C(=N/NC(=O)N)/N3,DUD-E,EGFR,EGFR_DECOY_GBF9DE13E13CD20CFB698,78274f8232dd46520b0560e721591a36a84d8f6ac051646eaec75d2c43a2228d,development_train,train,2
13741,C24496198,Cc1c2cc(cnc2n(n1)C)C(=O)NCC3(CCCCCC3)NC(=O)OC(C)(C)C,Cc1nn(C)c2ncc(C(=O)NCC3(NC(=O)OC(C)(C)C)CCCCCC3)cc12,O=C(NCC1CCCCCC1)c1cnc2[nH]ncc2c1,decoy,EGFR_decoy_L013741,Cc1c2cc(cnc2n(n1)C)C(=O)NCC3(CCCCCC3)NC(=O)OC(C)(C)C,DUD-E,EGFR,EGFR_DECOY_G0C9049F9D791704974E0,78429151b3e5301c9a02a64c8f3b5c82a73f58e6c57ba0ef32dbb3c8f28c18a2,development_train,train,3
31707,C09650590,CS(=O)(=O)c1ccc(nn1)c2ccc(cc2)NS(=O)(=O)c3ccc(cc3)C(F)(F)F,CS(=O)(=O)c1ccc(-c2ccc(NS(=O)(=O)c3ccc(C(F)(F)F)cc3)cc2)nn1,O=S(=O)(Nc1ccc(-c2cccnn2)cc1)c1ccccc1,decoy,EGFR_decoy_L031707,CS(=O)(=O)c1ccc(nn1)c2ccc(cc2)NS(=O)(=O)c3ccc(cc3)C(F)(F)F,DUD-E,EGFR,EGFR_DECOY_G5B102A9A81C8873BB0B5,785bfb51c60ea9008bc42b5314654aac28f6f4371a4b72bf6024321ab08d5f36,development_train,train,2
12108,C11121930,c1cc(ccc1C#N)c2csc(n2)NC(=O)C3CCN(CC3)S(=O)(=O)c4ccc(cc4)Cl,N#Cc1ccc(-c2csc(NC(=O)C3CCN(S(=O)(=O)c4ccc(Cl)cc4)CC3)n2)cc1,O=C(Nc1nc(-c2ccccc2)cs1)C1CCN(S(=O)(=O)c2ccccc2)CC1,decoy,EGFR_decoy_L012108,c1cc(ccc1C#N)c2csc(n2)NC(=O)C3CCN(CC3)S(=O)(=O)c4ccc(cc4)Cl,DUD-E,EGFR,EGFR_DECOY_GA670CFCB2C3ED13803F1,795a88bc8c44f5b7e3b5562af235aabd60c30f35a1bac438752bc38efbfb84f6,development_train,train,4
34861,C12641960,CC(C)(C)NC(=O)[C@@H](c1ccccc1)N(Cc2ccco2)C(=O)C(=O)Nc3ccc4c(c3)CCC4,CC(C)(C)NC(=O)[C@@H](c1ccccc1)N(Cc1ccco1)C(=O)C(=O)Nc1ccc2c(c1)CCC2,O=C(Nc1ccc2c(c1)CCC2)C(=O)N(Cc1ccccc1)Cc1ccco1,decoy,EGFR_decoy_L034861,CC(C)(C)NC(=O)[C@@H](c1ccccc1)N(Cc2ccco2)C(=O)C(=O)Nc3ccc4c(c3)CCC4,DUD-E,EGFR,EGFR_DECOY_G2D12459E1EF11C95147D,7a4c9e284b2585b3975bcbf48544a4482a0b18b219d87ea3be620e2ffe7cb4b5,development_train,train,4
3747,C60371419,Cc1c(cccc1[N+](=O)[O-])NC(=O)CC[NH+](CCc2ccccn2)Cc3ccc(cc3)F,Cc1c(NC(=O)CC[NH+](CCc2ccccn2)Cc2ccc(F)cc2)cccc1[N+](=O)[O-],O=C(CC[NH+](CCc1ccccn1)Cc1ccccc1)Nc1ccccc1,decoy,EGFR_decoy_L003747,Cc1c(cccc1[N+](=O)[O-])NC(=O)CC[NH+](CCc2ccccn2)Cc3ccc(cc3)F,DUD-E,EGFR,EGFR_DECOY_GC290099CB2D75DA910CB,7a69af9aaba7397d52efe007ef7bb17c2f44cf4096efe56506d214f4d73c7ba5,development_train,train,5
2020,C39760523,CCN1c2ccc(cc2NN1)C(=O)NCCc3c[nH]c4c3cccc4,CCN1NNc2cc(C(=O)NCCc3c[nH]c4ccccc34)ccc21,O=C(NCCc1c[nH]c2ccccc12)c1ccc2c(c1)NNN2,decoy,EGFR_decoy_L002020,CCN1c2ccc(cc2NN1)C(=O)NCCc3c[nH]c4c3cccc4,DUD-E,EGFR,EGFR_DECOY_G096F70CF2CD97587EEFA,7a6adac970e46016d704ce6d09d5e64879827efdc7553b73a97087a6e4b7ab44,development_train,train,4
12731,C25589298,CCc1c(c(nc(n1)S[C@@H](C)C(=O)N(C)[C@@H]2CCS(=O)(=O)C2)N)c3ccc(cc3)Cl,CCc1nc(S[C@@H](C)C(=O)N(C)[C@@H]2CCS(=O)(=O)C2)nc(N)c1-c1ccc(Cl)cc1,O=C(CSc1ncc(-c2ccccc2)cn1)NC1CCS(=O)(=O)C1,decoy,EGFR_decoy_L012731,CCc1c(c(nc(n1)S[C@@H](C)C(=O)N(C)[C@@H]2CCS(=O)(=O)C2)N)c3ccc(cc3)Cl,DUD-E,EGFR,EGFR_DECOY_G95163DA0B57B780510A7,7a95002946b3bb0df0963873ea8a5e4ae5697128e5490506e419ef3794b938b1,development_train,train,1
1619,C37351174,Cc1c(cco1)c2c(c(n(n2)C)N)c3c(cccc3Cl)Cl,Cc1occc1-c1nn(C)c(N)c1-c1c(Cl)cccc1Cl,c1ccc(-c2c[nH]nc2-c2ccoc2)cc1,decoy,EGFR_decoy_L001619,Cc1c(cco1)c2c(c(n(n2)C)N)c3c(cccc3Cl)Cl,DUD-E,EGFR,EGFR_DECOY_GD6AE5BD9C7CCE7A35C78,7ba053ebc1373e28613d67e73cfdbdc3f8d3bc014777bf6c0505407e3faa628a,development_train,train,5
7320,C35119477,CCCCC[C@@H]1N([C@@H](CS1)C(=O)OCCCC)C(=O)c2cccc(c2)F,CCCCC[C@H]1SC[C@@H](C(=O)OCCCC)N1C(=O)c1cccc(F)c1,O=C(c1ccccc1)N1CCSC1,decoy,EGFR_decoy_L007320,CCCCC[C@@H]1N([C@@H](CS1)C(=O)OCCCC)C(=O)c2cccc(c2)F,DUD-E,EGFR,EGFR_DECOY_G72ED880B153D10838A4B,7bc66eced45200efa8b371e4ad56834027eae2a3fad3eb7a3c9955f2ca019d12,development_train,train,4
7321,C35120508,CCCCC[C@H]1N([C@@H](CS1)C(=O)OCC(C)C)C(=O)c2cccc(c2)F,CCCCC[C@@H]1SC[C@@H](C(=O)OCC(C)C)N1C(=O)c1cccc(F)c1,O=C(c1ccccc1)N1CCSC1,decoy,EGFR_decoy_L007321,CCCCC[C@H]1N([C@@H](CS1)C(=O)OCC(C)C)C(=O)c2cccc(c2)F,DUD-E,EGFR,EGFR_DECOY_G72ED880B153D10838A4B,7bc66eced45200efa8b371e4ad56834027eae2a3fad3eb7a3c9955f2ca019d12,development_train,train,4
7323,C35216551,CCCN(CCC)C(=O)[C@@H]1CS[C@@H](N1C(=O)c2ccc(cc2)C(C)(C)C)CC,CCCN(CCC)C(=O)[C@@H]1CS[C@H](CC)N1C(=O)c1ccc(C(C)(C)C)cc1,O=C(c1ccccc1)N1CCSC1,decoy,EGFR_decoy_L007323,CCCN(CCC)C(=O)[C@@H]1CS[C@@H](N1C(=O)c2ccc(cc2)C(C)(C)C)CC,DUD-E,EGFR,EGFR_DECOY_G72ED880B153D10838A4B,7bc66eced45200efa8b371e4ad56834027eae2a3fad3eb7a3c9955f2ca019d12,development_train,train,4
33772,C35195687,CCCCNC(=O)[C@@H]1CS[C@@H](N1C(=O)c2ccc(cc2)C)CC(C)C,CCCCNC(=O)[C@@H]1CS[C@H](CC(C)C)N1C(=O)c1ccc(C)cc1,O=C(c1ccccc1)N1CCSC1,decoy,EGFR_decoy_L033772,CCCCNC(=O)[C@@H]1CS[C@@H](N1C(=O)c2ccc(cc2)C)CC(C)C,DUD-E,EGFR,EGFR_DECOY_G72ED880B153D10838A4B,7bc66eced45200efa8b371e4ad56834027eae2a3fad3eb7a3c9955f2ca019d12,development_train,train,4
3160,C15572746,CC(C)c1ccc(cc1)[C@]2(C(=O)N(C(=O)N2)Cc3nc(nc(n3)N)N)C,CC(C)c1ccc([C@]2(C)NC(=O)N(Cc3nc(N)nc(N)n3)C2=O)cc1,O=C1NC(c2ccccc2)C(=O)N1Cc1ncncn1,decoy,EGFR_decoy_L003160,CC(C)c1ccc(cc1)[C@]2(C(=O)N(C(=O)N2)Cc3nc(nc(n3)N)N)C,DUD-E,EGFR,EGFR_DECOY_G14D7BB4F57C77FCE5B08,7c43bd6b3a9db73c94f7fba76c9df4ff4ee0f00c5dd42c44a7f22abef081a69f,development_train,train,3
3168,C29465983,CCCc1ccc(cc1)[C@@]2(C(=O)N(C(=O)N2)Cc3nc(nc(n3)N)N)C,CCCc1ccc([C@@]2(C)NC(=O)N(Cc3nc(N)nc(N)n3)C2=O)cc1,O=C1NC(c2ccccc2)C(=O)N1Cc1ncncn1,decoy,EGFR_decoy_L003168,CCCc1ccc(cc1)[C@@]2(C(=O)N(C(=O)N2)Cc3nc(nc(n3)N)N)C,DUD-E,EGFR,EGFR_DECOY_G14D7BB4F57C77FCE5B08,7c43bd6b3a9db73c94f7fba76c9df4ff4ee0f00c5dd42c44a7f22abef081a69f,development_train,train,3
34028,C32530212,Cc1cc(nc2c1cccc2OC)SCCC(=O)Nc3c(c4c(s3)CCCC4)C(=O)N,COc1cccc2c(C)cc(SCCC(=O)Nc3sc4c(c3C(N)=O)CCCC4)nc12,O=C(CCSc1ccc2ccccc2n1)Nc1cc2c(s1)CCCC2,decoy,EGFR_decoy_L034028,Cc1cc(nc2c1cccc2OC)SCCC(=O)Nc3c(c4c(s3)CCCC4)C(=O)N,DUD-E,EGFR,EGFR_DECOY_G60CB9E4F6E838BC403D8,7d0fd4ff345a808ff1a5953e46bed6557f3c77c59dc5b5f3e51e3d8b7a186a25,development_train,train,5
27787,C40036255,CCC[C@@]1(Cc2ccccc2-c3c1c(=O)n(c(n3)N/N=C/c4ccc(o4)C)CC)C,CCC[C@]1(C)Cc2ccccc2-c2nc(N/N=C/c3ccc(C)o3)n(CC)c(=O)c21,O=c1[nH]c(NN=Cc2ccco2)nc2c1CCc1ccccc1-2,decoy,EGFR_decoy_L027787,CCC[C@@]1(Cc2ccccc2-c3c1c(=O)n(c(n3)N/N=C/c4ccc(o4)C)CC)C,DUD-E,EGFR,EGFR_DECOY_G29D1612C470EAB417C8A,7d114ced5c69f5b5c2379aca1e8b02ea1aa98315fcc4e8c9f6e86fbaab0cb011,development_train,train,3
17068,C39344906,c1ccc2c(c1)CCO[C@H]2CNC(=O)c3cc(cc(c3)S(=O)(=O)NC4CCCCC4)[C@H]5C=CN=[NH+]5,O=C(NC[C@@H]1OCCc2ccccc21)c1cc([C@H]2C=CN=[NH+]2)cc(S(=O)(=O)NC2CCCCC2)c1,O=C(NCC1OCCc2ccccc21)c1cc(C2C=CN=[NH+]2)cc(S(=O)(=O)NC2CCCCC2)c1,decoy,EGFR_decoy_L017068,c1ccc2c(c1)CCO[C@H]2CNC(=O)c3cc(cc(c3)S(=O)(=O)NC4CCCCC4)[C@H]5C=CN=[NH+]5,DUD-E,EGFR,EGFR_DECOY_G118BD9219D85622B5E04,7dd6b687d44e0d3b98cd524f5d9fb407bf7ff2c4c30406b4ba2c650e621f352f,development_train,train,4
25841,C57426065,CC(C)CCn1c(=O)c2c(ccs2)nc1SCC(=O)N3CCc4c3cccc4,CC(C)CCn1c(SCC(=O)N2CCc3ccccc32)nc2ccsc2c1=O,O=C(CSc1nc2ccsc2c(=O)[nH]1)N1CCc2ccccc21,decoy,EGFR_decoy_L025841,CC(C)CCn1c(=O)c2c(ccs2)nc1SCC(=O)N3CCc4c3cccc4,DUD-E,EGFR,EGFR_DECOY_G36912A60DE36CE74F856,80174ddffa1ea8615459dd5e37fd714e0f422b3aa65b38c93b2cf817c0329d04,development_train,train,4
30656,C14189102,Cc1ccc(cc1)CNC(=O)c2ccccc2NC(=O)C[NH+]3CCn4cccc4[C@H]3C,Cc1ccc(CNC(=O)c2ccccc2NC(=O)C[NH+]2CCn3cccc3[C@H]2C)cc1,O=C(C[NH+]1CCn2cccc2C1)Nc1ccccc1C(=O)NCc1ccccc1,decoy,EGFR_decoy_L030656,Cc1ccc(cc1)CNC(=O)c2ccccc2NC(=O)C[NH+]3CCn4cccc4[C@H]3C,DUD-E,EGFR,EGFR_DECOY_GDA1AD821152214322755,80fc666973b1d860871b0c6bdf14b629ba88c3763b207c74ef0e75fe39618ab9,development_train,train,4
19012,C36737096,c1cc(c(cc1F)C(=O)Nc2cc3c(cc2N)OCO3)F,Nc1cc2c(cc1NC(=O)c1cc(F)ccc1F)OCO2,O=C(Nc1ccc2c(c1)OCO2)c1ccccc1,decoy,EGFR_decoy_L019012,c1cc(c(cc1F)C(=O)Nc2cc3c(cc2N)OCO3)F,DUD-E,EGFR,EGFR_DECOY_G35643CF79039D7856B0D,83e6b51f56bd621adc3ab6808ea34a2a4c5080ac43f7aab119cdc3af98c3f4d9,development_train,train,1
19269,C36737105,Cc1ccc(c(c1)C(=O)Nc2cc3c(cc2N)OCO3)C,Cc1ccc(C)c(C(=O)Nc2cc3c(cc2N)OCO3)c1,O=C(Nc1ccc2c(c1)OCO2)c1ccccc1,decoy,EGFR_decoy_L019269,Cc1ccc(c(c1)C(=O)Nc2cc3c(cc2N)OCO3)C,DUD-E,EGFR,EGFR_DECOY_G35643CF79039D7856B0D,83e6b51f56bd621adc3ab6808ea34a2a4c5080ac43f7aab119cdc3af98c3f4d9,development_train,train,1
19270,C36737162,c1cc(c(cc1F)Cl)C(=O)Nc2cc3c(cc2N)OCO3,Nc1cc2c(cc1NC(=O)c1ccc(F)cc1Cl)OCO2,O=C(Nc1ccc2c(c1)OCO2)c1ccccc1,decoy,EGFR_decoy_L019270,c1cc(c(cc1F)Cl)C(=O)Nc2cc3c(cc2N)OCO3,DUD-E,EGFR,EGFR_DECOY_G35643CF79039D7856B0D,83e6b51f56bd621adc3ab6808ea34a2a4c5080ac43f7aab119cdc3af98c3f4d9,development_train,train,1
9889,C39237598,Cc1ccc(cc1)n2c(=O)c(c([nH]2)C)CC3=C(NN([C@H]3O)c4ccc(cc4)C)C,CC1=C(Cc2c(C)[nH]n(-c3ccc(C)cc3)c2=O)[C@H](O)N(c2ccc(C)cc2)N1,O=c1c(CC2=CNN(c3ccccc3)C2)c[nH]n1-c1ccccc1,decoy,EGFR_decoy_L009889,Cc1ccc(cc1)n2c(=O)c(c([nH]2)C)CC3=C(NN([C@H]3O)c4ccc(cc4)C)C,DUD-E,EGFR,EGFR_DECOY_G7C11C5788DBBDB4B7693,858ce398022b588b374e3f502df198bdaf6e834d856cd8a08d319549bb407f1e,development_train,train,2
29895,C49389225,c1cc2c(cc1N3CCN(C3=O)CC(=O)NC45CC6CC(C4)CC(C6)C5)OCO2,O=C(CN1CCN(c2ccc3c(c2)OCO3)C1=O)NC12CC3CC(CC(C3)C1)C2,O=C(CN1CCN(c2ccc3c(c2)OCO3)C1=O)NC12CC3CC(CC(C3)C1)C2,decoy,EGFR_decoy_L029895,c1cc2c(cc1N3CCN(C3=O)CC(=O)NC45CC6CC(C4)CC(C6)C5)OCO2,DUD-E,EGFR,EGFR_DECOY_G50AA5A993C5042A79916,85ecb782882b7e0e8dffd438b65038614f25e71419fc0272042e7dcb100eff72,development_train,train,1
768,C23365515,c1cc(sc1)[C@@H]2CC(=NN2C(=O)CSc3nnc(n3CCC(=O)N)C4CC4)c5cccs5,NC(=O)CCn1c(SCC(=O)N2N=C(c3cccs3)C[C@H]2c2cccs2)nnc1C1CC1,O=C(CSc1nnc(C2CC2)[nH]1)N1N=C(c2cccs2)CC1c1cccs1,decoy,EGFR_decoy_L000768,c1cc(sc1)[C@@H]2CC(=NN2C(=O)CSc3nnc(n3CCC(=O)N)C4CC4)c5cccs5,DUD-E,EGFR,EGFR_DECOY_G847F0463CEEE42795BBC,875d128fa8c6c7fdf1e4409afec18aaad07d8eb1603080880cbc99abd4628c59,development_train,train,3
14945,C57432486,Cc1ccc(c(c1)C)NS(=O)(=O)c2ccc(c(c2)NS(=O)(=O)c3ccc(cc3C)C)C,Cc1ccc(NS(=O)(=O)c2ccc(C)c(NS(=O)(=O)c3ccc(C)cc3C)c2)c(C)c1,O=S(=O)(Nc1cccc(S(=O)(=O)Nc2ccccc2)c1)c1ccccc1,decoy,EGFR_decoy_L014945,Cc1ccc(c(c1)C)NS(=O)(=O)c2ccc(c(c2)NS(=O)(=O)c3ccc(cc3C)C)C,DUD-E,EGFR,EGFR_DECOY_G8DFAE0C10FCD65BAACD0,8a181c1b8e58f93337eba952b78d310552eddd2b12cfa01b4d3644c6a469f048,development_train,train,5
20719,C16128418,Cc1ccc(cc1NS(=O)(=O)c2ccc(cc2)[N+](=O)[O-])S(=O)(=O)Nc3ccc(cc3)Cl,Cc1ccc(S(=O)(=O)Nc2ccc(Cl)cc2)cc1NS(=O)(=O)c1ccc([N+](=O)[O-])cc1,O=S(=O)(Nc1cccc(S(=O)(=O)Nc2ccccc2)c1)c1ccccc1,decoy,EGFR_decoy_L020719,Cc1ccc(cc1NS(=O)(=O)c2ccc(cc2)[N+](=O)[O-])S(=O)(=O)Nc3ccc(cc3)Cl,DUD-E,EGFR,EGFR_DECOY_G8DFAE0C10FCD65BAACD0,8a181c1b8e58f93337eba952b78d310552eddd2b12cfa01b4d3644c6a469f048,development_train,train,5
7737,C39237655,C=CCn1c(nnc1S[C@H]2C(=c3cc(ccc3=[NH+]C2=O)Cl)c4ccccc4Cl)c5cccnc5,C=CCn1c(S[C@@H]2C(=O)[NH+]=c3ccc(Cl)cc3=C2c2ccccc2Cl)nnc1-c1cccnc1,O=C1[NH+]=c2ccccc2=C(c2ccccc2)C1Sc1nnc(-c2cccnc2)[nH]1,decoy,EGFR_decoy_L007737,C=CCn1c(nnc1S[C@H]2C(=c3cc(ccc3=[NH+]C2=O)Cl)c4ccccc4Cl)c5cccnc5,DUD-E,EGFR,EGFR_DECOY_G2D90AE8D707C63C928E7,8b7bb153e2f41c0a8d82289b31708382bc5396715dd45db85b6c4cc8152ccb51,development_train,train,3
28856,C11976544,CC[C@@]1(C(=O)N(C(=O)N1)C[C@H]2COc3ccccc3O2)C4CC[NH+](CC4)Cc5cc(ccc5C)C,CC[C@@]1(C2CC[NH+](Cc3cc(C)ccc3C)CC2)NC(=O)N(C[C@H]2COc3ccccc3O2)C1=O,O=C1NC(C2CC[NH+](Cc3ccccc3)CC2)C(=O)N1CC1COc2ccccc2O1,decoy,EGFR_decoy_L028856,CC[C@@]1(C(=O)N(C(=O)N1)C[C@H]2COc3ccccc3O2)C4CC[NH+](CC4)Cc5cc(ccc5C)C,DUD-E,EGFR,EGFR_DECOY_G295BDC0B54B8E25D85F2,8ba4095c8fa858131309378d8410605feb5dcf719402de9a422db071b857d6fb,development_train,train,5
28857,C11976548,CC[C@]1(C(=O)N(C(=O)N1)C[C@H]2COc3ccccc3O2)C4CC[NH+](CC4)Cc5cc(ccc5C)C,CC[C@]1(C2CC[NH+](Cc3cc(C)ccc3C)CC2)NC(=O)N(C[C@H]2COc3ccccc3O2)C1=O,O=C1NC(C2CC[NH+](Cc3ccccc3)CC2)C(=O)N1CC1COc2ccccc2O1,decoy,EGFR_decoy_L028857,CC[C@]1(C(=O)N(C(=O)N1)C[C@H]2COc3ccccc3O2)C4CC[NH+](CC4)Cc5cc(ccc5C)C,DUD-E,EGFR,EGFR_DECOY_G295BDC0B54B8E25D85F2,8ba4095c8fa858131309378d8410605feb5dcf719402de9a422db071b857d6fb,development_train,train,5
30509,C12191187,CC[C@]1(C(=O)N(C(=O)N1)C[C@@H]2COc3ccccc3O2)C4CC[NH+](CC4)Cc5ccc(c(c5)OC)F,CC[C@]1(C2CC[NH+](Cc3ccc(F)c(OC)c3)CC2)NC(=O)N(C[C@@H]2COc3ccccc3O2)C1=O,O=C1NC(C2CC[NH+](Cc3ccccc3)CC2)C(=O)N1CC1COc2ccccc2O1,decoy,EGFR_decoy_L030509,CC[C@]1(C(=O)N(C(=O)N1)C[C@@H]2COc3ccccc3O2)C4CC[NH+](CC4)Cc5ccc(c(c5)OC)F,DUD-E,EGFR,EGFR_DECOY_G295BDC0B54B8E25D85F2,8ba4095c8fa858131309378d8410605feb5dcf719402de9a422db071b857d6fb,development_train,train,5
30510,C12191188,CC[C@@]1(C(=O)N(C(=O)N1)C[C@H]2COc3ccccc3O2)C4CC[NH+](CC4)Cc5ccc(c(c5)OC)F,CC[C@@]1(C2CC[NH+](Cc3ccc(F)c(OC)c3)CC2)NC(=O)N(C[C@H]2COc3ccccc3O2)C1=O,O=C1NC(C2CC[NH+](Cc3ccccc3)CC2)C(=O)N1CC1COc2ccccc2O1,decoy,EGFR_decoy_L030510,CC[C@@]1(C(=O)N(C(=O)N1)C[C@H]2COc3ccccc3O2)C4CC[NH+](CC4)Cc5ccc(c(c5)OC)F,DUD-E,EGFR,EGFR_DECOY_G295BDC0B54B8E25D85F2,8ba4095c8fa858131309378d8410605feb5dcf719402de9a422db071b857d6fb,development_train,train,5
30511,C12191189,CC[C@]1(C(=O)N(C(=O)N1)C[C@H]2COc3ccccc3O2)C4CC[NH+](CC4)Cc5ccc(c(c5)OC)F,CC[C@]1(C2CC[NH+](Cc3ccc(F)c(OC)c3)CC2)NC(=O)N(C[C@H]2COc3ccccc3O2)C1=O,O=C1NC(C2CC[NH+](Cc3ccccc3)CC2)C(=O)N1CC1COc2ccccc2O1,decoy,EGFR_decoy_L030511,CC[C@]1(C(=O)N(C(=O)N1)C[C@H]2COc3ccccc3O2)C4CC[NH+](CC4)Cc5ccc(c(c5)OC)F,DUD-E,EGFR,EGFR_DECOY_G295BDC0B54B8E25D85F2,8ba4095c8fa858131309378d8410605feb5dcf719402de9a422db071b857d6fb,development_train,train,5
27100,C64704139,Cc1ccc(cc1)c2c(n3c(n2)sc(n3)N(C)CC(=O)NCC[NH+]4CCCC[C@@H]4C)NC(C)(C)C,Cc1ccc(-c2nc3sc(N(C)CC(=O)NCC[NH+]4CCCC[C@@H]4C)nn3c2NC(C)(C)C)cc1,O=C(CNc1nn2cc(-c3ccccc3)nc2s1)NCC[NH+]1CCCCC1,decoy,EGFR_decoy_L027100,Cc1ccc(cc1)c2c(n3c(n2)sc(n3)N(C)CC(=O)NCC[NH+]4CCCC[C@@H]4C)NC(C)(C)C,DUD-E,EGFR,EGFR_DECOY_G6BF32584E36A747069AC,8bed896919fe57d850e2a6921d55e4811cf4f2b0d4b52b7171ff1fd4204254be,development_train,train,2
11017,C03070987,Cc1ccccc1NC(=S)N[C@@H](C(Cl)(Cl)Cl)NC(=O)Cc2ccccc2,Cc1ccccc1NC(=S)N[C@H](NC(=O)Cc1ccccc1)C(Cl)(Cl)Cl,O=C(Cc1ccccc1)NCNC(=S)Nc1ccccc1,decoy,EGFR_decoy_L011017,Cc1ccccc1NC(=S)N[C@@H](C(Cl)(Cl)Cl)NC(=O)Cc2ccccc2,DUD-E,EGFR,EGFR_DECOY_G6DF409A1219E72079084,8da7e03a1810c68aea24b09e0da15ccebf5048ab07113ca96a5f9e3b20bbf21c,development_train,train,2
33715,C14902464,Cc1ccc(cc1)c2c(sc3c2c(=O)[nH]c(n3)CSc4nnc(n4N)c5ccc(cc5)C)C,Cc1ccc(-c2c(C)sc3nc(CSc4nnc(-c5ccc(C)cc5)n4N)[nH]c(=O)c23)cc1,O=c1[nH]c(CSc2nnc(-c3ccccc3)[nH]2)nc2scc(-c3ccccc3)c12,decoy,EGFR_decoy_L033715,Cc1ccc(cc1)c2c(sc3c2c(=O)[nH]c(n3)CSc4nnc(n4N)c5ccc(cc5)C)C,DUD-E,EGFR,EGFR_DECOY_G65FC0FEEB311392C5B6A,8e6ca019033584808923a091a32b760ade3874684ffef0f002449b1517858be9,development_train,train,3
13171,C38573722,COc1ccc(cc1)CCC(=O)N[C@@H](CCSC)C(=O)N2CCC3(CC2)[C@H]4C(=NC=N4)CC[NH2+]3,COc1ccc(CCC(=O)N[C@@H](CCSC)C(=O)N2CCC3(CC2)[NH2+]CCC2=NC=N[C@H]23)cc1,O=C(CCc1ccccc1)NCC(=O)N1CCC2(CC1)[NH2+]CCC1=NC=NC12,decoy,EGFR_decoy_L013171,COc1ccc(cc1)CCC(=O)N[C@@H](CCSC)C(=O)N2CCC3(CC2)[C@H]4C(=NC=N4)CC[NH2+]3,DUD-E,EGFR,EGFR_DECOY_G2A74C0E1148BEFACC912,8f67513eac850988a5315d985fa2b869c17735473c071250fe4ad6ce7388c651,development_train,train,4
27813,C07822497,Cc1c(c([nH]c1C(=O)[C@H](C)OC(=O)c2cc3c(c(c2)Cl)OCO3)C)C(=O)C,CC(=O)c1c(C)[nH]c(C(=O)[C@H](C)OC(=O)c2cc(Cl)c3c(c2)OCO3)c1C,O=C(OCC(=O)c1ccc[nH]1)c1ccc2c(c1)OCO2,decoy,EGFR_decoy_L027813,Cc1c(c([nH]c1C(=O)[C@H](C)OC(=O)c2cc3c(c(c2)Cl)OCO3)C)C(=O)C,DUD-E,EGFR,EGFR_DECOY_GE39646C605FFAF1DBA22,906442b72b2d8146cd9d6ed05169ba4da01dbf513cdf1a0a9605d33598c7fd8a,development_train,train,5
2183,C25425317,CCNC(=O)NC(=O)[C@@H](C)Nc1ccc2c(c1)c3ccccc3n2CC,CCNC(=O)NC(=O)[C@@H](C)Nc1ccc2c(c1)c1ccccc1n2CC,c1ccc2c(c1)[nH]c1ccccc12,decoy,EGFR_decoy_L002183,CCNC(=O)NC(=O)[C@@H](C)Nc1ccc2c(c1)c3ccccc3n2CC,DUD-E,EGFR,EGFR_DECOY_G45635DCACF39F5F0B3ED,93669bae98602e9043c2bab12b98493a90b9657b6d5fd359fff78526e7b1206d,development_train,train,3
21458,C09184127,CCCNC(=O)[C@H](C)c1ccc2c3cc(ccc3[nH]c2c1)Cl,CCCNC(=O)[C@H](C)c1ccc2c(c1)[nH]c1ccc(Cl)cc12,c1ccc2c(c1)[nH]c1ccccc12,decoy,EGFR_decoy_L021458,CCCNC(=O)[C@H](C)c1ccc2c3cc(ccc3[nH]c2c1)Cl,DUD-E,EGFR,EGFR_DECOY_G45635DCACF39F5F0B3ED,93669bae98602e9043c2bab12b98493a90b9657b6d5fd359fff78526e7b1206d,development_train,train,3
23372,C20644333,c1cc2c(cc1C(=O)NC[C@@H]3CCCO3)nc(n(c2=O)C[C@H]4CCCO4)SCC(=O)NC5CCCC5,O=C(CSc1nc2cc(C(=O)NC[C@@H]3CCCO3)ccc2c(=O)n1C[C@H]1CCCO1)NC1CCCC1,O=C(CSc1nc2cc(C(=O)NCC3CCCO3)ccc2c(=O)n1CC1CCCO1)NC1CCCC1,decoy,EGFR_decoy_L023372,c1cc2c(cc1C(=O)NC[C@@H]3CCCO3)nc(n(c2=O)C[C@H]4CCCO4)SCC(=O)NC5CCCC5,DUD-E,EGFR,EGFR_DECOY_GA6EAA015927A2EEF3135,93877039f55140725720dc827ea7584774fb41adc700867e3e7312c87516218d,development_train,train,1
30845,C00991464,CC(=O)/N=C/1\NC(=O)/C(=C/c2cccc(c2)OCc3ccc(cc3Cl)Cl)/S1,CC(=O)/N=C1\NC(=O)/C(=C/c2cccc(OCc3ccc(Cl)cc3Cl)c2)S1,N=C1NC(=O)C(=Cc2cccc(OCc3ccccc3)c2)S1,decoy,EGFR_decoy_L030845,CC(=O)/N=C/1\NC(=O)/C(=C/c2cccc(c2)OCc3ccc(cc3Cl)Cl)/S1,DUD-E,EGFR,EGFR_DECOY_G4973038ADBA9C25A9B4F,93ce2ce13596fe7759a682967db4c743c9bc3e7e7524dd542b9131c00f4b9d68,development_train,train,3
2922,C46585935,Cc1cc([nH+]c2c1c(c(s2)C(=O)OCC(=O)N(CCC#N)c3ccccc3F)N)C,Cc1cc(C)c2c(N)c(C(=O)OCC(=O)N(CCC#N)c3ccccc3F)sc2[nH+]1,O=C(COC(=O)c1cc2ccc[nH+]c2s1)Nc1ccccc1,decoy,EGFR_decoy_L002922,Cc1cc([nH+]c2c1c(c(s2)C(=O)OCC(=O)N(CCC#N)c3ccccc3F)N)C,DUD-E,EGFR,EGFR_DECOY_GFAB2D82B71C7C71AC71D,954c79053ae4b7f2577ec5ddcd177971b9ce08c7c34bb1e75324cdb87063f8e2,development_train,train,5
13581,C10644941,Cc1cc([nH+]c2c1c(c(s2)C(=O)OCC(=O)Nc3cc(ccc3Cl)[N+](=O)[O-])N)C,Cc1cc(C)c2c(N)c(C(=O)OCC(=O)Nc3cc([N+](=O)[O-])ccc3Cl)sc2[nH+]1,O=C(COC(=O)c1cc2ccc[nH+]c2s1)Nc1ccccc1,decoy,EGFR_decoy_L013581,Cc1cc([nH+]c2c1c(c(s2)C(=O)OCC(=O)Nc3cc(ccc3Cl)[N+](=O)[O-])N)C,DUD-E,EGFR,EGFR_DECOY_GFAB2D82B71C7C71AC71D,954c79053ae4b7f2577ec5ddcd177971b9ce08c7c34bb1e75324cdb87063f8e2,development_train,train,5
8151,C08728476,CC(=O)N1CCC(CC1)Nc2ccc(c[nH+]2)S(=O)(=O)N(Cc3ccccc3)Cc4ccccc4,CC(=O)N1CCC(Nc2ccc(S(=O)(=O)N(Cc3ccccc3)Cc3ccccc3)c[nH+]2)CC1,O=S(=O)(c1ccc(NC2CCNCC2)[nH+]c1)N(Cc1ccccc1)Cc1ccccc1,decoy,EGFR_decoy_L008151,CC(=O)N1CCC(CC1)Nc2ccc(c[nH+]2)S(=O)(=O)N(Cc3ccccc3)Cc4ccccc4,DUD-E,EGFR,EGFR_DECOY_G676D1FA761165484F77B,9583203a2d3e716f50259703bb50a027a01d34666ecb94eae2163a02d73052bf,development_train,train,2
15227,C47858288,CCSc1ccccc1NC(=O)N[C@H](C)c2ccc(cc2)NC(=O)NC3CC3,CCSc1ccccc1NC(=O)N[C@H](C)c1ccc(NC(=O)NC2CC2)cc1,O=C(NCc1ccc(NC(=O)NC2CC2)cc1)Nc1ccccc1,decoy,EGFR_decoy_L015227,CCSc1ccccc1NC(=O)N[C@H](C)c2ccc(cc2)NC(=O)NC3CC3,DUD-E,EGFR,EGFR_DECOY_G799690DF9CF834ACC50F,9592af37c520af6df473f5b0f2bdee50398e59022890c08d11e28ca49f93d0bf,development_train,train,3
18607,C08979900,CC(=O)c1ccc(cc1)N2CCN(CC2)C(=O)c3csc(n3)NC(=O)Nc4ccccc4,CC(=O)c1ccc(N2CCN(C(=O)c3csc(NC(=O)Nc4ccccc4)n3)CC2)cc1,O=C(Nc1ccccc1)Nc1nc(C(=O)N2CCN(c3ccccc3)CC2)cs1,decoy,EGFR_decoy_L018607,CC(=O)c1ccc(cc1)N2CCN(CC2)C(=O)c3csc(n3)NC(=O)Nc4ccccc4,DUD-E,EGFR,EGFR_DECOY_G6D592596A2A4AE86A158,961f0b42597d122f7d4625584fadf9d4b9d8237287b843674434a31524ad2219,development_train,train,3
31764,C12634786,CC(C)COC(=O)Nc1nc(cs1)CC(=O)N2CCN(CC2)c3ccc(cc3)Cl,CC(C)COC(=O)Nc1nc(CC(=O)N2CCN(c3ccc(Cl)cc3)CC2)cs1,O=C(Cc1cscn1)N1CCN(c2ccccc2)CC1,decoy,EGFR_decoy_L031764,CC(C)COC(=O)Nc1nc(cs1)CC(=O)N2CCN(CC2)c3ccc(cc3)Cl,DUD-E,EGFR,EGFR_DECOY_G2ACB4ADD100CF818CB6F,97f20cf6d2dab2ee6a0dcb8448492dbb17c92692d6ba203f0135663b6214e358,development_train,train,4
6345,C40980404,CCOC(=O)C1=C(Nc2nnnn2[C@@H]1c3c[nH]c4c3cccc4)CSc5nnc(s5)c6ccccc6,CCOC(=O)C1=C(CSc2nnc(-c3ccccc3)s2)Nc2nnnn2[C@@H]1c1c[nH]c2ccccc12,C1=C(CSc2nnc(-c3ccccc3)s2)Nc2nnnn2C1c1c[nH]c2ccccc12,decoy,EGFR_decoy_L006345,CCOC(=O)C1=C(Nc2nnnn2[C@@H]1c3c[nH]c4c3cccc4)CSc5nnc(s5)c6ccccc6,DUD-E,EGFR,EGFR_DECOY_GFA2368108470169A342B,98952ea14330ee96eee3dd15333764020a3b99e68e60093c8b1fe07061efc915,development_train,train,5
26849,C63623003,c1ccc2=[NH+]CC(=c2c1)C[C@@H](C(=O)OCC(=O)c3ccc(cc3)Br)NC(=O)c4ccco4,O=C(COC(=O)[C@H](CC1=c2ccccc2=[NH+]C1)NC(=O)c1ccco1)c1ccc(Br)cc1,O=C(COC(=O)C(CC1=c2ccccc2=[NH+]C1)NC(=O)c1ccco1)c1ccccc1,decoy,EGFR_decoy_L026849,c1ccc2=[NH+]CC(=c2c1)C[C@@H](C(=O)OCC(=O)c3ccc(cc3)Br)NC(=O)c4ccco4,DUD-E,EGFR,EGFR_DECOY_GA03081DCF2EB8EC16184,98b064862aec49dd575a522c157a4ec3436ceb70ac3575194c753aeffcac736e,development_train,train,1
26850,C63623006,c1ccc2=[NH+]CC(=c2c1)C[C@H](C(=O)OCC(=O)c3ccc(cc3)Br)NC(=O)c4ccco4,O=C(COC(=O)[C@@H](CC1=c2ccccc2=[NH+]C1)NC(=O)c1ccco1)c1ccc(Br)cc1,O=C(COC(=O)C(CC1=c2ccccc2=[NH+]C1)NC(=O)c1ccco1)c1ccccc1,decoy,EGFR_decoy_L026850,c1ccc2=[NH+]CC(=c2c1)C[C@H](C(=O)OCC(=O)c3ccc(cc3)Br)NC(=O)c4ccco4,DUD-E,EGFR,EGFR_DECOY_GA03081DCF2EB8EC16184,98b064862aec49dd575a522c157a4ec3436ceb70ac3575194c753aeffcac736e,development_train,train,1
4804,C12470145,Cc1c(n(c(c1C#N)NC(=O)COC(=O)CNC(=O)c2ccc(cc2Cl)Cl)C3CCCC3)C,Cc1c(C#N)c(NC(=O)COC(=O)CNC(=O)c2ccc(Cl)cc2Cl)n(C2CCCC2)c1C,O=C(COC(=O)CNC(=O)c1ccccc1)Nc1cccn1C1CCCC1,decoy,EGFR_decoy_L004804,Cc1c(n(c(c1C#N)NC(=O)COC(=O)CNC(=O)c2ccc(cc2Cl)Cl)C3CCCC3)C,DUD-E,EGFR,EGFR_DECOY_G42AAF66D3A0A35390AA0,992931e6768e0f5b904f74055a26f9406b6ec9e49752fd91d69ee4c4a00c8204,development_train,train,1
22707,C06887834,CC1CCN(CC1)c2ccc(cc2)NS(=O)(=O)c3cc(sc3)C(=O)N,CC1CCN(c2ccc(NS(=O)(=O)c3csc(C(N)=O)c3)cc2)CC1,O=S(=O)(Nc1ccc(N2CCCCC2)cc1)c1ccsc1,decoy,EGFR_decoy_L022707,CC1CCN(CC1)c2ccc(cc2)NS(=O)(=O)c3cc(sc3)C(=O)N,DUD-E,EGFR,EGFR_DECOY_G4C60D74BB71683F56EB6,99c4d9a28643c431638acccf5f8e6abeeffeaa85cdc66a35f96452989cd11193,development_train,train,4
12132,C21727408,Cc1ccc(cc1)c2nc3ccccc3c4n2c(nn4)S[C@@H](C)C(=O)NC[C@@H]5CCCO5,Cc1ccc(-c2nc3ccccc3c3nnc(S[C@@H](C)C(=O)NC[C@@H]4CCCO4)n23)cc1,O=C(CSc1nnc2c3ccccc3nc(-c3ccccc3)n12)NCC1CCCO1,decoy,EGFR_decoy_L012132,Cc1ccc(cc1)c2nc3ccccc3c4n2c(nn4)S[C@@H](C)C(=O)NC[C@@H]5CCCO5,DUD-E,EGFR,EGFR_DECOY_G61D629A7A9F06C6852B6,9b3b286f198530c2a8f215de3ae079ed45de1e285615470263a254baf50b170e,development_train,train,3
5787,C40036506,CCC[C@]1(Cc2ccccc2-c3c1c(=O)n(c(n3)N/N=C/c4cccc(c4)OCC=C)c5ccc(cc5)C)C,C=CCOc1cccc(/C=N/Nc2nc3c(c(=O)n2-c2ccc(C)cc2)[C@@](C)(CCC)Cc2ccccc2-3)c1,O=c1c2c(nc(NN=Cc3ccccc3)n1-c1ccccc1)-c1ccccc1CC2,decoy,EGFR_decoy_L005787,CCC[C@]1(Cc2ccccc2-c3c1c(=O)n(c(n3)N/N=C/c4cccc(c4)OCC=C)c5ccc(cc5)C)C,DUD-E,EGFR,EGFR_DECOY_GD6F6322D29E79086CCA7,9be7a251671de948197c78ba0a6906d752c98af62a6e5a407ce766bd349df24e,development_train,train,2
5831,C40033323,CCN(CC)c1ccc(cc1)/C=N/Nc2nc-3c(c(=O)n2c4ccc(cc4)OCC)C(Cc5c3cccc5)(C)C,CCOc1ccc(-n2c(N/N=C/c3ccc(N(CC)CC)cc3)nc3c(c2=O)C(C)(C)Cc2ccccc2-3)cc1,O=c1c2c(nc(NN=Cc3ccccc3)n1-c1ccccc1)-c1ccccc1CC2,decoy,EGFR_decoy_L005831,CCN(CC)c1ccc(cc1)/C=N/Nc2nc-3c(c(=O)n2c4ccc(cc4)OCC)C(Cc5c3cccc5)(C)C,DUD-E,EGFR,EGFR_DECOY_GD6F6322D29E79086CCA7,9be7a251671de948197c78ba0a6906d752c98af62a6e5a407ce766bd349df24e,development_train,train,2
5884,C40035850,CCCCCOc1ccc(cc1)/C=N/Nc2nc-3c(c(=O)n2c4ccc(cc4)C)[C@](Cc5c3cccc5)(C)CC,CCCCCOc1ccc(/C=N/Nc2nc3c(c(=O)n2-c2ccc(C)cc2)[C@](C)(CC)Cc2ccccc2-3)cc1,O=c1c2c(nc(NN=Cc3ccccc3)n1-c1ccccc1)-c1ccccc1CC2,decoy,EGFR_decoy_L005884,CCCCCOc1ccc(cc1)/C=N/Nc2nc-3c(c(=O)n2c4ccc(cc4)C)[C@](Cc5c3cccc5)(C)CC,DUD-E,EGFR,EGFR_DECOY_GD6F6322D29E79086CCA7,9be7a251671de948197c78ba0a6906d752c98af62a6e5a407ce766bd349df24e,development_train,train,2
5885,C40035948,CCC[C@]1(Cc2ccccc2-c3c1c(=O)n(c(n3)N/N=C/c4ccc(cc4)C(C)C)c5ccc(cc5)OCC)C,CCC[C@@]1(C)Cc2ccccc2-c2nc(N/N=C/c3ccc(C(C)C)cc3)n(-c3ccc(OCC)cc3)c(=O)c21,O=c1c2c(nc(NN=Cc3ccccc3)n1-c1ccccc1)-c1ccccc1CC2,decoy,EGFR_decoy_L005885,CCC[C@]1(Cc2ccccc2-c3c1c(=O)n(c(n3)N/N=C/c4ccc(cc4)C(C)C)c5ccc(cc5)OCC)C,DUD-E,EGFR,EGFR_DECOY_GD6F6322D29E79086CCA7,9be7a251671de948197c78ba0a6906d752c98af62a6e5a407ce766bd349df24e,development_train,train,2
5886,C40036510,CCC[C@]1(Cc2ccccc2-c3c1c(=O)n(c(n3)N/N=C/c4cccc(c4)OCCC(C)C)c5ccccc5)C,CCC[C@@]1(C)Cc2ccccc2-c2nc(N/N=C/c3cccc(OCCC(C)C)c3)n(-c3ccccc3)c(=O)c21,O=c1c2c(nc(NN=Cc3ccccc3)n1-c1ccccc1)-c1ccccc1CC2,decoy,EGFR_decoy_L005886,CCC[C@]1(Cc2ccccc2-c3c1c(=O)n(c(n3)N/N=C/c4cccc(c4)OCCC(C)C)c5ccccc5)C,DUD-E,EGFR,EGFR_DECOY_GD6F6322D29E79086CCA7,9be7a251671de948197c78ba0a6906d752c98af62a6e5a407ce766bd349df24e,development_train,train,2
5887,C40036539,CCCCCOc1ccc(cc1)/C=N/Nc2nc-3c(c(=O)n2c4ccccc4)[C@@](Cc5c3cccc5)(C)CCC,CCCCCOc1ccc(/C=N/Nc2nc3c(c(=O)n2-c2ccccc2)[C@@](C)(CCC)Cc2ccccc2-3)cc1,O=c1c2c(nc(NN=Cc3ccccc3)n1-c1ccccc1)-c1ccccc1CC2,decoy,EGFR_decoy_L005887,CCCCCOc1ccc(cc1)/C=N/Nc2nc-3c(c(=O)n2c4ccccc4)[C@@](Cc5c3cccc5)(C)CCC,DUD-E,EGFR,EGFR_DECOY_GD6F6322D29E79086CCA7,9be7a251671de948197c78ba0a6906d752c98af62a6e5a407ce766bd349df24e,development_train,train,2
5888,C40036559,CCCCCOc1ccccc1/C=N/Nc2nc-3c(c(=O)n2c4ccccc4)[C@@](Cc5c3cccc5)(C)CCC,CCCCCOc1ccccc1/C=N/Nc1nc2c(c(=O)n1-c1ccccc1)[C@@](C)(CCC)Cc1ccccc1-2,O=c1c2c(nc(NN=Cc3ccccc3)n1-c1ccccc1)-c1ccccc1CC2,decoy,EGFR_decoy_L005888,CCCCCOc1ccccc1/C=N/Nc2nc-3c(c(=O)n2c4ccccc4)[C@@](Cc5c3cccc5)(C)CCC,DUD-E,EGFR,EGFR_DECOY_GD6F6322D29E79086CCA7,9be7a251671de948197c78ba0a6906d752c98af62a6e5a407ce766bd349df24e,development_train,train,2
6392,C40036446,CCCCOc1ccccc1/C=N/Nc2nc-3c(c(=O)n2c4ccccc4)[C@](Cc5c3cccc5)(C)CCC,CCCCOc1ccccc1/C=N/Nc1nc2c(c(=O)n1-c1ccccc1)[C@](C)(CCC)Cc1ccccc1-2,O=c1c2c(nc(NN=Cc3ccccc3)n1-c1ccccc1)-c1ccccc1CC2,decoy,EGFR_decoy_L006392,CCCCOc1ccccc1/C=N/Nc2nc-3c(c(=O)n2c4ccccc4)[C@](Cc5c3cccc5)(C)CCC,DUD-E,EGFR,EGFR_DECOY_GD6F6322D29E79086CCA7,9be7a251671de948197c78ba0a6906d752c98af62a6e5a407ce766bd349df24e,development_train,train,2
6882,C40036213,CCC[C@@]1(Cc2ccccc2-c3c1c(=O)n(c(n3)N/N=C/c4ccc(cc4)N(CC)CC)c5ccc(cc5)C)C,CCC[C@]1(C)Cc2ccccc2-c2nc(N/N=C/c3ccc(N(CC)CC)cc3)n(-c3ccc(C)cc3)c(=O)c21,O=c1c2c(nc(NN=Cc3ccccc3)n1-c1ccccc1)-c1ccccc1CC2,decoy,EGFR_decoy_L006882,CCC[C@@]1(Cc2ccccc2-c3c1c(=O)n(c(n3)N/N=C/c4ccc(cc4)N(CC)CC)c5ccc(cc5)C)C,DUD-E,EGFR,EGFR_DECOY_GD6F6322D29E79086CCA7,9be7a251671de948197c78ba0a6906d752c98af62a6e5a407ce766bd349df24e,development_train,train,2
14939,C40035492,CC[C@]1(Cc2ccccc2-c3c1c(=O)n(c(n3)N/N=C/c4cccc(c4)O)c5ccccc5)C,CC[C@@]1(C)Cc2ccccc2-c2nc(N/N=C/c3cccc(O)c3)n(-c3ccccc3)c(=O)c21,O=c1c2c(nc(NN=Cc3ccccc3)n1-c1ccccc1)-c1ccccc1CC2,decoy,EGFR_decoy_L014939,CC[C@]1(Cc2ccccc2-c3c1c(=O)n(c(n3)N/N=C/c4cccc(c4)O)c5ccccc5)C,DUD-E,EGFR,EGFR_DECOY_GD6F6322D29E79086CCA7,9be7a251671de948197c78ba0a6906d752c98af62a6e5a407ce766bd349df24e,development_train,train,2
15038,C40035395,CC[C@@]1(Cc2ccccc2-c3c1c(=O)n(c(n3)N/N=C/c4ccc(c(c4)OC)O)c5ccc(cc5)C)C,CC[C@]1(C)Cc2ccccc2-c2nc(N/N=C/c3ccc(O)c(OC)c3)n(-c3ccc(C)cc3)c(=O)c21,O=c1c2c(nc(NN=Cc3ccccc3)n1-c1ccccc1)-c1ccccc1CC2,decoy,EGFR_decoy_L015038,CC[C@@]1(Cc2ccccc2-c3c1c(=O)n(c(n3)N/N=C/c4ccc(c(c4)OC)O)c5ccc(cc5)C)C,DUD-E,EGFR,EGFR_DECOY_GD6F6322D29E79086CCA7,9be7a251671de948197c78ba0a6906d752c98af62a6e5a407ce766bd349df24e,development_train,train,2
16038,C40033293,CCOc1ccc(cc1)n2c(=O)c3c(nc2N/N=C/c4ccc(cc4)O)-c5ccccc5CC3(C)C,CCOc1ccc(-n2c(N/N=C/c3ccc(O)cc3)nc3c(c2=O)C(C)(C)Cc2ccccc2-3)cc1,O=c1c2c(nc(NN=Cc3ccccc3)n1-c1ccccc1)-c1ccccc1CC2,decoy,EGFR_decoy_L016038,CCOc1ccc(cc1)n2c(=O)c3c(nc2N/N=C/c4ccc(cc4)O)-c5ccccc5CC3(C)C,DUD-E,EGFR,EGFR_DECOY_GD6F6322D29E79086CCA7,9be7a251671de948197c78ba0a6906d752c98af62a6e5a407ce766bd349df24e,development_train,train,2
7415,C12694288,C[C@@H]1Cc2ccccc2N1S(=O)(=O)c3cccc(c3)C(=O)NC[C@H](c4ccco4)[NH+]5CCCC5,C[C@@H]1Cc2ccccc2N1S(=O)(=O)c1cccc(C(=O)NC[C@H](c2ccco2)[NH+]2CCCC2)c1,O=C(NCC(c1ccco1)[NH+]1CCCC1)c1cccc(S(=O)(=O)N2CCc3ccccc32)c1,decoy,EGFR_decoy_L007415,C[C@@H]1Cc2ccccc2N1S(=O)(=O)c3cccc(c3)C(=O)NC[C@H](c4ccco4)[NH+]5CCCC5,DUD-E,EGFR,EGFR_DECOY_GC7926858536A1727646A,9cabdb160a21a98453a0c22e2113bb01ab85fe98788bbc6f741351ef101367d9,development_train,train,4
7436,C09640858,C[C@@H]1Cc2ccccc2N1S(=O)(=O)c3cccc(c3)C(=O)NC[C@@H](c4ccco4)[NH+]5CCCC5,C[C@@H]1Cc2ccccc2N1S(=O)(=O)c1cccc(C(=O)NC[C@@H](c2ccco2)[NH+]2CCCC2)c1,O=C(NCC(c1ccco1)[NH+]1CCCC1)c1cccc(S(=O)(=O)N2CCc3ccccc32)c1,decoy,EGFR_decoy_L007436,C[C@@H]1Cc2ccccc2N1S(=O)(=O)c3cccc(c3)C(=O)NC[C@@H](c4ccco4)[NH+]5CCCC5,DUD-E,EGFR,EGFR_DECOY_GC7926858536A1727646A,9cabdb160a21a98453a0c22e2113bb01ab85fe98788bbc6f741351ef101367d9,development_train,train,4
29088,C03504457,c1ccc2c(c1)CCN2S(=O)(=O)c3cc(ccc3Cl)C(=O)NC[C@@H](c4ccco4)[NH+]5CCCC5,O=C(NC[C@@H](c1ccco1)[NH+]1CCCC1)c1ccc(Cl)c(S(=O)(=O)N2CCc3ccccc32)c1,O=C(NCC(c1ccco1)[NH+]1CCCC1)c1cccc(S(=O)(=O)N2CCc3ccccc32)c1,decoy,EGFR_decoy_L029088,c1ccc2c(c1)CCN2S(=O)(=O)c3cc(ccc3Cl)C(=O)NC[C@@H](c4ccco4)[NH+]5CCCC5,DUD-E,EGFR,EGFR_DECOY_GC7926858536A1727646A,9cabdb160a21a98453a0c22e2113bb01ab85fe98788bbc6f741351ef101367d9,development_train,train,4
3505,C01064848,c1cc(cnc1)[C@@H]2C(=C3N=C(c4c5c(sc4N3C6=C2C(=O)CCC6)CCCCC5)N)C#N,N#CC1=C2N=C(N)c3c(sc4c3CCCCC4)N2C2=C(C(=O)CCC2)[C@@H]1c1cccnc1,O=C1CCCC2=C1C(c1cccnc1)C=C1N=Cc3c(sc4c3CCCCC4)N12,decoy,EGFR_decoy_L003505,c1cc(cnc1)[C@@H]2C(=C3N=C(c4c5c(sc4N3C6=C2C(=O)CCC6)CCCCC5)N)C#N,DUD-E,EGFR,EGFR_DECOY_GD5F77AE23D84A0FAC89C,9d8f1d2a30207026bf43a2e83d73f045cd9de5a5fd4ca7303e9fa1c41da28dce,development_train,train,4
1280,C24674355,C[C@@H](C1CC1)[NH+](Cc2ccccc2)CC(=O)NN3C(=O)C4(CCCCC4)NC3=O,C[C@@H](C1CC1)[NH+](CC(=O)NN1C(=O)NC2(CCCCC2)C1=O)Cc1ccccc1,O=C(C[NH+](Cc1ccccc1)CC1CC1)NN1C(=O)NC2(CCCCC2)C1=O,decoy,EGFR_decoy_L001280,C[C@@H](C1CC1)[NH+](Cc2ccccc2)CC(=O)NN3C(=O)C4(CCCCC4)NC3=O,DUD-E,EGFR,EGFR_DECOY_G3159FBB91153CD31FF54,9e471246f9674e9ec653096e5fee154e1352c9cc15e05623d002c08912ff4f3e,development_train,train,2
1281,C24674361,C[C@H](C1CC1)[NH+](Cc2ccccc2)CC(=O)NN3C(=O)C4(CCCCC4)NC3=O,C[C@H](C1CC1)[NH+](CC(=O)NN1C(=O)NC2(CCCCC2)C1=O)Cc1ccccc1,O=C(C[NH+](Cc1ccccc1)CC1CC1)NN1C(=O)NC2(CCCCC2)C1=O,decoy,EGFR_decoy_L001281,C[C@H](C1CC1)[NH+](Cc2ccccc2)CC(=O)NN3C(=O)C4(CCCCC4)NC3=O,DUD-E,EGFR,EGFR_DECOY_G3159FBB91153CD31FF54,9e471246f9674e9ec653096e5fee154e1352c9cc15e05623d002c08912ff4f3e,development_train,train,2
18001,C01903361,Cc1ccc(cc1S(=O)(=O)N2CCCCC2)c3c4ccccc4/c(=N/c5ccc(c(c5)Cl)Cl)/[nH]n3,Cc1ccc(-c2n[nH]/c(=N\c3ccc(Cl)c(Cl)c3)c3ccccc23)cc1S(=O)(=O)N1CCCCC1,O=S(=O)(c1cccc(-c2n[nH]c(=Nc3ccccc3)c3ccccc23)c1)N1CCCCC1,decoy,EGFR_decoy_L018001,Cc1ccc(cc1S(=O)(=O)N2CCCCC2)c3c4ccccc4/c(=N/c5ccc(c(c5)Cl)Cl)/[nH]n3,DUD-E,EGFR,EGFR_DECOY_G3B2125134B02EA224EDF,a0cda44cef3314f97cdec578dfa0968d019dce31a463ce9fdc31740cc94c3df0,development_train,train,1
34541,C56788822,c1cc(ccc1c2csnn2)NC(=O)NCCC(=O)NC3CCCCC3,O=C(CCNC(=O)Nc1ccc(-c2csnn2)cc1)NC1CCCCC1,O=C(CCNC(=O)Nc1ccc(-c2csnn2)cc1)NC1CCCCC1,decoy,EGFR_decoy_L034541,c1cc(ccc1c2csnn2)NC(=O)NCCC(=O)NC3CCCCC3,DUD-E,EGFR,EGFR_DECOY_GF638009A9E03978F01D7,a51f25094e9cfa9977c3d937e7d136505b3fae234cf96a0ec75445857dcb9510,development_train,train,1
5175,C12710776,CC[NH+](CC)CCCN(Cc1cc2cc3c(cc2[nH]c1=O)OCO3)C(=O)NC4CCCCC4,CC[NH+](CC)CCCN(Cc1cc2cc3c(cc2[nH]c1=O)OCO3)C(=O)NC1CCCCC1,O=C(NCc1cc2cc3c(cc2[nH]c1=O)OCO3)NC1CCCCC1,decoy,EGFR_decoy_L005175,CC[NH+](CC)CCCN(Cc1cc2cc3c(cc2[nH]c1=O)OCO3)C(=O)NC4CCCCC4,DUD-E,EGFR,EGFR_DECOY_G16BEBEED4B1CA4768971,a584baa1341508f9dd731355de58b0b3ca2642130515e627c7517d931a715294,development_train,train,5
24425,C23325997,Cc1cccc(c1)C[NH+]2CCN(CC2)CN3C(=O)[C@@](NC3=O)(C)CCc4ccc(cc4)OC(F)F,Cc1cccc(C[NH+]2CCN(CN3C(=O)N[C@](C)(CCc4ccc(OC(F)F)cc4)C3=O)CC2)c1,O=C1NC(CCc2ccccc2)C(=O)N1CN1CC[NH+](Cc2ccccc2)CC1,decoy,EGFR_decoy_L024425,Cc1cccc(c1)C[NH+]2CCN(CC2)CN3C(=O)[C@@](NC3=O)(C)CCc4ccc(cc4)OC(F)F,DUD-E,EGFR,EGFR_DECOY_G81A48AA57843C265EB32,a9fdaa2118ec9697da3e243959ddcce6d9b5e803da15a97ca5fdb729256aa807,development_train,train,5
12823,C21142752,C[C@H](C(=O)Nc1ccccc1C(=O)Nc2nccs2)Oc3ccc(cc3)I,C[C@@H](Oc1ccc(I)cc1)C(=O)Nc1ccccc1C(=O)Nc1nccs1,O=C(COc1ccccc1)Nc1ccccc1C(=O)Nc1nccs1,decoy,EGFR_decoy_L012823,C[C@H](C(=O)Nc1ccccc1C(=O)Nc2nccs2)Oc3ccc(cc3)I,DUD-E,EGFR,EGFR_DECOY_G05875DE3B0231AC7E5D1,aaf80ebc734cedaee1e667dfc4040f149fa85ecee39f9603013b9603ca7f1b13,development_train,train,5
13064,C01055491,Cc1c(sc(c1C(=O)Nc2ccccc2OC)NC(=O)Cc3ccc(cc3)[N+](=O)[O-])C,COc1ccccc1NC(=O)c1c(NC(=O)Cc2ccc([N+](=O)[O-])cc2)sc(C)c1C,O=C(Cc1ccccc1)Nc1sccc1C(=O)Nc1ccccc1,decoy,EGFR_decoy_L013064,Cc1c(sc(c1C(=O)Nc2ccccc2OC)NC(=O)Cc3ccc(cc3)[N+](=O)[O-])C,DUD-E,EGFR,EGFR_DECOY_G3E8C1D28363638E70E25,abc524d5c3f11703f58866e06c1b60acb373dfa8d695d700fda67721ca526bb1,development_train,train,1
22555,C09124843,C[C@H]1CCCC[C@@H]1NC(=O)NC(=O)CN2C(=O)C(NC2=O)(c3ccccc3)c4ccccc4,C[C@H]1CCCC[C@@H]1NC(=O)NC(=O)CN1C(=O)NC(c2ccccc2)(c2ccccc2)C1=O,O=C(CN1C(=O)NC(c2ccccc2)(c2ccccc2)C1=O)NC(=O)NC1CCCCC1,decoy,EGFR_decoy_L022555,C[C@H]1CCCC[C@@H]1NC(=O)NC(=O)CN2C(=O)C(NC2=O)(c3ccccc3)c4ccccc4,DUD-E,EGFR,EGFR_DECOY_G4C28AA6570CB5225A95B,ad1545ce080db8f784326244f3c8b42340bed442c3315fc069b3bd104c6d4605,development_train,train,1
20475,C19973101,Cc1cccc2c1[nH]c(=O)c(c2)[C@H](c3nnnn3Cc4ccccc4)N(Cc5ccccc5)Cc6cccnc6,Cc1cccc2cc([C@H](c3nnnn3Cc3ccccc3)N(Cc3ccccc3)Cc3cccnc3)c(=O)[nH]c12,O=c1[nH]c2ccccc2cc1C(c1nnnn1Cc1ccccc1)N(Cc1ccccc1)Cc1cccnc1,decoy,EGFR_decoy_L020475,Cc1cccc2c1[nH]c(=O)c(c2)[C@H](c3nnnn3Cc4ccccc4)N(Cc5ccccc5)Cc6cccnc6,DUD-E,EGFR,EGFR_DECOY_G8D4D0855B6D21D08821D,ad24e9924bbf2f8bc085ff8e6c97e297a1c823db223786efaf0918dd8226942a,development_train,train,5
19359,C17040323,CC1([NH+]=C(N=C(N1c2ccc(cc2)CCC(=O)CCl)N)N)C,CC1(C)[NH+]=C(N)N=C(N)N1c1ccc(CCC(=O)CCl)cc1,C1=NC=[NH+]CN1c1ccccc1,decoy,EGFR_decoy_L019359,CC1([NH+]=C(N=C(N1c2ccc(cc2)CCC(=O)CCl)N)N)C,DUD-E,EGFR,EGFR_DECOY_G154AABB51A0990A51A8A,ae760f340f3da43b6b4a6327a4f1dcc5a8b677cd6b7c161fa1bd89cbe72b621e,development_train,train,4
19393,C16955318,CCN(CC)C(=O)Cc1ccc(cc1)N2C(=NC(=[NH+]C2(C)C)N)N,CCN(CC)C(=O)Cc1ccc(N2C(N)=NC(N)=[NH+]C2(C)C)cc1,C1=NC=[NH+]CN1c1ccccc1,decoy,EGFR_decoy_L019393,CCN(CC)C(=O)Cc1ccc(cc1)N2C(=NC(=[NH+]C2(C)C)N)N,DUD-E,EGFR,EGFR_DECOY_G154AABB51A0990A51A8A,ae760f340f3da43b6b4a6327a4f1dcc5a8b677cd6b7c161fa1bd89cbe72b621e,development_train,train,4
23530,C03282226,Cc1cc(nc(n1)SCc2ccc(cc2)C(=O)N/N=C/c3ccc(cc3)C(=O)[O-])C,Cc1cc(C)nc(SCc2ccc(C(=O)N/N=C/c3ccc(C(=O)[O-])cc3)cc2)n1,O=C(NN=Cc1ccccc1)c1ccc(CSc2ncccn2)cc1,decoy,EGFR_decoy_L023530,Cc1cc(nc(n1)SCc2ccc(cc2)C(=O)N/N=C/c3ccc(cc3)C(=O)[O-])C,DUD-E,EGFR,EGFR_DECOY_G5391792536A7AF2F898A,aed601c5b04deb16f71c3b6faa5d25b4fbfee500036c9867eb997b901cb00c01,development_train,train,4
22931,C47879580,Cc1nnc(o1)c2ccccc2NC(=O)N3CCN(CC3)c4ccccc4O,Cc1nnc(-c2ccccc2NC(=O)N2CCN(c3ccccc3O)CC2)o1,O=C(Nc1ccccc1-c1nnco1)N1CCN(c2ccccc2)CC1,decoy,EGFR_decoy_L022931,Cc1nnc(o1)c2ccccc2NC(=O)N3CCN(CC3)c4ccccc4O,DUD-E,EGFR,EGFR_DECOY_G6A8174005420D6178ADE,aefe13d57ca3044658abcdabf785ad7e0987e6afb9c64f04f9866354223f2639,development_train,train,2
23532,C38740705,CCc1c(nc(nc1[O-])n2c(cc(n2)C)NC(=O)Cc3ccc(cc3)SC(C)C)C,CCc1c(C)nc(-n2nc(C)cc2NC(=O)Cc2ccc(SC(C)C)cc2)nc1[O-],O=C(Cc1ccccc1)Nc1ccnn1-c1ncccn1,decoy,EGFR_decoy_L023532,CCc1c(nc(nc1[O-])n2c(cc(n2)C)NC(=O)Cc3ccc(cc3)SC(C)C)C,DUD-E,EGFR,EGFR_DECOY_G2E800CCFFEDA8C8750B8,af22c79cca1a0899e79b96368218421766ce1776c16d928ba585cb45aaadaf5f,development_train,train,3
14758,C12635876,Cc1ccc2cc3cc(sc3nc2c1)C(=O)N(CC(=O)NC4CCCC4)C5CCCC5,Cc1ccc2cc3cc(C(=O)N(CC(=O)NC4CCCC4)C4CCCC4)sc3nc2c1,O=C(CN(C(=O)c1cc2cc3ccccc3nc2s1)C1CCCC1)NC1CCCC1,decoy,EGFR_decoy_L014758,Cc1ccc2cc3cc(sc3nc2c1)C(=O)N(CC(=O)NC4CCCC4)C5CCCC5,DUD-E,EGFR,EGFR_DECOY_G19ACF65EC602E6BA8747,b162d9e9b1a9b312dd817a10cc36324b2213a9901baea8e62bd2c49dc15022a3,development_train,train,5
1958,C35452772,CC[C@H](C)Nc1cc2c(cc1N)OCC(=O)N2,CC[C@H](C)Nc1cc2c(cc1N)OCC(=O)N2,O=C1COc2ccccc2N1,decoy,EGFR_decoy_L001958,CC[C@H](C)Nc1cc2c(cc1N)OCC(=O)N2,DUD-E,EGFR,EGFR_DECOY_GF0E572B7C800BA69EB4A,b180bd0ebb9d6980f03b07825ed0a7ce46d095fb82d96ffd0bec391e0bfb1a3c,development_train,train,1
1959,C35452781,CCC(CC)Nc1cc2c(cc1N)OCC(=O)N2,CCC(CC)Nc1cc2c(cc1N)OCC(=O)N2,O=C1COc2ccccc2N1,decoy,EGFR_decoy_L001959,CCC(CC)Nc1cc2c(cc1N)OCC(=O)N2,DUD-E,EGFR,EGFR_DECOY_GF0E572B7C800BA69EB4A,b180bd0ebb9d6980f03b07825ed0a7ce46d095fb82d96ffd0bec391e0bfb1a3c,development_train,train,1
1960,C35452835,CC(C)CCNc1cc2c(cc1N)OCC(=O)N2,CC(C)CCNc1cc2c(cc1N)OCC(=O)N2,O=C1COc2ccccc2N1,decoy,EGFR_decoy_L001960,CC(C)CCNc1cc2c(cc1N)OCC(=O)N2,DUD-E,EGFR,EGFR_DECOY_GF0E572B7C800BA69EB4A,b180bd0ebb9d6980f03b07825ed0a7ce46d095fb82d96ffd0bec391e0bfb1a3c,development_train,train,1
4496,C66730140,C[C@H](c1ccc2c(c1)NC(=O)CO2)OC(=O)[C@H](C(C)C)NC(=O)OC,COC(=O)N[C@H](C(=O)O[C@H](C)c1ccc2c(c1)NC(=O)CO2)C(C)C,O=C1COc2ccccc2N1,decoy,EGFR_decoy_L004496,C[C@H](c1ccc2c(c1)NC(=O)CO2)OC(=O)[C@H](C(C)C)NC(=O)OC,DUD-E,EGFR,EGFR_DECOY_GF0E572B7C800BA69EB4A,b180bd0ebb9d6980f03b07825ed0a7ce46d095fb82d96ffd0bec391e0bfb1a3c,development_train,train,1
13850,C62564296,Cc1c(c(c(c2c1NC(=O)[C@H](O2)C(C)C)C)Br)C,Cc1c(C)c2c(c(C)c1Br)O[C@H](C(C)C)C(=O)N2,O=C1COc2ccccc2N1,decoy,EGFR_decoy_L013850,Cc1c(c(c(c2c1NC(=O)[C@H](O2)C(C)C)C)Br)C,DUD-E,EGFR,EGFR_DECOY_GF0E572B7C800BA69EB4A,b180bd0ebb9d6980f03b07825ed0a7ce46d095fb82d96ffd0bec391e0bfb1a3c,development_train,train,1
16095,C62561790,CCc1cc(cc2c1O[C@@H](C(=O)N2)C(C)C)Br,CCc1cc(Br)cc2c1O[C@H](C(C)C)C(=O)N2,O=C1COc2ccccc2N1,decoy,EGFR_decoy_L016095,CCc1cc(cc2c1O[C@@H](C(=O)N2)C(C)C)Br,DUD-E,EGFR,EGFR_DECOY_GF0E572B7C800BA69EB4A,b180bd0ebb9d6980f03b07825ed0a7ce46d095fb82d96ffd0bec391e0bfb1a3c,development_train,train,1
16101,C05175361,C[C@H]1C(=O)Nc2cc(ccc2O1)C(=O)[C@H](C)Cl,C[C@H](Cl)C(=O)c1ccc2c(c1)NC(=O)[C@H](C)O2,O=C1COc2ccccc2N1,decoy,EGFR_decoy_L016101,C[C@H]1C(=O)Nc2cc(ccc2O1)C(=O)[C@H](C)Cl,DUD-E,EGFR,EGFR_DECOY_GF0E572B7C800BA69EB4A,b180bd0ebb9d6980f03b07825ed0a7ce46d095fb82d96ffd0bec391e0bfb1a3c,development_train,train,1
19020,C42579108,CC(C)CN(c1cc2c(cc1N)OCC(=O)N2)C(C)C,CC(C)CN(c1cc2c(cc1N)OCC(=O)N2)C(C)C,O=C1COc2ccccc2N1,decoy,EGFR_decoy_L019020,CC(C)CN(c1cc2c(cc1N)OCC(=O)N2)C(C)C,DUD-E,EGFR,EGFR_DECOY_GF0E572B7C800BA69EB4A,b180bd0ebb9d6980f03b07825ed0a7ce46d095fb82d96ffd0bec391e0bfb1a3c,development_train,train,1
19304,C33502029,CCC[C@H](c1ccc2c(c1)N(C(=O)[C@H](O2)CC)CC(=O)N)[NH3+],CCC[C@@H]([NH3+])c1ccc2c(c1)N(CC(N)=O)C(=O)[C@@H](CC)O2,O=C1COc2ccccc2N1,decoy,EGFR_decoy_L019304,CCC[C@H](c1ccc2c(c1)N(C(=O)[C@H](O2)CC)CC(=O)N)[NH3+],DUD-E,EGFR,EGFR_DECOY_GF0E572B7C800BA69EB4A,b180bd0ebb9d6980f03b07825ed0a7ce46d095fb82d96ffd0bec391e0bfb1a3c,development_train,train,1
19305,C33502036,CC[C@@H]1C(=O)N(c2cc(ccc2O1)[C@H](C(C)C)[NH3+])CC(=O)N,CC[C@H]1Oc2ccc([C@@H]([NH3+])C(C)C)cc2N(CC(N)=O)C1=O,O=C1COc2ccccc2N1,decoy,EGFR_decoy_L019305,CC[C@@H]1C(=O)N(c2cc(ccc2O1)[C@H](C(C)C)[NH3+])CC(=O)N,DUD-E,EGFR,EGFR_DECOY_GF0E572B7C800BA69EB4A,b180bd0ebb9d6980f03b07825ed0a7ce46d095fb82d96ffd0bec391e0bfb1a3c,development_train,train,1
19905,C02066523,Cc1ccc2c(c1)O[C@@](C(=O)N2)(C(F)(F)F)O,Cc1ccc2c(c1)O[C@](O)(C(F)(F)F)C(=O)N2,O=C1COc2ccccc2N1,decoy,EGFR_decoy_L019905,Cc1ccc2c(c1)O[C@@](C(=O)N2)(C(F)(F)F)O,DUD-E,EGFR,EGFR_DECOY_GF0E572B7C800BA69EB4A,b180bd0ebb9d6980f03b07825ed0a7ce46d095fb82d96ffd0bec391e0bfb1a3c,development_train,train,1
19913,C20275571,CCN1c2cc(ccc2OC(C1=O)(C)C)N,CCN1C(=O)C(C)(C)Oc2ccc(N)cc21,O=C1COc2ccccc2N1,decoy,EGFR_decoy_L019913,CCN1c2cc(ccc2OC(C1=O)(C)C)N,DUD-E,EGFR,EGFR_DECOY_GF0E572B7C800BA69EB4A,b180bd0ebb9d6980f03b07825ed0a7ce46d095fb82d96ffd0bec391e0bfb1a3c,development_train,train,1
19943,C62534758,CN1c2cc(cc(c2OCC1=O)N)C(F)(F)F,CN1C(=O)COc2c(N)cc(C(F)(F)F)cc21,O=C1COc2ccccc2N1,decoy,EGFR_decoy_L019943,CN1c2cc(cc(c2OCC1=O)N)C(F)(F)F,DUD-E,EGFR,EGFR_DECOY_GF0E572B7C800BA69EB4A,b180bd0ebb9d6980f03b07825ed0a7ce46d095fb82d96ffd0bec391e0bfb1a3c,development_train,train,1
19944,C62534977,CN1c2c(cc(c(c2OCC1=O)Cl)N)Cl,CN1C(=O)COc2c(Cl)c(N)cc(Cl)c21,O=C1COc2ccccc2N1,decoy,EGFR_decoy_L019944,CN1c2c(cc(c(c2OCC1=O)Cl)N)Cl,DUD-E,EGFR,EGFR_DECOY_GF0E572B7C800BA69EB4A,b180bd0ebb9d6980f03b07825ed0a7ce46d095fb82d96ffd0bec391e0bfb1a3c,development_train,train,1
19945,C62535935,CC[C@@H]1C(=O)N(c2cc(cc(c2O1)C(C)C)N)C,CC[C@H]1Oc2c(C(C)C)cc(N)cc2N(C)C1=O,O=C1COc2ccccc2N1,decoy,EGFR_decoy_L019945,CC[C@@H]1C(=O)N(c2cc(cc(c2O1)C(C)C)N)C,DUD-E,EGFR,EGFR_DECOY_GF0E572B7C800BA69EB4A,b180bd0ebb9d6980f03b07825ed0a7ce46d095fb82d96ffd0bec391e0bfb1a3c,development_train,train,1
21754,C35453252,CCCCCN(C)c1cc2c(cc1N)OCC(=O)N2,CCCCCN(C)c1cc2c(cc1N)OCC(=O)N2,O=C1COc2ccccc2N1,decoy,EGFR_decoy_L021754,CCCCCN(C)c1cc2c(cc1N)OCC(=O)N2,DUD-E,EGFR,EGFR_DECOY_GF0E572B7C800BA69EB4A,b180bd0ebb9d6980f03b07825ed0a7ce46d095fb82d96ffd0bec391e0bfb1a3c,development_train,train,1
23813,C19959949,CC[C@@H](C)NC(=O)CN1c2cc(ccc2O[C@H](C1=O)C)C(=O)CC,CCC(=O)c1ccc2c(c1)N(CC(=O)N[C@H](C)CC)C(=O)[C@H](C)O2,O=C1COc2ccccc2N1,decoy,EGFR_decoy_L023813,CC[C@@H](C)NC(=O)CN1c2cc(ccc2O[C@H](C1=O)C)C(=O)CC,DUD-E,EGFR,EGFR_DECOY_GF0E572B7C800BA69EB4A,b180bd0ebb9d6980f03b07825ed0a7ce46d095fb82d96ffd0bec391e0bfb1a3c,development_train,train,1
27465,C20275817,CCCC(=O)c1ccc2c(c1)N(C(=O)C(O2)(C)C)CCC(C)C,CCCC(=O)c1ccc2c(c1)N(CCC(C)C)C(=O)C(C)(C)O2,O=C1COc2ccccc2N1,decoy,EGFR_decoy_L027465,CCCC(=O)c1ccc2c(c1)N(C(=O)C(O2)(C)C)CCC(C)C,DUD-E,EGFR,EGFR_DECOY_GF0E572B7C800BA69EB4A,b180bd0ebb9d6980f03b07825ed0a7ce46d095fb82d96ffd0bec391e0bfb1a3c,development_train,train,1
27489,C58005380,CCCN1c2cc(ccc2OC(C1=O)(CC)CC)C(=O)CC,CCCN1C(=O)C(CC)(CC)Oc2ccc(C(=O)CC)cc21,O=C1COc2ccccc2N1,decoy,EGFR_decoy_L027489,CCCN1c2cc(ccc2OC(C1=O)(CC)CC)C(=O)CC,DUD-E,EGFR,EGFR_DECOY_GF0E572B7C800BA69EB4A,b180bd0ebb9d6980f03b07825ed0a7ce46d095fb82d96ffd0bec391e0bfb1a3c,development_train,train,1
32414,C20276603,CCCCN1c2cc(ccc2O[C@H](C1=O)C(C)C)C(=O)CCl,CCCCN1C(=O)[C@H](C(C)C)Oc2ccc(C(=O)CCl)cc21,O=C1COc2ccccc2N1,decoy,EGFR_decoy_L032414,CCCCN1c2cc(ccc2O[C@H](C1=O)C(C)C)C(=O)CCl,DUD-E,EGFR,EGFR_DECOY_GF0E572B7C800BA69EB4A,b180bd0ebb9d6980f03b07825ed0a7ce46d095fb82d96ffd0bec391e0bfb1a3c,development_train,train,1
33805,C11757393,CCN1c2cc(ccc2O[C@H](C1=O)C)C(=O)CCl,CCN1C(=O)[C@H](C)Oc2ccc(C(=O)CCl)cc21,O=C1COc2ccccc2N1,decoy,EGFR_decoy_L033805,CCN1c2cc(ccc2O[C@H](C1=O)C)C(=O)CCl,DUD-E,EGFR,EGFR_DECOY_GF0E572B7C800BA69EB4A,b180bd0ebb9d6980f03b07825ed0a7ce46d095fb82d96ffd0bec391e0bfb1a3c,development_train,train,1
33811,C19960625,CC(C)CN1c2cc(ccc2OCC1=O)C(=O)C,CC(=O)c1ccc2c(c1)N(CC(C)C)C(=O)CO2,O=C1COc2ccccc2N1,decoy,EGFR_decoy_L033811,CC(C)CN1c2cc(ccc2OCC1=O)C(=O)C,DUD-E,EGFR,EGFR_DECOY_GF0E572B7C800BA69EB4A,b180bd0ebb9d6980f03b07825ed0a7ce46d095fb82d96ffd0bec391e0bfb1a3c,development_train,train,1
17448,C09059568,Cc1c([nH]c[nH+]1)CSCCN/C(=C\2/C(=NN(C2=O)c3ccccc3)c4ccc(cc4)OC)/C,COc1ccc(C2=NN(c3ccccc3)C(=O)/C2=C(/C)NCCSCc2[nH]c[nH+]c2C)cc1,O=C1C(=CNCCSCc2c[nH+]c[nH]2)C(c2ccccc2)=NN1c1ccccc1,decoy,EGFR_decoy_L017448,Cc1c([nH]c[nH+]1)CSCCN/C(=C\2/C(=NN(C2=O)c3ccccc3)c4ccc(cc4)OC)/C,DUD-E,EGFR,EGFR_DECOY_GC5760C122558E26FA73F,b1fbf918bc0e971895a7ad3ac8af027b9c80d7730a53bdad7873197ec285a1c7,development_train,train,4
566,C14511807,c1cc(ccc1c2ccc(s2)C(=O)NNC(=O)CCc3ncc(o3)c4ccc(cc4)F)F,O=C(CCc1ncc(-c2ccc(F)cc2)o1)NNC(=O)c1ccc(-c2ccc(F)cc2)s1,O=C(CCc1ncc(-c2ccccc2)o1)NNC(=O)c1ccc(-c2ccccc2)s1,decoy,EGFR_decoy_L000566,c1cc(ccc1c2ccc(s2)C(=O)NNC(=O)CCc3ncc(o3)c4ccc(cc4)F)F,DUD-E,EGFR,EGFR_DECOY_G2A8A380279F1CDA87CD2,b27552d8436fe3f902e3c95f03c50450fb6b3befde44d081511ff2bbfe4f0370,development_train,train,3
13115,C39521810,CON1[C@H](CCC[C@@]12CCC[C@@H](C2)Cc3ccccc3)O,CON1[C@@H](O)CCC[C@@]12CCC[C@H](Cc1ccccc1)C2,c1ccc(CC2CCCC3(CCCCN3)C2)cc1,decoy,EGFR_decoy_L013115,CON1[C@H](CCC[C@@]12CCC[C@@H](C2)Cc3ccccc3)O,DUD-E,EGFR,EGFR_DECOY_G8B87F2FC0875F38CAFED,b4eb0cbf62845f6cb854b7f23984d63e82f724261f40ba63de4eb2945d79d05d,development_train,train,4
3941,C12926832,Cc1c(sc2c1c(=O)[nH]c(n2)CC(=O)NC[C@@H](c3ccc(cc3)OC)[NH+]4CCCC4)C,COc1ccc([C@H](CNC(=O)Cc2nc3sc(C)c(C)c3c(=O)[nH]2)[NH+]2CCCC2)cc1,O=C(Cc1nc2sccc2c(=O)[nH]1)NCC(c1ccccc1)[NH+]1CCCC1,decoy,EGFR_decoy_L003941,Cc1c(sc2c1c(=O)[nH]c(n2)CC(=O)NC[C@@H](c3ccc(cc3)OC)[NH+]4CCCC4)C,DUD-E,EGFR,EGFR_DECOY_GFD23F543CE4C55CE1C64,b5c95e4f8a2dfc88d0597b9bb8b9ac6be24846ff918864a976e724112c091265,development_train,train,3
31321,C21642713,Cc1ccc(cc1)[C@@H](c2cccs2)NC(=O)c3ccc(=O)n(n3)CCOc4ccccc4,Cc1ccc([C@H](NC(=O)c2ccc(=O)n(CCOc3ccccc3)n2)c2cccs2)cc1,O=C(NC(c1ccccc1)c1cccs1)c1ccc(=O)n(CCOc2ccccc2)n1,decoy,EGFR_decoy_L031321,Cc1ccc(cc1)[C@@H](c2cccs2)NC(=O)c3ccc(=O)n(n3)CCOc4ccccc4,DUD-E,EGFR,EGFR_DECOY_GA3FF6E773BE9B655F99B,b695afbf4c62c56cb5576e3cb1946a71f24ef5a6639377f39329dc93fe142c75,development_train,train,3
3830,C43410388,CN(c1c(cc2c(n1)CCCC2)C(=[NH2+])N)C3CCCC3,CN(c1nc2c(cc1C(N)=[NH2+])CCCC2)C1CCCC1,c1cc2c(nc1NC1CCCC1)CCCC2,decoy,EGFR_decoy_L003830,CN(c1c(cc2c(n1)CCCC2)C(=[NH2+])N)C3CCCC3,DUD-E,EGFR,EGFR_DECOY_GFED9AB955348C5E449E2,b71c29874804e46e4c651aaff5bb7f0176098e4429237b8bcc2cf42f294daf33,development_train,train,3
26662,C21263302,CC1(CC(CC([NH2+]1)(C)C)NC(=S)N(Cc2ccc3c(c2)OCO3)C[C@@H]4CCCO4)C,CC1(C)CC(NC(=S)N(Cc2ccc3c(c2)OCO3)C[C@@H]2CCCO2)CC(C)(C)[NH2+]1,S=C(NC1CC[NH2+]CC1)N(Cc1ccc2c(c1)OCO2)CC1CCCO1,decoy,EGFR_decoy_L026662,CC1(CC(CC([NH2+]1)(C)C)NC(=S)N(Cc2ccc3c(c2)OCO3)C[C@@H]4CCCO4)C,DUD-E,EGFR,EGFR_DECOY_GFCF2336AFF2DE243E6A5,b87e9d46ab8e4727230365c878627999e87b1ab9a84da75676f7c09d31b345ed,development_train,train,2
19408,C06286419,CCc1ccccc1NC(=S)N(Cc2cccnc2)C3CC([NH2+]C(C3)(C)C)(C)C,CCc1ccccc1NC(=S)N(Cc1cccnc1)C1CC(C)(C)[NH2+]C(C)(C)C1,S=C(Nc1ccccc1)N(Cc1cccnc1)C1CC[NH2+]CC1,decoy,EGFR_decoy_L019408,CCc1ccccc1NC(=S)N(Cc2cccnc2)C3CC([NH2+]C(C3)(C)C)(C)C,DUD-E,EGFR,EGFR_DECOY_GBC5EDFF68B440B764D2A,b8a8cbefdd451ea88bca18459bbafd13ec7071f65d451dfca9582cec8f5c5f29,development_train,train,3
19439,C59188281,CCc1cccc(c1NC(=S)N(Cc2cccnc2)C3CC([NH2+]C(C3)(C)C)(C)C)C,CCc1cccc(C)c1NC(=S)N(Cc1cccnc1)C1CC(C)(C)[NH2+]C(C)(C)C1,S=C(Nc1ccccc1)N(Cc1cccnc1)C1CC[NH2+]CC1,decoy,EGFR_decoy_L019439,CCc1cccc(c1NC(=S)N(Cc2cccnc2)C3CC([NH2+]C(C3)(C)C)(C)C)C,DUD-E,EGFR,EGFR_DECOY_GBC5EDFF68B440B764D2A,b8a8cbefdd451ea88bca18459bbafd13ec7071f65d451dfca9582cec8f5c5f29,development_train,train,3
15933,C05791030,CCOC(=O)c1c2c(sc1NC3=[NH+]C4(CCCCC4)Cc5c3cccc5)CCCC2,CCOC(=O)c1c(NC2=[NH+]C3(CCCCC3)Cc3ccccc32)sc2c1CCCC2,c1ccc2c(c1)CC1(CCCCC1)[NH+]=C2Nc1cc2c(s1)CCCC2,decoy,EGFR_decoy_L015933,CCOC(=O)c1c2c(sc1NC3=[NH+]C4(CCCCC4)Cc5c3cccc5)CCCC2,DUD-E,EGFR,EGFR_DECOY_GEAB4DC5D94CB49913D21,ba362a4329e7eb79996748c51e70c723c62a4a8918bc4b5726e94798a0fd5264,development_train,train,2
32785,C38497745,Cc1ccc(cc1NC(=O)Cc2cc(on2)c3cc4ccccc4o3)Cl,Cc1ccc(Cl)cc1NC(=O)Cc1cc(-c2cc3ccccc3o2)on1,O=C(Cc1cc(-c2cc3ccccc3o2)on1)Nc1ccccc1,decoy,EGFR_decoy_L032785,Cc1ccc(cc1NC(=O)Cc2cc(on2)c3cc4ccccc4o3)Cl,DUD-E,EGFR,EGFR_DECOY_G80B080BBFC9586BAD288,bd27c38e307f47a8863c08daef41f56137fb83cfc623f6f52c1e5c828e6d5f8e,development_train,train,5
7080,C33733569,CCOCCCN(CCC(=O)N1CCC(CC1)n2c3ccccc3[nH]c2=O)C(=O)c4cnccn4,CCOCCCN(CCC(=O)N1CCC(n2c(=O)[nH]c3ccccc32)CC1)C(=O)c1cnccn1,O=C(NCCC(=O)N1CCC(n2c(=O)[nH]c3ccccc32)CC1)c1cnccn1,decoy,EGFR_decoy_L007080,CCOCCCN(CCC(=O)N1CCC(CC1)n2c3ccccc3[nH]c2=O)C(=O)c4cnccn4,DUD-E,EGFR,EGFR_DECOY_G83AC3FC168A695A6454D,bdd447872dce9686aeea6725e0b089e2e8da977314129957ea8201270094dcb7,development_train,train,3
11081,C43231294,Cc1ccccc1NC(=O)NNC(=O)NC[C@@H](c2cccs2)[NH+]3CCCC3,Cc1ccccc1NC(=O)NNC(=O)NC[C@@H](c1cccs1)[NH+]1CCCC1,O=C(NCC(c1cccs1)[NH+]1CCCC1)NNC(=O)Nc1ccccc1,decoy,EGFR_decoy_L011081,Cc1ccccc1NC(=O)NNC(=O)NC[C@@H](c2cccs2)[NH+]3CCCC3,DUD-E,EGFR,EGFR_DECOY_G2597F5A806896C3B43CD,c08d606c014b5870ef0fa2a89dc8a8b99c5344c541640cb34ae47df9113c9ec9,development_train,train,3
9975,C53686284,Cc1c(c(n(n1)C)Cl)S(=O)(=O)N[C@@H]2CC[NH+](C2)[C@@H](C)c3ccccc3,Cc1nn(C)c(Cl)c1S(=O)(=O)N[C@@H]1CC[NH+]([C@@H](C)c2ccccc2)C1,O=S(=O)(NC1CC[NH+](Cc2ccccc2)C1)c1cn[nH]c1,decoy,EGFR_decoy_L009975,Cc1c(c(n(n1)C)Cl)S(=O)(=O)N[C@@H]2CC[NH+](C2)[C@@H](C)c3ccccc3,DUD-E,EGFR,EGFR_DECOY_GB992247F7E15B16406FE,c08e2d762acbbab5b8f3c2d2d790cd5171facf4e8b42af6c33040b96471a3241,development_train,train,3
1425,C38556287,Cc1ccc(cc1)C2=C[C@@H](N=N2)[C@@H]3N=N[C@@H](N3N)SCC(=O)c4ccc(cc4)Cl,Cc1ccc(C2=C[C@H]([C@@H]3N=N[C@H](SCC(=O)c4ccc(Cl)cc4)N3N)N=N2)cc1,O=C(CSC1N=NC(C2C=C(c3ccccc3)N=N2)N1)c1ccccc1,decoy,EGFR_decoy_L001425,Cc1ccc(cc1)C2=C[C@@H](N=N2)[C@@H]3N=N[C@@H](N3N)SCC(=O)c4ccc(cc4)Cl,DUD-E,EGFR,EGFR_DECOY_GEACB8B97D3ED6CA5E3FE,c110c84aca2515d9f7cfa82422273f9ec248feb8bb1f20378ff69bfeb95e465b,development_train,train,3
12739,C38556316,c1cc(ccc1C2=C[C@H](N=N2)[C@@H]3N=N[C@@H](N3N)SCC(=O)c4ccc(cc4)Br)F,NN1[C@@H](SCC(=O)c2ccc(Br)cc2)N=N[C@H]1[C@@H]1C=C(c2ccc(F)cc2)N=N1,O=C(CSC1N=NC(C2C=C(c3ccccc3)N=N2)N1)c1ccccc1,decoy,EGFR_decoy_L012739,c1cc(ccc1C2=C[C@H](N=N2)[C@@H]3N=N[C@@H](N3N)SCC(=O)c4ccc(cc4)Br)F,DUD-E,EGFR,EGFR_DECOY_GEACB8B97D3ED6CA5E3FE,c110c84aca2515d9f7cfa82422273f9ec248feb8bb1f20378ff69bfeb95e465b,development_train,train,3
13437,C38556367,c1cc(ccc1C2=C[C@@H](N=N2)[C@@H]3N=N[C@@H](N3N)SCC(=O)c4ccc(cc4)Cl)Cl,NN1[C@@H](SCC(=O)c2ccc(Cl)cc2)N=N[C@H]1[C@H]1C=C(c2ccc(Cl)cc2)N=N1,O=C(CSC1N=NC(C2C=C(c3ccccc3)N=N2)N1)c1ccccc1,decoy,EGFR_decoy_L013437,c1cc(ccc1C2=C[C@@H](N=N2)[C@@H]3N=N[C@@H](N3N)SCC(=O)c4ccc(cc4)Cl)Cl,DUD-E,EGFR,EGFR_DECOY_GEACB8B97D3ED6CA5E3FE,c110c84aca2515d9f7cfa82422273f9ec248feb8bb1f20378ff69bfeb95e465b,development_train,train,3
13487,C38556362,c1ccc(cc1)C(=O)CS[C@H]2N=N[C@H](N2N)[C@@H]3C=C(N=N3)c4ccc(cc4)Cl,NN1[C@@H](SCC(=O)c2ccccc2)N=N[C@H]1[C@@H]1C=C(c2ccc(Cl)cc2)N=N1,O=C(CSC1N=NC(C2C=C(c3ccccc3)N=N2)N1)c1ccccc1,decoy,EGFR_decoy_L013487,c1ccc(cc1)C(=O)CS[C@H]2N=N[C@H](N2N)[C@@H]3C=C(N=N3)c4ccc(cc4)Cl,DUD-E,EGFR,EGFR_DECOY_GEACB8B97D3ED6CA5E3FE,c110c84aca2515d9f7cfa82422273f9ec248feb8bb1f20378ff69bfeb95e465b,development_train,train,3
20594,C38556354,COc1ccc(cc1OC)C(=O)CS[C@H]2N=N[C@H](N2N)[C@@H]3C=C(N=N3)c4ccc(cc4)Cl,COc1ccc(C(=O)CS[C@H]2N=N[C@@H]([C@@H]3C=C(c4ccc(Cl)cc4)N=N3)N2N)cc1OC,O=C(CSC1N=NC(C2C=C(c3ccccc3)N=N2)N1)c1ccccc1,decoy,EGFR_decoy_L020594,COc1ccc(cc1OC)C(=O)CS[C@H]2N=N[C@H](N2N)[C@@H]3C=C(N=N3)c4ccc(cc4)Cl,DUD-E,EGFR,EGFR_DECOY_GEACB8B97D3ED6CA5E3FE,c110c84aca2515d9f7cfa82422273f9ec248feb8bb1f20378ff69bfeb95e465b,development_train,train,3
18801,C04137779,C[C@@H]1CCc2c(sc(c2C(=O)N)Nc3nc4ccc(cc4s3)F)C1,C[C@@H]1CCc2c(sc(Nc3nc4ccc(F)cc4s3)c2C(N)=O)C1,c1ccc2sc(Nc3cc4c(s3)CCCC4)nc2c1,decoy,EGFR_decoy_L018801,C[C@@H]1CCc2c(sc(c2C(=O)N)Nc3nc4ccc(cc4s3)F)C1,DUD-E,EGFR,EGFR_DECOY_G2F51C5A4DF5025FFADD0,c1c4e67ac5e76c78b722a35d489e17a7be9613772fd25db905b64a7f1bb4973c,development_train,train,5
23710,C05167292,c1ccc(cc1)c2ccc3nnc(n3n2)SCC(=O)Nc4ccc(cc4)Cl,O=C(CSc1nnc2ccc(-c3ccccc3)nn12)Nc1ccc(Cl)cc1,O=C(CSc1nnc2ccc(-c3ccccc3)nn12)Nc1ccccc1,decoy,EGFR_decoy_L023710,c1ccc(cc1)c2ccc3nnc(n3n2)SCC(=O)Nc4ccc(cc4)Cl,DUD-E,EGFR,EGFR_DECOY_GC33C343AFC911FD2D8D8,c1ce6c08c82756880f37723b3a1d14e35502a8c1bc7f723d022d42733288428b,development_train,train,4
27944,C45830262,Cc1ccc(cc1)[C@@H](C2CC2)NC(=O)COc3ccc(cc3Cl)[N+](=O)[O-],Cc1ccc([C@H](NC(=O)COc2ccc([N+](=O)[O-])cc2Cl)C2CC2)cc1,O=C(COc1ccccc1)NC(c1ccccc1)C1CC1,decoy,EGFR_decoy_L027944,Cc1ccc(cc1)[C@@H](C2CC2)NC(=O)COc3ccc(cc3Cl)[N+](=O)[O-],DUD-E,EGFR,EGFR_DECOY_G12861C9259790F635721,c3508e4cd514ccdf24bea106ea7053644e3f4d6d39ef7f1f699aa9a19496f73d,development_train,train,1
25374,C02794177,CCc1ccc(s1)c2cc(n3c(n2)c(cn3)C(=O)N[C@H](C)c4cn(nc4C)CC)C(F)(F)F,CCc1ccc(-c2cc(C(F)(F)F)n3ncc(C(=O)N[C@H](C)c4cn(CC)nc4C)c3n2)s1,O=C(NCc1cn[nH]c1)c1cnn2ccc(-c3cccs3)nc12,decoy,EGFR_decoy_L025374,CCc1ccc(s1)c2cc(n3c(n2)c(cn3)C(=O)N[C@H](C)c4cn(nc4C)CC)C(F)(F)F,DUD-E,EGFR,EGFR_DECOY_GEEC56F71C0A79D82F9F5,c4aefee64546277c8d0a105a5fe201243428ef700bc1df66ceb146adf05403b1,development_train,train,5
9246,C63831433,C[C@H](C(=O)NCc1ccccc1OC)Sc2nnc(n2C3CC3)C4=c5ccccc5=[NH+]C4,COc1ccccc1CNC(=O)[C@@H](C)Sc1nnc(C2=c3ccccc3=[NH+]C2)n1C1CC1,O=C(CSc1nnc(C2=c3ccccc3=[NH+]C2)n1C1CC1)NCc1ccccc1,decoy,EGFR_decoy_L009246,C[C@H](C(=O)NCc1ccccc1OC)Sc2nnc(n2C3CC3)C4=c5ccccc5=[NH+]C4,DUD-E,EGFR,EGFR_DECOY_GEAA6B59CCB4703BCA6FD,c564d00a4d632d98d4f00650ee9b190602353307db6b24e913bb8cf759710de9,development_train,train,1
8502,C01625977,CC[NH+](CC)CC[C@@H]1CC/C(=C/c2ccc(cc2)OC)/C1=O,CC[NH+](CC)CC[C@@H]1CC/C(=C/c2ccc(OC)cc2)C1=O,O=C1CCCC1=Cc1ccccc1,decoy,EGFR_decoy_L008502,CC[NH+](CC)CC[C@@H]1CC/C(=C/c2ccc(cc2)OC)/C1=O,DUD-E,EGFR,EGFR_DECOY_GF1EA6243E032352D0397,c58374b4a20d1598c149d1c1dfe82d12fd87357d9da5356710b62bdc031d3395,development_train,train,4
9069,C20478125,CC1=NC2=NC(=[NH+][C@@H](N2C(=C1)[O-])c3ccc(cc3)Cl)NCCc4c[nH]c5c4cccc5,CC1=NC2=NC(NCCc3c[nH]c4ccccc34)=[NH+][C@H](c3ccc(Cl)cc3)N2C([O-])=C1,C1=CN2C(=NC(NCCc3c[nH]c4ccccc34)=[NH+]C2c2ccccc2)N=C1,decoy,EGFR_decoy_L009069,CC1=NC2=NC(=[NH+][C@@H](N2C(=C1)[O-])c3ccc(cc3)Cl)NCCc4c[nH]c5c4cccc5,DUD-E,EGFR,EGFR_DECOY_GB270C6DBB7C5A8F0966C,c589729ad6358fa875202822607115e127b0d7e0b43ecb1633880ce43081671d,development_train,train,5
24836,C43464910,Cc1ccc(c(c1)/C(=[NH+]/Cc2ccccc2)/c3c(n[n-]n3)C(F)(F)F)O,Cc1ccc(O)c(/C(=[NH+]/Cc2ccccc2)c2n[n-]nc2C(F)(F)F)c1,c1ccc(C[NH+]=C(c2ccccc2)c2cn[n-]n2)cc1,decoy,EGFR_decoy_L024836,Cc1ccc(c(c1)/C(=[NH+]/Cc2ccccc2)/c3c(n[n-]n3)C(F)(F)F)O,DUD-E,EGFR,EGFR_DECOY_G3686B91CA4BB9AC735E2,c5cb9221f4f241bdf42f0504d49a93fd3ee8fe8a8d4c59d7476273d77ef01e51,development_train,train,3
23772,C21800514,Cc1ccc(cc1)c2nc(no2)NC(=O)[C@@H](C)Oc3ccc(cc3)C(C)(C)C,Cc1ccc(-c2nc(NC(=O)[C@@H](C)Oc3ccc(C(C)(C)C)cc3)no2)cc1,O=C(COc1ccccc1)Nc1noc(-c2ccccc2)n1,decoy,EGFR_decoy_L023772,Cc1ccc(cc1)c2nc(no2)NC(=O)[C@@H](C)Oc3ccc(cc3)C(C)(C)C,DUD-E,EGFR,EGFR_DECOY_GD4906E996A1BFD701326,c8411d18602cc41b0488b2407a4ea03de7d7f6518caf1bfb4cde6225c4925e16,development_train,train,1
27932,C21800585,Cc1ccc(cc1)c2nc(no2)NC(=O)[C@H](C)Oc3cc(ccc3C(C)C)C,Cc1ccc(-c2nc(NC(=O)[C@H](C)Oc3cc(C)ccc3C(C)C)no2)cc1,O=C(COc1ccccc1)Nc1noc(-c2ccccc2)n1,decoy,EGFR_decoy_L027932,Cc1ccc(cc1)c2nc(no2)NC(=O)[C@H](C)Oc3cc(ccc3C(C)C)C,DUD-E,EGFR,EGFR_DECOY_GD4906E996A1BFD701326,c8411d18602cc41b0488b2407a4ea03de7d7f6518caf1bfb4cde6225c4925e16,development_train,train,1
4839,C39969488,CC(C)[C@@H]([C@@H]1N=N[C@@H](N1CC=C)SCc2[nH]c(=O)c3ccccc3n2)NC(=O)c4ccccc4,C=CCN1[C@@H](SCc2nc3ccccc3c(=O)[nH]2)N=N[C@H]1[C@@H](NC(=O)c1ccccc1)C(C)C,O=C(NCC1N=NC(SCc2nc3ccccc3c(=O)[nH]2)N1)c1ccccc1,decoy,EGFR_decoy_L004839,CC(C)[C@@H]([C@@H]1N=N[C@@H](N1CC=C)SCc2[nH]c(=O)c3ccccc3n2)NC(=O)c4ccccc4,DUD-E,EGFR,EGFR_DECOY_G416BC1539CFB619B75FF,c93fef2327ba556c7321a20f1bc26afe49c28e1b366456dff584324444fa948d,development_train,train,4
6063,C02680359,CC(C)[C@H](C(=O)Nc1c(c2c(s1)CCCC2)C(=O)NCCCOC)N3C(=O)c4ccccc4C3=O,COCCCNC(=O)c1c(NC(=O)[C@@H](C(C)C)N2C(=O)c3ccccc3C2=O)sc2c1CCCC2,O=C(CN1C(=O)c2ccccc2C1=O)Nc1cc2c(s1)CCCC2,decoy,EGFR_decoy_L006063,CC(C)[C@H](C(=O)Nc1c(c2c(s1)CCCC2)C(=O)NCCCOC)N3C(=O)c4ccccc4C3=O,DUD-E,EGFR,EGFR_DECOY_G54BBDE7D4FAD92FA10EB,c9fbcb7d62049c903a137d2285c2765e301b6a2e2355932c82a5f0d982219461,development_train,train,3
33261,C05886224,Cc1cc2nnc(n2c3c1cccc3)SCC(=O)NC(=O)N[C@H]4CCCC[C@@H]4C,Cc1cc2nnc(SCC(=O)NC(=O)N[C@H]3CCCC[C@@H]3C)n2c2ccccc12,O=C(CSc1nnc2ccc3ccccc3n12)NC(=O)NC1CCCCC1,decoy,EGFR_decoy_L033261,Cc1cc2nnc(n2c3c1cccc3)SCC(=O)NC(=O)N[C@H]4CCCC[C@@H]4C,DUD-E,EGFR,EGFR_DECOY_G9A2C8963F810A2795277,caf96899679440735536d4b7b6d8d624c3e173294122e2cf9ae4b9c79d31f07f,development_train,train,4
24417,C20907932,C/C(=C\c1ccco1)/C[NH+]2CCC(CC2)[C@@]3(C(=O)N(C(=O)N3)Cc4cccnc4)Cc5ccccc5,C/C(=C\c1ccco1)C[NH+]1CCC([C@@]2(Cc3ccccc3)NC(=O)N(Cc3cccnc3)C2=O)CC1,O=C1NC(Cc2ccccc2)(C2CC[NH+](CC=Cc3ccco3)CC2)C(=O)N1Cc1cccnc1,decoy,EGFR_decoy_L024417,C/C(=C\c1ccco1)/C[NH+]2CCC(CC2)[C@@]3(C(=O)N(C(=O)N3)Cc4cccnc4)Cc5ccccc5,DUD-E,EGFR,EGFR_DECOY_GCF7B1488721CF5FA55E5,cb3d764fedf9bdb655080cebe5a53f637e22c8a41bf914d351c0986452ea2901,development_train,train,5
24418,C20907936,C/C(=C\c1ccco1)/C[NH+]2CCC(CC2)[C@]3(C(=O)N(C(=O)N3)Cc4cccnc4)Cc5ccccc5,C/C(=C\c1ccco1)C[NH+]1CCC([C@]2(Cc3ccccc3)NC(=O)N(Cc3cccnc3)C2=O)CC1,O=C1NC(Cc2ccccc2)(C2CC[NH+](CC=Cc3ccco3)CC2)C(=O)N1Cc1cccnc1,decoy,EGFR_decoy_L024418,C/C(=C\c1ccco1)/C[NH+]2CCC(CC2)[C@]3(C(=O)N(C(=O)N3)Cc4cccnc4)Cc5ccccc5,DUD-E,EGFR,EGFR_DECOY_GCF7B1488721CF5FA55E5,cb3d764fedf9bdb655080cebe5a53f637e22c8a41bf914d351c0986452ea2901,development_train,train,5
28534,C45754729,C[C@@H]1C[C@@H](C[NH+](C1)Cc2csc(n2)NC(=O)CCc3ncc(o3)c4ccc(cc4)F)C,C[C@@H]1C[C@H](C)C[NH+](Cc2csc(NC(=O)CCc3ncc(-c4ccc(F)cc4)o3)n2)C1,O=C(CCc1ncc(-c2ccccc2)o1)Nc1nc(C[NH+]2CCCCC2)cs1,decoy,EGFR_decoy_L028534,C[C@@H]1C[C@@H](C[NH+](C1)Cc2csc(n2)NC(=O)CCc3ncc(o3)c4ccc(cc4)F)C,DUD-E,EGFR,EGFR_DECOY_GC792A80B27759420D91D,cb5cc028eb1bce32405df06b3f2ab831d0c5b0e65df724f178ea8e49a47c4f36,development_train,train,3
31258,C12872228,CCC(C)(C)NC(=O)[C@H](c1ccccc1)N(Cc2ccc(cc2)C)C(=O)c3csnn3,CCC(C)(C)NC(=O)[C@H](c1ccccc1)N(Cc1ccc(C)cc1)C(=O)c1csnn1,O=C(c1csnn1)N(Cc1ccccc1)Cc1ccccc1,decoy,EGFR_decoy_L031258,CCC(C)(C)NC(=O)[C@H](c1ccccc1)N(Cc2ccc(cc2)C)C(=O)c3csnn3,DUD-E,EGFR,EGFR_DECOY_GDA14EC2C4AB18707061D,cb7c4ccd67baefc28f451a93121361dc89e87bc665b59bac1c29e3aaf4b4d3a2,development_train,train,1
2928,C08721984,c1ccc(cc1)C[NH+]2CCc3c(sc4c3C(=O)N[C@H](N4)c5ccc(cc5)[N+](=O)[O-])C2,O=C1N[C@@H](c2ccc([N+](=O)[O-])cc2)Nc2sc3c(c21)CC[NH+](Cc1ccccc1)C3,O=C1NC(c2ccccc2)Nc2sc3c(c21)CC[NH+](Cc1ccccc1)C3,decoy,EGFR_decoy_L002928,c1ccc(cc1)C[NH+]2CCc3c(sc4c3C(=O)N[C@H](N4)c5ccc(cc5)[N+](=O)[O-])C2,DUD-E,EGFR,EGFR_DECOY_GCD81C01BDC7EAABF9FB8,cb9b580d01f78923c26725ddbc58582592cb9910be1001396b98ed1d23d101d6,development_train,train,2
15803,C08722392,c1ccc(cc1)C[NH+]2CCc3c(sc4c3C(=O)N[C@H](N4)c5ccc(c(c5)I)O)C2,O=C1N[C@@H](c2ccc(O)c(I)c2)Nc2sc3c(c21)CC[NH+](Cc1ccccc1)C3,O=C1NC(c2ccccc2)Nc2sc3c(c21)CC[NH+](Cc1ccccc1)C3,decoy,EGFR_decoy_L015803,c1ccc(cc1)C[NH+]2CCc3c(sc4c3C(=O)N[C@H](N4)c5ccc(c(c5)I)O)C2,DUD-E,EGFR,EGFR_DECOY_GCD81C01BDC7EAABF9FB8,cb9b580d01f78923c26725ddbc58582592cb9910be1001396b98ed1d23d101d6,development_train,train,2
31202,C04091837,CCN(CC)c1ccc(cc1)[C@@H]2Nc3c(c4c(s3)C[NH+](CC4)Cc5ccccc5)C(=O)N2,CCN(CC)c1ccc([C@H]2NC(=O)c3c(sc4c3CC[NH+](Cc3ccccc3)C4)N2)cc1,O=C1NC(c2ccccc2)Nc2sc3c(c21)CC[NH+](Cc1ccccc1)C3,decoy,EGFR_decoy_L031202,CCN(CC)c1ccc(cc1)[C@@H]2Nc3c(c4c(s3)C[NH+](CC4)Cc5ccccc5)C(=O)N2,DUD-E,EGFR,EGFR_DECOY_GCD81C01BDC7EAABF9FB8,cb9b580d01f78923c26725ddbc58582592cb9910be1001396b98ed1d23d101d6,development_train,train,2
26503,C09877349,C[C@@H](C(=O)Nc1ccccc1c2ccccc2)Sc3nnc(n3c4ccccc4)C[NH+]5CCCCC5,C[C@H](Sc1nnc(C[NH+]2CCCCC2)n1-c1ccccc1)C(=O)Nc1ccccc1-c1ccccc1,O=C(CSc1nnc(C[NH+]2CCCCC2)n1-c1ccccc1)Nc1ccccc1-c1ccccc1,decoy,EGFR_decoy_L026503,C[C@@H](C(=O)Nc1ccccc1c2ccccc2)Sc3nnc(n3c4ccccc4)C[NH+]5CCCCC5,DUD-E,EGFR,EGFR_DECOY_G6E43B2CC5B9C6824C140,cbcd834da56b18f93cb71fc5ff33d114e5bcec5ae6a8bfa10af41ba0c3387528,development_train,train,5
22032,C39730771,CC1CCC2(CC1)C(=O)N(C(=O)N2)NC(=O)CS[C@@H]3NN=C(O3)C4=c5ccccc5=[NH+]C4,CC1CCC2(CC1)NC(=O)N(NC(=O)CS[C@@H]1NN=C(C3=c4ccccc4=[NH+]C3)O1)C2=O,O=C(CSC1NN=C(C2=c3ccccc3=[NH+]C2)O1)NN1C(=O)NC2(CCCCC2)C1=O,decoy,EGFR_decoy_L022032,CC1CCC2(CC1)C(=O)N(C(=O)N2)NC(=O)CS[C@@H]3NN=C(O3)C4=c5ccccc5=[NH+]C4,DUD-E,EGFR,EGFR_DECOY_G1E99D5F41F9AEAE56BFF,cd00e9c8caf115f705c6ad0cec5e28ec12edcd88218e10455bdde615f185a645,development_train,train,5
22033,C39730775,CC1CCC2(CC1)C(=O)N(C(=O)N2)NC(=O)CS[C@H]3NN=C(O3)C4=c5ccccc5=[NH+]C4,CC1CCC2(CC1)NC(=O)N(NC(=O)CS[C@H]1NN=C(C3=c4ccccc4=[NH+]C3)O1)C2=O,O=C(CSC1NN=C(C2=c3ccccc3=[NH+]C2)O1)NN1C(=O)NC2(CCCCC2)C1=O,decoy,EGFR_decoy_L022033,CC1CCC2(CC1)C(=O)N(C(=O)N2)NC(=O)CS[C@H]3NN=C(O3)C4=c5ccccc5=[NH+]C4,DUD-E,EGFR,EGFR_DECOY_G1E99D5F41F9AEAE56BFF,cd00e9c8caf115f705c6ad0cec5e28ec12edcd88218e10455bdde615f185a645,development_train,train,5
28296,C13980759,c1cc(ccc1/N=N/c2cc(cc(c2O)Cl)Br)S(=O)(=O)N3CCCC3,O=S(=O)(c1ccc(/N=N/c2cc(Br)cc(Cl)c2O)cc1)N1CCCC1,O=S(=O)(c1ccc(N=Nc2ccccc2)cc1)N1CCCC1,decoy,EGFR_decoy_L028296,c1cc(ccc1/N=N/c2cc(cc(c2O)Cl)Br)S(=O)(=O)N3CCCC3,DUD-E,EGFR,EGFR_DECOY_G0AE31D6E922C843ECCBF,cd219708339eae23a73c944b8740b685f1e64ad19146d261092b002110ded836,development_train,train,1
26470,C20876980,C[C@@H](c1ccccc1)[NH2+]Cc2cc(c(c(c2)Br)OC[C@H](c3ccc4c(c3)OCO4)O)OC,COc1cc(C[NH2+][C@@H](C)c2ccccc2)cc(Br)c1OC[C@@H](O)c1ccc2c(c1)OCO2,c1ccc(C[NH2+]Cc2ccc(OCCc3ccc4c(c3)OCO4)cc2)cc1,decoy,EGFR_decoy_L026470,C[C@@H](c1ccccc1)[NH2+]Cc2cc(c(c(c2)Br)OC[C@H](c3ccc4c(c3)OCO4)O)OC,DUD-E,EGFR,EGFR_DECOY_G7971881EC98E3C319CCC,cd6dc0d56ac2549cdb9f25140fbfbae9731c5a6ff744385d9eda8ca5b9f233bd,development_train,train,3
30807,C05238845,C[C@H]1CCC[C@H](C1)OC(=O)CSc2[nH]c(=O)c3c4c(sc3n2)CCCC4,C[C@H]1CCC[C@@H](OC(=O)CSc2nc3sc4c(c3c(=O)[nH]2)CCCC4)C1,O=C(CSc1nc2sc3c(c2c(=O)[nH]1)CCCC3)OC1CCCCC1,decoy,EGFR_decoy_L030807,C[C@H]1CCC[C@H](C1)OC(=O)CSc2[nH]c(=O)c3c4c(sc3n2)CCCC4,DUD-E,EGFR,EGFR_DECOY_G8E7A7E44C3EF1B3F7CB8,cdb7e02d88712576ce9d21d6cec747e2776e32e2827296b9a1dc7c8d0129a0e3,development_train,train,3
19336,C62840278,CC1(CC[NH2+]CC1)C(=O)Nc2ccc(cc2Br)S(=O)(=O)N,CC1(C(=O)Nc2ccc(S(N)(=O)=O)cc2Br)CC[NH2+]CC1,O=C(Nc1ccccc1)C1CC[NH2+]CC1,decoy,EGFR_decoy_L019336,CC1(CC[NH2+]CC1)C(=O)Nc2ccc(cc2Br)S(=O)(=O)N,DUD-E,EGFR,EGFR_DECOY_G408F8040DDC2F6F0EEE0,cdf45a902e9d508d5fe30f4b81ba391b3896efcd498318686bca53d4f78fe945,development_train,train,3
20764,C12637866,CC(C)C[C@@H](C(=O)OCC(=O)C(=C1Nc2ccccc2N1)C#N)N3C(=O)c4ccccc4C3=O,CC(C)C[C@@H](C(=O)OCC(=O)C(C#N)=C1Nc2ccccc2N1)N1C(=O)c2ccccc2C1=O,O=C(C=C1Nc2ccccc2N1)COC(=O)CN1C(=O)c2ccccc2C1=O,decoy,EGFR_decoy_L020764,CC(C)C[C@@H](C(=O)OCC(=O)C(=C1Nc2ccccc2N1)C#N)N3C(=O)c4ccccc4C3=O,DUD-E,EGFR,EGFR_DECOY_G6CFEAEB8EA4666419B58,d0651061ca8e5072a75e2492cd3be4d952b1c767c72ab1b1e038157ac71493e6,development_train,train,2
4713,C13727970,CCOc1cc(cc(c1OCc2ccc(cc2)C)Br)C[NH2+]CCCN3CCCC3=O,CCOc1cc(C[NH2+]CCCN2CCCC2=O)cc(Br)c1OCc1ccc(C)cc1,O=C1CCCN1CCC[NH2+]Cc1ccc(OCc2ccccc2)cc1,decoy,EGFR_decoy_L004713,CCOc1cc(cc(c1OCc2ccc(cc2)C)Br)C[NH2+]CCCN3CCCC3=O,DUD-E,EGFR,EGFR_DECOY_G77120C05B23E93ADA21D,d1e03f8ca234181a9072b9664aff6d47857db34f644cedea3d4627f165e8056a,development_train,train,2
23308,C09078301,CCOC(=O)Cn\1c2ccc(cc2s/c1=N\C(=O)/C=C\c3ccc(s3)[N+](=O)[O-])S(=O)(=O)N,CCOC(=O)Cn1/c(=N/C(=O)/C=C\c2ccc([N+](=O)[O-])s2)sc2cc(S(N)(=O)=O)ccc21,O=C(C=Cc1cccs1)N=c1[nH]c2ccccc2s1,decoy,EGFR_decoy_L023308,CCOC(=O)Cn\1c2ccc(cc2s/c1=N\C(=O)/C=C\c3ccc(s3)[N+](=O)[O-])S(=O)(=O)N,DUD-E,EGFR,EGFR_DECOY_G213238A9791E04A6E018,d4e6a4deef0d72752df056dc4353c04582cf13279226b37e460092577c8afcd4,development_train,train,1
34292,C44441667,CNC(=O)Cc1csc(n1)NC(=O)[C@@H]2CCCc3c2nc(s3)NC(=O)c4ccc(cc4)Cl,CNC(=O)Cc1csc(NC(=O)[C@@H]2CCCc3sc(NC(=O)c4ccc(Cl)cc4)nc32)n1,O=C(Nc1nc2c(s1)CCCC2C(=O)Nc1nccs1)c1ccccc1,decoy,EGFR_decoy_L034292,CNC(=O)Cc1csc(n1)NC(=O)[C@@H]2CCCc3c2nc(s3)NC(=O)c4ccc(cc4)Cl,DUD-E,EGFR,EGFR_DECOY_GB011EA35C29C687003AA,d50189121bd38d21373536c74253861c51dda24296ee00a1d59135f7f13aa044,development_train,train,2
10946,C59497689,c1ccc2c(c1)CCC3=C2NC(=O)N[C@H]3c4cccc(c4)Cl,O=C1NC2=C(CCc3ccccc32)[C@H](c2cccc(Cl)c2)N1,O=C1NC2=C(CCc3ccccc32)C(c2ccccc2)N1,decoy,EGFR_decoy_L010946,c1ccc2c(c1)CCC3=C2NC(=O)N[C@H]3c4cccc(c4)Cl,DUD-E,EGFR,EGFR_DECOY_G77670CFB2A0971AFFB8A,d5152aff48065ec7c663be12224492ab5cf47a29869dd1156259daa71f8f0fec,development_train,train,3
25262,C11590280,CCCCn1c2ccccc2nc(c1=O)CCC(=O)OCC(=O)NC(=O)N[C@@H]3CCCC[C@@H]3C,CCCCn1c(=O)c(CCC(=O)OCC(=O)NC(=O)N[C@@H]2CCCC[C@@H]2C)nc2ccccc21,O=C(COC(=O)CCc1nc2ccccc2[nH]c1=O)NC(=O)NC1CCCCC1,decoy,EGFR_decoy_L025262,CCCCn1c2ccccc2nc(c1=O)CCC(=O)OCC(=O)NC(=O)N[C@@H]3CCCC[C@@H]3C,DUD-E,EGFR,EGFR_DECOY_G12C6D36A409608ACAA64,d56a5c1f167ef5c315314346b2f27096371f5dc0276039f77cbf5983e6dda8a2,development_train,train,4
9463,C14754100,CCNC(=O)c1c2c(n(n1)CC3CC3)CCN(C2)C(=O)C[NH+]4CCC[C@@H](C4)c5ccccc5,CCNC(=O)c1nn(CC2CC2)c2c1CN(C(=O)C[NH+]1CCC[C@H](c3ccccc3)C1)CC2,O=C(C[NH+]1CCCC(c2ccccc2)C1)N1CCc2c(cnn2CC2CC2)C1,decoy,EGFR_decoy_L009463,CCNC(=O)c1c2c(n(n1)CC3CC3)CCN(C2)C(=O)C[NH+]4CCC[C@@H](C4)c5ccccc5,DUD-E,EGFR,EGFR_DECOY_GAF6EE2A7FAC0A1602284,d5fabd7dd522d48d1fcc3d326a4c9bba332865d0dca3fb4998dd1ec4f5c75533,development_train,train,3
27270,C14732947,Cc1c(n2ccsc2n1)C[NH+]3C[C@H](CN(C(=O)C3)CCCN4CCCC4=O)OCc5ccccc5,Cc1nc2sccn2c1C[NH+]1CC(=O)N(CCCN2CCCC2=O)C[C@H](OCc2ccccc2)C1,O=C1CCCN1CCCN1CC(OCc2ccccc2)C[NH+](Cc2cnc3sccn23)CC1=O,decoy,EGFR_decoy_L027270,Cc1c(n2ccsc2n1)C[NH+]3C[C@H](CN(C(=O)C3)CCCN4CCCC4=O)OCc5ccccc5,DUD-E,EGFR,EGFR_DECOY_GF0792CE5737981B04FCF,d6660478f9ad1d6657ad89748170c04903acf4885d36143ceac56468f54e338f,development_train,train,1
27271,C14732948,Cc1c(n2ccsc2n1)C[NH+]3C[C@@H](CN(C(=O)C3)CCCN4CCCC4=O)OCc5ccccc5,Cc1nc2sccn2c1C[NH+]1CC(=O)N(CCCN2CCCC2=O)C[C@@H](OCc2ccccc2)C1,O=C1CCCN1CCCN1CC(OCc2ccccc2)C[NH+](Cc2cnc3sccn23)CC1=O,decoy,EGFR_decoy_L027271,Cc1c(n2ccsc2n1)C[NH+]3C[C@@H](CN(C(=O)C3)CCCN4CCCC4=O)OCc5ccccc5,DUD-E,EGFR,EGFR_DECOY_GF0792CE5737981B04FCF,d6660478f9ad1d6657ad89748170c04903acf4885d36143ceac56468f54e338f,development_train,train,1
26647,C45192152,COc1ccc2ccc(c(c2n1)CC(=O)N3CCO[C@H](C3)C[NH2+]Cc4cccc(n4)c5ccsc5)F,COc1ccc2ccc(F)c(CC(=O)N3CCO[C@@H](C[NH2+]Cc4cccc(-c5ccsc5)n4)C3)c2n1,O=C(Cc1cccc2cccnc12)N1CCOC(C[NH2+]Cc2cccc(-c3ccsc3)n2)C1,decoy,EGFR_decoy_L026647,COc1ccc2ccc(c(c2n1)CC(=O)N3CCO[C@H](C3)C[NH2+]Cc4cccc(n4)c5ccsc5)F,DUD-E,EGFR,EGFR_DECOY_GD22DB7ED0E30D57C4A2B,d6cacffb6c09f77462560023abaf0e07dea42dec6edab9ec240c26b781607de5,development_train,train,5
15100,C65924957,C1[C@@H]2CC3C[C@H]1CC(C2)N(C3)C(=O)CCCCNC(=O)N,NC(=O)NCCCCC(=O)N1CC2C[C@@H]3CC1C[C@H](C2)C3,C1NC2CC3CC1CC(C3)C2,decoy,EGFR_decoy_L015100,C1[C@@H]2CC3C[C@H]1CC(C2)N(C3)C(=O)CCCCNC(=O)N,DUD-E,EGFR,EGFR_DECOY_GD08B1B772C1DF15C4546,d70dde11deebcb3666c1ec01a577fa3454157d5bcd820ab60afc5cf2c8fa7b52,development_train,train,5
29643,C62524719,CC[C@@H](C)NC(=O)[C@H](C)NC(=O)N1CC2C[C@H]3C[C@@H](C2)CC1C3,CC[C@@H](C)NC(=O)[C@H](C)NC(=O)N1CC2C[C@@H]3CC1C[C@H](C2)C3,C1NC2CC3CC1CC(C3)C2,decoy,EGFR_decoy_L029643,CC[C@@H](C)NC(=O)[C@H](C)NC(=O)N1CC2C[C@H]3C[C@@H](C2)CC1C3,DUD-E,EGFR,EGFR_DECOY_GD08B1B772C1DF15C4546,d70dde11deebcb3666c1ec01a577fa3454157d5bcd820ab60afc5cf2c8fa7b52,development_train,train,5
415,C17074335,Cc1c(ccc\2c1NC(=O)/C2=N\NC(=O)[C@]3(CC3(Cl)Cl)C)Cl,Cc1c(Cl)ccc2c1NC(=O)/C2=N\NC(=O)[C@@]1(C)CC1(Cl)Cl,O=C1Nc2ccccc2C1=NNC(=O)C1CC1,decoy,EGFR_decoy_L000415,Cc1c(ccc\2c1NC(=O)/C2=N\NC(=O)[C@]3(CC3(Cl)Cl)C)Cl,DUD-E,EGFR,EGFR_DECOY_GF26B7F643186B4FFE3A3,d75d539a78c7dc79e367c92098b504aa8060ac383f6eab69e7d53203a101f70e,development_train,train,4
34833,C38665869,CN(C)c1ccc(cc1)[C@H](CNC(=O)CCS(=O)(=O)c2ccccc2)N3CCN(CC3)c4ccccc4,CN(C)c1ccc([C@H](CNC(=O)CCS(=O)(=O)c2ccccc2)N2CCN(c3ccccc3)CC2)cc1,O=C(CCS(=O)(=O)c1ccccc1)NCC(c1ccccc1)N1CCN(c2ccccc2)CC1,decoy,EGFR_decoy_L034833,CN(C)c1ccc(cc1)[C@H](CNC(=O)CCS(=O)(=O)c2ccccc2)N3CCN(CC3)c4ccccc4,DUD-E,EGFR,EGFR_DECOY_G8F48C8C9DD83FBD24051,d79d5bb622676913a075220bb426d783e5384dadfb26438b08ab6f497ec48ffc,development_train,train,1
24473,C37380742,c1cc(cc(c1)C(F)(F)F)[C@@H](CC(=O)NCC[NH+]2CCCC2)c3c[nH]c4c3cc(cc4)[N+](=O)[O-],O=C(C[C@H](c1cccc(C(F)(F)F)c1)c1c[nH]c2ccc([N+](=O)[O-])cc12)NCC[NH+]1CCCC1,O=C(CC(c1ccccc1)c1c[nH]c2ccccc12)NCC[NH+]1CCCC1,decoy,EGFR_decoy_L024473,c1cc(cc(c1)C(F)(F)F)[C@@H](CC(=O)NCC[NH+]2CCCC2)c3c[nH]c4c3cc(cc4)[N+](=O)[O-],DUD-E,EGFR,EGFR_DECOY_G53281CDDA30680421B53,d7f5667151a6e1f58aa9883828a8fe5c2659a8c62063f772e5789e7ef921f717,development_train,train,1
33611,C08891320,CC[C@@]1(C(=O)N(C(=O)N1)CC(=O)N[C@H](C)c2ccc3ccccc3c2)c4ccc(cc4)F,CC[C@@]1(c2ccc(F)cc2)NC(=O)N(CC(=O)N[C@H](C)c2ccc3ccccc3c2)C1=O,O=C(CN1C(=O)NC(c2ccccc2)C1=O)NCc1ccc2ccccc2c1,decoy,EGFR_decoy_L033611,CC[C@@]1(C(=O)N(C(=O)N1)CC(=O)N[C@H](C)c2ccc3ccccc3c2)c4ccc(cc4)F,DUD-E,EGFR,EGFR_DECOY_G6D41DA0C3A9E30DAA06C,d846b7d320cd67b8d554fe4c268f007e4d81314af13fbd0aab7e4afcff0b6409,development_train,train,3
33628,C21368157,CC[C@@]1(C(=O)N(C(=O)N1)CC(=O)N[C@@H](C)c2ccc3ccccc3c2)c4ccc(cc4)Cl,CC[C@@]1(c2ccc(Cl)cc2)NC(=O)N(CC(=O)N[C@@H](C)c2ccc3ccccc3c2)C1=O,O=C(CN1C(=O)NC(c2ccccc2)C1=O)NCc1ccc2ccccc2c1,decoy,EGFR_decoy_L033628,CC[C@@]1(C(=O)N(C(=O)N1)CC(=O)N[C@@H](C)c2ccc3ccccc3c2)c4ccc(cc4)Cl,DUD-E,EGFR,EGFR_DECOY_G6D41DA0C3A9E30DAA06C,d846b7d320cd67b8d554fe4c268f007e4d81314af13fbd0aab7e4afcff0b6409,development_train,train,3
2769,C36645734,Cc1cc([nH+]c2c1c(c(s2)C(=O)OCC(=O)Nc3c(c4c(s3)CCC4)C(=O)N)N)C,Cc1cc(C)c2c(N)c(C(=O)OCC(=O)Nc3sc4c(c3C(N)=O)CCC4)sc2[nH+]1,O=C(COC(=O)c1cc2ccc[nH+]c2s1)Nc1cc2c(s1)CCC2,decoy,EGFR_decoy_L002769,Cc1cc([nH+]c2c1c(c(s2)C(=O)OCC(=O)Nc3c(c4c(s3)CCC4)C(=O)N)N)C,DUD-E,EGFR,EGFR_DECOY_G381A69C5F7E02FF529F7,d8a349c656c3210dea903b0d88005b742b0c95aaf31858230b7ba84f0fb52eee,development_train,train,5
4264,C01155552,CC(C)Oc1ccc(cc1)C(=O)C2=C(C(=O)N([C@@H]2c3ccc(cc3)[N+](=O)[O-])CCCn4ccnc4)[O-],CC(C)Oc1ccc(C(=O)C2=C([O-])C(=O)N(CCCn3ccnc3)[C@@H]2c2ccc([N+](=O)[O-])cc2)cc1,O=C(C1=CC(=O)N(CCCn2ccnc2)C1c1ccccc1)c1ccccc1,decoy,EGFR_decoy_L004264,CC(C)Oc1ccc(cc1)C(=O)C2=C(C(=O)N([C@@H]2c3ccc(cc3)[N+](=O)[O-])CCCn4ccnc4)[O-],DUD-E,EGFR,EGFR_DECOY_G651FFFC75A9364F9F220,d8d4da2b770c9576dea3d963b23b1c31e5d7a358e1e44cdbddb4008cac31deb2,development_train,train,1
29148,C64015257,CC(C)Cc1cc(nc(n1)N)C(=O)N2CCC3=c4ccccc4=[NH+][C@H]3[C@@H]2c5ccccc5F,CC(C)Cc1cc(C(=O)N2CCC3=c4ccccc4=[NH+][C@H]3[C@@H]2c2ccccc2F)nc(N)n1,O=C(c1ccncn1)N1CCC2=c3ccccc3=[NH+]C2C1c1ccccc1,decoy,EGFR_decoy_L029148,CC(C)Cc1cc(nc(n1)N)C(=O)N2CCC3=c4ccccc4=[NH+][C@H]3[C@@H]2c5ccccc5F,DUD-E,EGFR,EGFR_DECOY_G1817C260FCFF6D82011C,d9f54a3b55ab681db2bd8577b5439cd7ab76015d4d6c4b40c8cf493dda56c242,development_train,train,3
29716,C39632525,c1ccc(cc1)Sc2c(cccn2)C(=O)N3C[C@H](C4(C3)CC[NH2+]CC4)C(=O)NC5CCCC5,O=C(NC1CCCC1)[C@@H]1CN(C(=O)c2cccnc2Sc2ccccc2)CC12CC[NH2+]CC2,O=C(NC1CCCC1)C1CN(C(=O)c2cccnc2Sc2ccccc2)CC12CC[NH2+]CC2,decoy,EGFR_decoy_L029716,c1ccc(cc1)Sc2c(cccn2)C(=O)N3C[C@H](C4(C3)CC[NH2+]CC4)C(=O)NC5CCCC5,DUD-E,EGFR,EGFR_DECOY_GA75D322239922828F69A,db7d75a262c969e44018f05a67eace4f6dec66436449bf47a0a39fac83300289,development_train,train,1
14286,C06023156,C[C@H](CCCC(C)C)[C@H]1CC[C@@H]2[C@@]1(CC[C@@H]3[C@@H]2CC[C@@H]4[C@@]3(C/C(=N/O)/C(=N\O)/C4)C)C,CC(C)CCC[C@@H](C)[C@H]1CC[C@H]2[C@H]3CC[C@H]4CC(=N/O)/C(=N\O)C[C@]4(C)[C@@H]3CC[C@]12C,N=C1CC2CCC3C4CCCC4CCC3C2CC1=N,decoy,EGFR_decoy_L014286,C[C@H](CCCC(C)C)[C@H]1CC[C@@H]2[C@@]1(CC[C@@H]3[C@@H]2CC[C@@H]4[C@@]3(C/C(=N/O)/C(=N\O)/C4)C)C,DUD-E,EGFR,EGFR_DECOY_GDBDDD67D506CD4822298,de53c344525811ff6f5303ee0eccaf8779b58225ef680879f0150bf6b21758b9,development_train,train,2
21362,C12399846,CCOC(=O)c1c(c2c(nc(nc2s1)COC(=O)CN3C(=O)[C@@]4(CCCC[C@@H]4C)NC3=O)N)C,CCOC(=O)c1sc2nc(COC(=O)CN3C(=O)N[C@]4(CCCC[C@@H]4C)C3=O)nc(N)c2c1C,O=C(CN1C(=O)NC2(CCCCC2)C1=O)OCc1ncc2ccsc2n1,decoy,EGFR_decoy_L021362,CCOC(=O)c1c(c2c(nc(nc2s1)COC(=O)CN3C(=O)[C@@]4(CCCC[C@@H]4C)NC3=O)N)C,DUD-E,EGFR,EGFR_DECOY_G1F1F0A9DF27534B8327C,de85e6c9df330809b1db99343796150beb7ee1d0bd5b6344263552beafd5289e,development_train,train,1
21363,C12399847,CCOC(=O)c1c(c2c(nc(nc2s1)COC(=O)CN3C(=O)[C@]4(CCCC[C@@H]4C)NC3=O)N)C,CCOC(=O)c1sc2nc(COC(=O)CN3C(=O)N[C@@]4(CCCC[C@@H]4C)C3=O)nc(N)c2c1C,O=C(CN1C(=O)NC2(CCCCC2)C1=O)OCc1ncc2ccsc2n1,decoy,EGFR_decoy_L021363,CCOC(=O)c1c(c2c(nc(nc2s1)COC(=O)CN3C(=O)[C@]4(CCCC[C@@H]4C)NC3=O)N)C,DUD-E,EGFR,EGFR_DECOY_G1F1F0A9DF27534B8327C,de85e6c9df330809b1db99343796150beb7ee1d0bd5b6344263552beafd5289e,development_train,train,1
32345,C08559725,Cc1cc(nc(n1)n2c(=O)c(c([nH]2)C)Cc3ccc(cc3)Br)C,Cc1cc(C)nc(-n2[nH]c(C)c(Cc3ccc(Br)cc3)c2=O)n1,O=c1c(Cc2ccccc2)c[nH]n1-c1ncccn1,decoy,EGFR_decoy_L032345,Cc1cc(nc(n1)n2c(=O)c(c([nH]2)C)Cc3ccc(cc3)Br)C,DUD-E,EGFR,EGFR_DECOY_G618E2CF160887E3B013D,df4d6bd8b889abba44aebbce9a3a126675bc1a524856d444190204be470111fd,development_train,train,4
12169,C20763243,COC(=O)c1ccc(cc1)/C=C\2/C(=O)c3ccc(c(c3O2)C[NH+]4C[C@H]5C[C@@H](C4)c6cccc(=O)n6C5)[O-],COC(=O)c1ccc(/C=C2\Oc3c(ccc([O-])c3C[NH+]3C[C@H]4C[C@@H](C3)c3cccc(=O)n3C4)C2=O)cc1,O=C1C(=Cc2ccccc2)Oc2c(C[NH+]3CC4CC(C3)c3cccc(=O)n3C4)cccc21,decoy,EGFR_decoy_L012169,COC(=O)c1ccc(cc1)/C=C\2/C(=O)c3ccc(c(c3O2)C[NH+]4C[C@H]5C[C@@H](C4)c6cccc(=O)n6C5)[O-],DUD-E,EGFR,EGFR_DECOY_GBF9B529D586E4A7066F9,df904c0e818006b63cad30ec3a6bc8c822aa599ad57f76c0aa0ebf37114d96a7,development_train,train,5
29233,C41584726,Cc1cc(c(c2c1C(=O)/C(=C\c3ccc(cc3)C(C)C)/O2)C[NH+]4C[C@@H]5C[C@H](C4)c6cccc(=O)n6C5)O,Cc1cc(O)c(C[NH+]2C[C@@H]3C[C@H](C2)c2cccc(=O)n2C3)c2c1C(=O)/C(=C\c1ccc(C(C)C)cc1)O2,O=C1C(=Cc2ccccc2)Oc2c(C[NH+]3CC4CC(C3)c3cccc(=O)n3C4)cccc21,decoy,EGFR_decoy_L029233,Cc1cc(c(c2c1C(=O)/C(=C\c3ccc(cc3)C(C)C)/O2)C[NH+]4C[C@@H]5C[C@H](C4)c6cccc(=O)n6C5)O,DUD-E,EGFR,EGFR_DECOY_GBF9B529D586E4A7066F9,df904c0e818006b63cad30ec3a6bc8c822aa599ad57f76c0aa0ebf37114d96a7,development_train,train,5
9122,C26065184,c1cc(sc1)c2nc(co2)CNC(=O)CCNC(=O)NC34CC5CC(C3)CC(C5)C4,O=C(CCNC(=O)NC12CC3CC(CC(C3)C1)C2)NCc1coc(-c2cccs2)n1,O=C(CCNC(=O)NC12CC3CC(CC(C3)C1)C2)NCc1coc(-c2cccs2)n1,decoy,EGFR_decoy_L009122,c1cc(sc1)c2nc(co2)CNC(=O)CCNC(=O)NC34CC5CC(C3)CC(C5)C4,DUD-E,EGFR,EGFR_DECOY_GF08C27C726AC5AB4FBAD,dfb1ec913d79e5b55c90b57cf0858aac7398d3c8d75859a2698a6896209e69f8,development_train,train,1
34001,C01836079,c1cc(ccc1CSc2nnc(s2)SCC(=O)Nc3ccc(cc3)C(=O)N)Cl,NC(=O)c1ccc(NC(=O)CSc2nnc(SCc3ccc(Cl)cc3)s2)cc1,O=C(CSc1nnc(SCc2ccccc2)s1)Nc1ccccc1,decoy,EGFR_decoy_L034001,c1cc(ccc1CSc2nnc(s2)SCC(=O)Nc3ccc(cc3)C(=O)N)Cl,DUD-E,EGFR,EGFR_DECOY_G20A24AD4097FD381C0CA,dfb22848577e29544e2ec6e1e88a221aa34cdd767ad128264b7357a51a28a40e,development_train,train,5
23401,C12402825,CC1=NC2=C([C@@H](C1C(=O)OC(C)C)c3cc(c(c(c3)OC)[O-])[N+](=O)[O-])C(=O)C[C@H](C2)c4ccccc4OC,COc1ccccc1[C@@H]1CC(=O)C2=C(C1)N=C(C)C(C(=O)OC(C)C)[C@H]2c1cc(OC)c([O-])c([N+](=O)[O-])c1,O=C1CC(c2ccccc2)CC2=C1C(c1ccccc1)CC=N2,decoy,EGFR_decoy_L023401,CC1=NC2=C([C@@H](C1C(=O)OC(C)C)c3cc(c(c(c3)OC)[O-])[N+](=O)[O-])C(=O)C[C@H](C2)c4ccccc4OC,DUD-E,EGFR,EGFR_DECOY_GCC97937B215590B833DA,e0c9316c7d3d92b311bc72fea1ee14e5558e48ea75b9be94d3108bbcb677ff8b,development_train,train,2
19958,C10385038,Cc1ccc(cc1C)OC[C@H](Cn2c3c(nc2N4CC[NH2+]CC4)n(c(=O)n(c3=O)C)C)O,Cc1ccc(OC[C@@H](O)Cn2c(N3CC[NH2+]CC3)nc3c2c(=O)n(C)c(=O)n3C)cc1C,O=c1[nH]c(=O)c2c(nc(N3CC[NH2+]CC3)n2CCCOc2ccccc2)[nH]1,decoy,EGFR_decoy_L019958,Cc1ccc(cc1C)OC[C@H](Cn2c3c(nc2N4CC[NH2+]CC4)n(c(=O)n(c3=O)C)C)O,DUD-E,EGFR,EGFR_DECOY_GE0BDC01052C60561C195,e1f21777c95f76eb20c68a8e0b3e288322e5a28f32f9a2cdc7e130897f955bb6,development_train,train,1
24433,C20616155,CCOc1ccc(cc1C[NH+]2C[C@H]3C[C@@H](C2)c4cccc(=O)n4C3)/C=N/NC(=O)Cc5ccccc5,CCOc1ccc(/C=N/NC(=O)Cc2ccccc2)cc1C[NH+]1C[C@H]2C[C@@H](C1)c1cccc(=O)n1C2,O=C(Cc1ccccc1)NN=Cc1cccc(C[NH+]2CC3CC(C2)c2cccc(=O)n2C3)c1,decoy,EGFR_decoy_L024433,CCOc1ccc(cc1C[NH+]2C[C@H]3C[C@@H](C2)c4cccc(=O)n4C3)/C=N/NC(=O)Cc5ccccc5,DUD-E,EGFR,EGFR_DECOY_G07FA51D4267F06D33609,e2c5a1623b932427ca9309fcdb22cb65385bfdbe17c9d4e5ef4961ef6f3c5c13,development_train,train,5
34775,C03064548,CCOc1ccc(cc1C[NH+]2C[C@H]3C[C@@H](C2)c4cccc(=O)n4C3)/C=N/NC(=O)Cc5ccc(cc5)Cl,CCOc1ccc(/C=N/NC(=O)Cc2ccc(Cl)cc2)cc1C[NH+]1C[C@H]2C[C@@H](C1)c1cccc(=O)n1C2,O=C(Cc1ccccc1)NN=Cc1cccc(C[NH+]2CC3CC(C2)c2cccc(=O)n2C3)c1,decoy,EGFR_decoy_L034775,CCOc1ccc(cc1C[NH+]2C[C@H]3C[C@@H](C2)c4cccc(=O)n4C3)/C=N/NC(=O)Cc5ccc(cc5)Cl,DUD-E,EGFR,EGFR_DECOY_G07FA51D4267F06D33609,e2c5a1623b932427ca9309fcdb22cb65385bfdbe17c9d4e5ef4961ef6f3c5c13,development_train,train,5
29138,C57709865,c1cc(c(cc1N2CCCCC2)[NH+]3CCCCC3)NCc4cc5cc6c(cc5[nH]c4=O)OCO6,O=c1[nH]c2cc3c(cc2cc1CNc1ccc(N2CCCCC2)cc1[NH+]1CCCCC1)OCO3,O=c1[nH]c2cc3c(cc2cc1CNc1ccc(N2CCCCC2)cc1[NH+]1CCCCC1)OCO3,decoy,EGFR_decoy_L029138,c1cc(c(cc1N2CCCCC2)[NH+]3CCCCC3)NCc4cc5cc6c(cc5[nH]c4=O)OCO6,DUD-E,EGFR,EGFR_DECOY_G957DEA227557FA4D8720,e2d24bd9240fec9916fe023182f38d2a026f901bbe198415d64c51b7b38849ae,development_train,train,5
11878,C12431073,Cc1c(ocn1)C(=O)N2CCc3c4ccccc4[nH]c3[C@H]2C5CCCCC5,Cc1ncoc1C(=O)N1CCc2c([nH]c3ccccc23)[C@H]1C1CCCCC1,O=C(c1cnco1)N1CCc2c([nH]c3ccccc23)C1C1CCCCC1,decoy,EGFR_decoy_L011878,Cc1c(ocn1)C(=O)N2CCc3c4ccccc4[nH]c3[C@H]2C5CCCCC5,DUD-E,EGFR,EGFR_DECOY_G169323B0191AF3622D1E,e2daaf653d0d08a9988eb835f6f52ed5dd3592e1e5948d78f16010d3c238027c,development_train,train,2
4740,C03638755,Cc1ccc(c(c1)CN2c3cc(ccc3SCC2=O)C(=O)NC[C@@H](C)C[NH+]4CCC(CC4)C)C,Cc1ccc(C)c(CN2C(=O)CSc3ccc(C(=O)NC[C@@H](C)C[NH+]4CCC(C)CC4)cc32)c1,O=C(NCCC[NH+]1CCCCC1)c1ccc2c(c1)N(Cc1ccccc1)C(=O)CS2,decoy,EGFR_decoy_L004740,Cc1ccc(c(c1)CN2c3cc(ccc3SCC2=O)C(=O)NC[C@@H](C)C[NH+]4CCC(CC4)C)C,DUD-E,EGFR,EGFR_DECOY_G4004831D2952876393E8,e534ac2f68ddb0bca1b94d7a46d990b49c887ece1edfb77f173a93e46fdbf4ed,development_train,train,1
461,C06300606,Cc1cc(c2c(c1)cc(c(=O)[nH]2)[C@@H](c3nnnn3C(C)(C)C)[NH+]4CCC(=CC4)c5ccc(cc5)F)C,Cc1cc(C)c2[nH]c(=O)c([C@@H](c3nnnn3C(C)(C)C)[NH+]3CC=C(c4ccc(F)cc4)CC3)cc2c1,O=c1[nH]c2ccccc2cc1C(c1nnn[nH]1)[NH+]1CC=C(c2ccccc2)CC1,decoy,EGFR_decoy_L000461,Cc1cc(c2c(c1)cc(c(=O)[nH]2)[C@@H](c3nnnn3C(C)(C)C)[NH+]4CCC(=CC4)c5ccc(cc5)F)C,DUD-E,EGFR,EGFR_DECOY_G3AE17128C5D65FE5DCEF,e63b220b3010b6c594eedeb2cfd18f9eb9728a5b7803d5e26f405c93f6a05019,development_train,train,3
28951,C06149161,CCC(C)(C)n1c(nnn1)[C@@H](c2cc3cc(ccc3[nH]c2=O)C)[NH+]4CCC(=CC4)c5ccc(cc5)F,CCC(C)(C)n1nnnc1[C@@H](c1cc2cc(C)ccc2[nH]c1=O)[NH+]1CC=C(c2ccc(F)cc2)CC1,O=c1[nH]c2ccccc2cc1C(c1nnn[nH]1)[NH+]1CC=C(c2ccccc2)CC1,decoy,EGFR_decoy_L028951,CCC(C)(C)n1c(nnn1)[C@@H](c2cc3cc(ccc3[nH]c2=O)C)[NH+]4CCC(=CC4)c5ccc(cc5)F,DUD-E,EGFR,EGFR_DECOY_G3AE17128C5D65FE5DCEF,e63b220b3010b6c594eedeb2cfd18f9eb9728a5b7803d5e26f405c93f6a05019,development_train,train,3
28952,C06149411,CCC(C)(C)n1c(nnn1)[C@H](c2cc3cc(cc(c3[nH]c2=O)C)C)[NH+]4CCC(=CC4)c5ccc(cc5)F,CCC(C)(C)n1nnnc1[C@H](c1cc2cc(C)cc(C)c2[nH]c1=O)[NH+]1CC=C(c2ccc(F)cc2)CC1,O=c1[nH]c2ccccc2cc1C(c1nnn[nH]1)[NH+]1CC=C(c2ccccc2)CC1,decoy,EGFR_decoy_L028952,CCC(C)(C)n1c(nnn1)[C@H](c2cc3cc(cc(c3[nH]c2=O)C)C)[NH+]4CCC(=CC4)c5ccc(cc5)F,DUD-E,EGFR,EGFR_DECOY_G3AE17128C5D65FE5DCEF,e63b220b3010b6c594eedeb2cfd18f9eb9728a5b7803d5e26f405c93f6a05019,development_train,train,3
5037,C37605111,CCC(=O)N1CCc2ccc(cc2[C@H]1c3ccc(cc3)C)OCc4ccc(o4)C(=O)NCC[NH+](C)C,CCC(=O)N1CCc2ccc(OCc3ccc(C(=O)NCC[NH+](C)C)o3)cc2[C@H]1c1ccc(C)cc1,c1ccc(C2NCCc3ccc(OCc4ccco4)cc32)cc1,decoy,EGFR_decoy_L005037,CCC(=O)N1CCc2ccc(cc2[C@H]1c3ccc(cc3)C)OCc4ccc(o4)C(=O)NCC[NH+](C)C,DUD-E,EGFR,EGFR_DECOY_G79FCCD7F0CDD50BC6581,e649a8ba313b78003fce9f2cb78ba23e5f43f39f0288cfb09da176cc184f923a,development_train,train,2
24432,C37605109,CCC(=O)N1CCc2ccc(cc2[C@@H]1c3ccc(cc3)C)OCc4ccc(o4)C(=O)NCC[NH+](C)C,CCC(=O)N1CCc2ccc(OCc3ccc(C(=O)NCC[NH+](C)C)o3)cc2[C@@H]1c1ccc(C)cc1,c1ccc(C2NCCc3ccc(OCc4ccco4)cc32)cc1,decoy,EGFR_decoy_L024432,CCC(=O)N1CCc2ccc(cc2[C@@H]1c3ccc(cc3)C)OCc4ccc(o4)C(=O)NCC[NH+](C)C,DUD-E,EGFR,EGFR_DECOY_G79FCCD7F0CDD50BC6581,e649a8ba313b78003fce9f2cb78ba23e5f43f39f0288cfb09da176cc184f923a,development_train,train,2
26220,C35862415,Cc1ccc(cc1)[C@H]2c3cc(ccc3CCN2C(=O)C(C)C)OCc4ccc(o4)C(=O)NCC[NH+](C)C,Cc1ccc([C@H]2c3cc(OCc4ccc(C(=O)NCC[NH+](C)C)o4)ccc3CCN2C(=O)C(C)C)cc1,c1ccc(C2NCCc3ccc(OCc4ccco4)cc32)cc1,decoy,EGFR_decoy_L026220,Cc1ccc(cc1)[C@H]2c3cc(ccc3CCN2C(=O)C(C)C)OCc4ccc(o4)C(=O)NCC[NH+](C)C,DUD-E,EGFR,EGFR_DECOY_G79FCCD7F0CDD50BC6581,e649a8ba313b78003fce9f2cb78ba23e5f43f39f0288cfb09da176cc184f923a,development_train,train,2
34787,C37604744,CC(C)CC(=O)N1CCc2ccc(cc2[C@H]1c3ccc(cc3)F)OCc4ccc(o4)C(=O)NCC[NH+](C)C,CC(C)CC(=O)N1CCc2ccc(OCc3ccc(C(=O)NCC[NH+](C)C)o3)cc2[C@H]1c1ccc(F)cc1,c1ccc(C2NCCc3ccc(OCc4ccco4)cc32)cc1,decoy,EGFR_decoy_L034787,CC(C)CC(=O)N1CCc2ccc(cc2[C@H]1c3ccc(cc3)F)OCc4ccc(o4)C(=O)NCC[NH+](C)C,DUD-E,EGFR,EGFR_DECOY_G79FCCD7F0CDD50BC6581,e649a8ba313b78003fce9f2cb78ba23e5f43f39f0288cfb09da176cc184f923a,development_train,train,2
23493,C14072608,CCc1ccc(cc1)[C@@H](CNC(=O)CCc2nc3cc(ccc3n2C)S(=O)(=O)N(C)C)[NH+](C)C,CCc1ccc([C@@H](CNC(=O)CCc2nc3cc(S(=O)(=O)N(C)C)ccc3n2C)[NH+](C)C)cc1,O=C(CCc1nc2ccccc2[nH]1)NCCc1ccccc1,decoy,EGFR_decoy_L023493,CCc1ccc(cc1)[C@@H](CNC(=O)CCc2nc3cc(ccc3n2C)S(=O)(=O)N(C)C)[NH+](C)C,DUD-E,EGFR,EGFR_DECOY_GBE15CEFC1679446B6ABF,e6c25620a59869145e86459c96871a3248ee4f6788bcba9059fb2011a152c6d7,development_train,train,1
19809,C11228663,c1c(cc(cc1C(=O)N)NC(=O)CN2C(=O)CC3(C2=O)CCCCC3)C(=O)N,NC(=O)c1cc(NC(=O)CN2C(=O)CC3(CCCCC3)C2=O)cc(C(N)=O)c1,O=C(CN1C(=O)CC2(CCCCC2)C1=O)Nc1ccccc1,decoy,EGFR_decoy_L019809,c1c(cc(cc1C(=O)N)NC(=O)CN2C(=O)CC3(C2=O)CCCCC3)C(=O)N,DUD-E,EGFR,EGFR_DECOY_G14F13D6D7C9DF79F2BA7,e80ff87dd661b9c925773d477123596e4e4e1f107f7160b979acf988c886c83e,development_train,train,5
12923,C39226321,CC(C)[NH+]1CCC2(CC1)CC(=O)c3cc(ccc3O2)c4cccc(c4)C(=O)N[C@H]5CCCCNC5=O,CC(C)[NH+]1CCC2(CC1)CC(=O)c1cc(-c3cccc(C(=O)N[C@H]4CCCCNC4=O)c3)ccc1O2,O=C(NC1CCCCNC1=O)c1cccc(-c2ccc3c(c2)C(=O)CC2(CC[NH2+]CC2)O3)c1,decoy,EGFR_decoy_L012923,CC(C)[NH+]1CCC2(CC1)CC(=O)c3cc(ccc3O2)c4cccc(c4)C(=O)N[C@H]5CCCCNC5=O,DUD-E,EGFR,EGFR_DECOY_GE21C7DC2FB3FF2E3451A,e82793a2bb5ecee95b45be0344dbf9b704d09ed9ec7f8b4180d46b422d9162ce,development_train,train,1
10043,C61684145,CC(C)n1cc(cn1)NC(=O)C2(CCCCC2)/C(=N/O)/N,CC(C)n1cc(NC(=O)C2(/C(N)=N/O)CCCCC2)cn1,O=C(Nc1cn[nH]c1)C1CCCCC1,decoy,EGFR_decoy_L010043,CC(C)n1cc(cn1)NC(=O)C2(CCCCC2)/C(=N/O)/N,DUD-E,EGFR,EGFR_DECOY_GFD077C50FB5273EFBFED,e829608011cf055f63b95d9c36ee7e934b4c0c7805ed87c605a3d846719bf121,development_train,train,1
27201,C03104290,CC(C)(C)c1ccc(cc1)S(=O)(=O)Nc2ccc(cc2)N3CCN(CC3)c4c(cc(c[nH+]4)C(F)(F)F)Cl,CC(C)(C)c1ccc(S(=O)(=O)Nc2ccc(N3CCN(c4[nH+]cc(C(F)(F)F)cc4Cl)CC3)cc2)cc1,O=S(=O)(Nc1ccc(N2CCN(c3cccc[nH+]3)CC2)cc1)c1ccccc1,decoy,EGFR_decoy_L027201,CC(C)(C)c1ccc(cc1)S(=O)(=O)Nc2ccc(cc2)N3CCN(CC3)c4c(cc(c[nH+]4)C(F)(F)F)Cl,DUD-E,EGFR,EGFR_DECOY_G74BA62B6DB4B080F2CAD,e8557f77a713d6cba38b07bd7e5815495668aacf6249ae24eb66dcafdbd3e274,development_train,train,2
10926,C40270377,c1cc(ccc1C[C@H](c2ccc3c(c2)[nH]c(=O)[nH]3)Cl)Cl,O=c1[nH]c2ccc([C@H](Cl)Cc3ccc(Cl)cc3)cc2[nH]1,O=c1[nH]c2ccc(CCc3ccccc3)cc2[nH]1,decoy,EGFR_decoy_L010926,c1cc(ccc1C[C@H](c2ccc3c(c2)[nH]c(=O)[nH]3)Cl)Cl,DUD-E,EGFR,EGFR_DECOY_GCAAA8FCAE2D60180D11E,e862b42cfda9b938a5dfadac922c5fb7dc69d462eb82dfe21b8df7ac78ccdb9a,development_train,train,3
21480,C40270313,CC[C@H](c1ccccc1)[C@H](c2ccc3c(c2)[nH]c(=O)[nH]3)Cl,CC[C@H](c1ccccc1)[C@@H](Cl)c1ccc2[nH]c(=O)[nH]c2c1,O=c1[nH]c2ccc(CCc3ccccc3)cc2[nH]1,decoy,EGFR_decoy_L021480,CC[C@H](c1ccccc1)[C@H](c2ccc3c(c2)[nH]c(=O)[nH]3)Cl,DUD-E,EGFR,EGFR_DECOY_GCAAA8FCAE2D60180D11E,e862b42cfda9b938a5dfadac922c5fb7dc69d462eb82dfe21b8df7ac78ccdb9a,development_train,train,3
5399,C66906922,c1ccc2c(c1)CCC[C@@]2(CNC(=O)Nc3cccc(c3)N4CCOC4=O)O,O=C(NC[C@@]1(O)CCCc2ccccc21)Nc1cccc(N2CCOC2=O)c1,O=C(NCC1CCCc2ccccc21)Nc1cccc(N2CCOC2=O)c1,decoy,EGFR_decoy_L005399,c1ccc2c(c1)CCC[C@@]2(CNC(=O)Nc3cccc(c3)N4CCOC4=O)O,DUD-E,EGFR,EGFR_DECOY_GC5AC76F47408F816312F,e869cbedb875b1a5d188b19b2d8e650f300346b659336632bb3997b5c4861599,development_train,train,3
3296,C58952774,CCCCCn1c(=O)c2ccccc2c(n1)C(=O)NCc3ccc([nH+]c3)N4CCO[C@@H](C4)C,CCCCCn1nc(C(=O)NCc2ccc(N3CCO[C@H](C)C3)[nH+]c2)c2ccccc2c1=O,O=C(NCc1ccc(N2CCOCC2)[nH+]c1)c1n[nH]c(=O)c2ccccc12,decoy,EGFR_decoy_L003296,CCCCCn1c(=O)c2ccccc2c(n1)C(=O)NCc3ccc([nH+]c3)N4CCO[C@@H](C4)C,DUD-E,EGFR,EGFR_DECOY_GF6E8C3F09CF5C1830201,e908a0ccd07e4a8579774195309aa36b4bb8076bba169a619f80c83c20b70a19,development_train,train,5
14997,C66557645,Cc1ccsc1C(=O)NNC(=O)C2=Cc3ccccc3OC2,Cc1ccsc1C(=O)NNC(=O)C1=Cc2ccccc2OC1,O=C(NNC(=O)c1cccs1)C1=Cc2ccccc2OC1,decoy,EGFR_decoy_L014997,Cc1ccsc1C(=O)NNC(=O)C2=Cc3ccccc3OC2,DUD-E,EGFR,EGFR_DECOY_G8193CB07F606D9011B05,e934dee37fa9e662ea9e85da442b576f200d3479310123378e57fc9dcb28b92e,development_train,train,2
6394,C41003817,CCCCOC(=O)C1=C(Nc2nc(nn2[C@H]1c3cccc(c3)OCc4ccc(cc4)Cl)SCC)C,CCCCOC(=O)C1=C(C)Nc2nc(SCC)nn2[C@H]1c1cccc(OCc2ccc(Cl)cc2)c1,C1=CC(c2cccc(OCc3ccccc3)c2)n2ncnc2N1,decoy,EGFR_decoy_L006394,CCCCOC(=O)C1=C(Nc2nc(nn2[C@H]1c3cccc(c3)OCc4ccc(cc4)Cl)SCC)C,DUD-E,EGFR,EGFR_DECOY_G72D89470519594E0BFC0,ea10858e8768615ca7da2035aa410ebc757e970e3079320798de69bea0d7a905,development_train,train,3
6440,C41001659,CCCCSc1nc2n(n1)[C@@H](C(=C(N2)C)C(=O)OC(C)C)c3cccc(c3)OCc4ccccc4Cl,CCCCSc1nc2n(n1)[C@H](c1cccc(OCc3ccccc3Cl)c1)C(C(=O)OC(C)C)=C(C)N2,C1=CC(c2cccc(OCc3ccccc3)c2)n2ncnc2N1,decoy,EGFR_decoy_L006440,CCCCSc1nc2n(n1)[C@@H](C(=C(N2)C)C(=O)OC(C)C)c3cccc(c3)OCc4ccccc4Cl,DUD-E,EGFR,EGFR_DECOY_G72D89470519594E0BFC0,ea10858e8768615ca7da2035aa410ebc757e970e3079320798de69bea0d7a905,development_train,train,3
25979,C39531453,c1ccc(cc1)Cc2ccc(cc2)[C@@H](CNCl)N3CC[NH2+][C@@H](C3)S(=O)(=O)Oc4ccccc4,O=S(=O)(Oc1ccccc1)[C@@H]1CN([C@H](CNCl)c2ccc(Cc3ccccc3)cc2)CC[NH2+]1,O=S(=O)(Oc1ccccc1)C1CN(Cc2ccc(Cc3ccccc3)cc2)CC[NH2+]1,decoy,EGFR_decoy_L025979,c1ccc(cc1)Cc2ccc(cc2)[C@@H](CNCl)N3CC[NH2+][C@@H](C3)S(=O)(=O)Oc4ccccc4,DUD-E,EGFR,EGFR_DECOY_GE6ED1B950DAC96721B6E,ea30f9f98c0feb47e9720f8f1344fc79a828044bf7750e6c3043f6fe04365d39,development_train,train,3
9248,C64202297,c1ccc2=[NH+]CC(=c2c1)[C@H](CNC(=O)CSc3nnnn3C4CC4)c5ccccc5Cl,O=C(CSc1nnnn1C1CC1)NC[C@@H](C1=c2ccccc2=[NH+]C1)c1ccccc1Cl,O=C(CSc1nnnn1C1CC1)NCC(C1=c2ccccc2=[NH+]C1)c1ccccc1,decoy,EGFR_decoy_L009248,c1ccc2=[NH+]CC(=c2c1)[C@H](CNC(=O)CSc3nnnn3C4CC4)c5ccccc5Cl,DUD-E,EGFR,EGFR_DECOY_GC3F86338CAB6B9C99903,eb5325fdcd37b7b921f0728fad8c83c32a00e9d664ef3b93411036d67f503824,development_train,train,5
9915,C13356018,c1cc(c(cc1Cl)NC(=O)CSc2nnc(s2)NC3CCCCC3)C(=O)[O-],O=C(CSc1nnc(NC2CCCCC2)s1)Nc1cc(Cl)ccc1C(=O)[O-],O=C(CSc1nnc(NC2CCCCC2)s1)Nc1ccccc1,decoy,EGFR_decoy_L009915,c1cc(c(cc1Cl)NC(=O)CSc2nnc(s2)NC3CCCCC3)C(=O)[O-],DUD-E,EGFR,EGFR_DECOY_G97419D31041E6AC5B198,ebe6b6f16f9398448a130741ffd4d65b7ec8d0cc8e7078e163c66b84bad141d7,development_train,train,1
12484,C29355649,c1ccc(c(c1)NC(=O)CSc2nnc(s2)NC3CCCCC3)I,O=C(CSc1nnc(NC2CCCCC2)s1)Nc1ccccc1I,O=C(CSc1nnc(NC2CCCCC2)s1)Nc1ccccc1,decoy,EGFR_decoy_L012484,c1ccc(c(c1)NC(=O)CSc2nnc(s2)NC3CCCCC3)I,DUD-E,EGFR,EGFR_DECOY_G97419D31041E6AC5B198,ebe6b6f16f9398448a130741ffd4d65b7ec8d0cc8e7078e163c66b84bad141d7,development_train,train,1
13801,C00152617,C[C@@]1(Nc2ccccc2C(=O)N1c3ccc(cc3)Cl)CCl,C[C@]1(CCl)Nc2ccccc2C(=O)N1c1ccc(Cl)cc1,O=C1c2ccccc2NCN1c1ccccc1,decoy,EGFR_decoy_L013801,C[C@@]1(Nc2ccccc2C(=O)N1c3ccc(cc3)Cl)CCl,DUD-E,EGFR,EGFR_DECOY_G61E336EC11F4E4D0F2FE,ebecc9736df9dbd0409f2303ae8fa69e39195f402ef1c2113fc2cbe9ec687f8b,development_train,train,2
21697,C59158474,C[C@H](C(=O)N/N=C/1\c2ccccc2N(C1=O)CCOc3ccccc3)Sc4ccccn4,C[C@@H](Sc1ccccn1)C(=O)N/N=C1/C(=O)N(CCOc2ccccc2)c2ccccc21,O=C(CSc1ccccn1)NN=C1C(=O)N(CCOc2ccccc2)c2ccccc21,decoy,EGFR_decoy_L021697,C[C@H](C(=O)N/N=C/1\c2ccccc2N(C1=O)CCOc3ccccc3)Sc4ccccn4,DUD-E,EGFR,EGFR_DECOY_G1FAF73BBE4236D831131,ebf8eeea231f29fbb3e8a8147ca2316b27b5003b5c1338ea99924a3302e54890,development_train,train,2
8748,C59108800,c1ccc(cc1)CCNC(=O)C[C@H]2C(=O)N(C(=S)N2NC(=O)c3cccs3)c4ccc(cc4)Cl,O=C(C[C@H]1C(=O)N(c2ccc(Cl)cc2)C(=S)N1NC(=O)c1cccs1)NCCc1ccccc1,O=C(CC1C(=O)N(c2ccccc2)C(=S)N1NC(=O)c1cccs1)NCCc1ccccc1,decoy,EGFR_decoy_L008748,c1ccc(cc1)CCNC(=O)C[C@H]2C(=O)N(C(=S)N2NC(=O)c3cccs3)c4ccc(cc4)Cl,DUD-E,EGFR,EGFR_DECOY_GD34DDAED57C9DA85E9D0,ec605b960e08500372d0d02b4c933040d33158ae39fedc51b5896433a7a06a38,development_train,train,2
34396,C59108784,COc1ccc(cc1)N2C(=O)[C@H](N(C2=S)NC(=O)c3cccs3)CC(=O)NCCc4ccccc4,COc1ccc(N2C(=O)[C@@H](CC(=O)NCCc3ccccc3)N(NC(=O)c3cccs3)C2=S)cc1,O=C(CC1C(=O)N(c2ccccc2)C(=S)N1NC(=O)c1cccs1)NCCc1ccccc1,decoy,EGFR_decoy_L034396,COc1ccc(cc1)N2C(=O)[C@H](N(C2=S)NC(=O)c3cccs3)CC(=O)NCCc4ccccc4,DUD-E,EGFR,EGFR_DECOY_GD34DDAED57C9DA85E9D0,ec605b960e08500372d0d02b4c933040d33158ae39fedc51b5896433a7a06a38,development_train,train,2
21870,C45649018,C[C@@H](CNC(=O)N1[C@H]2CCCC[C@@H]2C[C@@H]1C(=O)[O-])COC,COC[C@@H](C)CNC(=O)N1[C@@H](C(=O)[O-])C[C@H]2CCCC[C@@H]21,C1CCC2NCCC2C1,decoy,EGFR_decoy_L021870,C[C@@H](CNC(=O)N1[C@H]2CCCC[C@@H]2C[C@@H]1C(=O)[O-])COC,DUD-E,EGFR,EGFR_DECOY_G1B635D9A2E1B324FE798,ed1a82d14d6b3a8644b989ac32e7b86d5d0dbbbf891ec07fcc035e6a048851e3,development_train,train,2
9263,C12026704,Cc1c(cnn1c2nccc(n2)c3ccccc3F)C(=O)NCC4(CCCC4)[NH+]5CCCCC5,Cc1c(C(=O)NCC2([NH+]3CCCCC3)CCCC2)cnn1-c1nccc(-c2ccccc2F)n1,O=C(NCC1([NH+]2CCCCC2)CCCC1)c1cnn(-c2nccc(-c3ccccc3)n2)c1,decoy,EGFR_decoy_L009263,Cc1c(cnn1c2nccc(n2)c3ccccc3F)C(=O)NCC4(CCCC4)[NH+]5CCCCC5,DUD-E,EGFR,EGFR_DECOY_GBD58129E1CF47DD0BD1F,ee83136043969a69691dd78df3b19b8e6fb2fabede38f3ab1f9d238e81d4ba8e,development_train,train,3
28666,C23362064,c1cc(ccc1C(=O)N[C@H]2CCCCNC2=O)N3CCC(CC3)[NH2+]CC4(CCCC4)N5CCOCC5,O=C(N[C@H]1CCCCNC1=O)c1ccc(N2CCC([NH2+]CC3(N4CCOCC4)CCCC3)CC2)cc1,O=C(NC1CCCCNC1=O)c1ccc(N2CCC([NH2+]CC3(N4CCOCC4)CCCC3)CC2)cc1,decoy,EGFR_decoy_L028666,c1cc(ccc1C(=O)N[C@H]2CCCCNC2=O)N3CCC(CC3)[NH2+]CC4(CCCC4)N5CCOCC5,DUD-E,EGFR,EGFR_DECOY_GEA0E152C5D46F64B0723,efbeb582daa1545dd618fcea55ff49ce30c1e9dc75dd98e4bddc99e0aab9938b,development_train,train,1
9667,C36272234,c1ccc2c(c1)CC[NH+](C2)Cc3c(nc4n3cc(cc4)N)c5ccccn5,Nc1ccc2nc(-c3ccccn3)c(C[NH+]3CCc4ccccc4C3)n2c1,c1ccc(-c2nc3ccccn3c2C[NH+]2CCc3ccccc3C2)nc1,decoy,EGFR_decoy_L009667,c1ccc2c(c1)CC[NH+](C2)Cc3c(nc4n3cc(cc4)N)c5ccccn5,DUD-E,EGFR,EGFR_DECOY_GB8AB07DA5E5AA8BCDAD2,f00d50bb87b89c0d22d75e0932c4689756ce3adefe963a7bbcedd1e45e6fdfa5,development_train,train,4
16177,C34761602,CCc1c(sc2c1c(nc(n2)SCc3ccccc3)N4CC[NH+](CC4)CCCc5ccccc5)C,CCc1c(C)sc2nc(SCc3ccccc3)nc(N3CC[NH+](CCCc4ccccc4)CC3)c12,c1ccc(CCC[NH+]2CCN(c3nc(SCc4ccccc4)nc4sccc34)CC2)cc1,decoy,EGFR_decoy_L016177,CCc1c(sc2c1c(nc(n2)SCc3ccccc3)N4CC[NH+](CC4)CCCc5ccccc5)C,DUD-E,EGFR,EGFR_DECOY_G86948E81116A492605CD,f0932398a9ecc969aa3d3ccbc92f78f3f61bec23d90f0db2f035f6eb50cc4814,development_train,train,4
25566,C12151588,CCS(=O)(=O)Nc1ccccc1c2nc(c(o2)C)CNC(=O)c3ccc(o3)c4ccc(cc4)OC,CCS(=O)(=O)Nc1ccccc1-c1nc(CNC(=O)c2ccc(-c3ccc(OC)cc3)o2)c(C)o1,O=C(NCc1coc(-c2ccccc2)n1)c1ccc(-c2ccccc2)o1,decoy,EGFR_decoy_L025566,CCS(=O)(=O)Nc1ccccc1c2nc(c(o2)C)CNC(=O)c3ccc(o3)c4ccc(cc4)OC,DUD-E,EGFR,EGFR_DECOY_GF1635BD011B945DE1C47,f19ab88a652171b03c647a936e23dbad7c107232910595843f5ad1740c42b4a7,development_train,train,5
27326,C06126879,CN(C)S(=O)(=O)c1ccc(cc1)C(=O)C2=C(C(=O)N([C@@H]2c3ccco3)CC[NH+]4CCOCC4)O,CN(C)S(=O)(=O)c1ccc(C(=O)C2=C(O)C(=O)N(CC[NH+]3CCOCC3)[C@@H]2c2ccco2)cc1,O=C(C1=CC(=O)N(CC[NH+]2CCOCC2)C1c1ccco1)c1ccccc1,decoy,EGFR_decoy_L027326,CN(C)S(=O)(=O)c1ccc(cc1)C(=O)C2=C(C(=O)N([C@@H]2c3ccco3)CC[NH+]4CCOCC4)O,DUD-E,EGFR,EGFR_DECOY_G70B9F9E514EEA7F30B24,f2b82e8937a6602ea828f33b5a27f7ef90c250bb550ce713a3637ab45494668a,development_train,train,5
21887,C61606639,C[C@@H]1CCC[C@@](C1)(C(=O)[O-])Sc2n[nH]c(=O)n2C(C)C,CC(C)n1c(S[C@]2(C(=O)[O-])CCC[C@@H](C)C2)n[nH]c1=O,O=c1[nH]nc(SC2CCCCC2)[nH]1,decoy,EGFR_decoy_L021887,C[C@@H]1CCC[C@@](C1)(C(=O)[O-])Sc2n[nH]c(=O)n2C(C)C,DUD-E,EGFR,EGFR_DECOY_G39EA0CA108B169EC560B,f2ef7cc7455c59b71526fb3f33b9ea63c52a29707bbd9139c3a929d64f038533,development_train,train,5
33038,C61592786,CCC[C@H]1CC[C@@H]([C@@H](C1)Sc2n[nH]c(=O)n2C)C#N,CCC[C@H]1CC[C@H](C#N)[C@H](Sc2n[nH]c(=O)n2C)C1,O=c1[nH]nc(SC2CCCCC2)[nH]1,decoy,EGFR_decoy_L033038,CCC[C@H]1CC[C@@H]([C@@H](C1)Sc2n[nH]c(=O)n2C)C#N,DUD-E,EGFR,EGFR_DECOY_G39EA0CA108B169EC560B,f2ef7cc7455c59b71526fb3f33b9ea63c52a29707bbd9139c3a929d64f038533,development_train,train,5
29110,C15862880,c1ccc2c(c1)c(=[NH+]C3CCCC3)c(c(o2)O)NS(=O)(=O)c4cccc5c4nsn5,O=S(=O)(Nc1c(O)oc2ccccc2c1=[NH+]C1CCCC1)c1cccc2nsnc12,O=S(=O)(Nc1coc2ccccc2c1=[NH+]C1CCCC1)c1cccc2nsnc12,decoy,EGFR_decoy_L029110,c1ccc2c(c1)c(=[NH+]C3CCCC3)c(c(o2)O)NS(=O)(=O)c4cccc5c4nsn5,DUD-E,EGFR,EGFR_DECOY_GD6A5F323D4D02EB22B54,f3e98256e7bf282b594acbe73d12ccb4e37d2efe8623090c3a12c0bab707bf15,development_train,train,4
6773,C06443886,Cc1cccc2c1[nH]c(=O)c(c2)[C@H](c3nnnn3Cc4ccccc4)[NH+](Cc5ccccc5)Cc6cccnc6,Cc1cccc2cc([C@H](c3nnnn3Cc3ccccc3)[NH+](Cc3ccccc3)Cc3cccnc3)c(=O)[nH]c12,O=c1[nH]c2ccccc2cc1C(c1nnnn1Cc1ccccc1)[NH+](Cc1ccccc1)Cc1cccnc1,decoy,EGFR_decoy_L006773,Cc1cccc2c1[nH]c(=O)c(c2)[C@H](c3nnnn3Cc4ccccc4)[NH+](Cc5ccccc5)Cc6cccnc6,DUD-E,EGFR,EGFR_DECOY_GBAB45A15FD21E905B5BF,f5c65db6c34684a0c2df82db91531a2ad2278472889b1da6e31b7a6a72cfb414,development_train,train,4
25355,C02232392,Cc1ccccc1OCCCn2cc(c3c2cccc3)/C=C\4/C(=O)NC(=O)N(C4=O)c5ccc(cc5)F,Cc1ccccc1OCCCn1cc(/C=C2/C(=O)NC(=O)N(c3ccc(F)cc3)C2=O)c2ccccc21,O=C1NC(=O)N(c2ccccc2)C(=O)C1=Cc1cn(CCCOc2ccccc2)c2ccccc12,decoy,EGFR_decoy_L025355,Cc1ccccc1OCCCn2cc(c3c2cccc3)/C=C\4/C(=O)NC(=O)N(C4=O)c5ccc(cc5)F,DUD-E,EGFR,EGFR_DECOY_GB5FF485783A251907600,f7c823495a79781e78405bc71cb2d332213389bee8747fdaa89f478d172b9390,development_train,train,1
23976,C32384635,c1ccn2c(c1)nnc2SCc3coc(n3)c4ccc(cc4)Cl,Clc1ccc(-c2nc(CSc3nnc4ccccn34)co2)cc1,c1ccc(-c2nc(CSc3nnc4ccccn34)co2)cc1,decoy,EGFR_decoy_L023976,c1ccn2c(c1)nnc2SCc3coc(n3)c4ccc(cc4)Cl,DUD-E,EGFR,EGFR_DECOY_G070C7C53FB35FAAF7D61,f840ba35b144a738efcde468e41606d2f360880335e7c3840ce11751420a8dbe,development_train,train,1
14987,C53095977,CC1CCN(CC1)S(=O)(=O)NC2(CCCCC2)CO,CC1CCN(S(=O)(=O)NC2(CO)CCCCC2)CC1,O=S(=O)(NC1CCCCC1)N1CCCCC1,decoy,EGFR_decoy_L014987,CC1CCN(CC1)S(=O)(=O)NC2(CCCCC2)CO,DUD-E,EGFR,EGFR_DECOY_G8CF7609CE7F1239D7BB0,f8510930881ce3f6372b93903cbbee4df0e60d804386bede13ce72f85041ca48,development_train,train,2
14862,C34951570,Cc1ccccc1NC(=O)[C@@H](C)NC(=O)Nc2ccc(cc2F)F,Cc1ccccc1NC(=O)[C@@H](C)NC(=O)Nc1ccc(F)cc1F,O=C(CNC(=O)Nc1ccccc1)Nc1ccccc1,decoy,EGFR_decoy_L014862,Cc1ccccc1NC(=O)[C@@H](C)NC(=O)Nc2ccc(cc2F)F,DUD-E,EGFR,EGFR_DECOY_GCDDE6C0773095CBE9A56,f948286d6017a433e2d1db502deaab19565a7b139edf27485135732b52782eba,development_train,train,3
16824,C50059506,CCCC(=O)Nc1cccc(c1C)NC(=O)NCC(=O)Nc2ccc(cc2)F,CCCC(=O)Nc1cccc(NC(=O)NCC(=O)Nc2ccc(F)cc2)c1C,O=C(CNC(=O)Nc1ccccc1)Nc1ccccc1,decoy,EGFR_decoy_L016824,CCCC(=O)Nc1cccc(c1C)NC(=O)NCC(=O)Nc2ccc(cc2)F,DUD-E,EGFR,EGFR_DECOY_GCDDE6C0773095CBE9A56,f948286d6017a433e2d1db502deaab19565a7b139edf27485135732b52782eba,development_train,train,3
16848,C66682139,CCc1ccccc1NC(=O)CNC(=O)Nc2ccc(c(c2)C)C(=O)NC(C)C,CCc1ccccc1NC(=O)CNC(=O)Nc1ccc(C(=O)NC(C)C)c(C)c1,O=C(CNC(=O)Nc1ccccc1)Nc1ccccc1,decoy,EGFR_decoy_L016848,CCc1ccccc1NC(=O)CNC(=O)Nc2ccc(c(c2)C)C(=O)NC(C)C,DUD-E,EGFR,EGFR_DECOY_GCDDE6C0773095CBE9A56,f948286d6017a433e2d1db502deaab19565a7b139edf27485135732b52782eba,development_train,train,3
10782,C39095263,CC[C@@H]1CNC(=S)N1,CC[C@@H]1CNC(=S)N1,S=C1NCCN1,decoy,EGFR_decoy_L010782,CC[C@@H]1CNC(=S)N1,DUD-E,EGFR,EGFR_DECOY_G30159E18F80A703C2600,f9a2f803f696a50eaddfb1ef3fcb95bcefab740fd5ab4dba3f5f93aad44680ae,development_train,train,5
14283,C39324362,c1cc(cc(c1)Cl)/C=C/2\CCCC3=C2OC(=C([C@@H]3c4ccc(cc4)Cl)C#N)N,N#CC1=C(N)OC2=C(CCC/C2=C\c2cccc(Cl)c2)[C@H]1c1ccc(Cl)cc1,C1=CC(c2ccccc2)C2=C(O1)C(=Cc1ccccc1)CCC2,decoy,EGFR_decoy_L014283,c1cc(cc(c1)Cl)/C=C/2\CCCC3=C2OC(=C([C@@H]3c4ccc(cc4)Cl)C#N)N,DUD-E,EGFR,EGFR_DECOY_GAEEF82B64F2907A405F5,f9f5eb874c7617ad433187e157589af6815418e84f7bc3d7e2d6fe22769fd4e8,development_train,train,5
14284,C39324476,C[C@H]1C/C(=C\c2ccccc2Cl)/C3=C(C1)[C@H](C(=C(O3)N)C#N)c4ccccc4Cl,C[C@@H]1CC2=C(OC(N)=C(C#N)[C@@H]2c2ccccc2Cl)/C(=C/c2ccccc2Cl)C1,C1=CC(c2ccccc2)C2=C(O1)C(=Cc1ccccc1)CCC2,decoy,EGFR_decoy_L014284,C[C@H]1C/C(=C\c2ccccc2Cl)/C3=C(C1)[C@H](C(=C(O3)N)C#N)c4ccccc4Cl,DUD-E,EGFR,EGFR_DECOY_GAEEF82B64F2907A405F5,f9f5eb874c7617ad433187e157589af6815418e84f7bc3d7e2d6fe22769fd4e8,development_train,train,5
15036,C39324480,C[C@H]1C/C(=C\c2ccc(cc2)C(=O)OC)/C3=C(C1)[C@H](C(=C(O3)N)C#N)c4ccc(cc4)C(=O)OC,COC(=O)c1ccc(/C=C2\C[C@H](C)CC3=C2OC(N)=C(C#N)[C@@H]3c2ccc(C(=O)OC)cc2)cc1,C1=CC(c2ccccc2)C2=C(O1)C(=Cc1ccccc1)CCC2,decoy,EGFR_decoy_L015036,C[C@H]1C/C(=C\c2ccc(cc2)C(=O)OC)/C3=C(C1)[C@H](C(=C(O3)N)C#N)c4ccc(cc4)C(=O)OC,DUD-E,EGFR,EGFR_DECOY_GAEEF82B64F2907A405F5,f9f5eb874c7617ad433187e157589af6815418e84f7bc3d7e2d6fe22769fd4e8,development_train,train,5
21053,C00989240,c1cc(cc(c1)F)/C=C/2\CCCC3=C2OC(=C([C@@H]3c4cccc(c4)F)C#N)N,N#CC1=C(N)OC2=C(CCC/C2=C\c2cccc(F)c2)[C@H]1c1cccc(F)c1,C1=CC(c2ccccc2)C2=C(O1)C(=Cc1ccccc1)CCC2,decoy,EGFR_decoy_L021053,c1cc(cc(c1)F)/C=C/2\CCCC3=C2OC(=C([C@@H]3c4cccc(c4)F)C#N)N,DUD-E,EGFR,EGFR_DECOY_GAEEF82B64F2907A405F5,f9f5eb874c7617ad433187e157589af6815418e84f7bc3d7e2d6fe22769fd4e8,development_train,train,5
32910,C12894008,Cc1ccc(cc1)[C@H](c2cccs2)Nc3ccc4nnnn4n3,Cc1ccc([C@@H](Nc2ccc3nnnn3n2)c2cccs2)cc1,c1ccc(C(Nc2ccc3nnnn3n2)c2cccs2)cc1,decoy,EGFR_decoy_L032910,Cc1ccc(cc1)[C@H](c2cccs2)Nc3ccc4nnnn4n3,DUD-E,EGFR,EGFR_DECOY_G9CA1732BBEC15B51D5E1,fad67437c5c756174e311152395c53c1284c6783c0e5b791d55af582b547a6b6,development_train,train,4
32931,C52394666,c1cc(sc1)[C@H](c2ccc(cc2)Cl)Nc3ccc4nnnn4n3,Clc1ccc([C@H](Nc2ccc3nnnn3n2)c2cccs2)cc1,c1ccc(C(Nc2ccc3nnnn3n2)c2cccs2)cc1,decoy,EGFR_decoy_L032931,c1cc(sc1)[C@H](c2ccc(cc2)Cl)Nc3ccc4nnnn4n3,DUD-E,EGFR,EGFR_DECOY_G9CA1732BBEC15B51D5E1,fad67437c5c756174e311152395c53c1284c6783c0e5b791d55af582b547a6b6,development_train,train,4
4241,C36064978,CC1=C([C@@H](N2C(=CSC2=N1)/C=C(/NCc3cccnc3)\[O-])c4ccc(cc4)[N+](=O)[O-])C(=O)OC(C)C,CC1=C(C(=O)OC(C)C)[C@H](c2ccc([N+](=O)[O-])cc2)N2C(/C=C(\[O-])NCc3cccnc3)=CSC2=N1,C1=CC(c2ccccc2)N2C(C=CNCc3cccnc3)=CSC2=N1,decoy,EGFR_decoy_L004241,CC1=C([C@@H](N2C(=CSC2=N1)/C=C(/NCc3cccnc3)\[O-])c4ccc(cc4)[N+](=O)[O-])C(=O)OC(C)C,DUD-E,EGFR,EGFR_DECOY_GAF042B041400179B09A3,fb2f6a51942e51dbcc30af73d667899a9a009ee321fec4b76695e3575c621fdc,development_train,train,4
23434,C35701082,CC1=C([C@H](N2C(=CSC2=N1)/C=C(/NCc3cccnc3)\[O-])c4ccc(cc4)[N+](=O)[O-])C(=O)OCCOC,COCCOC(=O)C1=C(C)N=C2SC=C(/C=C(\[O-])NCc3cccnc3)N2[C@@H]1c1ccc([N+](=O)[O-])cc1,C1=CC(c2ccccc2)N2C(C=CNCc3cccnc3)=CSC2=N1,decoy,EGFR_decoy_L023434,CC1=C([C@H](N2C(=CSC2=N1)/C=C(/NCc3cccnc3)\[O-])c4ccc(cc4)[N+](=O)[O-])C(=O)OCCOC,DUD-E,EGFR,EGFR_DECOY_GAF042B041400179B09A3,fb2f6a51942e51dbcc30af73d667899a9a009ee321fec4b76695e3575c621fdc,development_train,train,4
4076,C39669089,CCSc1c(cccn1)C(=O)N2C[C@H](C3(C2)CC[NH2+]CC3)C(=O)NC[C@@H]4c5ccccc5CCO4,CCSc1ncccc1C(=O)N1C[C@@H](C(=O)NC[C@H]2OCCc3ccccc32)C2(CC[NH2+]CC2)C1,O=C(NCC1OCCc2ccccc21)C1CN(C(=O)c2cccnc2)CC12CC[NH2+]CC2,decoy,EGFR_decoy_L004076,CCSc1c(cccn1)C(=O)N2C[C@H](C3(C2)CC[NH2+]CC3)C(=O)NC[C@@H]4c5ccccc5CCO4,DUD-E,EGFR,EGFR_DECOY_G46D71BA250B748BB1C00,fb9080c9a9c2f8f5f6dca243c7ac57e5650598cdb7ff0ebb8d3b3aebf645b629,development_train,train,5
25702,C01563249,c1c2c(cc3c1OCO3)[C@H]([NH2+]CC2)Cc4cc5c(cc4Br)OCO5,Brc1cc2c(cc1C[C@H]1[NH2+]CCc3cc4c(cc31)OCO4)OCO2,c1cc2c(cc1CC1[NH2+]CCc3cc4c(cc31)OCO4)OCO2,decoy,EGFR_decoy_L025702,c1c2c(cc3c1OCO3)[C@H]([NH2+]CC2)Cc4cc5c(cc4Br)OCO5,DUD-E,EGFR,EGFR_DECOY_G523A930C5A5C1309F8A7,fc3d677711f27d5594424d4a0d373f4153191893869952c0a64de8132162c056,development_train,train,2
5118,C13782321,c1cc(nc(c1)n2cccn2)C[NH2+]CC3CCN(CC3)S(=O)(=O)c4ccc(c(c4)Cl)Cl,O=S(=O)(c1ccc(Cl)c(Cl)c1)N1CCC(C[NH2+]Cc2cccc(-n3cccn3)n2)CC1,O=S(=O)(c1ccccc1)N1CCC(C[NH2+]Cc2cccc(-n3cccn3)n2)CC1,decoy,EGFR_decoy_L005118,c1cc(nc(c1)n2cccn2)C[NH2+]CC3CCN(CC3)S(=O)(=O)c4ccc(c(c4)Cl)Cl,DUD-E,EGFR,EGFR_DECOY_G7BC05600BF45F9D2967C,fdae5514791aee36bbea8eb6a7ab71ed53e9466bf2ee26da80df3b85ffc8e6e6,development_train,train,5
1514,C25443524,Cc1cc(cc(c1C)S(=O)(=O)NC)C(=O)NCC2(CCCCCC2)[NH+](C)C,CNS(=O)(=O)c1cc(C(=O)NCC2([NH+](C)C)CCCCCC2)cc(C)c1C,O=C(NCC1CCCCCC1)c1ccccc1,decoy,EGFR_decoy_L001514,Cc1cc(cc(c1C)S(=O)(=O)NC)C(=O)NCC2(CCCCCC2)[NH+](C)C,DUD-E,EGFR,EGFR_DECOY_G0CC1FC64FAC664CCEE22,fe08ce7f30d7b5daea1d31cb3c4664d9013b715eb7af7fc95499018e2b5bad22,development_train,train,2
20585,C23642684,COc1ccc(cc1)Cn2c(=O)c3ccccc3nc2SCC(=O)NNC(=O)c4ccco4,COc1ccc(Cn2c(SCC(=O)NNC(=O)c3ccco3)nc3ccccc3c2=O)cc1,O=C(CSc1nc2ccccc2c(=O)n1Cc1ccccc1)NNC(=O)c1ccco1,decoy,EGFR_decoy_L020585,COc1ccc(cc1)Cn2c(=O)c3ccccc3nc2SCC(=O)NNC(=O)c4ccco4,DUD-E,EGFR,EGFR_DECOY_G48F664E07F787645CFA5,fec4ea80161939606337bbb048429c620849cf77861585298fde38d73f431bb7,development_train,train,1
32648,C66303677,CC(C)Oc1cccc(c1)/C=C/C(=O)/N=c/2\[nH]nc3n2cccc3,CC(C)Oc1cccc(/C=C/C(=O)/N=c2\[nH]nc3ccccn23)c1,O=C(C=Cc1ccccc1)N=c1[nH]nc2ccccn12,decoy,EGFR_decoy_L032648,CC(C)Oc1cccc(c1)/C=C/C(=O)/N=c/2\[nH]nc3n2cccc3,DUD-E,EGFR,EGFR_DECOY_G574388C3676CBF8B3F42,ff886dd64f5a2ab50030f4a1ee1fb22e15508e18bd91f8ed48cad7148c029028,development_train,train,2
