source_line_number,source_molecule_id,source_smiles,canonical_smiles,scaffold_smiles,label,ligand_id,smiles,source,target_id,split_group_id,allocation_rank_sha256,selection_role,split,outer_fold
254,422270,CS(=O)(=O)c1ccccc1c5ccc(N4CCC(NS(=O)(=O)c3cc2ccc(Cl)cc2o3)C4=O)c(F)c5,CS(=O)(=O)c1ccccc1-c1ccc(N2CCC(NS(=O)(=O)c3cc4ccc(Cl)cc4o3)C2=O)c(F)c1,O=C1C(NS(=O)(=O)c2cc3ccccc3o2)CCN1c1ccc(-c2ccccc2)cc1,active,FA10_active_L000254,CS(=O)(=O)c1ccccc1c5ccc(N4CCC(NS(=O)(=O)c3cc2ccc(Cl)cc2o3)C4=O)c(F)c5,DUD-E,FA10,FA10_ACTIVE_G6EDFEB99E3777E6D0486,00660c24d8626a194c7e82f92a5ee75a012873e105f5ea1c4acb031facf3504d,development_train,train,4
319,408987,C[C@H](N2CC[C@H](NS(=O)(=O)\C=C(/C)c1ccc(Cl)s1)C2=O)C(=O)N3CCOCC3,C/C(=C\S(=O)(=O)N[C@H]1CCN([C@@H](C)C(=O)N2CCOCC2)C1=O)c1ccc(Cl)s1,O=C(CN1CCC(NS(=O)(=O)C=Cc2cccs2)C1=O)N1CCOCC1,active,FA10_active_L000319,C[C@H](N2CC[C@H](NS(=O)(=O)\C=C(/C)c1ccc(Cl)s1)C2=O)C(=O)N3CCOCC3,DUD-E,FA10,FA10_ACTIVE_G845F8A4D4FAEEFACEA70,01cee02dfc2f3a0fb0dedc7b27704d65feea031b7efa0bcd5bfef6921feb0dcc,development_train,train,5
34,310515,NC(=N)c5cccc(n1nc(C(F)(F)F)cc1C(=O)Nc4ccc(N3C2C=CC=CC2=NC3=O)cc4)c5,N=C(N)c1cccc(-n2nc(C(F)(F)F)cc2C(=O)Nc2ccc(N3C(=O)N=C4C=CC=CC43)cc2)c1,O=C(Nc1ccc(N2C(=O)N=C3C=CC=CC32)cc1)c1ccnn1-c1ccccc1,active,FA10_active_L000034,NC(=N)c5cccc(n1nc(C(F)(F)F)cc1C(=O)Nc4ccc(N3C2C=CC=CC2=NC3=O)cc4)c5,DUD-E,FA10,FA10_ACTIVE_G69FBDB35E6B6C2B57476,01f8b927418c831d9daf7152526c052d32ef83d0b4d99761d00247b55f561724,development_train,train,2
463,310427,NC(=N)c5cccc(n1nc(C(F)(F)F)cc1C(=O)Nc4ccc(n2ccc3ccccc23)cc4F)c5,N=C(N)c1cccc(-n2nc(C(F)(F)F)cc2C(=O)Nc2ccc(-n3ccc4ccccc43)cc2F)c1,O=C(Nc1ccc(-n2ccc3ccccc32)cc1)c1ccnn1-c1ccccc1,active,FA10_active_L000463,NC(=N)c5cccc(n1nc(C(F)(F)F)cc1C(=O)Nc4ccc(n2ccc3ccccc23)cc4F)c5,DUD-E,FA10,FA10_ACTIVE_GFE118C7CDBAB2E09A665,047773b65e14b2c64247a3bd29e0beffe595e8d4f29167b4a84edd3f8cf83cce,development_train,train,3
494,411695,COc5ccc(n1nc(C(F)(F)F)cc1C(=O)NC4CCN(c2ccccc2CN3CCOCC3)CC4)cc5,COc1ccc(-n2nc(C(F)(F)F)cc2C(=O)NC2CCN(c3ccccc3CN3CCOCC3)CC2)cc1,O=C(NC1CCN(c2ccccc2CN2CCOCC2)CC1)c1ccnn1-c1ccccc1,active,FA10_active_L000494,COc5ccc(n1nc(C(F)(F)F)cc1C(=O)NC4CCN(c2ccccc2CN3CCOCC3)CC4)cc5,DUD-E,FA10,FA10_ACTIVE_GA54F4A3C949E0C5FED39,05f06e1d559aff5eb6c65586f7584a9b68c0c34af0797ed4381f9fe7437029ad,development_train,train,3
255,422249,Cn1ccnc1c5ccc(N4CCC(NS(=O)(=O)c3ccc2cc(Cl)ccc2c3)C4=O)c(F)c5,Cn1ccnc1-c1ccc(N2CCC(NS(=O)(=O)c3ccc4cc(Cl)ccc4c3)C2=O)c(F)c1,O=C1C(NS(=O)(=O)c2ccc3ccccc3c2)CCN1c1ccc(-c2ncc[nH]2)cc1,active,FA10_active_L000255,Cn1ccnc1c5ccc(N4CCC(NS(=O)(=O)c3ccc2cc(Cl)ccc2c3)C4=O)c(F)c5,DUD-E,FA10,FA10_ACTIVE_GFFBE72A89E8C33BB0B8D,0aae32ab7e85be08acc477132f42ce9c9b13169e8c1fc6cb2f9f486573b56863,development_train,train,3
42,317869,CC(C)N5CCC(NC(=O)c2c(C#N)c1cccc(C)c1n2Cc4cc(c3ccc(Cl)s3)on4)CC5,Cc1cccc2c(C#N)c(C(=O)NC3CCN(C(C)C)CC3)n(Cc3cc(-c4ccc(Cl)s4)on3)c12,O=C(NC1CCNCC1)c1cc2ccccc2n1Cc1cc(-c2cccs2)on1,active,FA10_active_L000042,CC(C)N5CCC(NC(=O)c2c(C#N)c1cccc(C)c1n2Cc4cc(c3ccc(Cl)s3)on4)CC5,DUD-E,FA10,FA10_ACTIVE_GA3F9E7A5600ACE18B736,0c8f6b3aa0a7b5caaf11c6fcb9bb96340ac9abf8b9b25af4fd01a284d1096cec,development_train,train,2
418,329837,Clc6ccc(n1cncn1)c(Cc5nc4c(NCCC2CCCCN2Cc3ccccc3)nccc4o5)c6,Clc1ccc(-n2cncn2)c(Cc2nc3c(NCCC4CCCCN4Cc4ccccc4)nccc3o2)c1,c1ccc(CN2CCCCC2CCNc2nccc3oc(Cc4ccccc4-n4cncn4)nc23)cc1,active,FA10_active_L000418,Clc6ccc(n1cncn1)c(Cc5nc4c(NCCC2CCCCN2Cc3ccccc3)nccc4o5)c6,DUD-E,FA10,FA10_ACTIVE_G8829D4BB89532714A23C,0d86af7ce1e37bbd7cef36af4dd2c888793e26da9e3b5227d3aa41eba8b2ac54,development_train,train,5
1,256588,NC(=N)c4cccc(n1nc(C(F)(F)F)cc1C(=O)Nc3ncc(c2ccccc2S(N)(=O)=O)cn3)c4,N=C(N)c1cccc(-n2nc(C(F)(F)F)cc2C(=O)Nc2ncc(-c3ccccc3S(N)(=O)=O)cn2)c1,O=C(Nc1ncc(-c2ccccc2)cn1)c1ccnn1-c1ccccc1,active,FA10_active_L000001,NC(=N)c4cccc(n1nc(C(F)(F)F)cc1C(=O)Nc3ncc(c2ccccc2S(N)(=O)=O)cn3)c4,DUD-E,FA10,FA10_ACTIVE_G421A708D1DCCBF37FE76,0fb99f90e0221ad81248de51c5b78f6544c99228196a1f4b5f1bb83e41ff84f3,development_train,train,1
294,25006,Cc5cc(C(=O)Nc2ccc(C(=O)N1CCCC1)cc2)n(c4ccc3cc(Cl)ccc3c4)n5,Cc1cc(C(=O)Nc2ccc(C(=O)N3CCCC3)cc2)n(-c2ccc3cc(Cl)ccc3c2)n1,O=C(Nc1ccc(C(=O)N2CCCC2)cc1)c1ccnn1-c1ccc2ccccc2c1,active,FA10_active_L000294,Cc5cc(C(=O)Nc2ccc(C(=O)N1CCCC1)cc2)n(c4ccc3cc(Cl)ccc3c4)n5,DUD-E,FA10,FA10_ACTIVE_G591B2FAD18F1C76BDC31,10f31a0371925e4c1145823b5624f8fa50d285bff248c37eeb3c30b0e45ccd16,development_train,train,3
456,512423,CS(=O)(=O)c1ccccc1c3ccc(CCNS(=O)(=O)c2cc(C(N)=N)ccc2O)c(OCC(O)=O)c3,CS(=O)(=O)c1ccccc1-c1ccc(CCNS(=O)(=O)c2cc(C(=N)N)ccc2O)c(OCC(=O)O)c1,O=S(=O)(NCCc1ccc(-c2ccccc2)cc1)c1ccccc1,active,FA10_active_L000456,CS(=O)(=O)c1ccccc1c3ccc(CCNS(=O)(=O)c2cc(C(N)=N)ccc2O)c(OCC(O)=O)c3,DUD-E,FA10,FA10_ACTIVE_G86BE4B929FB6F772314B,1342ae77d789b5530588bae600698371d7c03717eb2351bebc2dec83ee7bb251,development_train,train,3
444,251758,COC(=O)C3C/C(=C/c1ccc(C(N)=N)cc1)C(=O)C(=C/c2ccc(C(N)=N)cc2)\C3,COC(=O)C1C/C(=C/c2ccc(C(=N)N)cc2)C(=O)/C(=C\c2ccc(C(=N)N)cc2)C1,O=C1C(=Cc2ccccc2)CCCC1=Cc1ccccc1,active,FA10_active_L000444,COC(=O)C3C/C(=C/c1ccc(C(N)=N)cc1)C(=O)C(=C/c2ccc(C(N)=N)cc2)\C3,DUD-E,FA10,FA10_ACTIVE_G686D0D5B52F7740C15A8,14ff3ed9e0bdaded264e3129e133cf649c7a4e10c691d3e9d146fdda2464ca57,development_train,train,4
450,191568,NC(=N)N3CCC[C@H](NC(=O)CNC(=O)[C@@H](CCNC(=O)c1cnccn1)NS(=O)(=O)Cc2ccccc2)C3O,N=C(N)N1CCC[C@H](NC(=O)CNC(=O)[C@@H](CCNC(=O)c2cnccn2)NS(=O)(=O)Cc2ccccc2)C1O,O=C(CNC(=O)C(CCNC(=O)c1cnccn1)NS(=O)(=O)Cc1ccccc1)NC1CCCNC1,active,FA10_active_L000450,NC(=N)N3CCC[C@H](NC(=O)CNC(=O)[C@@H](CCNC(=O)c1cnccn1)NS(=O)(=O)Cc2ccccc2)C3O,DUD-E,FA10,FA10_ACTIVE_GEEBD2D6D077064A63C64,18071e15fdd801913991a63d03010ff172d5c3348bf72ca9cdc8a4b5d7efd6c8,development_train,train,2
347,151477,COC(=O)CC4(C(=O)Nc2ncc(c1ccccc1S(N)(=O)=O)cn2)CC(c3cccc(C(N)=N)c3)=NO4,COC(=O)CC1(C(=O)Nc2ncc(-c3ccccc3S(N)(=O)=O)cn2)CC(c2cccc(C(=N)N)c2)=NO1,O=C(Nc1ncc(-c2ccccc2)cn1)C1CC(c2ccccc2)=NO1,active,FA10_active_L000347,COC(=O)CC4(C(=O)Nc2ncc(c1ccccc1S(N)(=O)=O)cn2)CC(c3cccc(C(N)=N)c3)=NO4,DUD-E,FA10,FA10_ACTIVE_G58DF047038E8489AE81C,1aaa8908e47078ff7a7f34cd4e033dec5b862650c307cba5649f28583ae76bae,development_train,train,5
309,197570,NC(=N)c4ccc(O)c(CN3CC[C@H](NS(=O)(=O)c2ccc(c1cccnc1)s2)C3=O)c4,N=C(N)c1ccc(O)c(CN2CC[C@H](NS(=O)(=O)c3ccc(-c4cccnc4)s3)C2=O)c1,O=C1C(NS(=O)(=O)c2ccc(-c3cccnc3)s2)CCN1Cc1ccccc1,active,FA10_active_L000309,NC(=N)c4ccc(O)c(CN3CC[C@H](NS(=O)(=O)c2ccc(c1cccnc1)s2)C3=O)c4,DUD-E,FA10,FA10_ACTIVE_G28EB88C99EFAF0E66766,1af5d5f940e9b896b2b238d93e50833ed84e90a2eb1be5b972460124c337207f,development_train,train,5
136,422268,CS(=O)(=O)c1ccccc1c4ccc(N3CCC(NS(=O)(=O)/C=C/c2ccc(Cl)cc2)C3=O)c(F)c4,CS(=O)(=O)c1ccccc1-c1ccc(N2CCC(NS(=O)(=O)/C=C/c3ccc(Cl)cc3)C2=O)c(F)c1,O=C1C(NS(=O)(=O)C=Cc2ccccc2)CCN1c1ccc(-c2ccccc2)cc1,active,FA10_active_L000136,CS(=O)(=O)c1ccccc1c4ccc(N3CCC(NS(=O)(=O)/C=C/c2ccc(Cl)cc2)C3=O)c(F)c4,DUD-E,FA10,FA10_ACTIVE_G31F0C06E27991541A77A,1cdb8092ad2f4d76cc6d9b2c7bdfdd4060dc86af558e75a4f163e771ff885fd0,development_train,train,3
503,99283,C/C(=C(\F)C(=O)Nc2ccc(c1ccncc1S(C)(=O)=O)cc2)c4ccc3ccnc(N)c3c4,C/C(=C(\F)C(=O)Nc1ccc(-c2ccncc2S(C)(=O)=O)cc1)c1ccc2ccnc(N)c2c1,O=C(C=Cc1ccc2ccncc2c1)Nc1ccc(-c2ccncc2)cc1,active,FA10_active_L000503,C/C(=C(\F)C(=O)Nc2ccc(c1ccncc1S(C)(=O)=O)cc2)c4ccc3ccnc(N)c3c4,DUD-E,FA10,FA10_ACTIVE_G3B9ABE9144077DA04999,1ead3727de2fa244787f86568336f20500c7414e4cb1decd971ec8a5cca4a410,development_train,train,2
126,296901,Nc5noc6ccc(n1nc(C(F)(F)F)cc1C(=O)Nc4ccc(n2ccnc2CN3CCCC3)cc4F)cc56,Nc1noc2ccc(-n3nc(C(F)(F)F)cc3C(=O)Nc3ccc(-n4ccnc4CN4CCCC4)cc3F)cc12,O=C(Nc1ccc(-n2ccnc2CN2CCCC2)cc1)c1ccnn1-c1ccc2oncc2c1,active,FA10_active_L000126,Nc5noc6ccc(n1nc(C(F)(F)F)cc1C(=O)Nc4ccc(n2ccnc2CN3CCCC3)cc4F)cc56,DUD-E,FA10,FA10_ACTIVE_GBACADB35BD8990D69C96,1f79b0062c658b9417b316d74a9e67866b44ee1a41f19a9d904aef252dceb63d,development_train,train,5
118,227721,Cc5cc(C(=O)Nc2ccc(c1ccccc1S(N)(=O)=O)cc2)n(c4ccc3ccnc(N)c3c4)n5,Cc1cc(C(=O)Nc2ccc(-c3ccccc3S(N)(=O)=O)cc2)n(-c2ccc3ccnc(N)c3c2)n1,O=C(Nc1ccc(-c2ccccc2)cc1)c1ccnn1-c1ccc2ccncc2c1,active,FA10_active_L000118,Cc5cc(C(=O)Nc2ccc(c1ccccc1S(N)(=O)=O)cc2)n(c4ccc3ccnc(N)c3c4)n5,DUD-E,FA10,FA10_ACTIVE_GAA3EFBAAEF236BF3A26C,20b3e7239a1db4b04e541340dc00581fc58351c156892b2aa682baea59910a22,development_train,train,1
174,85059,NC(=N)c3ccc(\C=C2\CCCC/C(=C/c1ccc(C(N)=N)cc1)C2=O)cc3,N=C(N)c1ccc(/C=C2/CCCC/C(=C/c3ccc(C(=N)N)cc3)C2=O)cc1,O=C1C(=Cc2ccccc2)CCCCC1=Cc1ccccc1,active,FA10_active_L000174,NC(=N)c3ccc(\C=C2\CCCC/C(=C/c1ccc(C(N)=N)cc1)C2=O)cc3,DUD-E,FA10,FA10_ACTIVE_G8ABA01EBF72DA2FDD1DA,2130b7c8a8304803517ef90de435e0c9ab34b278553631f2bf59db4626cdc21b,development_train,train,1
160,495385,COc6ccc(n5nc(C(N)=O)c4CCN(c3ccc(C2(C1=NCCO1)CC2)cc3)C(=O)c45)cc6,COc1ccc(-n2nc(C(N)=O)c3c2C(=O)N(c2ccc(C4(C5=NCCO5)CC4)cc2)CC3)cc1,O=C1c2c(cnn2-c2ccccc2)CCN1c1ccc(C2(C3=NCCO3)CC2)cc1,active,FA10_active_L000160,COc6ccc(n5nc(C(N)=O)c4CCN(c3ccc(C2(C1=NCCO1)CC2)cc3)C(=O)c45)cc6,DUD-E,FA10,FA10_ACTIVE_GBB71B6E743AFEF8E3F3E,22f616d949b941d5b5bfb86fb37b63fddf6df094faa1d8bdc0b480f4419aea55,development_train,train,5
376,401079,CCOC(=O)N5C[C@H](NC(=O)c2ccc(n1ccccc1=O)cc2)[C@H](NC(=O)c4ccc3c(Cl)c[nH]c3c4)C5,CCOC(=O)N1C[C@H](NC(=O)c2ccc(-n3ccccc3=O)cc2)[C@H](NC(=O)c2ccc3c(Cl)c[nH]c3c2)C1,O=C(NC1CNCC1NC(=O)c1ccc2cc[nH]c2c1)c1ccc(-n2ccccc2=O)cc1,active,FA10_active_L000376,CCOC(=O)N5C[C@H](NC(=O)c2ccc(n1ccccc1=O)cc2)[C@H](NC(=O)c4ccc3c(Cl)c[nH]c3c4)C5,DUD-E,FA10,FA10_ACTIVE_GC686E027864F9B6D9704,2387792bb1ed7d788b595ce7927cabc5b1fd91dca2cd978a80592d6cc51973e0,development_train,train,3
380,317964,CC(C)N4CCC(NC(=O)c2cc1cccc(C)c1n2CC(=O)Nc3ccc(Cl)cc3)CC4,Cc1cccc2cc(C(=O)NC3CCN(C(C)C)CC3)n(CC(=O)Nc3ccc(Cl)cc3)c12,O=C(Cn1c(C(=O)NC2CCNCC2)cc2ccccc21)Nc1ccccc1,active,FA10_active_L000380,CC(C)N4CCC(NC(=O)c2cc1cccc(C)c1n2CC(=O)Nc3ccc(Cl)cc3)CC4,DUD-E,FA10,FA10_ACTIVE_GEB3C2707919513C165E8,259290074aa4b356a872443edee4bfae6103f67980848c526d2949dd5fab07c1,development_train,train,2
142,33612,CCc3nc2cc(OC1CCN(C(C)=N)CC1)ccc2n3Cc5cccc(c4cccc(C(N)=N)c4)c5,CCc1nc2cc(OC3CCN(C(C)=N)CC3)ccc2n1Cc1cccc(-c2cccc(C(=N)N)c2)c1,c1ccc(-c2cccc(Cn3cnc4cc(OC5CCNCC5)ccc43)c2)cc1,active,FA10_active_L000142,CCc3nc2cc(OC1CCN(C(C)=N)CC1)ccc2n3Cc5cccc(c4cccc(C(N)=N)c4)c5,DUD-E,FA10,FA10_ACTIVE_G5347665C478F3DAD5161,282f15e1fad3b1ac0ba897021c2410cb1ace097d8fbcc3978e4e435d09832810,development_train,train,5
152,359580,Cc4nc3c(C(F)(F)F)nn(c2ccc1onc(N)c1c2)c3c(=O)n4c7ccc(c5ccccc5CNCC6CC6)cc7,Cc1nc2c(C(F)(F)F)nn(-c3ccc4onc(N)c4c3)c2c(=O)n1-c1ccc(-c2ccccc2CNCC2CC2)cc1,O=c1c2c(cnn2-c2ccc3oncc3c2)ncn1-c1ccc(-c2ccccc2CNCC2CC2)cc1,active,FA10_active_L000152,Cc4nc3c(C(F)(F)F)nn(c2ccc1onc(N)c1c2)c3c(=O)n4c7ccc(c5ccccc5CNCC6CC6)cc7,DUD-E,FA10,FA10_ACTIVE_GA5E24C759746C7AA99E1,293a6e625e4715767762330ec9bf1fc3b9f76a2e73c32ef8fef4623a131efeb9,development_train,train,4
519,133474,Cc1nccn1c4cccc(Oc3cc(C(O)=O)cc(Oc2cc(C(N)=N)ccc2O)n3)c4,Cc1nccn1-c1cccc(Oc2cc(C(=O)O)cc(Oc3cc(C(=N)N)ccc3O)n2)c1,c1ccc(Oc2cccc(Oc3cccc(-n4ccnc4)c3)n2)cc1,active,FA10_active_L000519,Cc1nccn1c4cccc(Oc3cc(C(O)=O)cc(Oc2cc(C(N)=N)ccc2O)n3)c4,DUD-E,FA10,FA10_ACTIVE_GCE9DF2D0277275E57BF4,2b20132f7a7634d41c0e97f9f5ff0d14bca2ff25bc1d4b4ef72b7fd9423fd436,development_train,train,1
311,271106,NC(=N)NCCCC(NC(=O)CN3CCN(S(=O)(=O)c1cccc2nonc12)CC3=O)C(=O)c4nccs4,N=C(N)NCCCC(NC(=O)CN1CCN(S(=O)(=O)c2cccc3nonc23)CC1=O)C(=O)c1nccs1,O=C(CN1CCN(S(=O)(=O)c2cccc3nonc23)CC1=O)NCC(=O)c1nccs1,active,FA10_active_L000311,NC(=N)NCCCC(NC(=O)CN3CCN(S(=O)(=O)c1cccc2nonc12)CC3=O)C(=O)c4nccs4,DUD-E,FA10,FA10_ACTIVE_G2A30C38FD858772D34CF,2c3a76b95f983943c115bbe1635d19b8326930ffbfe0e1672861ac421f264a85,development_train,train,1
200,254883,CC(=N)N4CCC(Oc3ccc(N(Cc2cc1ccc(C(N)=N)cc1n2C)S(C)(=O)=O)cc3)CC4,CC(=N)N1CCC(Oc2ccc(N(Cc3cc4ccc(C(=N)N)cc4n3C)S(C)(=O)=O)cc2)CC1,c1ccc2[nH]c(CNc3ccc(OC4CCNCC4)cc3)cc2c1,active,FA10_active_L000200,CC(=N)N4CCC(Oc3ccc(N(Cc2cc1ccc(C(N)=N)cc1n2C)S(C)(=O)=O)cc3)CC4,DUD-E,FA10,FA10_ACTIVE_G2DC2A5BD46B7CC367A8C,2f1b5a4da833ae9d097abdc4827f0011d9666c21d9acabe0dd83d6f33818a33c,development_train,train,1
257,496339,COc6ccc(n5nc(C(F)(F)F)c4CCN(c3ccc(C2(c1ncc[nH]1)CC2)cc3)C(=O)c45)cc6,COc1ccc(-n2nc(C(F)(F)F)c3c2C(=O)N(c2ccc(C4(c5ncc[nH]5)CC4)cc2)CC3)cc1,O=C1c2c(cnn2-c2ccccc2)CCN1c1ccc(C2(c3ncc[nH]3)CC2)cc1,active,FA10_active_L000257,COc6ccc(n5nc(C(F)(F)F)c4CCN(c3ccc(C2(c1ncc[nH]1)CC2)cc3)C(=O)c45)cc6,DUD-E,FA10,FA10_ACTIVE_GC9F45356FEBE2CB3F4DD,2fdbfa828e87f6d5facca46434f50e3c088db26784c7784a3499e046a6cf008f,development_train,train,4
134,459317,CN(C)C(=N)c4ccc(C(=O)Nc1ccc(Cl)cc1C(=O)Nc2ccc(Cl)cn2)c(N3CCC3)c4,CN(C)C(=N)c1ccc(C(=O)Nc2ccc(Cl)cc2C(=O)Nc2ccc(Cl)cn2)c(N2CCC2)c1,O=C(Nc1ccccn1)c1ccccc1NC(=O)c1ccccc1N1CCC1,active,FA10_active_L000134,CN(C)C(=N)c4ccc(C(=O)Nc1ccc(Cl)cc1C(=O)Nc2ccc(Cl)cn2)c(N3CCC3)c4,DUD-E,FA10,FA10_ACTIVE_G8D86C467EB69A869F608,34c449d151d4a21fdbfee1e7fa7c1bf66204f54ae24da57b8dd17722e8f75cfc,development_train,train,5
140,229108,NC(=N)c4ccc3[nH]cc(CC(=O)Nc2ccc(c1ccccc1S(N)(=O)=O)cn2)c3c4,N=C(N)c1ccc2[nH]cc(CC(=O)Nc3ccc(-c4ccccc4S(N)(=O)=O)cn3)c2c1,O=C(Cc1c[nH]c2ccccc12)Nc1ccc(-c2ccccc2)cn1,active,FA10_active_L000140,NC(=N)c4ccc3[nH]cc(CC(=O)Nc2ccc(c1ccccc1S(N)(=O)=O)cn2)c3c4,DUD-E,FA10,FA10_ACTIVE_G04C68C76F677BEAAF96D,35712219f103308027dc7f38860322f4933d6851685d6dec55c95ba04f1663ea,development_train,train,3
186,401042,Clc4c[nH]c5cc(C(=O)N[C@@H]1CCC[C@@H]1NC(=O)c3ccc(n2ccccc2=O)cc3)ccc45,O=C(N[C@H]1CCC[C@H]1NC(=O)c1ccc2c(Cl)c[nH]c2c1)c1ccc(-n2ccccc2=O)cc1,O=C(NC1CCCC1NC(=O)c1ccc2cc[nH]c2c1)c1ccc(-n2ccccc2=O)cc1,active,FA10_active_L000186,Clc4c[nH]c5cc(C(=O)N[C@@H]1CCC[C@@H]1NC(=O)c3ccc(n2ccccc2=O)cc3)ccc45,DUD-E,FA10,FA10_ACTIVE_G1AE36E6A3D1942267353,37752963d45160947d1a62df5fb769fe8c4ba9d60568ef7c7d2c1e87ae3fb15d,development_train,train,4
232,384884,NCc1ccc(Cl)cc1CNC(=O)[C@@H]2CCCN2C(=O)[C@@H](CCc3ccccn3=O)NCC(=O)OC4CCCCC4,NCc1ccc(Cl)cc1CNC(=O)[C@@H]1CCCN1C(=O)[C@@H](CCc1cccc[n+]1[O-])NCC(=O)OC1CCCCC1,O=C(CNC(CCc1cccc[nH+]1)C(=O)N1CCCC1C(=O)NCc1ccccc1)OC1CCCCC1,active,FA10_active_L000232,NCc1ccc(Cl)cc1CNC(=O)[C@@H]2CCCN2C(=O)[C@@H](CCc3ccccn3=O)NCC(=O)OC4CCCCC4,DUD-E,FA10,FA10_ACTIVE_GF433832F8E4E740D10A1,3a3c1832da4b5ea4626f2901efc807054d53e2c40326c94b38f76d4663dffcfc,development_train,train,1
482,434169,CN(CC(=O)N[C@@H](CCCNC(N)=N)C(=O)c1nccs1)C(=O)CNS(=O)(=O)c2ccccc2,CN(CC(=O)N[C@@H](CCCNC(=N)N)C(=O)c1nccs1)C(=O)CNS(=O)(=O)c1ccccc1,O=C(CNC(=O)CNS(=O)(=O)c1ccccc1)NCC(=O)c1nccs1,active,FA10_active_L000482,CN(CC(=O)N[C@@H](CCCNC(N)=N)C(=O)c1nccs1)C(=O)CNS(=O)(=O)c2ccccc2,DUD-E,FA10,FA10_ACTIVE_G93415C21F28170DECCCB,41bc12ff85fb9955f67294520f140f80596d95205caf8a2a6214f2f4a7fd0048,development_train,train,2
185,459845,CN(C)C(=N)c4ccc(C(=O)Nc1ccc(Cl)cc1C(=O)Nc2ccc(Cl)cn2)c(N3CCOCC3)c4,CN(C)C(=N)c1ccc(C(=O)Nc2ccc(Cl)cc2C(=O)Nc2ccc(Cl)cn2)c(N2CCOCC2)c1,O=C(Nc1ccccn1)c1ccccc1NC(=O)c1ccccc1N1CCOCC1,active,FA10_active_L000185,CN(C)C(=N)c4ccc(C(=O)Nc1ccc(Cl)cc1C(=O)Nc2ccc(Cl)cn2)c(N3CCOCC3)c4,DUD-E,FA10,FA10_ACTIVE_GADA54B02AEC4E1563245,45664c8ae611b770b47ce1386dbfb03a161f94521ea8352d52a8d9988ee0df46,development_train,train,1
502,101264,CN(C)C(=O)CC3CN(S(=O)(=O)c2cc1ccc(Cl)cc1s2)CCN3C(=O)c5ccc(C4=NCCN4C)cc5,CN(C)C(=O)CC1CN(S(=O)(=O)c2cc3ccc(Cl)cc3s2)CCN1C(=O)c1ccc(C2=NCCN2C)cc1,O=C(c1ccc(C2=NCCN2)cc1)N1CCN(S(=O)(=O)c2cc3ccccc3s2)CC1,active,FA10_active_L000502,CN(C)C(=O)CC3CN(S(=O)(=O)c2cc1ccc(Cl)cc1s2)CCN3C(=O)c5ccc(C4=NCCN4C)cc5,DUD-E,FA10,FA10_ACTIVE_G52DC73A13B21AF3391F9,47fec53747efb448748d94d62c18fefd9d955040db89fa1f251167795dae2ec4,development_train,train,3
96,344006,Nc5noc6ccc(n1nc(C(F)(F)F)cc1C(=O)Nc4ccc(c2ccccc2CNCC3CC3)cc4F)cc56,Nc1noc2ccc(-n3nc(C(F)(F)F)cc3C(=O)Nc3ccc(-c4ccccc4CNCC4CC4)cc3F)cc12,O=C(Nc1ccc(-c2ccccc2CNCC2CC2)cc1)c1ccnn1-c1ccc2oncc2c1,active,FA10_active_L000096,Nc5noc6ccc(n1nc(C(F)(F)F)cc1C(=O)Nc4ccc(c2ccccc2CNCC3CC3)cc4F)cc56,DUD-E,FA10,FA10_ACTIVE_GE980555865F605684FF4,4887b90c2cbdd8acf651a3441fd2ffb6eb1eef5a5af8923855c75bbdba6bf489,development_train,train,3
79,116673,NC(=N)c4cccc(OC(C(=O)Nc2ccc(C(=O)N1CCCC1)cc2)c3ccccc3)c4,N=C(N)c1cccc(OC(C(=O)Nc2ccc(C(=O)N3CCCC3)cc2)c2ccccc2)c1,O=C(Nc1ccc(C(=O)N2CCCC2)cc1)C(Oc1ccccc1)c1ccccc1,active,FA10_active_L000079,NC(=N)c4cccc(OC(C(=O)Nc2ccc(C(=O)N1CCCC1)cc2)c3ccccc3)c4,DUD-E,FA10,FA10_ACTIVE_GF2CD43D728CA9C41EBD1,49407a5d61653618d823bdef1415f0573567a6a397e153a9fd9495f1a05b0e67,development_train,train,4
508,139290,COc4ccc3N(CC(=O)N[C@H]1CCCN(C(N)=N)C1O)C(=O)[C@@H](NS(=O)(=O)Cc2ccccc2)CCc3c4,COc1ccc2c(c1)CC[C@H](NS(=O)(=O)Cc1ccccc1)C(=O)N2CC(=O)N[C@H]1CCCN(C(=N)N)C1O,O=C(CN1C(=O)C(NS(=O)(=O)Cc2ccccc2)CCc2ccccc21)NC1CCCNC1,active,FA10_active_L000508,COc4ccc3N(CC(=O)N[C@H]1CCCN(C(N)=N)C1O)C(=O)[C@@H](NS(=O)(=O)Cc2ccccc2)CCc3c4,DUD-E,FA10,FA10_ACTIVE_G925169B9B4F619C9DDB9,49ce51130542fc06de0cfa5846a47224c4fceaaeb9a93b3cf9e5545af0f50a53,development_train,train,3
537,512422,CC(C)c2ccc(CCNS(=O)(=O)c1cc(C(N)=N)ccc1O)c(NC(=O)C(O)=O)c2,CC(C)c1ccc(CCNS(=O)(=O)c2cc(C(=N)N)ccc2O)c(NC(=O)C(=O)O)c1,O=S(=O)(NCCc1ccccc1)c1ccccc1,active,FA10_active_L000537,CC(C)c2ccc(CCNS(=O)(=O)c1cc(C(N)=N)ccc1O)c(NC(=O)C(O)=O)c2,DUD-E,FA10,FA10_ACTIVE_G7070B4A4002234AD7BA3,4a34e188f31c0a9aeed6cc240d85bbf90ba5733c513d74e1e4023c2024586c7b,development_train,train,4
492,560213,Cc4cc3cc(NC(\N[C@H]2CCCCN(CC(=O)N1CCCC1)C2=O)=N/C#N)ccc3o4,Cc1cc2cc(N/C(=N\C#N)N[C@H]3CCCCN(CC(=O)N4CCCC4)C3=O)ccc2o1,N=C(Nc1ccc2occc2c1)NC1CCCCN(CC(=O)N2CCCC2)C1=O,active,FA10_active_L000492,Cc4cc3cc(NC(\N[C@H]2CCCCN(CC(=O)N1CCCC1)C2=O)=N/C#N)ccc3o4,DUD-E,FA10,FA10_ACTIVE_G07E34DAA466B6555B6B6,4aa6d34dac5cae6b4c134ffb8f715681280ab3e3a5d66b8c215035e599c72095,development_train,train,5
88,417531,NC(=O)c6cc(C(=O)N2CCc3cc(n1ccccc1=O)ccc23)n(c5ccc4onc(N)c4c5)n6,NC(=O)c1cc(C(=O)N2CCc3cc(-n4ccccc4=O)ccc32)n(-c2ccc3onc(N)c3c2)n1,O=C(c1ccnn1-c1ccc2oncc2c1)N1CCc2cc(-n3ccccc3=O)ccc21,active,FA10_active_L000088,NC(=O)c6cc(C(=O)N2CCc3cc(n1ccccc1=O)ccc23)n(c5ccc4onc(N)c4c5)n6,DUD-E,FA10,FA10_ACTIVE_GCBA1D0AEBE69B287B6C1,4b2150bb7f7de049d0d86427b34e84af661b8b7a7aac4417970ac61fa5c6ebb3,development_train,train,4
12,448239,CCN(CC)CC5(c4ccc(N3CCc2c(C(F)(F)F)nn(c1ccc(OC)cc1)c2C3=O)cc4)CC5,CCN(CC)CC1(c2ccc(N3CCc4c(C(F)(F)F)nn(-c5ccc(OC)cc5)c4C3=O)cc2)CC1,O=C1c2c(cnn2-c2ccccc2)CCN1c1ccc(C2CC2)cc1,active,FA10_active_L000012,CCN(CC)CC5(c4ccc(N3CCc2c(C(F)(F)F)nn(c1ccc(OC)cc1)c2C3=O)cc4)CC5,DUD-E,FA10,FA10_ACTIVE_G334E5E6FCD28A3615B5D,4ea0659b4dc28f4909ad246b25b408b4b68169b1ecf7eceec4e0a4fcc78a2326,development_train,train,5
236,306838,CC(C)N4CCC(NC(=O)c2cc1ccccc1n2CC(=O)Nc3ccc(Cl)cn3)CC4,CC(C)N1CCC(NC(=O)c2cc3ccccc3n2CC(=O)Nc2ccc(Cl)cn2)CC1,O=C(Cn1c(C(=O)NC2CCNCC2)cc2ccccc21)Nc1ccccn1,active,FA10_active_L000236,CC(C)N4CCC(NC(=O)c2cc1ccccc1n2CC(=O)Nc3ccc(Cl)cn3)CC4,DUD-E,FA10,FA10_ACTIVE_G1FA0AC9A87949E5FC59F,4fbe9e7cfe4b421234fd97e8211c9ab0b1283e3e57a47e62a260a2018ccf9850,development_train,train,4
332,593016,CC(N1CCCC1)c5ccc(N4CC[C@H](NS(=O)(=O)c3ccc2cc(Cl)ccc2c3)C4=O)c(F)c5,CC(c1ccc(N2CC[C@H](NS(=O)(=O)c3ccc4cc(Cl)ccc4c3)C2=O)c(F)c1)N1CCCC1,O=C1C(NS(=O)(=O)c2ccc3ccccc3c2)CCN1c1ccc(CN2CCCC2)cc1,active,FA10_active_L000332,CC(N1CCCC1)c5ccc(N4CC[C@H](NS(=O)(=O)c3ccc2cc(Cl)ccc2c3)C4=O)c(F)c5,DUD-E,FA10,FA10_ACTIVE_G28977DA04A83502D069A,525a837c72a8a8c9e5879d324ad754cde0dc72579ff652708b2935489c8c64c7,development_train,train,1
281,292928,CC(=N)N6CCC(Oc1ccc5c(c1)n(Cc3ccc2ccc(C(N)=N)cc2c3)c4ccccc45)CC6,CC(=N)N1CCC(Oc2ccc3c4ccccc4n(Cc4ccc5ccc(C(=N)N)cc5c4)c3c2)CC1,c1ccc2cc(Cn3c4ccccc4c4ccc(OC5CCNCC5)cc43)ccc2c1,active,FA10_active_L000281,CC(=N)N6CCC(Oc1ccc5c(c1)n(Cc3ccc2ccc(C(N)=N)cc2c3)c4ccccc45)CC6,DUD-E,FA10,FA10_ACTIVE_G85940E555D9D2750DC3F,56264cbad08c92ea0332ff84c21a78139ca5e287faf2c0f4fc9fb477334b2d6e,development_train,train,4
164,438557,CN(C)Cc1nccn1c5ccc(N4CCC(NS(=O)(=O)c3ccc2cc(Cl)ccc2c3)C4=O)c(F)c5,CN(C)Cc1nccn1-c1ccc(N2CCC(NS(=O)(=O)c3ccc4cc(Cl)ccc4c3)C2=O)c(F)c1,O=C1C(NS(=O)(=O)c2ccc3ccccc3c2)CCN1c1ccc(-n2ccnc2)cc1,active,FA10_active_L000164,CN(C)Cc1nccn1c5ccc(N4CCC(NS(=O)(=O)c3ccc2cc(Cl)ccc2c3)C4=O)c(F)c5,DUD-E,FA10,FA10_ACTIVE_GF5D1F2387324E9A63550,56971b8d4ed8394a386ce0c52c30444259443e90e8a68970f70eb5e0db458da1,development_train,train,1
14,497505,O[C@]5(c1ccccc1Cl)C[C@H](C(=O)Nc3ccc(n2ccccc2=O)cn3)N(C(=O)Nc4ccc(Cl)cc4)C5,O=C(Nc1ccc(-n2ccccc2=O)cn1)[C@H]1C[C@](O)(c2ccccc2Cl)CN1C(=O)Nc1ccc(Cl)cc1,O=C(Nc1ccc(-n2ccccc2=O)cn1)C1CC(c2ccccc2)CN1C(=O)Nc1ccccc1,active,FA10_active_L000014,O[C@]5(c1ccccc1Cl)C[C@H](C(=O)Nc3ccc(n2ccccc2=O)cn3)N(C(=O)Nc4ccc(Cl)cc4)C5,DUD-E,FA10,FA10_ACTIVE_G0E56E843D8274E0FD0C4,5ab943093e804d591c93a0ef58b67341cc73abf820f75ca16336d115f74b3325,development_train,train,3
3,427741,COc2cc(Cl)cc(C(=O)Nc1ccc(Cl)cn1)c2NC(=O)c4ccc(n3ccccc3=O)cc4F,COc1cc(Cl)cc(C(=O)Nc2ccc(Cl)cn2)c1NC(=O)c1ccc(-n2ccccc2=O)cc1F,O=C(Nc1ccccc1C(=O)Nc1ccccn1)c1ccc(-n2ccccc2=O)cc1,active,FA10_active_L000003,COc2cc(Cl)cc(C(=O)Nc1ccc(Cl)cn1)c2NC(=O)c4ccc(n3ccccc3=O)cc4F,DUD-E,FA10,FA10_ACTIVE_G23DEAB5DB783978B398A,66221a43a262f83cafb0ebd1022397edb53cac461af07889d73c9a00e9a10dd1,development_train,train,5
391,254032,CC(=N)N4CCC(Oc3ccc(N(Cc2cc1cc(C(N)=N)ccc1s2)S(=O)(=O)CC(O)=O)cc3)CC4,CC(=N)N1CCC(Oc2ccc(N(Cc3cc4cc(C(=N)N)ccc4s3)S(=O)(=O)CC(=O)O)cc2)CC1,c1ccc2sc(CNc3ccc(OC4CCNCC4)cc3)cc2c1,active,FA10_active_L000391,CC(=N)N4CCC(Oc3ccc(N(Cc2cc1cc(C(N)=N)ccc1s2)S(=O)(=O)CC(O)=O)cc3)CC4,DUD-E,FA10,FA10_ACTIVE_G4E09005D09C60A9565B2,6766e85b367cc53026d754117f9a3edac51d44be90578fb1646da3e46293de2c,development_train,train,4
426,368370,CC(C)N(CCN1CCOCC1)C(=O)[C@H](C)N4CC[C@H](NS(=O)(=O)c3ccc2cc(Cl)ccc2c3)C4=O,CC(C)N(CCN1CCOCC1)C(=O)[C@H](C)N1CC[C@H](NS(=O)(=O)c2ccc3cc(Cl)ccc3c2)C1=O,O=C(CN1CCC(NS(=O)(=O)c2ccc3ccccc3c2)C1=O)NCCN1CCOCC1,active,FA10_active_L000426,CC(C)N(CCN1CCOCC1)C(=O)[C@H](C)N4CC[C@H](NS(=O)(=O)c3ccc2cc(Cl)ccc2c3)C4=O,DUD-E,FA10,FA10_ACTIVE_G8827429B3FD9BFC8D44F,689ba99c84767d9a180c0d5680d3667fbec6e06e7f1c269f106673701fb2cf16,development_train,train,5
44,403359,COc6ccc(n5nc(C(N)=O)c4CCN(c3ccc(c1ccccc1CN2CC[C@@H](O)C2)cc3)C(=O)c45)cc6,COc1ccc(-n2nc(C(N)=O)c3c2C(=O)N(c2ccc(-c4ccccc4CN4CC[C@@H](O)C4)cc2)CC3)cc1,O=C1c2c(cnn2-c2ccccc2)CCN1c1ccc(-c2ccccc2CN2CCCC2)cc1,active,FA10_active_L000044,COc6ccc(n5nc(C(N)=O)c4CCN(c3ccc(c1ccccc1CN2CC[C@@H](O)C2)cc3)C(=O)c45)cc6,DUD-E,FA10,FA10_ACTIVE_G9EDCE48F7D8FD5598270,6b867c4984d3d1d4e9b01c57f0758f90e2cb815c47e798b42706f83f0ccefbe5,development_train,train,2
228,270410,NC(=N)NCCCC(NC(=O)CN3CCN(S(=O)(=O)c1cccc2cnccc12)CC3=O)C(=O)c4nccs4,N=C(N)NCCCC(NC(=O)CN1CCN(S(=O)(=O)c2cccc3cnccc23)CC1=O)C(=O)c1nccs1,O=C(CN1CCN(S(=O)(=O)c2cccc3cnccc23)CC1=O)NCC(=O)c1nccs1,active,FA10_active_L000228,NC(=N)NCCCC(NC(=O)CN3CCN(S(=O)(=O)c1cccc2cnccc12)CC3=O)C(=O)c4nccs4,DUD-E,FA10,FA10_ACTIVE_G14022193CDBDFE7992F6,6c1f7aa57f8f8755547127afd777e49c3edd48779f0aaec576e2c86a3a0ac07d,development_train,train,5
485,191486,NC(=N)N3CCC[C@H](NC(=O)CNC(=O)[C@@H](CCNC(=O)c1ccc(O)nc1)NS(=O)(=O)Cc2ccccc2)C3O,N=C(N)N1CCC[C@H](NC(=O)CNC(=O)[C@@H](CCNC(=O)c2ccc(O)nc2)NS(=O)(=O)Cc2ccccc2)C1O,O=C(CNC(=O)C(CCNC(=O)c1cccnc1)NS(=O)(=O)Cc1ccccc1)NC1CCCNC1,active,FA10_active_L000485,NC(=N)N3CCC[C@H](NC(=O)CNC(=O)[C@@H](CCNC(=O)c1ccc(O)nc1)NS(=O)(=O)Cc2ccccc2)C3O,DUD-E,FA10,FA10_ACTIVE_G1E15160C22F323DD3A72,6d94566289b39a360c8d3a845b2e3461a7324b0a67571b34ace9ba4e8d27bb06,development_train,train,4
30,495751,COc6ccc(n5nc(C(N)=O)c4CCN(c3ccc(C2(CN1CCOCC1)CC2)cc3)C(=O)c45)cc6,COc1ccc(-n2nc(C(N)=O)c3c2C(=O)N(c2ccc(C4(CN5CCOCC5)CC4)cc2)CC3)cc1,O=C1c2c(cnn2-c2ccccc2)CCN1c1ccc(C2(CN3CCOCC3)CC2)cc1,active,FA10_active_L000030,COc6ccc(n5nc(C(N)=O)c4CCN(c3ccc(C2(CN1CCOCC1)CC2)cc3)C(=O)c45)cc6,DUD-E,FA10,FA10_ACTIVE_G2490E3A3962E6AAE033A,6f02d27046276b119221c385c83c21e9f85b76a341d820f9e5c141f96ea049fc,development_train,train,5
39,495686,COc6ccc(N5N=C(S(C)(=O)=O)C4CCN(c3ccc(C2(CN1CCCC1)CC2)cc3)C(=O)C45)cc6,COc1ccc(N2N=C(S(C)(=O)=O)C3CCN(c4ccc(C5(CN6CCCC6)CC5)cc4)C(=O)C32)cc1,O=C1C2C(C=NN2c2ccccc2)CCN1c1ccc(C2(CN3CCCC3)CC2)cc1,active,FA10_active_L000039,COc6ccc(N5N=C(S(C)(=O)=O)C4CCN(c3ccc(C2(CN1CCCC1)CC2)cc3)C(=O)C45)cc6,DUD-E,FA10,FA10_ACTIVE_GDCBA6A99497238602968,701032cd6202e9c55af89768f1e27f9fb37e5b0bcba24a0335b5ed92a5a96210,development_train,train,3
137,114282,CN(C)C(=O)c3cccc(Oc2nc(Oc1cc(C(N)=N)ccc1O)c(F)c(N(C)CC(O)=O)c2F)c3,CN(C)C(=O)c1cccc(Oc2nc(Oc3cc(C(=N)N)ccc3O)c(F)c(N(C)CC(=O)O)c2F)c1,c1ccc(Oc2cccc(Oc3ccccc3)n2)cc1,active,FA10_active_L000137,CN(C)C(=O)c3cccc(Oc2nc(Oc1cc(C(N)=N)ccc1O)c(F)c(N(C)CC(O)=O)c2F)c3,DUD-E,FA10,FA10_ACTIVE_G50FC159F956D3B54D1B1,72297b7d0d90f7004790c871baa29455f29e586cadf4abbf449bfad97c7915c9,development_train,train,5
264,294861,CN(C)C1=NCCN1Cc4ccc(C(=O)Nc2ccc(Cl)cc2C(=O)Nc3ccc(Cl)cn3)cc4,CN(C)C1=NCCN1Cc1ccc(C(=O)Nc2ccc(Cl)cc2C(=O)Nc2ccc(Cl)cn2)cc1,O=C(Nc1ccccc1C(=O)Nc1ccccn1)c1ccc(CN2C=NCC2)cc1,active,FA10_active_L000264,CN(C)C1=NCCN1Cc4ccc(C(=O)Nc2ccc(Cl)cc2C(=O)Nc3ccc(Cl)cn3)cc4,DUD-E,FA10,FA10_ACTIVE_G61F91CECCABDEE8D6D4C,73bb60ec1a84c45e433eecc67e18dde7b111911aadb1d1be4ee1cfc313c95f6b,development_train,train,4
469,310611,NC(=N)c6ccc5ccn(C(Cc1ccccc1)C(=O)Nc4ccc(n2cnc3ccccc23)cc4F)c5c6,N=C(N)c1ccc2ccn(C(Cc3ccccc3)C(=O)Nc3ccc(-n4cnc5ccccc54)cc3F)c2c1,O=C(Nc1ccc(-n2cnc3ccccc32)cc1)C(Cc1ccccc1)n1ccc2ccccc21,active,FA10_active_L000469,NC(=N)c6ccc5ccn(C(Cc1ccccc1)C(=O)Nc4ccc(n2cnc3ccccc23)cc4F)c5c6,DUD-E,FA10,FA10_ACTIVE_G34AB31C175F20CDD9077,781b60fedc2014df5596fb9f435a18724cfe95d7e4c6d5be9e81488b44ea91f7,development_train,train,3
405,307318,CN(C)Cc1nccn1c4ccc(C(=O)N[C@H](CC(=O)Nc2ccc(Br)cn2)C(=O)N3CCCCC3)cc4,CN(C)Cc1nccn1-c1ccc(C(=O)N[C@H](CC(=O)Nc2ccc(Br)cn2)C(=O)N2CCCCC2)cc1,O=C(CC(NC(=O)c1ccc(-n2ccnc2)cc1)C(=O)N1CCCCC1)Nc1ccccn1,active,FA10_active_L000405,CN(C)Cc1nccn1c4ccc(C(=O)N[C@H](CC(=O)Nc2ccc(Br)cn2)C(=O)N3CCCCC3)cc4,DUD-E,FA10,FA10_ACTIVE_G6F4475826EACEAD10ADC,7949652cb18c6b392892a42e0c9c41720ed0c450ca5cc33372d03a7f8d833e56,development_train,train,1
94,195492,CN1CCN=C1c5cccc(Oc4nc(Oc2cc(C(N)=N)ccc2O)c(F)c(OC3CCN(CC(O)=O)CC3)c4F)c5,CN1CCN=C1c1cccc(Oc2nc(Oc3cc(C(=N)N)ccc3O)c(F)c(OC3CCN(CC(=O)O)CC3)c2F)c1,c1ccc(Oc2cc(OC3CCNCC3)cc(Oc3cccc(C4=NCCN4)c3)n2)cc1,active,FA10_active_L000094,CN1CCN=C1c5cccc(Oc4nc(Oc2cc(C(N)=N)ccc2O)c(F)c(OC3CCN(CC(O)=O)CC3)c4F)c5,DUD-E,FA10,FA10_ACTIVE_G4F64678F12D68FA7DB6B,7a5661250177b4b72bdfa495073dfabee19d50bff38553249150cb5c8e2f9886,development_train,train,5
353,228658,NC(=N)c4ccc3ncn(CC(=O)Nc2ccc(c1ccccc1S(N)(=O)=O)cc2)c3c4,N=C(N)c1ccc2ncn(CC(=O)Nc3ccc(-c4ccccc4S(N)(=O)=O)cc3)c2c1,O=C(Cn1cnc2ccccc21)Nc1ccc(-c2ccccc2)cc1,active,FA10_active_L000353,NC(=N)c4ccc3ncn(CC(=O)Nc2ccc(c1ccccc1S(N)(=O)=O)cc2)c3c4,DUD-E,FA10,FA10_ACTIVE_G4CCB2E297C9AD29CF8B7,7ad340d029674fa91a275a58b18b428215ae82095732d65a661d952681506419,development_train,train,2
211,343746,CN6CCN(Cc1ccccc1c5ccc(NC(=O)c2cc(C(F)(F)F)nn2c4ccc3onc(N)c3c4)c(F)c5)CC6,CN1CCN(Cc2ccccc2-c2ccc(NC(=O)c3cc(C(F)(F)F)nn3-c3ccc4onc(N)c4c3)c(F)c2)CC1,O=C(Nc1ccc(-c2ccccc2CN2CCNCC2)cc1)c1ccnn1-c1ccc2oncc2c1,active,FA10_active_L000211,CN6CCN(Cc1ccccc1c5ccc(NC(=O)c2cc(C(F)(F)F)nn2c4ccc3onc(N)c3c4)c(F)c5)CC6,DUD-E,FA10,FA10_ACTIVE_G45E229853365466C3282,7bd4881de580e4f0a43510048f118aec06a4d55023b8af767f352ae7697aef3a,development_train,train,1
428,397503,Clc4c[nH]c5cc(C(=O)N[C@@H]1CCCC[C@@H]1NC(=O)c3ccc(N2CCCNC2=O)cc3)ccc45,O=C(N[C@H]1CCCC[C@H]1NC(=O)c1ccc2c(Cl)c[nH]c2c1)c1ccc(N2CCCNC2=O)cc1,O=C(NC1CCCCC1NC(=O)c1ccc2cc[nH]c2c1)c1ccc(N2CCCNC2=O)cc1,active,FA10_active_L000428,Clc4c[nH]c5cc(C(=O)N[C@@H]1CCCC[C@@H]1NC(=O)c3ccc(N2CCCNC2=O)cc3)ccc45,DUD-E,FA10,FA10_ACTIVE_GDD00AD152E6C332EE555,7d581dc7da890fcc08ad7210e420a042eefd9b7ec2b12a8b26bbf5e7a5f868e8,development_train,train,1
368,329946,FC(F)(CNc3nccc4oc(Cc1ccccc1n2cnnn2)nc34)c5ccccn5=O,[O-][n+]1ccccc1C(F)(F)CNc1nccc2oc(Cc3ccccc3-n3cnnn3)nc12,c1ccc(CCNc2nccc3oc(Cc4ccccc4-n4cnnn4)nc23)[nH+]c1,active,FA10_active_L000368,FC(F)(CNc3nccc4oc(Cc1ccccc1n2cnnn2)nc34)c5ccccn5=O,DUD-E,FA10,FA10_ACTIVE_G561693D1636787E85234,80b5ab2e13e2971f95980964e4989a3c8453de6d43acdf2cdf116bb7c3bdec3d,development_train,train,3
223,25360,CN1CCN=C1c5ccc(NC(=O)c2cc(C)nn2c4ccc3cc(Cl)ccc3c4)c(F)c5,Cc1cc(C(=O)Nc2ccc(C3=NCCN3C)cc2F)n(-c2ccc3cc(Cl)ccc3c2)n1,O=C(Nc1ccc(C2=NCCN2)cc1)c1ccnn1-c1ccc2ccccc2c1,active,FA10_active_L000223,CN1CCN=C1c5ccc(NC(=O)c2cc(C)nn2c4ccc3cc(Cl)ccc3c4)c(F)c5,DUD-E,FA10,FA10_ACTIVE_G74BF44D70E759E3AC724,82a0268c8965aaa88713b521e4b8e9195311e926cdf8fdcff63982cbc5f9367c,development_train,train,3
369,422252,Fc2cc(n1cccn1)ccc2N5CCC(NS(=O)(=O)c4ccc3cc(Cl)ccc3c4)C5=O,O=C1C(NS(=O)(=O)c2ccc3cc(Cl)ccc3c2)CCN1c1ccc(-n2cccn2)cc1F,O=C1C(NS(=O)(=O)c2ccc3ccccc3c2)CCN1c1ccc(-n2cccn2)cc1,active,FA10_active_L000369,Fc2cc(n1cccn1)ccc2N5CCC(NS(=O)(=O)c4ccc3cc(Cl)ccc3c4)C5=O,DUD-E,FA10,FA10_ACTIVE_GDE52224DB5E3BA38F48C,86ea2c9883107b9aa55e691fa99e54eb7776d587c33795af347de811f5437da6,development_train,train,1
270,644509,Clc4cnc(NC(=O)c1ccccc1NC(=O)c3ccc(n2ccccc2=O)cc3)nc4,O=C(Nc1ccccc1C(=O)Nc1ncc(Cl)cn1)c1ccc(-n2ccccc2=O)cc1,O=C(Nc1ccccc1C(=O)Nc1ncccn1)c1ccc(-n2ccccc2=O)cc1,active,FA10_active_L000270,Clc4cnc(NC(=O)c1ccccc1NC(=O)c3ccc(n2ccccc2=O)cc3)nc4,DUD-E,FA10,FA10_ACTIVE_GC91D2FE30176826073FC,875d7e457f3e3951da20b9601116330c437ad21e5722d5b71117cc512b1be7bb,development_train,train,1
187,422250,Fc2cc(c1cccnc1C#N)ccc2N5CCC(NS(=O)(=O)c4ccc3cc(Cl)ccc3c4)C5=O,N#Cc1ncccc1-c1ccc(N2CCC(NS(=O)(=O)c3ccc4cc(Cl)ccc4c3)C2=O)c(F)c1,O=C1C(NS(=O)(=O)c2ccc3ccccc3c2)CCN1c1ccc(-c2cccnc2)cc1,active,FA10_active_L000187,Fc2cc(c1cccnc1C#N)ccc2N5CCC(NS(=O)(=O)c4ccc3cc(Cl)ccc3c4)C5=O,DUD-E,FA10,FA10_ACTIVE_G44ECE0A7DEA56D442F94,8a64da83d22f1d13065fea09c3c75b201654cb09891fcf89de8d895142122dbe,development_train,train,3
314,151942,NC(=N)c4ccc(O)c(CN3CC[C@H](NS(=O)(=O)c2cc1c(Cl)nccc1s2)C3=O)c4,N=C(N)c1ccc(O)c(CN2CC[C@H](NS(=O)(=O)c3cc4c(Cl)nccc4s3)C2=O)c1,O=C1C(NS(=O)(=O)c2cc3cnccc3s2)CCN1Cc1ccccc1,active,FA10_active_L000314,NC(=N)c4ccc(O)c(CN3CC[C@H](NS(=O)(=O)c2cc1c(Cl)nccc1s2)C3=O)c4,DUD-E,FA10,FA10_ACTIVE_G10544611C686770BC274,8b768fff5f98e1b26fad617e0c9355339f73798a8d9c3cafec0cdfea176da380,development_train,train,4
410,596190,CN5CCc4nc(C(=O)N[C@@H]1C[C@@H](C(=O)N(C)C)CC[C@@H]1NC(=O)c3cc2ccc(Cl)cc2nn3)sc4C5,CN1CCc2nc(C(=O)N[C@@H]3C[C@@H](C(=O)N(C)C)CC[C@@H]3NC(=O)c3cc4ccc(Cl)cc4nn3)sc2C1,O=C(NC1CCCCC1NC(=O)c1nc2c(s1)CNCC2)c1cc2ccccc2nn1,active,FA10_active_L000410,CN5CCc4nc(C(=O)N[C@@H]1C[C@@H](C(=O)N(C)C)CC[C@@H]1NC(=O)c3cc2ccc(Cl)cc2nn3)sc4C5,DUD-E,FA10,FA10_ACTIVE_GABC017FA21D552FC2ACF,8ce17b377eb240df8cc78075e1b6398a87d09c66649e9c97d381eede9b09b485,development_train,train,2
330,583253,Cc5cc4cc(NC(\N[C@H]2CCCCN(CC(=O)N1CCCC1)C2=O)=N/C(=O)c3ccc(C(O)=O)cc3)ccc4o5,Cc1cc2cc(N/C(=N\C(=O)c3ccc(C(=O)O)cc3)N[C@H]3CCCCN(CC(=O)N4CCCC4)C3=O)ccc2o1,O=C(N=C(Nc1ccc2occc2c1)NC1CCCCN(CC(=O)N2CCCC2)C1=O)c1ccccc1,active,FA10_active_L000330,Cc5cc4cc(NC(\N[C@H]2CCCCN(CC(=O)N1CCCC1)C2=O)=N/C(=O)c3ccc(C(O)=O)cc3)ccc4o5,DUD-E,FA10,FA10_ACTIVE_G0681D2A995FDBC96EA70,8d03aa81ca4d3adb6f4e4fc2ce69fdcaf7d8ba8d6da8ed45ba1f021e0a6ca38c,development_train,train,2
241,397455,ClC4C=Nc5cc(C(=O)N[C@@H]1CCC[C@@H]1NC(=O)c3ccc(n2ccccc2=O)cc3)ccc45,O=C(N[C@H]1CCC[C@H]1NC(=O)c1ccc2c(c1)N=CC2Cl)c1ccc(-n2ccccc2=O)cc1,O=C(NC1CCCC1NC(=O)c1ccc2c(c1)N=CC2)c1ccc(-n2ccccc2=O)cc1,active,FA10_active_L000241,ClC4C=Nc5cc(C(=O)N[C@@H]1CCC[C@@H]1NC(=O)c3ccc(n2ccccc2=O)cc3)ccc45,DUD-E,FA10,FA10_ACTIVE_GB90D23D7ED3F32414E1F,8fc2aee45abcef0b509f9467f41f7901f95e831015407556ee043dee7e1f1e99,development_train,train,2
122,522577,CC(C)CNC(=O)c4ccc(c2ccc(c1ccccc1)cc2C(=O)Nc3ccc(C(N)=N)cc3)c(C(O)=O)c4,CC(C)CNC(=O)c1ccc(-c2ccc(-c3ccccc3)cc2C(=O)Nc2ccc(C(=N)N)cc2)c(C(=O)O)c1,O=C(Nc1ccccc1)c1cc(-c2ccccc2)ccc1-c1ccccc1,active,FA10_active_L000122,CC(C)CNC(=O)c4ccc(c2ccc(c1ccccc1)cc2C(=O)Nc3ccc(C(N)=N)cc3)c(C(O)=O)c4,DUD-E,FA10,FA10_ACTIVE_G45410ECD2009BD61D7EE,91a7c8fef230e8c0c8fbe6acd4e8d2e17ad6b9fd0932d851afa611dcbf084687,development_train,train,2
175,344001,Nc5noc6ccc(n1nc(C(F)(F)F)cc1C(=O)Nc4ccc(c2ccccc2Cn3ccnc3)cc4F)cc56,Nc1noc2ccc(-n3nc(C(F)(F)F)cc3C(=O)Nc3ccc(-c4ccccc4Cn4ccnc4)cc3F)cc12,O=C(Nc1ccc(-c2ccccc2Cn2ccnc2)cc1)c1ccnn1-c1ccc2oncc2c1,active,FA10_active_L000175,Nc5noc6ccc(n1nc(C(F)(F)F)cc1C(=O)Nc4ccc(c2ccccc2Cn3ccnc3)cc4F)cc56,DUD-E,FA10,FA10_ACTIVE_G778FC817DCF225E71CA1,9354e7d1f280107aa7efd01237119e105e1979a9785f2ef8853f14a68871d71e,development_train,train,5
514,66321,NC(=N)c4cccc(OCCN(Cc1ccoc1)C(=O)c3ccc(c2ccccc2S(N)(=O)=O)cc3)c4,N=C(N)c1cccc(OCCN(Cc2ccoc2)C(=O)c2ccc(-c3ccccc3S(N)(=O)=O)cc2)c1,O=C(c1ccc(-c2ccccc2)cc1)N(CCOc1ccccc1)Cc1ccoc1,active,FA10_active_L000514,NC(=N)c4cccc(OCCN(Cc1ccoc1)C(=O)c3ccc(c2ccccc2S(N)(=O)=O)cc3)c4,DUD-E,FA10,FA10_ACTIVE_GBDB5155AB4600A13BA7A,96ae9b7478dc829cb7156a7eb166fc9ef612e7a94f04eb1fdc1c8b995c772967,development_train,train,3
283,67082,COc4ccc(NC(=O)c2ccc(c1ccccc1S(N)(=O)=O)cc2)c(Oc3cccc(C(N)=N)c3)c4,COc1ccc(NC(=O)c2ccc(-c3ccccc3S(N)(=O)=O)cc2)c(Oc2cccc(C(=N)N)c2)c1,O=C(Nc1ccccc1Oc1ccccc1)c1ccc(-c2ccccc2)cc1,active,FA10_active_L000283,COc4ccc(NC(=O)c2ccc(c1ccccc1S(N)(=O)=O)cc2)c(Oc3cccc(C(N)=N)c3)c4,DUD-E,FA10,FA10_ACTIVE_G952DBC7C8BB7DDF2D2DD,99de1183f94c897f4bf89b8248b33043260ff34b19107bf806443b9e07adede9,development_train,train,4
101,411689,CCN(CC)Cc1ccccc1N5CCC(N4CCc3c(C(N)=O)nn(c2ccc(OC)cc2)c3C4=O)CC5,CCN(CC)Cc1ccccc1N1CCC(N2CCc3c(C(N)=O)nn(-c4ccc(OC)cc4)c3C2=O)CC1,O=C1c2c(cnn2-c2ccccc2)CCN1C1CCN(c2ccccc2)CC1,active,FA10_active_L000101,CCN(CC)Cc1ccccc1N5CCC(N4CCc3c(C(N)=O)nn(c2ccc(OC)cc2)c3C4=O)CC5,DUD-E,FA10,FA10_ACTIVE_G45768A5B457D98086E7B,9a101936fc2a8b939d980ee76a27346fa3f518e2967a0331fb5793d2dabaacb0,development_train,train,1
453,119944,NC(=N)c4cccc(Cn2c(C(=O)NCc1cc(Cl)cc(Cl)c1)cc3c(O)cccc23)c4,N=C(N)c1cccc(Cn2c(C(=O)NCc3cc(Cl)cc(Cl)c3)cc3c(O)cccc32)c1,O=C(NCc1ccccc1)c1cc2ccccc2n1Cc1ccccc1,active,FA10_active_L000453,NC(=N)c4cccc(Cn2c(C(=O)NCc1cc(Cl)cc(Cl)c1)cc3c(O)cccc23)c4,DUD-E,FA10,FA10_ACTIVE_GAE41B4F338B1C9319D35,9d420e56232c4dd50c12d5576c8629736b4ce97e2a513ed42f6ca77711450eb8,development_train,train,1
17,264101,NC(=N)c4cccc(n1nncc1C(=O)Nc3ccc(c2ccccc2S(N)(=O)=O)cc3)c4,N=C(N)c1cccc(-n2nncc2C(=O)Nc2ccc(-c3ccccc3S(N)(=O)=O)cc2)c1,O=C(Nc1ccc(-c2ccccc2)cc1)c1cnnn1-c1ccccc1,active,FA10_active_L000017,NC(=N)c4cccc(n1nncc1C(=O)Nc3ccc(c2ccccc2S(N)(=O)=O)cc3)c4,DUD-E,FA10,FA10_ACTIVE_GEA0A8874E652580A2038,9da2128afb7a5a1cb4776c7410924364b021b4e0baac7cf092f1c952c86f4256,development_train,train,2
158,267910,COC[C@H]2ON=C(c1cccc(C(N)=N)c1)[C@@H]2C(=O)Nc4ccc(c3ccccc3S(N)(=O)=O)cc4,COC[C@H]1ON=C(c2cccc(C(=N)N)c2)[C@@H]1C(=O)Nc1ccc(-c2ccccc2S(N)(=O)=O)cc1,O=C(Nc1ccc(-c2ccccc2)cc1)C1CON=C1c1ccccc1,active,FA10_active_L000158,COC[C@H]2ON=C(c1cccc(C(N)=N)c1)[C@@H]2C(=O)Nc4ccc(c3ccccc3S(N)(=O)=O)cc4,DUD-E,FA10,FA10_ACTIVE_G01340282CC4FE45D0C42,a4db328ef7412c02b8ff77f4d8c0a130f676028625353397b7608104baff97fa,development_train,train,2
439,178046,CC(O)[C@H](N(C)C(=O)[C@H](Cc1ccc(N(=O)=O)cc1)NC(=O)CCCN=C(N)N)C(=O)N[C@H](C)c2ccccc2,CC(O)[C@@H](C(=O)N[C@H](C)c1ccccc1)N(C)C(=O)[C@H](Cc1ccc([N+](=O)[O-])cc1)NC(=O)CCCN=C(N)N,O=C(CCc1ccccc1)NCC(=O)NCc1ccccc1,active,FA10_active_L000439,CC(O)[C@H](N(C)C(=O)[C@H](Cc1ccc(N(=O)=O)cc1)NC(=O)CCCN=C(N)N)C(=O)N[C@H](C)c2ccccc2,DUD-E,FA10,FA10_ACTIVE_G6512EE9AB7098CAA8650,a73ac4e33f097caa8ac455f08f3edb68ea9859ef1e4f1ec620f6653c5b074473,development_train,train,3
350,397511,CN(C)Cc1nccn1c5ccc(C(=O)N[C@H]2CCCC[C@H]2NC(=O)c4ccc3c(Cl)c[nH]c3c4)cc5,CN(C)Cc1nccn1-c1ccc(C(=O)N[C@H]2CCCC[C@H]2NC(=O)c2ccc3c(Cl)c[nH]c3c2)cc1,O=C(NC1CCCCC1NC(=O)c1ccc2cc[nH]c2c1)c1ccc(-n2ccnc2)cc1,active,FA10_active_L000350,CN(C)Cc1nccn1c5ccc(C(=O)N[C@H]2CCCC[C@H]2NC(=O)c4ccc3c(Cl)c[nH]c3c4)cc5,DUD-E,FA10,FA10_ACTIVE_GD3B3BC3C29119C3384A9,aabd7849ba709c13d698a180022f903d4432d0f1a5b40a6c99ddaabfe5e26d09,development_train,train,2
10,344010,C[N+]6(Cc1ccccc1c5ccc(NC(=O)c2cc(C(F)(F)F)nn2c4ccc3onc(N)c3c4)c(F)c5)CCOCC6,C[N+]1(Cc2ccccc2-c2ccc(NC(=O)c3cc(C(F)(F)F)nn3-c3ccc4onc(N)c4c3)c(F)c2)CCOCC1,O=C(Nc1ccc(-c2ccccc2C[NH+]2CCOCC2)cc1)c1ccnn1-c1ccc2oncc2c1,active,FA10_active_L000010,C[N+]6(Cc1ccccc1c5ccc(NC(=O)c2cc(C(F)(F)F)nn2c4ccc3onc(N)c3c4)c(F)c5)CCOCC6,DUD-E,FA10,FA10_ACTIVE_GE25AF8E4A920C9EEB6E2,acaf005ae9e6fe3b15f12a88a26ef79a05e3665f99cfd6b8e1ef384ea2e1261e,development_train,train,2
40,263411,Cc4nc(c1cccc(C(N)=N)c1)c(C(=O)Nc3ccc(c2ccccc2S(N)(=O)=O)cc3)s4,Cc1nc(-c2cccc(C(=N)N)c2)c(C(=O)Nc2ccc(-c3ccccc3S(N)(=O)=O)cc2)s1,O=C(Nc1ccc(-c2ccccc2)cc1)c1scnc1-c1ccccc1,active,FA10_active_L000040,Cc4nc(c1cccc(C(N)=N)c1)c(C(=O)Nc3ccc(c2ccccc2S(N)(=O)=O)cc3)s4,DUD-E,FA10,FA10_ACTIVE_G52E54C86A2BD97C8065D,b35098193f81847a885bdd488c551c858e3367f524fe6778230618a694a9c019,development_train,train,5
86,310275,NC(=N)c6cccc(n2nc(c1cccnc1)cc2C(=O)Nc5ccc(n3cnc4ccccc34)cc5)c6,N=C(N)c1cccc(-n2nc(-c3cccnc3)cc2C(=O)Nc2ccc(-n3cnc4ccccc43)cc2)c1,O=C(Nc1ccc(-n2cnc3ccccc32)cc1)c1cc(-c2cccnc2)nn1-c1ccccc1,active,FA10_active_L000086,NC(=N)c6cccc(n2nc(c1cccnc1)cc2C(=O)Nc5ccc(n3cnc4ccccc34)cc5)c6,DUD-E,FA10,FA10_ACTIVE_G162E6941451F3E4DB3C9,b3ec707324514f0b95f91f3f691372ed98a68c6d42c3a1246a5518d53d648dc1,development_train,train,2
510,66879,NC(=N)c3cccc(OCCNC(=O)c2ccc(c1ccccc1S(N)(=O)=O)cc2)c3,N=C(N)c1cccc(OCCNC(=O)c2ccc(-c3ccccc3S(N)(=O)=O)cc2)c1,O=C(NCCOc1ccccc1)c1ccc(-c2ccccc2)cc1,active,FA10_active_L000510,NC(=N)c3cccc(OCCNC(=O)c2ccc(c1ccccc1S(N)(=O)=O)cc2)c3,DUD-E,FA10,FA10_ACTIVE_G89264D75D43570F345CD,b5227dd09e3188078f27f97f8bf3fcb3f0e302af73f0ed1fcc5e7461c67ce2b3,development_train,train,2
72,152614,NC(=N)c5cccc(C4=NOC(Cn1cnnn1)(C(=O)Nc3ccc(c2ccccc2S(N)(=O)=O)cc3Cl)C4)c5,N=C(N)c1cccc(C2=NOC(Cn3cnnn3)(C(=O)Nc3ccc(-c4ccccc4S(N)(=O)=O)cc3Cl)C2)c1,O=C(Nc1ccc(-c2ccccc2)cc1)C1(Cn2cnnn2)CC(c2ccccc2)=NO1,active,FA10_active_L000072,NC(=N)c5cccc(C4=NOC(Cn1cnnn1)(C(=O)Nc3ccc(c2ccccc2S(N)(=O)=O)cc3Cl)C4)c5,DUD-E,FA10,FA10_ACTIVE_G270EB6C5A1A2C1507225,b58d7dfe5c3df032238bed08f97295c1a7daf3dd1ff397e947718ee40c920079,development_train,train,2
416,66526,NC(=N)c4cccc(OCCN3Cc2cc(c1ccccc1S(N)(=O)=O)ccc2C3=O)c4,N=C(N)c1cccc(OCCN2Cc3cc(-c4ccccc4S(N)(=O)=O)ccc3C2=O)c1,O=C1c2ccc(-c3ccccc3)cc2CN1CCOc1ccccc1,active,FA10_active_L000416,NC(=N)c4cccc(OCCN3Cc2cc(c1ccccc1S(N)(=O)=O)ccc2C3=O)c4,DUD-E,FA10,FA10_ACTIVE_G60F86514F3D2FC012CB5,bbd77ccd44846278cda76ec6a088c43721ed7a7e5cba1a521f248803aba3752c,development_train,train,3
172,354586,Nc6noc7ccc(n5nc(C(F)(F)F)c4CCN(c3ccc(c1ccccc1CN2CCNCC2)cc3)C(=O)c45)cc67,Nc1noc2ccc(-n3nc(C(F)(F)F)c4c3C(=O)N(c3ccc(-c5ccccc5CN5CCNCC5)cc3)CC4)cc12,O=C1c2c(cnn2-c2ccc3oncc3c2)CCN1c1ccc(-c2ccccc2CN2CCNCC2)cc1,active,FA10_active_L000172,Nc6noc7ccc(n5nc(C(F)(F)F)c4CCN(c3ccc(c1ccccc1CN2CCNCC2)cc3)C(=O)c45)cc67,DUD-E,FA10,FA10_ACTIVE_G26296BF134D5C43F92EC,bc32b72a9e46082a0cb2dbdc775b2505e5b115070905eb9c935e71427bee128e,development_train,train,4
473,134020,CCOC(=O)[C@]3(NS(=O)(=O)Cc1ccccc1)CCCN(CC(=O)N[C@H]2CCCN(C(N)=N)[C@@H]2O)C3=O,CCOC(=O)[C@]1(NS(=O)(=O)Cc2ccccc2)CCCN(CC(=O)N[C@H]2CCCN(C(=N)N)[C@@H]2O)C1=O,O=C(CN1CCCC(NS(=O)(=O)Cc2ccccc2)C1=O)NC1CCCNC1,active,FA10_active_L000473,CCOC(=O)[C@]3(NS(=O)(=O)Cc1ccccc1)CCCN(CC(=O)N[C@H]2CCCN(C(N)=N)[C@@H]2O)C3=O,DUD-E,FA10,FA10_ACTIVE_GE9934A7EFAE010F98F48,be54679c001670ec6b9444565540d75c3c5497231ccb215886d66281f4c63841,development_train,train,5
437,418404,CN(C)Cc1ncccc1c6ccc(c5ccc4c(C(N)=O)nn(c3ccc2onc(N)c2c3)c4c5F)c(F)c6,CN(C)Cc1ncccc1-c1ccc(-c2ccc3c(C(N)=O)nn(-c4ccc5onc(N)c5c4)c3c2F)c(F)c1,c1cncc(-c2ccc(-c3ccc4cnn(-c5ccc6oncc6c5)c4c3)cc2)c1,active,FA10_active_L000437,CN(C)Cc1ncccc1c6ccc(c5ccc4c(C(N)=O)nn(c3ccc2onc(N)c2c3)c4c5F)c(F)c6,DUD-E,FA10,FA10_ACTIVE_GD33728B4079CBFAD6FD7,bfce265a6598687b2de7a40b5e94cb19dec47fefca750823995cc7f5e8c8067a,development_train,train,5
487,292007,NC1=NCCCCN1Cc4ccc(C(=O)Nc2ccc(Cl)cc2C(=O)Nc3ccc(Cl)cn3)cc4,NC1=NCCCCN1Cc1ccc(C(=O)Nc2ccc(Cl)cc2C(=O)Nc2ccc(Cl)cn2)cc1,O=C(Nc1ccccc1C(=O)Nc1ccccn1)c1ccc(CN2C=NCCCC2)cc1,active,FA10_active_L000487,NC1=NCCCCN1Cc4ccc(C(=O)Nc2ccc(Cl)cc2C(=O)Nc3ccc(Cl)cn3)cc4,DUD-E,FA10,FA10_ACTIVE_G17621F14B9BD701C37F9,c427cdb851cba5a1ae1f54902da6745f02067d6631a6c37cf5fc66983f5f797b,development_train,train,1
413,592373,CN5Cc4nc(C(=O)N[C@@H]1C[C@@H](C(=O)N(C)C)CC[C@@H]1NC(=O)c3cc2cc(Cl)ccc2[nH]3)sc4C5,CN1Cc2nc(C(=O)N[C@@H]3C[C@@H](C(=O)N(C)C)CC[C@@H]3NC(=O)c3cc4cc(Cl)ccc4[nH]3)sc2C1,O=C(NC1CCCCC1NC(=O)c1nc2c(s1)CNC2)c1cc2ccccc2[nH]1,active,FA10_active_L000413,CN5Cc4nc(C(=O)N[C@@H]1C[C@@H](C(=O)N(C)C)CC[C@@H]1NC(=O)c3cc2cc(Cl)ccc2[nH]3)sc4C5,DUD-E,FA10,FA10_ACTIVE_GD257E7D3712A64BA9797,c6cfb7745ae9e6d6eebfb6ddb86e3a65e2ab09609d19c0847357cf47a8676762,development_train,train,1
51,403436,CCN(CC)Cc1ccccc1c5ccc(N4CCc3c(C(N)=O)nn(c2ccc(OC)cc2)c3C4=O)cc5,CCN(CC)Cc1ccccc1-c1ccc(N2CCc3c(C(N)=O)nn(-c4ccc(OC)cc4)c3C2=O)cc1,O=C1c2c(cnn2-c2ccccc2)CCN1c1ccc(-c2ccccc2)cc1,active,FA10_active_L000051,CCN(CC)Cc1ccccc1c5ccc(N4CCc3c(C(N)=O)nn(c2ccc(OC)cc2)c3C4=O)cc5,DUD-E,FA10,FA10_ACTIVE_G808E60CEC32A97356DAD,c8d8de1480b301125e56269910ee5edeb60c16b56df9dc4d29971a3b88bc7924,development_train,train,4
28,355131,CN(C)Cc1ccccc1c6ccc(N5CCc4c(C(F)(F)F)nn(c3ccc2onc(N)c2c3)c4C5=O)cc6,CN(C)Cc1ccccc1-c1ccc(N2CCc3c(C(F)(F)F)nn(-c4ccc5onc(N)c5c4)c3C2=O)cc1,O=C1c2c(cnn2-c2ccc3oncc3c2)CCN1c1ccc(-c2ccccc2)cc1,active,FA10_active_L000028,CN(C)Cc1ccccc1c6ccc(N5CCc4c(C(F)(F)F)nn(c3ccc2onc(N)c2c3)c4C5=O)cc6,DUD-E,FA10,FA10_ACTIVE_G229740014977D6D157EE,c8f92241b32c69786b7fd368218e0e204388ae045bbce667dd0916049ac8e7e1,development_train,train,3
166,355481,CN(C)Cc1ccccc1c6ccc(N5CC=Cc4c(C(F)(F)F)nn(c3ccc2onc(N)c2c3)c4C5=O)cc6,CN(C)Cc1ccccc1-c1ccc(N2CC=Cc3c(C(F)(F)F)nn(-c4ccc5onc(N)c5c4)c3C2=O)cc1,O=C1c2c(cnn2-c2ccc3oncc3c2)C=CCN1c1ccc(-c2ccccc2)cc1,active,FA10_active_L000166,CN(C)Cc1ccccc1c6ccc(N5CC=Cc4c(C(F)(F)F)nn(c3ccc2onc(N)c2c3)c4C5=O)cc6,DUD-E,FA10,FA10_ACTIVE_G1F5F293B71914231C803,c94488b4f594d410b9c3fb4642e56b79d6381fb91e22a4616a7cba135be3e8c5,development_train,train,5
387,287233,Nc4ncnc5cc(CN3CCN(S(=O)(=O)c2nc1cc(Cl)ccc1[nH]2)CC3=O)ccc45,Nc1ncnc2cc(CN3CCN(S(=O)(=O)c4nc5cc(Cl)ccc5[nH]4)CC3=O)ccc12,O=C1CN(S(=O)(=O)c2nc3ccccc3[nH]2)CCN1Cc1ccc2cncnc2c1,active,FA10_active_L000387,Nc4ncnc5cc(CN3CCN(S(=O)(=O)c2nc1cc(Cl)ccc1[nH]2)CC3=O)ccc45,DUD-E,FA10,FA10_ACTIVE_GA4E73B7F43E0A85877C5,cf0d4f549742d9f08af3799371106a1b593aff2cf9798828d48bf81fed029437,development_train,train,2
259,66781,NC(=N)c4cccc(Oc1cc(Br)ccc1C(=O)Nc3ccc(c2ccccc2S(N)(=O)=O)cc3)c4,N=C(N)c1cccc(Oc2cc(Br)ccc2C(=O)Nc2ccc(-c3ccccc3S(N)(=O)=O)cc2)c1,O=C(Nc1ccc(-c2ccccc2)cc1)c1ccccc1Oc1ccccc1,active,FA10_active_L000259,NC(=N)c4cccc(Oc1cc(Br)ccc1C(=O)Nc3ccc(c2ccccc2S(N)(=O)=O)cc3)c4,DUD-E,FA10,FA10_ACTIVE_GB3E2350406DA68891A71,d44649523b1e9a0c68009bb5eb0745f445fbd909a53e8d96a14725be529c8dd4,development_train,train,1
74,523011,CC(C)CNC(=O)c4ccc(c2ccc(c1occc1CO)cc2C(=O)Nc3ccc(C(N)=N)cc3)c(C(O)=O)c4,CC(C)CNC(=O)c1ccc(-c2ccc(-c3occc3CO)cc2C(=O)Nc2ccc(C(=N)N)cc2)c(C(=O)O)c1,O=C(Nc1ccccc1)c1cc(-c2ccco2)ccc1-c1ccccc1,active,FA10_active_L000074,CC(C)CNC(=O)c4ccc(c2ccc(c1occc1CO)cc2C(=O)Nc3ccc(C(N)=N)cc3)c(C(O)=O)c4,DUD-E,FA10,FA10_ACTIVE_G87AD0901F0BD635ED189,d4505c76fe8a4cf07a94aea7fb6f775787b3219ae7c88578dcfdb9340ad50ed7,development_train,train,3
4,256204,Cc4cc(C(=O)Nc2ccc(c1ccccc1S(N)(=O)=O)cn2)n(c3cccc(C(N)=N)c3)n4,Cc1cc(C(=O)Nc2ccc(-c3ccccc3S(N)(=O)=O)cn2)n(-c2cccc(C(=N)N)c2)n1,O=C(Nc1ccc(-c2ccccc2)cn1)c1ccnn1-c1ccccc1,active,FA10_active_L000004,Cc4cc(C(=O)Nc2ccc(c1ccccc1S(N)(=O)=O)cn2)n(c3cccc(C(N)=N)c3)n4,DUD-E,FA10,FA10_ACTIVE_G7822FCDC51E17431D61E,d61f449d1841f3353f4fea8095982e6d57652b2b79f486f9d25921f6703a328c,development_train,train,2
253,403411,COc7ccc(n6nc(Cn1ncnn1)c5CCN(c4ccc(c2ccccc2CN3CC[C@@H](O)C3)cc4)C(=O)c56)cc7,COc1ccc(-n2nc(Cn3ncnn3)c3c2C(=O)N(c2ccc(-c4ccccc4CN4CC[C@@H](O)C4)cc2)CC3)cc1,O=C1c2c(c(Cn3ncnn3)nn2-c2ccccc2)CCN1c1ccc(-c2ccccc2CN2CCCC2)cc1,active,FA10_active_L000253,COc7ccc(n6nc(Cn1ncnn1)c5CCN(c4ccc(c2ccccc2CN3CC[C@@H](O)C3)cc4)C(=O)c56)cc7,DUD-E,FA10,FA10_ACTIVE_GFFDAB6ABF178DBB376E4,d6df0edc98e24fd9ad0836c7c5cd774f9870dde0cd447e6da40b038253c1e592,development_train,train,5
396,329917,FC(F)(CNc2nccc3oc(Cc1cccc(Cl)c1)nc23)c4ccccn4=O,[O-][n+]1ccccc1C(F)(F)CNc1nccc2oc(Cc3cccc(Cl)c3)nc12,c1ccc(Cc2nc3c(NCCc4cccc[nH+]4)nccc3o2)cc1,active,FA10_active_L000396,FC(F)(CNc2nccc3oc(Cc1cccc(Cl)c1)nc23)c4ccccn4=O,DUD-E,FA10,FA10_ACTIVE_GD02193BE7162F5A6AC05,d729a297e64802d65c9dcfffe297742d6f04f034ff2dc6db66f4c8bcf5ae9624,development_train,train,1
245,273070,NC(=N)N3CCC(C(NS(=O)(=O)Cc1ccccc1)C(=O)NCC(=O)N[C@H]2CCCN(C(N)=N)C2O)CC3,N=C(N)N1CCC(C(NS(=O)(=O)Cc2ccccc2)C(=O)NCC(=O)N[C@H]2CCCN(C(=N)N)C2O)CC1,O=C(CNC(=O)C(NS(=O)(=O)Cc1ccccc1)C1CCNCC1)NC1CCCNC1,active,FA10_active_L000245,NC(=N)N3CCC(C(NS(=O)(=O)Cc1ccccc1)C(=O)NCC(=O)N[C@H]2CCCN(C(N)=N)C2O)CC3,DUD-E,FA10,FA10_ACTIVE_GFBF3BFD28BAF86EC93F7,d7994d78c4d10008ddb83c49ad0ed393dd705ebf421e1eb9bd8792a421c6bf1f,development_train,train,4
272,418394,CN(C)Cc1[nH]ncc1c6ccc(c5ccc4c(C(N)=O)nn(c3ccc2onc(N)c2c3)c4c5F)c(F)c6,CN(C)Cc1[nH]ncc1-c1ccc(-c2ccc3c(C(N)=O)nn(-c4ccc5onc(N)c5c4)c3c2F)c(F)c1,c1cc(-c2ccc3cnn(-c4ccc5oncc5c4)c3c2)ccc1-c1cn[nH]c1,active,FA10_active_L000272,CN(C)Cc1[nH]ncc1c6ccc(c5ccc4c(C(N)=O)nn(c3ccc2onc(N)c2c3)c4c5F)c(F)c6,DUD-E,FA10,FA10_ACTIVE_GAE4AC2B6FDAEC0F3B768,da4630b01191c50f37f6674986847f29c895013d0c1030351714dfdf63dfe658,development_train,train,5
45,422636,CS(=O)(=O)c1ccccc1c5ccc(CC(=O)c2cc(C(F)(F)F)nn2c4ccc3onc(N)c3c4)c(F)c5,CS(=O)(=O)c1ccccc1-c1ccc(CC(=O)c2cc(C(F)(F)F)nn2-c2ccc3onc(N)c3c2)c(F)c1,O=C(Cc1ccc(-c2ccccc2)cc1)c1ccnn1-c1ccc2oncc2c1,active,FA10_active_L000045,CS(=O)(=O)c1ccccc1c5ccc(CC(=O)c2cc(C(F)(F)F)nn2c4ccc3onc(N)c3c4)c(F)c5,DUD-E,FA10,FA10_ACTIVE_G733B4ED616D56979C89A,daf3333f11f96bd2f8f3922e593319796902d2cea3efa73c7c1e6e89bc4689ab,development_train,train,5
342,417523,CN(C)Cc1nccn1c6ccc5N(C(=O)c2cc(C(N)=O)nn2c4ccc3onc(N)c3c4)CCc5c6,CN(C)Cc1nccn1-c1ccc2c(c1)CCN2C(=O)c1cc(C(N)=O)nn1-c1ccc2onc(N)c2c1,O=C(c1ccnn1-c1ccc2oncc2c1)N1CCc2cc(-n3ccnc3)ccc21,active,FA10_active_L000342,CN(C)Cc1nccn1c6ccc5N(C(=O)c2cc(C(N)=O)nn2c4ccc3onc(N)c3c4)CCc5c6,DUD-E,FA10,FA10_ACTIVE_GEE87E8AF48E4368AD7CC,dce8345f628c25c9b9549cde789977b807e5c11e632d71d44f0e55c7d0ce220e,development_train,train,1
199,151329,CCOCC4(C(=O)Nc2ccc(c1ccccc1S(N)(=O)=O)cn2)CC(c3cccc(C(N)=N)c3)=NO4,CCOCC1(C(=O)Nc2ccc(-c3ccccc3S(N)(=O)=O)cn2)CC(c2cccc(C(=N)N)c2)=NO1,O=C(Nc1ccc(-c2ccccc2)cn1)C1CC(c2ccccc2)=NO1,active,FA10_active_L000199,CCOCC4(C(=O)Nc2ccc(c1ccccc1S(N)(=O)=O)cn2)CC(c3cccc(C(N)=N)c3)=NO4,DUD-E,FA10,FA10_ACTIVE_G2E76937D75C4AED88BC0,ddbd22cbd76b5313d77873e13ad9e962f980502d937185ddc52fc2a6088ed93e,development_train,train,4
390,271190,NC(=N)NCCC[C@@H](NC(=O)Cn2cccc(NS(=O)(=O)Cc1ccccc1)c2=O)C(=O)c3nccs3,N=C(N)NCCC[C@@H](NC(=O)Cn1cccc(NS(=O)(=O)Cc2ccccc2)c1=O)C(=O)c1nccs1,O=C(Cn1cccc(NS(=O)(=O)Cc2ccccc2)c1=O)NCC(=O)c1nccs1,active,FA10_active_L000390,NC(=N)NCCC[C@@H](NC(=O)Cn2cccc(NS(=O)(=O)Cc1ccccc1)c2=O)C(=O)c3nccs3,DUD-E,FA10,FA10_ACTIVE_G7FC759C50CAA959A403B,e27a1a1a945b25b07b8e2474e35c06e53e760126ec5ccb8a59ebfa92ed8c58b9,development_train,train,2
532,261230,COC(=O)CC(CCc1ccc(NC(N)=N)cc1)c2cccc(C(N)=N)c2,COC(=O)CC(CCc1ccc(NC(=N)N)cc1)c1cccc(C(=N)N)c1,c1ccc(CCCc2ccccc2)cc1,active,FA10_active_L000532,COC(=O)CC(CCc1ccc(NC(N)=N)cc1)c2cccc(C(N)=N)c2,DUD-E,FA10,FA10_ACTIVE_GBA42F1AD23D9150E4768,e3fcda2e6cf750c7b15ce77cf55eca7765a8f03ae39f595539febdb338955165,development_train,train,1
282,152272,NC(=N)c5cccc(C4=NOC(Cn1ncnn1)(C(=O)Nc3ccc(c2ccccc2S(N)(=O)=O)cc3)C4)c5,N=C(N)c1cccc(C2=NOC(Cn3ncnn3)(C(=O)Nc3ccc(-c4ccccc4S(N)(=O)=O)cc3)C2)c1,O=C(Nc1ccc(-c2ccccc2)cc1)C1(Cn2ncnn2)CC(c2ccccc2)=NO1,active,FA10_active_L000282,NC(=N)c5cccc(C4=NOC(Cn1ncnn1)(C(=O)Nc3ccc(c2ccccc2S(N)(=O)=O)cc3)C4)c5,DUD-E,FA10,FA10_ACTIVE_G475A8003B9BAA8BAA8D4,e4a9a3e80fc9efac42b3648c11df7c70698f3b1b8b15b17e6112759e0ccb09ba,development_train,train,4
474,294054,Clc4ccc(NC(=O)c1cc(Cl)ccc1NC(=O)c3ccc(C[n+]2ccccc2)cc3)nc4,O=C(Nc1ccc(Cl)cc1C(=O)Nc1ccc(Cl)cn1)c1ccc(C[n+]2ccccc2)cc1,O=C(Nc1ccccc1C(=O)Nc1ccccn1)c1ccc(C[n+]2ccccc2)cc1,active,FA10_active_L000474,Clc4ccc(NC(=O)c1cc(Cl)ccc1NC(=O)c3ccc(C[n+]2ccccc2)cc3)nc4,DUD-E,FA10,FA10_ACTIVE_GC0276B9847191D8D6AE3,ebeb3decf99855601cdf1eb0f2cee84ac6ca73966eb03eca7786c9593ce5569b,development_train,train,4
370,169108,NC(=N)c3cccc(c2cccc([C@H](CCCNc1ccncc1)C(O)=O)c2)c3,N=C(N)c1cccc(-c2cccc([C@H](CCCNc3ccncc3)C(=O)O)c2)c1,c1ccc(-c2cccc(CCCCNc3ccncc3)c2)cc1,active,FA10_active_L000370,NC(=N)c3cccc(c2cccc([C@H](CCCNc1ccncc1)C(O)=O)c2)c3,DUD-E,FA10,FA10_ACTIVE_G67FEC65620B6EA398115,f0f3ca8a3ae147002c1bceb924551417988fd7be914068f72eb6004ea879a290,development_train,train,1
193,329889,Cc5cc3oc(Cc1cc(Cl)ccc1n2cncn2)nc3c(NCC(F)(F)c4ccccn4)n5,Cc1cc2oc(Cc3cc(Cl)ccc3-n3cncn3)nc2c(NCC(F)(F)c2ccccn2)n1,c1ccc(CCNc2nccc3oc(Cc4ccccc4-n4cncn4)nc23)nc1,active,FA10_active_L000193,Cc5cc3oc(Cc1cc(Cl)ccc1n2cncn2)nc3c(NCC(F)(F)c4ccccn4)n5,DUD-E,FA10,FA10_ACTIVE_G1CBED4EF1014AB2A4EB8,f19265bb92de75eff5853c81b752541fe12a2e376c5eb71ffed41dc7d38a47b3,development_train,train,3
220,397497,Clc4c[nH]c5cc(C(=O)N[C@@H]1CCCC[C@@H]1NC(=O)c3ccc(n2ccncc2=O)cc3)ccc45,O=C(N[C@H]1CCCC[C@H]1NC(=O)c1ccc2c(Cl)c[nH]c2c1)c1ccc(-n2ccncc2=O)cc1,O=C(NC1CCCCC1NC(=O)c1ccc2cc[nH]c2c1)c1ccc(-n2ccncc2=O)cc1,active,FA10_active_L000220,Clc4c[nH]c5cc(C(=O)N[C@@H]1CCCC[C@@H]1NC(=O)c3ccc(n2ccncc2=O)cc3)ccc45,DUD-E,FA10,FA10_ACTIVE_GBDF5FA1D96466E48EE31,f19860e22f61b3ee84af4747ba29b9154b1d782dcd32f910c2224c82f05c2483,development_train,train,4
397,352968,C[C@H](N3CC[C@H](NS(=O)(=O)c2ccc1cc(Cl)ccc1c2)C3=O)C(=O)N4CC5CCC4CC5,C[C@@H](C(=O)N1CC2CCC1CC2)N1CC[C@H](NS(=O)(=O)c2ccc3cc(Cl)ccc3c2)C1=O,O=C1C(NS(=O)(=O)c2ccc3ccccc3c2)CCN1CC(=O)N1CC2CCC1CC2,active,FA10_active_L000397,C[C@H](N3CC[C@H](NS(=O)(=O)c2ccc1cc(Cl)ccc1c2)C3=O)C(=O)N4CC5CCC4CC5,DUD-E,FA10,FA10_ACTIVE_G2A1D163DD1FC09E72501,f84193ffb48a0a09431c8124ad8303f0ca6d74e922071fd7947d28f298850e86,development_train,train,3
107,292322,CN1CCN=C1N(C)Cc4ccc(C(=O)Nc2ccc(Cl)cc2C(=O)Nc3ccc(Cl)cn3)cc4,CN1CCN=C1N(C)Cc1ccc(C(=O)Nc2ccc(Cl)cc2C(=O)Nc2ccc(Cl)cn2)cc1,O=C(Nc1ccccc1C(=O)Nc1ccccn1)c1ccc(CNC2=NCCN2)cc1,active,FA10_active_L000107,CN1CCN=C1N(C)Cc4ccc(C(=O)Nc2ccc(Cl)cc2C(=O)Nc3ccc(Cl)cn3)cc4,DUD-E,FA10,FA10_ACTIVE_G7046F0D795114494DE3B,f926fdd031012ab832c858e63480da97d6fed25637e2104cef9582cbee37f5b9,development_train,train,4
323,459319,Clc4ccc(NC(=O)c1cc(Cl)ccc1NC(=O)c3ccc(C(=N)N2CCOCC2)cc3)nc4,N=C(c1ccc(C(=O)Nc2ccc(Cl)cc2C(=O)Nc2ccc(Cl)cn2)cc1)N1CCOCC1,N=C(c1ccc(C(=O)Nc2ccccc2C(=O)Nc2ccccn2)cc1)N1CCOCC1,active,FA10_active_L000323,Clc4ccc(NC(=O)c1cc(Cl)ccc1NC(=O)c3ccc(C(=N)N2CCOCC2)cc3)nc4,DUD-E,FA10,FA10_ACTIVE_GC9E008E2A15AC4FFA1A0,fce1f2b5f32712a3136a87d3c54425f0bd768fd6c4a7b8f36ac17f0a2db9c53c,development_train,train,2
161,411686,COc6ccc(n5nc(C(N)=O)c4CCN(C3CCN(c1ccccc1CN2CCOCC2)CC3)C(=O)c45)cc6,COc1ccc(-n2nc(C(N)=O)c3c2C(=O)N(C2CCN(c4ccccc4CN4CCOCC4)CC2)CC3)cc1,O=C1c2c(cnn2-c2ccccc2)CCN1C1CCN(c2ccccc2CN2CCOCC2)CC1,active,FA10_active_L000161,COc6ccc(n5nc(C(N)=O)c4CCN(C3CCN(c1ccccc1CN2CCOCC2)CC3)C(=O)c45)cc6,DUD-E,FA10,FA10_ACTIVE_GEA904C1600B095962939,fe6e8ca987f43d5fc7afe4a384ab8ed6cb487251d166d19d75e0fda41c51bb37,development_train,train,2
188,229076,NC(=N)c4ccc3NCC(CC(=O)Nc2ccc(c1ccccc1S(N)(=O)=O)cc2)c3c4,N=C(N)c1ccc2c(c1)C(CC(=O)Nc1ccc(-c3ccccc3S(N)(=O)=O)cc1)CN2,O=C(CC1CNc2ccccc21)Nc1ccc(-c2ccccc2)cc1,active,FA10_active_L000188,NC(=N)c4ccc3NCC(CC(=O)Nc2ccc(c1ccccc1S(N)(=O)=O)cc2)c3c4,DUD-E,FA10,FA10_ACTIVE_G55028B14C078754E24E7,fea87a59b66d3380cc87a65e0a1a29ba9a9e85f15bafa2611e8bdc401dc370fc,development_train,train,4
8493,C03022618,COc1cc(ccc1O)[C@@H]2[C@@H](Oc3ccc(cc3O2)[C@@H]4CC(=O)c5c(cc(cc5O4)O)O)CO,COc1cc([C@H]2Oc3cc([C@@H]4CC(=O)c5c(O)cc(O)cc5O4)ccc3O[C@H]2CO)ccc1O,O=C1CC(c2ccc3c(c2)OC(c2ccccc2)CO3)Oc2ccccc21,decoy,FA10_decoy_L008493,COc1cc(ccc1O)[C@@H]2[C@@H](Oc3ccc(cc3O2)[C@@H]4CC(=O)c5c(cc(cc5O4)O)O)CO,DUD-E,FA10,FA10_DECOY_GD45C210312202BA19D8E,00538518ce879c1d1359fd7af1e623070a19f863820ea72141fe7ed36e4be625,development_train,train,2
8494,C06906777,COc1cc(ccc1O)[C@H]2[C@H](Oc3ccc(cc3O2)[C@@H]4CC(=O)c5c(cc(cc5O4)O)O)CO,COc1cc([C@@H]2Oc3cc([C@@H]4CC(=O)c5c(O)cc(O)cc5O4)ccc3O[C@@H]2CO)ccc1O,O=C1CC(c2ccc3c(c2)OC(c2ccccc2)CO3)Oc2ccccc21,decoy,FA10_decoy_L008494,COc1cc(ccc1O)[C@H]2[C@H](Oc3ccc(cc3O2)[C@@H]4CC(=O)c5c(cc(cc5O4)O)O)CO,DUD-E,FA10,FA10_DECOY_GD45C210312202BA19D8E,00538518ce879c1d1359fd7af1e623070a19f863820ea72141fe7ed36e4be625,development_train,train,2
9108,C02033589,COc1cc(ccc1O)[C@@H]2[C@H](Oc3ccc(cc3O2)[C@@H]4[C@H](C(=O)c5c(cc(cc5O4)O)O)O)CO,COc1cc([C@H]2Oc3cc([C@H]4Oc5cc(O)cc(O)c5C(=O)[C@@H]4O)ccc3O[C@@H]2CO)ccc1O,O=C1CC(c2ccc3c(c2)OC(c2ccccc2)CO3)Oc2ccccc21,decoy,FA10_decoy_L009108,COc1cc(ccc1O)[C@@H]2[C@H](Oc3ccc(cc3O2)[C@@H]4[C@H](C(=O)c5c(cc(cc5O4)O)O)O)CO,DUD-E,FA10,FA10_DECOY_GD45C210312202BA19D8E,00538518ce879c1d1359fd7af1e623070a19f863820ea72141fe7ed36e4be625,development_train,train,2
25220,C24193184,Cc1c(sc(n1)N2[C@H](C(=C(C2=O)[O-])S(=O)(=O)c3ccc(cc3)Cl)c4ccc(cc4)[N+](=O)[O-])C,Cc1nc(N2C(=O)C([O-])=C(S(=O)(=O)c3ccc(Cl)cc3)[C@@H]2c2ccc([N+](=O)[O-])cc2)sc1C,O=C1C=C(S(=O)(=O)c2ccccc2)C(c2ccccc2)N1c1nccs1,decoy,FA10_decoy_L025220,Cc1c(sc(n1)N2[C@H](C(=C(C2=O)[O-])S(=O)(=O)c3ccc(cc3)Cl)c4ccc(cc4)[N+](=O)[O-])C,DUD-E,FA10,FA10_DECOY_G032691BD7E3F86162584,010259f950a5cbe60110611523e3af39588a4097fac296212eddf4da9398b606,development_train,train,4
9214,C39703598,c1ccc(cc1)S(=O)(=O)N2CCOC23CCN(CC3)C(=O)C(=O)NCc4ccco4,O=C(NCc1ccco1)C(=O)N1CCC2(CC1)OCCN2S(=O)(=O)c1ccccc1,O=C(NCc1ccco1)C(=O)N1CCC2(CC1)OCCN2S(=O)(=O)c1ccccc1,decoy,FA10_decoy_L009214,c1ccc(cc1)S(=O)(=O)N2CCOC23CCN(CC3)C(=O)C(=O)NCc4ccco4,DUD-E,FA10,FA10_DECOY_GF8FB580ABE879C5E0951,023395263c87ca0125e6d462a1803500b6d1d0f4bcb8e70b4909e539665d492b,development_train,train,3
28039,C09578811,c1ccc(cc1)[C@H]2COc3ccccc3N2C(=O)C[NH+]4CCC(CC4)C(=O)Nc5ccccc5O,O=C(Nc1ccccc1O)C1CC[NH+](CC(=O)N2c3ccccc3OC[C@@H]2c2ccccc2)CC1,O=C(Nc1ccccc1)C1CC[NH+](CC(=O)N2c3ccccc3OCC2c2ccccc2)CC1,decoy,FA10_decoy_L028039,c1ccc(cc1)[C@H]2COc3ccccc3N2C(=O)C[NH+]4CCC(CC4)C(=O)Nc5ccccc5O,DUD-E,FA10,FA10_DECOY_GDD6FFC4D3DCD83B85640,03d97a574cffd3f0f558c587d8ccba8bba0e8741c87b1a9cdc0cfdb624ce060e,development_train,train,3
3122,C00861380,CC1=C([C@H](C2=C(N1)C[C@@H](CC2=O)c3ccc(cc3)OC)c4cccc(c4OC)OC)C(=O)OC5CCCCC5,COc1ccc([C@@H]2CC(=O)C3=C(C2)NC(C)=C(C(=O)OC2CCCCC2)[C@H]3c2cccc(OC)c2OC)cc1,O=C1CC(c2ccccc2)CC2=C1C(c1ccccc1)C(C(=O)OC1CCCCC1)=CN2,decoy,FA10_decoy_L003122,CC1=C([C@H](C2=C(N1)C[C@@H](CC2=O)c3ccc(cc3)OC)c4cccc(c4OC)OC)C(=O)OC5CCCCC5,DUD-E,FA10,FA10_DECOY_G9CD5CD64FAC01D2CACF8,0595cee01f64327283a76cf75596b083afaf0ca808a8767f8907d3c38972325d,development_train,train,5
10696,C00650118,CC1=C([C@@H](C2=C(N1)C[C@@H](CC2=O)c3ccc(c(c3)OC)OC)c4cccc(c4)O)C(=O)OC5CCCCC5,COc1ccc([C@@H]2CC(=O)C3=C(C2)NC(C)=C(C(=O)OC2CCCCC2)[C@@H]3c2cccc(O)c2)cc1OC,O=C1CC(c2ccccc2)CC2=C1C(c1ccccc1)C(C(=O)OC1CCCCC1)=CN2,decoy,FA10_decoy_L010696,CC1=C([C@@H](C2=C(N1)C[C@@H](CC2=O)c3ccc(c(c3)OC)OC)c4cccc(c4)O)C(=O)OC5CCCCC5,DUD-E,FA10,FA10_DECOY_G9CD5CD64FAC01D2CACF8,0595cee01f64327283a76cf75596b083afaf0ca808a8767f8907d3c38972325d,development_train,train,5
10916,C00649582,CC1=C([C@H](C2=C(N1)C[C@@H](CC2=O)c3ccc(c(c3)OC)OC)c4ccc(c(c4)OC)O)C(=O)OC5CCCCC5,COc1cc([C@@H]2C(C(=O)OC3CCCCC3)=C(C)NC3=C2C(=O)C[C@@H](c2ccc(OC)c(OC)c2)C3)ccc1O,O=C1CC(c2ccccc2)CC2=C1C(c1ccccc1)C(C(=O)OC1CCCCC1)=CN2,decoy,FA10_decoy_L010916,CC1=C([C@H](C2=C(N1)C[C@@H](CC2=O)c3ccc(c(c3)OC)OC)c4ccc(c(c4)OC)O)C(=O)OC5CCCCC5,DUD-E,FA10,FA10_DECOY_G9CD5CD64FAC01D2CACF8,0595cee01f64327283a76cf75596b083afaf0ca808a8767f8907d3c38972325d,development_train,train,5
10986,C00861489,CC1=C([C@@H](C2=C(N1)C[C@@H](CC2=O)c3ccc(cc3)OC)c4cc(c(c(c4)OC)OC)OC)C(=O)OC5CCCCC5,COc1ccc([C@@H]2CC(=O)C3=C(C2)NC(C)=C(C(=O)OC2CCCCC2)[C@@H]3c2cc(OC)c(OC)c(OC)c2)cc1,O=C1CC(c2ccccc2)CC2=C1C(c1ccccc1)C(C(=O)OC1CCCCC1)=CN2,decoy,FA10_decoy_L010986,CC1=C([C@@H](C2=C(N1)C[C@@H](CC2=O)c3ccc(cc3)OC)c4cc(c(c(c4)OC)OC)OC)C(=O)OC5CCCCC5,DUD-E,FA10,FA10_DECOY_G9CD5CD64FAC01D2CACF8,0595cee01f64327283a76cf75596b083afaf0ca808a8767f8907d3c38972325d,development_train,train,5
26888,C16121476,c1cc(ccc1c2ccc(cc2)N[C@@H]3C[C@@H]([C@H](O3)CO)O)N[C@@H]4C[C@H]([C@H](O4)CO)O,OC[C@H]1O[C@H](Nc2ccc(-c3ccc(N[C@@H]4C[C@H](O)[C@@H](CO)O4)cc3)cc2)C[C@H]1O,c1cc(-c2ccc(NC3CCCO3)cc2)ccc1NC1CCCO1,decoy,FA10_decoy_L026888,c1cc(ccc1c2ccc(cc2)N[C@@H]3C[C@@H]([C@H](O3)CO)O)N[C@@H]4C[C@H]([C@H](O4)CO)O,DUD-E,FA10,FA10_DECOY_GDB6147F4E31CE6019BF1,063ec89002d4a884451b54ade93af8170b5a84f384cb89688eb3e4df540cbc13,development_train,train,2
7653,C02794636,CCOc1ccccc1NC(=S)NNC(=O)c2cnn3c2N[C@H](C[C@@H]3C(F)F)c4ccccc4,CCOc1ccccc1NC(=S)NNC(=O)c1cnn2c1N[C@@H](c1ccccc1)C[C@@H]2C(F)F,O=C(NNC(=S)Nc1ccccc1)c1cnn2c1NC(c1ccccc1)CC2,decoy,FA10_decoy_L007653,CCOc1ccccc1NC(=S)NNC(=O)c2cnn3c2N[C@H](C[C@@H]3C(F)F)c4ccccc4,DUD-E,FA10,FA10_DECOY_G5DD477BF11129C21502E,07ec5c5d27b5f3c0401eadb695cd7f41cd1eb26011f4637f27c240f33f7ff76f,development_train,train,2
7654,C02794637,CCOc1ccccc1NC(=S)NNC(=O)c2cnn3c2N[C@@H](C[C@H]3C(F)F)c4ccccc4,CCOc1ccccc1NC(=S)NNC(=O)c1cnn2c1N[C@H](c1ccccc1)C[C@H]2C(F)F,O=C(NNC(=S)Nc1ccccc1)c1cnn2c1NC(c1ccccc1)CC2,decoy,FA10_decoy_L007654,CCOc1ccccc1NC(=S)NNC(=O)c2cnn3c2N[C@@H](C[C@H]3C(F)F)c4ccccc4,DUD-E,FA10,FA10_DECOY_G5DD477BF11129C21502E,07ec5c5d27b5f3c0401eadb695cd7f41cd1eb26011f4637f27c240f33f7ff76f,development_train,train,2
19561,C02794799,CCOc1ccc(cc1)NC(=S)NNC(=O)c2cnn3c2N[C@@H](C[C@H]3C(F)F)c4ccccc4,CCOc1ccc(NC(=S)NNC(=O)c2cnn3c2N[C@H](c2ccccc2)C[C@H]3C(F)F)cc1,O=C(NNC(=S)Nc1ccccc1)c1cnn2c1NC(c1ccccc1)CC2,decoy,FA10_decoy_L019561,CCOc1ccc(cc1)NC(=S)NNC(=O)c2cnn3c2N[C@@H](C[C@H]3C(F)F)c4ccccc4,DUD-E,FA10,FA10_DECOY_G5DD477BF11129C21502E,07ec5c5d27b5f3c0401eadb695cd7f41cd1eb26011f4637f27c240f33f7ff76f,development_train,train,2
19562,C02794798,CCOc1ccc(cc1)NC(=S)NNC(=O)c2cnn3c2N[C@H](C[C@@H]3C(F)F)c4ccccc4,CCOc1ccc(NC(=S)NNC(=O)c2cnn3c2N[C@@H](c2ccccc2)C[C@@H]3C(F)F)cc1,O=C(NNC(=S)Nc1ccccc1)c1cnn2c1NC(c1ccccc1)CC2,decoy,FA10_decoy_L019562,CCOc1ccc(cc1)NC(=S)NNC(=O)c2cnn3c2N[C@H](C[C@@H]3C(F)F)c4ccccc4,DUD-E,FA10,FA10_DECOY_G5DD477BF11129C21502E,07ec5c5d27b5f3c0401eadb695cd7f41cd1eb26011f4637f27c240f33f7ff76f,development_train,train,2
3608,C19356468,Cc1ccc(cc1)n2c(nnc2SCC(=O)C(=C3Nc4ccccc4N3)C(=O)OC)N5CCCC5,COC(=O)C(C(=O)CSc1nnc(N2CCCC2)n1-c1ccc(C)cc1)=C1Nc2ccccc2N1,O=C(C=C1Nc2ccccc2N1)CSc1nnc(N2CCCC2)n1-c1ccccc1,decoy,FA10_decoy_L003608,Cc1ccc(cc1)n2c(nnc2SCC(=O)C(=C3Nc4ccccc4N3)C(=O)OC)N5CCCC5,DUD-E,FA10,FA10_DECOY_GBFFEC204A06E18A67A6C,09cfcc82fd07edb1e303191ea39f959199965c90cab3a0ccbc1474f2a5c0e5cc,development_train,train,1
6890,C38140740,C[C@@H]1C[C@@]2(CC(C1)(C)C)C(=O)N(C(=O)N2)CC(=O)NC[C@@H](c3ccco3)[NH+]4CCCCC4,C[C@H]1CC(C)(C)C[C@@]2(C1)NC(=O)N(CC(=O)NC[C@@H](c1ccco1)[NH+]1CCCCC1)C2=O,O=C(CN1C(=O)NC2(CCCCC2)C1=O)NCC(c1ccco1)[NH+]1CCCCC1,decoy,FA10_decoy_L006890,C[C@@H]1C[C@@]2(CC(C1)(C)C)C(=O)N(C(=O)N2)CC(=O)NC[C@@H](c3ccco3)[NH+]4CCCCC4,DUD-E,FA10,FA10_DECOY_G46E7EF4A88DBBFD4579B,0f201934fc8f65a0c809276634a8d4f7d046280d457a6934b75a6a9b5e284daf,development_train,train,4
9062,C36651990,c1cc(c(cc1F)S(=O)(=O)N2CCC(CC2)C(=O)Nc3nc4ccc(cc4s3)S(=O)(=O)N)F,NS(=O)(=O)c1ccc2nc(NC(=O)C3CCN(S(=O)(=O)c4cc(F)ccc4F)CC3)sc2c1,O=C(Nc1nc2ccccc2s1)C1CCN(S(=O)(=O)c2ccccc2)CC1,decoy,FA10_decoy_L009062,c1cc(c(cc1F)S(=O)(=O)N2CCC(CC2)C(=O)Nc3nc4ccc(cc4s3)S(=O)(=O)N)F,DUD-E,FA10,FA10_DECOY_G46527FF0D0D4BBC7C220,112dfa509074f990e39a44604cfab4004156c5272765143f217621dd24ad0cb2,development_train,train,4
11972,C62569564,COc1cc(c(cc1OC)Br)NC(=O)CCNC(=O)NC23CC4CC(C2)CC(C4)C3,COc1cc(Br)c(NC(=O)CCNC(=O)NC23CC4CC(CC(C4)C2)C3)cc1OC,O=C(CCNC(=O)NC12CC3CC(CC(C3)C1)C2)Nc1ccccc1,decoy,FA10_decoy_L011972,COc1cc(c(cc1OC)Br)NC(=O)CCNC(=O)NC23CC4CC(C2)CC(C4)C3,DUD-E,FA10,FA10_DECOY_G81383833A31A0F190BE5,11a90fad7db267809f7dc91a1745f1387e89d4364f03c62b0aa25fb463a40088,development_train,train,1
24066,C63453897,c1ccc(cc1)CC2CC[NH+](CC2)CCCNC(=O)CC3=c4cc(ccc4=[NH+][C@@H]3C(=O)[O-])Cl,O=C(CC1=c2cc(Cl)ccc2=[NH+][C@@H]1C(=O)[O-])NCCC[NH+]1CCC(Cc2ccccc2)CC1,O=C(CC1=c2ccccc2=[NH+]C1)NCCC[NH+]1CCC(Cc2ccccc2)CC1,decoy,FA10_decoy_L024066,c1ccc(cc1)CC2CC[NH+](CC2)CCCNC(=O)CC3=c4cc(ccc4=[NH+][C@@H]3C(=O)[O-])Cl,DUD-E,FA10,FA10_DECOY_G580C2B1EAE8DDBD957AE,127ecf8a032e91c1378a3618167c4afa4ee5fe4c608d3ae292a973413ff543d3,development_train,train,2
3301,C33394112,Cc1ccc(c(c1)C)NC(=O)[C@H]2CC(=O)N(/C(=N\c3cccc(c3)C(F)(F)F)/S2)Cc4ccccc4,Cc1ccc(NC(=O)[C@H]2CC(=O)N(Cc3ccccc3)/C(=N\c3cccc(C(F)(F)F)c3)S2)c(C)c1,O=C(Nc1ccccc1)C1CC(=O)N(Cc2ccccc2)C(=Nc2ccccc2)S1,decoy,FA10_decoy_L003301,Cc1ccc(c(c1)C)NC(=O)[C@H]2CC(=O)N(/C(=N\c3cccc(c3)C(F)(F)F)/S2)Cc4ccccc4,DUD-E,FA10,FA10_DECOY_GE69CBA18B288CAEA8BC1,12f8f2754948c0b0f54365c6b1d0794e9ae1457e92dd887d6811b6e341a167b9,development_train,train,3
4121,C58945504,CCOC(=O)c1ccc(cc1)/N=C\2/N(C(=O)C[C@H](S2)C(=O)Nc3ccccc3OC)Cc4ccccc4,CCOC(=O)c1ccc(/N=C2\S[C@H](C(=O)Nc3ccccc3OC)CC(=O)N2Cc2ccccc2)cc1,O=C(Nc1ccccc1)C1CC(=O)N(Cc2ccccc2)C(=Nc2ccccc2)S1,decoy,FA10_decoy_L004121,CCOC(=O)c1ccc(cc1)/N=C\2/N(C(=O)C[C@H](S2)C(=O)Nc3ccccc3OC)Cc4ccccc4,DUD-E,FA10,FA10_DECOY_GE69CBA18B288CAEA8BC1,12f8f2754948c0b0f54365c6b1d0794e9ae1457e92dd887d6811b6e341a167b9,development_train,train,3
11923,C13518321,COc1cc(ccc1O)[C@H]2CC(=O)N=C3C2=C(NN3c4ccccc4)c5ccc(cc5)Cl,COc1cc([C@H]2CC(=O)N=C3C2=C(c2ccc(Cl)cc2)NN3c2ccccc2)ccc1O,O=C1CC(c2ccccc2)C2=C(c3ccccc3)NN(c3ccccc3)C2=N1,decoy,FA10_decoy_L011923,COc1cc(ccc1O)[C@H]2CC(=O)N=C3C2=C(NN3c4ccccc4)c5ccc(cc5)Cl,DUD-E,FA10,FA10_DECOY_G3274CBDB776881974A79,139cdb8fd24502aaf41b1fe240d52cd888dbf18aa5d418d6a01d1988d713d06d,development_train,train,3
890,C40812132,Cc1c\2c(oc1C(=O)NN)CCC/C2=N\NC(=O)c3ccc(cc3)O,Cc1c(C(=O)NN)oc2c1/C(=N/NC(=O)c1ccc(O)cc1)CCC2,O=C(NN=C1CCCc2occc21)c1ccccc1,decoy,FA10_decoy_L000890,Cc1c\2c(oc1C(=O)NN)CCC/C2=N\NC(=O)c3ccc(cc3)O,DUD-E,FA10,FA10_DECOY_GDEF16139EE5E5E3B675D,1699fd6706ba656539347b75f3a2a5aca0a12a3ae8bfadb60c1f436cbeec1915,development_train,train,1
12355,C40811834,Cc1c\2c(oc1C(=O)NNC(C)(C)C)CCC/C2=N\NC(=O)c3ccc(cc3)Br,Cc1c(C(=O)NNC(C)(C)C)oc2c1/C(=N/NC(=O)c1ccc(Br)cc1)CCC2,O=C(NN=C1CCCc2occc21)c1ccccc1,decoy,FA10_decoy_L012355,Cc1c\2c(oc1C(=O)NNC(C)(C)C)CCC/C2=N\NC(=O)c3ccc(cc3)Br,DUD-E,FA10,FA10_DECOY_GDEF16139EE5E5E3B675D,1699fd6706ba656539347b75f3a2a5aca0a12a3ae8bfadb60c1f436cbeec1915,development_train,train,1
20062,C35854194,c1cc(cc(c1)N(Cc2ccc(cc2)F)C(=O)c3cccs3)CC(=O)NCC[NH+]4CCCCC4,O=C(Cc1cccc(N(Cc2ccc(F)cc2)C(=O)c2cccs2)c1)NCC[NH+]1CCCCC1,O=C(Cc1cccc(N(Cc2ccccc2)C(=O)c2cccs2)c1)NCC[NH+]1CCCCC1,decoy,FA10_decoy_L020062,c1cc(cc(c1)N(Cc2ccc(cc2)F)C(=O)c3cccs3)CC(=O)NCC[NH+]4CCCCC4,DUD-E,FA10,FA10_DECOY_G64ABF9AC196B9B60979F,183f49ae40f30deac135f1b96862860982f5e406e72e7acb641d8c1f5988e019,development_train,train,2
14205,C49208135,CC(C)[C@H](c1ccc2c(c1)OCCO2)NC(=O)C(=O)Nc3ccc(c(c3)F)F,CC(C)[C@@H](NC(=O)C(=O)Nc1ccc(F)c(F)c1)c1ccc2c(c1)OCCO2,O=C(NCc1ccc2c(c1)OCCO2)C(=O)Nc1ccccc1,decoy,FA10_decoy_L014205,CC(C)[C@H](c1ccc2c(c1)OCCO2)NC(=O)C(=O)Nc3ccc(c(c3)F)F,DUD-E,FA10,FA10_DECOY_GBCB8B0C1AC5651C28FE6,18b8754c4129f1923dbeba11219bff9bd3905387fc9a24f155e6f6bf1b37f80a,development_train,train,3
14206,C49208206,Cc1ccc(c(c1)F)NC(=O)C(=O)N[C@H](c2ccc3c(c2)OCCO3)C(C)C,Cc1ccc(NC(=O)C(=O)N[C@H](c2ccc3c(c2)OCCO3)C(C)C)c(F)c1,O=C(NCc1ccc2c(c1)OCCO2)C(=O)Nc1ccccc1,decoy,FA10_decoy_L014206,Cc1ccc(c(c1)F)NC(=O)C(=O)N[C@H](c2ccc3c(c2)OCCO3)C(C)C,DUD-E,FA10,FA10_DECOY_GBCB8B0C1AC5651C28FE6,18b8754c4129f1923dbeba11219bff9bd3905387fc9a24f155e6f6bf1b37f80a,development_train,train,3
17431,C51036130,CC[C@@H]([C@H](c1ccc(s1)Br)Sc2c3c(nc[nH]3)ncn2)[NH3+],CC[C@H]([NH3+])[C@@H](Sc1ncnc2nc[nH]c12)c1ccc(Br)s1,c1csc(CSc2ncnc3nc[nH]c23)c1,decoy,FA10_decoy_L017431,CC[C@@H]([C@H](c1ccc(s1)Br)Sc2c3c(nc[nH]3)ncn2)[NH3+],DUD-E,FA10,FA10_DECOY_G1DA135C8B8315A0D1605,191131362ca435069cc336fcde1700459a7ab04d82e7c6736ffe235fe85fb161,development_train,train,4
17491,C51036131,CC[C@H]([C@H](c1ccc(s1)Br)Sc2c3c(nc[nH]3)ncn2)[NH3+],CC[C@@H]([NH3+])[C@@H](Sc1ncnc2nc[nH]c12)c1ccc(Br)s1,c1csc(CSc2ncnc3nc[nH]c23)c1,decoy,FA10_decoy_L017491,CC[C@H]([C@H](c1ccc(s1)Br)Sc2c3c(nc[nH]3)ncn2)[NH3+],DUD-E,FA10,FA10_DECOY_G1DA135C8B8315A0D1605,191131362ca435069cc336fcde1700459a7ab04d82e7c6736ffe235fe85fb161,development_train,train,4
17492,C51036135,CC[C@H]([C@@H](c1cc(cs1)Br)Sc2c3c(nc[nH]3)ncn2)[NH3+],CC[C@@H]([NH3+])[C@H](Sc1ncnc2nc[nH]c12)c1cc(Br)cs1,c1csc(CSc2ncnc3nc[nH]c23)c1,decoy,FA10_decoy_L017492,CC[C@H]([C@@H](c1cc(cs1)Br)Sc2c3c(nc[nH]3)ncn2)[NH3+],DUD-E,FA10,FA10_DECOY_G1DA135C8B8315A0D1605,191131362ca435069cc336fcde1700459a7ab04d82e7c6736ffe235fe85fb161,development_train,train,4
20784,C49601726,c1cc(c(cc1/C=C/C(=O)OC[C@@H]2[C@H]([C@@H]([C@H]([C@@H](O2)O[C@@H]3CCCC[C@@H]3O)O)O)O)O)O,O=C(/C=C/c1ccc(O)c(O)c1)OC[C@H]1O[C@@H](O[C@@H]2CCCC[C@@H]2O)[C@H](O)[C@@H](O)[C@@H]1O,O=C(C=Cc1ccccc1)OCC1CCCC(OC2CCCCC2)O1,decoy,FA10_decoy_L020784,c1cc(c(cc1/C=C/C(=O)OC[C@@H]2[C@H]([C@@H]([C@H]([C@@H](O2)O[C@@H]3CCCC[C@@H]3O)O)O)O)O)O,DUD-E,FA10,FA10_DECOY_GEC62EF6A9038E310EF74,19bcc1ac857dc99c5093c04d3d71c6138bb9a0fd9f1640a6f725578ca6ec7286,development_train,train,4
10928,C01431148,COc1cc(cc(c1OCC(=O)N/N=C/c2ccc(cc2)OC(=O)/C=C/c3ccco3)Br)Br,COc1cc(Br)cc(Br)c1OCC(=O)N/N=C/c1ccc(OC(=O)/C=C/c2ccco2)cc1,O=C(COc1ccccc1)NN=Cc1ccc(OC(=O)C=Cc2ccco2)cc1,decoy,FA10_decoy_L010928,COc1cc(cc(c1OCC(=O)N/N=C/c2ccc(cc2)OC(=O)/C=C/c3ccco3)Br)Br,DUD-E,FA10,FA10_DECOY_GD092A6E004E475132F8A,1aa90db4cdc41094b6904f465170f231af0dbf9a8679e64fd79e6c601ff10f01,development_train,train,4
22572,C39534295,CSNC[C@@H](c1ccc(cc1)S(=O)(=O)Oc2ccccc2)N3CC[NH2+][C@@H](C3)O,CSNC[C@@H](c1ccc(S(=O)(=O)Oc2ccccc2)cc1)N1CC[NH2+][C@H](O)C1,O=S(=O)(Oc1ccccc1)c1ccc(CN2CC[NH2+]CC2)cc1,decoy,FA10_decoy_L022572,CSNC[C@@H](c1ccc(cc1)S(=O)(=O)Oc2ccccc2)N3CC[NH2+][C@@H](C3)O,DUD-E,FA10,FA10_DECOY_GBED925D94F17D8617CBC,1ae5720797a9450f670741d373df120614d9115055821d173dca53e33aa95b4f,development_train,train,4
17594,C22937065,CCOc1cc(ccc1Oc2nnnn2c3ccccc3)C[NH2+]CC[NH2+]CCO,CCOc1cc(C[NH2+]CC[NH2+]CCO)ccc1Oc1nnnn1-c1ccccc1,c1ccc(Oc2nnnn2-c2ccccc2)cc1,decoy,FA10_decoy_L017594,CCOc1cc(ccc1Oc2nnnn2c3ccccc3)C[NH2+]CC[NH2+]CCO,DUD-E,FA10,FA10_DECOY_G774B7011B66DA40BFE2E,1c22c231b7ef05d3093b0947b7102e6a1773f808568ce46b9fd362528c8c2d0a,development_train,train,2
24561,C22937067,CCOc1cc(ccc1Oc2nnnn2c3ccccc3)C[NH2+]CC[NH2+]C[C@@H](C)O,CCOc1cc(C[NH2+]CC[NH2+]C[C@@H](C)O)ccc1Oc1nnnn1-c1ccccc1,c1ccc(Oc2nnnn2-c2ccccc2)cc1,decoy,FA10_decoy_L024561,CCOc1cc(ccc1Oc2nnnn2c3ccccc3)C[NH2+]CC[NH2+]C[C@@H](C)O,DUD-E,FA10,FA10_DECOY_G774B7011B66DA40BFE2E,1c22c231b7ef05d3093b0947b7102e6a1773f808568ce46b9fd362528c8c2d0a,development_train,train,2
5468,C39509161,C[C@@H]1[C@H](N[C@@H](O1)c2cccc(c2OC)OC)CN3CCC[C@@H](C3)c4[nH]c5cc(ccc5n4)F,COc1cccc([C@H]2N[C@H](CN3CCC[C@H](c4nc5ccc(F)cc5[nH]4)C3)[C@@H](C)O2)c1OC,c1ccc(C2NC(CN3CCCC(c4nc5ccccc5[nH]4)C3)CO2)cc1,decoy,FA10_decoy_L005468,C[C@@H]1[C@H](N[C@@H](O1)c2cccc(c2OC)OC)CN3CCC[C@@H](C3)c4[nH]c5cc(ccc5n4)F,DUD-E,FA10,FA10_DECOY_GE083DEB78D1E037473FC,1c7eb5fe669858b450b3484efe20b6e68d3d1ec6fe1c4a6b85694625091158bf,development_train,train,1
6079,C10274134,Cn1c2c(c(=O)[nH]c1=O)n(c(n2)N[C@H](Cc3ccccc3)C(=O)[O-])C[C@H](COc4ccc(cc4)Cl)O,Cn1c(=O)[nH]c(=O)c2c1nc(N[C@H](Cc1ccccc1)C(=O)[O-])n2C[C@@H](O)COc1ccc(Cl)cc1,O=c1[nH]c(=O)c2c(nc(NCCc3ccccc3)n2CCCOc2ccccc2)[nH]1,decoy,FA10_decoy_L006079,Cn1c2c(c(=O)[nH]c1=O)n(c(n2)N[C@H](Cc3ccccc3)C(=O)[O-])C[C@H](COc4ccc(cc4)Cl)O,DUD-E,FA10,FA10_DECOY_G8CD4BB9629C895A0A806,1dbdf4ae1456c6708be54354a3d7fb21fd453b99c7b06884f10355582f7e835b,development_train,train,1
10506,C09303172,CCOc1ccc(cc1OCC)CC[n+]2cnc3c(c2N)[C@@H](c4c5ccccc5ccc4O3)c6ccccc6,CCOc1ccc(CC[n+]2cnc3c(c2N)[C@H](c2ccccc2)c2c(ccc4ccccc24)O3)cc1OCC,c1ccc(CC[n+]2cnc3c(c2)C(c2ccccc2)c2c(ccc4ccccc24)O3)cc1,decoy,FA10_decoy_L010506,CCOc1ccc(cc1OCC)CC[n+]2cnc3c(c2N)[C@@H](c4c5ccccc5ccc4O3)c6ccccc6,DUD-E,FA10,FA10_DECOY_G5153B19563EF949C34F1,201d8fcbadc98eb02ac2d7e0fced4dc553a7812a2fed69c61832814fe73cf42f,development_train,train,4
10507,C09583831,CCOc1ccc(cc1OCC)CC[n+]2cnc3c(c2N)[C@H](c4c5ccccc5ccc4O3)c6ccccc6,CCOc1ccc(CC[n+]2cnc3c(c2N)[C@@H](c2ccccc2)c2c(ccc4ccccc24)O3)cc1OCC,c1ccc(CC[n+]2cnc3c(c2)C(c2ccccc2)c2c(ccc4ccccc24)O3)cc1,decoy,FA10_decoy_L010507,CCOc1ccc(cc1OCC)CC[n+]2cnc3c(c2N)[C@H](c4c5ccccc5ccc4O3)c6ccccc6,DUD-E,FA10,FA10_DECOY_G5153B19563EF949C34F1,201d8fcbadc98eb02ac2d7e0fced4dc553a7812a2fed69c61832814fe73cf42f,development_train,train,4
12096,C13839546,CC(=O)NC(=O)CSc1nnc(s1)NC(=O)CSc2nnc(s2)N,CC(=O)NC(=O)CSc1nnc(NC(=O)CSc2nnc(N)s2)s1,O=C(CSc1nncs1)Nc1nncs1,decoy,FA10_decoy_L012096,CC(=O)NC(=O)CSc1nnc(s1)NC(=O)CSc2nnc(s2)N,DUD-E,FA10,FA10_DECOY_G71CBA62C865154149827,20d466c0edf1db3b96744c579784b03b80131da16ebfd28cb4b4589ed5b1db89,development_train,train,3
8071,C16605291,CC1(N2[C@H](C=C(N1N)O)C3=C(N2)OC(=C([C@@H]3c4cccnc4)C#N)N)C,CC1(C)N(N)C(O)=C[C@@H]2C3=C(NN21)OC(N)=C(C#N)[C@@H]3c1cccnc1,C1=CC2C3=C(NN2CN1)OC=CC3c1cccnc1,decoy,FA10_decoy_L008071,CC1(N2[C@H](C=C(N1N)O)C3=C(N2)OC(=C([C@@H]3c4cccnc4)C#N)N)C,DUD-E,FA10,FA10_DECOY_G3CEA2007BF7B080F68C7,22121fd6b31df53293776482ea57a325e2412dfeb1ea4bca3c94e5a4862c622b,development_train,train,3
27147,C22311165,CCOC(=O)c1c(cc(s1)c2ccc(c(c2)OC)OC)NC(=O)[C@@H]3CC(=O)Nc4c3cccc4,CCOC(=O)c1sc(-c2ccc(OC)c(OC)c2)cc1NC(=O)[C@@H]1CC(=O)Nc2ccccc21,O=C1CC(C(=O)Nc2csc(-c3ccccc3)c2)c2ccccc2N1,decoy,FA10_decoy_L027147,CCOC(=O)c1c(cc(s1)c2ccc(c(c2)OC)OC)NC(=O)[C@@H]3CC(=O)Nc4c3cccc4,DUD-E,FA10,FA10_DECOY_G22DB7EE4A0C701F6A8EF,254868b9b85765d307d8675caafba541133788002165ffc1221e310109139a94,development_train,train,5
12971,C04204362,C[C@H]1[C@@H]([C@H]([C@H]([C@@H](O1)O[C@@H]2[C@H]([C@@H]([C@H](O[C@H]2Oc3c(=O)c4c(cc(cc4oc3c5ccc(c(c5)O)O)OC)O)CO)O)O)O)O)O,COc1cc(O)c2c(=O)c(O[C@@H]3O[C@H](CO)[C@@H](O)[C@H](O)[C@H]3O[C@@H]3O[C@@H](C)[C@H](O)[C@@H](O)[C@H]3O)c(-c3ccc(O)c(O)c3)oc2c1,O=c1c(OC2OCCCC2OC2CCCCO2)c(-c2ccccc2)oc2ccccc12,decoy,FA10_decoy_L012971,C[C@H]1[C@@H]([C@H]([C@H]([C@@H](O1)O[C@@H]2[C@H]([C@@H]([C@H](O[C@H]2Oc3c(=O)c4c(cc(cc4oc3c5ccc(c(c5)O)O)OC)O)CO)O)O)O)O)O,DUD-E,FA10,FA10_DECOY_GD8ECFE0A7A85D8087924,2689f76ad09de36c478d0d3271bdabd3faafd60f070a07ef605d9145897cb42b,development_train,train,5
17670,C09357718,c1ccc2c(c1)c3c([nH]2)[C@@H]([NH2+]CC3)c4c(nc(n(c4=O)C5CCCCCC5)O)O,O=c1c([C@@H]2[NH2+]CCc3c2[nH]c2ccccc32)c(O)nc(O)n1C1CCCCCC1,O=c1c(C2[NH2+]CCc3c2[nH]c2ccccc32)cncn1C1CCCCCC1,decoy,FA10_decoy_L017670,c1ccc2c(c1)c3c([nH]2)[C@@H]([NH2+]CC3)c4c(nc(n(c4=O)C5CCCCCC5)O)O,DUD-E,FA10,FA10_DECOY_G72C25AC1481CC0EB0646,29525fbb6e8c3c23dc5f824010c0b80b762a21c1db7c2ec1632c0d5e79309214,development_train,train,4
16665,C16037627,c1ccc2c(c1)C=C[NH+]3[C@H]2[C@H]4[C@@H]([C@H]3C(=O)c5cccc(c5)[N+](=O)[O-])C(=O)N(C4=O)c6cccc(c6)[N+](=O)[O-],O=C(c1cccc([N+](=O)[O-])c1)[C@@H]1[C@H]2C(=O)N(c3cccc([N+](=O)[O-])c3)C(=O)[C@H]2[C@H]2c3ccccc3C=C[NH+]12,O=C(c1ccccc1)C1C2C(=O)N(c3ccccc3)C(=O)C2C2c3ccccc3C=C[NH+]12,decoy,FA10_decoy_L016665,c1ccc2c(c1)C=C[NH+]3[C@H]2[C@H]4[C@@H]([C@H]3C(=O)c5cccc(c5)[N+](=O)[O-])C(=O)N(C4=O)c6cccc(c6)[N+](=O)[O-],DUD-E,FA10,FA10_DECOY_G844E66024B8592AC02F7,29677030ba8fabfba67f806979661381f5466740a07b77b845e42097379a8582,development_train,train,2
24899,C64056380,CCn1c(nnc1SCC(=O)C2=c3ccccc3=[NH+]C2)CS[C@H]4Nc5ccccc5S4,CCn1c(CS[C@H]2Nc3ccccc3S2)nnc1SCC(=O)C1=c2ccccc2=[NH+]C1,O=C(CSc1nnc(CSC2Nc3ccccc3S2)[nH]1)C1=c2ccccc2=[NH+]C1,decoy,FA10_decoy_L024899,CCn1c(nnc1SCC(=O)C2=c3ccccc3=[NH+]C2)CS[C@H]4Nc5ccccc5S4,DUD-E,FA10,FA10_DECOY_G8BC3D48F58CAC590252F,2976d31e9840a92af991221781153cb49c0e724db58da829a3c79e5376edb51d,development_train,train,1
24881,C39776817,CCC(=O)N([C@@H]1NN=C(S1)S[C@@H](c2ccccc2)C(=O)C3=c4ccccc4=[NH+]C3)C5CC5,CCC(=O)N(C1CC1)[C@@H]1NN=C(S[C@H](C(=O)C2=c3ccccc3=[NH+]C2)c2ccccc2)S1,O=C(C1=c2ccccc2=[NH+]C1)C(SC1=NNC(NC2CC2)S1)c1ccccc1,decoy,FA10_decoy_L024881,CCC(=O)N([C@@H]1NN=C(S1)S[C@@H](c2ccccc2)C(=O)C3=c4ccccc4=[NH+]C3)C5CC5,DUD-E,FA10,FA10_DECOY_GC4B36CEA705EA5086AE5,2b92e13ff54bb4b707857a8e2da8056b22e80a91ccb6299b6eab709a8bf304be,development_train,train,3
24904,C12170427,c1ccc(cc1)COC[C@H](C[NH+]2CCC(CC2)CN3C(=O)c4cccc5c4c(ccc5)C3=O)O,O=C1c2cccc3cccc(c23)C(=O)N1CC1CC[NH+](C[C@H](O)COCc2ccccc2)CC1,O=C1c2cccc3cccc(c23)C(=O)N1CC1CC[NH+](CCCOCc2ccccc2)CC1,decoy,FA10_decoy_L024904,c1ccc(cc1)COC[C@H](C[NH+]2CCC(CC2)CN3C(=O)c4cccc5c4c(ccc5)C3=O)O,DUD-E,FA10,FA10_DECOY_GA8E667F8E19B2F0B38B0,2bee8a90747d5c69271675fb787a0f277875f7f17fbb327f76d510c9df430e2f,development_train,train,3
12860,C24956013,CCCCn1c(c(c(=O)[nH]c1=O)N(CC)CC(=O)N(C)CC(=O)Nc2c(cccc2C)C)N,CCCCn1c(N)c(N(CC)CC(=O)N(C)CC(=O)Nc2c(C)cccc2C)c(=O)[nH]c1=O,O=C(CNc1c[nH]c(=O)[nH]c1=O)NCC(=O)Nc1ccccc1,decoy,FA10_decoy_L012860,CCCCn1c(c(c(=O)[nH]c1=O)N(CC)CC(=O)N(C)CC(=O)Nc2c(cccc2C)C)N,DUD-E,FA10,FA10_DECOY_G029458BDFEF209308A19,2f2dd73f0a317dce42de7fe36bedbe0aaab770d37d6476e0e39ef229bcd0c606,development_train,train,1
17943,C10044063,CCCCn1c(c(c(=O)[nH]c1=O)N(C)CC(=O)NCC(=O)Nc2c(cc(cc2C)C)C)N,CCCCn1c(N)c(N(C)CC(=O)NCC(=O)Nc2c(C)cc(C)cc2C)c(=O)[nH]c1=O,O=C(CNc1c[nH]c(=O)[nH]c1=O)NCC(=O)Nc1ccccc1,decoy,FA10_decoy_L017943,CCCCn1c(c(c(=O)[nH]c1=O)N(C)CC(=O)NCC(=O)Nc2c(cc(cc2C)C)C)N,DUD-E,FA10,FA10_DECOY_G029458BDFEF209308A19,2f2dd73f0a317dce42de7fe36bedbe0aaab770d37d6476e0e39ef229bcd0c606,development_train,train,1
2121,C47597503,CC(C)(CNC(=O)NCCCn1cc[nH+]c1)[NH+]2CCc3ccccc3C2,CC(C)(CNC(=O)NCCCn1cc[nH+]c1)[NH+]1CCc2ccccc2C1,O=C(NCCCn1cc[nH+]c1)NCC[NH+]1CCc2ccccc2C1,decoy,FA10_decoy_L002121,CC(C)(CNC(=O)NCCCn1cc[nH+]c1)[NH+]2CCc3ccccc3C2,DUD-E,FA10,FA10_DECOY_G06C0604B231F0995FB32,2f3bd58c4a6bba68a9be4537338086f95e29521ae39383ec1070e85456cca5f5,development_train,train,4
13725,C04454247,Cn1c2c(c(=O)[nH]c1=O)n(c(n2)NCC[NH3+])Cc3ccc(cc3)F,Cn1c(=O)[nH]c(=O)c2c1nc(NCC[NH3+])n2Cc1ccc(F)cc1,O=c1[nH]c(=O)c2c(ncn2Cc2ccccc2)[nH]1,decoy,FA10_decoy_L013725,Cn1c2c(c(=O)[nH]c1=O)n(c(n2)NCC[NH3+])Cc3ccc(cc3)F,DUD-E,FA10,FA10_DECOY_G70005235AD78A6D76371,30165ab0d6fe343aee7bf5c1cf53f84445eff78e9af888dad961844c1ac626ce,development_train,train,2
14026,C08659796,Cn1c2c(c(=O)n(c1=O)C)n(c(n2)NC(CO)CO)Cc3ccc(cc3)Br,Cn1c(=O)c2c(nc(NC(CO)CO)n2Cc2ccc(Br)cc2)n(C)c1=O,O=c1[nH]c(=O)c2c(ncn2Cc2ccccc2)[nH]1,decoy,FA10_decoy_L014026,Cn1c2c(c(=O)n(c1=O)C)n(c(n2)NC(CO)CO)Cc3ccc(cc3)Br,DUD-E,FA10,FA10_DECOY_G70005235AD78A6D76371,30165ab0d6fe343aee7bf5c1cf53f84445eff78e9af888dad961844c1ac626ce,development_train,train,2
26264,C14511906,COCCN(c1c(n(c(=O)[nH]c1=O)Cc2ccccc2)N)C(=O)/C=C/c3ccc(o3)Br,COCCN(C(=O)/C=C/c1ccc(Br)o1)c1c(N)n(Cc2ccccc2)c(=O)[nH]c1=O,O=C(C=Cc1ccco1)Nc1cn(Cc2ccccc2)c(=O)[nH]c1=O,decoy,FA10_decoy_L026264,COCCN(c1c(n(c(=O)[nH]c1=O)Cc2ccccc2)N)C(=O)/C=C/c3ccc(o3)Br,DUD-E,FA10,FA10_DECOY_G2A25795AA858DF0FAAC2,318b5c994df550ed0553312b27c7a52c78a567d28b428f2695f468e887d0f56a,development_train,train,5
20295,C38819067,Cc1ccc2=[NH+][C@@H]([NH+]=c2c1)C3=C(N(CC3=O)c4ccc(c(c4)C(F)(F)F)Cl)N,Cc1ccc2c(c1)=[NH+][C@@H](C1=C(N)N(c3ccc(Cl)c(C(F)(F)F)c3)CC1=O)[NH+]=2,O=C1CN(c2ccccc2)C=C1C1[NH+]=c2ccccc2=[NH+]1,decoy,FA10_decoy_L020295,Cc1ccc2=[NH+][C@@H]([NH+]=c2c1)C3=C(N(CC3=O)c4ccc(c(c4)C(F)(F)F)Cl)N,DUD-E,FA10,FA10_DECOY_G98050A3739233E283BC9,32dfb96c5b11e7c4e5871da2a5f846464a9a9f6fc91950c333d745db26e7630c,development_train,train,3
20296,C38819068,Cc1ccc2=[NH+][C@H]([NH+]=c2c1)C3=C(N(CC3=O)c4ccc(c(c4)C(F)(F)F)Cl)N,Cc1ccc2c(c1)=[NH+][C@H](C1=C(N)N(c3ccc(Cl)c(C(F)(F)F)c3)CC1=O)[NH+]=2,O=C1CN(c2ccccc2)C=C1C1[NH+]=c2ccccc2=[NH+]1,decoy,FA10_decoy_L020296,Cc1ccc2=[NH+][C@H]([NH+]=c2c1)C3=C(N(CC3=O)c4ccc(c(c4)C(F)(F)F)Cl)N,DUD-E,FA10,FA10_DECOY_G98050A3739233E283BC9,32dfb96c5b11e7c4e5871da2a5f846464a9a9f6fc91950c333d745db26e7630c,development_train,train,3
3386,C15974586,Cc1ccc2=[NH+]C(=O)C(=c2c1)NNC(=O)/C(=C/C(=C/c3ccccc3)/C)/NC(=O)c4ccccc4,CC(/C=C(\NC(=O)c1ccccc1)C(=O)NNC1=c2cc(C)ccc2=[NH+]C1=O)=C\c1ccccc1,O=C(NNC1=c2ccccc2=[NH+]C1=O)C(=CC=Cc1ccccc1)NC(=O)c1ccccc1,decoy,FA10_decoy_L003386,Cc1ccc2=[NH+]C(=O)C(=c2c1)NNC(=O)/C(=C/C(=C/c3ccccc3)/C)/NC(=O)c4ccccc4,DUD-E,FA10,FA10_DECOY_GC0A3FB76F2295EDE2EB5,363e28833f7730162421c8302c0f00f68682525ef92d42250d06752a9877b22e,development_train,train,1
22783,C15018486,c1ccc(cc1)/C=C/C=C(/C(=O)NNC2=c3cc(ccc3=[NH+]C2=O)[N+](=O)[O-])\NC(=O)c4ccccc4,O=C1[NH+]=c2ccc([N+](=O)[O-])cc2=C1NNC(=O)/C(=C/C=C/c1ccccc1)NC(=O)c1ccccc1,O=C(NNC1=c2ccccc2=[NH+]C1=O)C(=CC=Cc1ccccc1)NC(=O)c1ccccc1,decoy,FA10_decoy_L022783,c1ccc(cc1)/C=C/C=C(/C(=O)NNC2=c3cc(ccc3=[NH+]C2=O)[N+](=O)[O-])\NC(=O)c4ccccc4,DUD-E,FA10,FA10_DECOY_GC0A3FB76F2295EDE2EB5,363e28833f7730162421c8302c0f00f68682525ef92d42250d06752a9877b22e,development_train,train,1
2520,C24374861,c1cc(ccc1NC(=O)NC(=O)C[NH+]2CCN(CC2)c3ccc(cc3[N+](=O)[O-])C(F)(F)F)[N+](=O)[O-],O=C(C[NH+]1CCN(c2ccc(C(F)(F)F)cc2[N+](=O)[O-])CC1)NC(=O)Nc1ccc([N+](=O)[O-])cc1,O=C(C[NH+]1CCN(c2ccccc2)CC1)NC(=O)Nc1ccccc1,decoy,FA10_decoy_L002520,c1cc(ccc1NC(=O)NC(=O)C[NH+]2CCN(CC2)c3ccc(cc3[N+](=O)[O-])C(F)(F)F)[N+](=O)[O-],DUD-E,FA10,FA10_DECOY_G7CB6B2C4141E2CCD2855,388151db2e5d79239e9e5ddd66f045c638df4fa1d18836b3bf51204e9443345b,development_train,train,2
9902,C12097286,Cc1c2ccc(cc2nc(n1)N3CCC(CC3)[NH2+]CC(CC=C)(CC=C)O)S(=O)(=O)C,C=CCC(O)(CC=C)C[NH2+]C1CCN(c2nc(C)c3ccc(S(C)(=O)=O)cc3n2)CC1,c1ccc2nc(N3CCCCC3)ncc2c1,decoy,FA10_decoy_L009902,Cc1c2ccc(cc2nc(n1)N3CCC(CC3)[NH2+]CC(CC=C)(CC=C)O)S(=O)(=O)C,DUD-E,FA10,FA10_DECOY_G13D802D1F1B7680CC745,38b765ca2d29c806625eb1def24360018a352721b45c32816c3297a89d9c37b2,development_train,train,5
778,C12832933,Cc1ccc2cc(c(=O)[nH]c2c1C)C[NH+](CCc3ccc(c(c3)OC)OC)Cc4nnnn4C5CCCC5,COc1ccc(CC[NH+](Cc2cc3ccc(C)c(C)c3[nH]c2=O)Cc2nnnn2C2CCCC2)cc1OC,O=c1[nH]c2ccccc2cc1C[NH+](CCc1ccccc1)Cc1nnnn1C1CCCC1,decoy,FA10_decoy_L000778,Cc1ccc2cc(c(=O)[nH]c2c1C)C[NH+](CCc3ccc(c(c3)OC)OC)Cc4nnnn4C5CCCC5,DUD-E,FA10,FA10_DECOY_GB6052C01DC615EEAB7E6,38bb30650d0661304710432f0010726f48469dbc61b9118b192af3930f470aba,development_train,train,3
779,C12833104,Cc1ccc(c2c1cc(c(=O)[nH]2)C[NH+](CCc3ccc(c(c3)OC)OC)Cc4nnnn4C5CCCC5)C,COc1ccc(CC[NH+](Cc2cc3c(C)ccc(C)c3[nH]c2=O)Cc2nnnn2C2CCCC2)cc1OC,O=c1[nH]c2ccccc2cc1C[NH+](CCc1ccccc1)Cc1nnnn1C1CCCC1,decoy,FA10_decoy_L000779,Cc1ccc(c2c1cc(c(=O)[nH]2)C[NH+](CCc3ccc(c(c3)OC)OC)Cc4nnnn4C5CCCC5)C,DUD-E,FA10,FA10_DECOY_GB6052C01DC615EEAB7E6,38bb30650d0661304710432f0010726f48469dbc61b9118b192af3930f470aba,development_train,train,3
10088,C13499469,CCC[C@H](c1nnnn1C2CCCC2)[NH+](CCc3ccccc3)Cc4cc5cc(c(cc5[nH]c4=O)C)C,CCC[C@H](c1nnnn1C1CCCC1)[NH+](CCc1ccccc1)Cc1cc2cc(C)c(C)cc2[nH]c1=O,O=c1[nH]c2ccccc2cc1C[NH+](CCc1ccccc1)Cc1nnnn1C1CCCC1,decoy,FA10_decoy_L010088,CCC[C@H](c1nnnn1C2CCCC2)[NH+](CCc3ccccc3)Cc4cc5cc(c(cc5[nH]c4=O)C)C,DUD-E,FA10,FA10_DECOY_GB6052C01DC615EEAB7E6,38bb30650d0661304710432f0010726f48469dbc61b9118b192af3930f470aba,development_train,train,3
10091,C13500994,CCC[C@H](c1nnnn1C2CCCC2)[NH+](CCc3ccccc3)Cc4cc5cc(cc(c5[nH]c4=O)C)C,CCC[C@H](c1nnnn1C1CCCC1)[NH+](CCc1ccccc1)Cc1cc2cc(C)cc(C)c2[nH]c1=O,O=c1[nH]c2ccccc2cc1C[NH+](CCc1ccccc1)Cc1nnnn1C1CCCC1,decoy,FA10_decoy_L010091,CCC[C@H](c1nnnn1C2CCCC2)[NH+](CCc3ccccc3)Cc4cc5cc(cc(c5[nH]c4=O)C)C,DUD-E,FA10,FA10_DECOY_GB6052C01DC615EEAB7E6,38bb30650d0661304710432f0010726f48469dbc61b9118b192af3930f470aba,development_train,train,3
10092,C13500998,CCC[C@H](c1nnnn1C2CCCC2)[NH+](CCc3cccc(c3)C)Cc4cc5cccc(c5[nH]c4=O)C,CCC[C@H](c1nnnn1C1CCCC1)[NH+](CCc1cccc(C)c1)Cc1cc2cccc(C)c2[nH]c1=O,O=c1[nH]c2ccccc2cc1C[NH+](CCc1ccccc1)Cc1nnnn1C1CCCC1,decoy,FA10_decoy_L010092,CCC[C@H](c1nnnn1C2CCCC2)[NH+](CCc3cccc(c3)C)Cc4cc5cccc(c5[nH]c4=O)C,DUD-E,FA10,FA10_DECOY_GB6052C01DC615EEAB7E6,38bb30650d0661304710432f0010726f48469dbc61b9118b192af3930f470aba,development_train,train,3
10406,C13495856,CC[C@@H](c1nnnn1C2CCCC2)[NH+](CCc3ccccc3)Cc4cc5cc(ccc5[nH]c4=O)OCC,CCOc1ccc2[nH]c(=O)c(C[NH+](CCc3ccccc3)[C@@H](CC)c3nnnn3C3CCCC3)cc2c1,O=c1[nH]c2ccccc2cc1C[NH+](CCc1ccccc1)Cc1nnnn1C1CCCC1,decoy,FA10_decoy_L010406,CC[C@@H](c1nnnn1C2CCCC2)[NH+](CCc3ccccc3)Cc4cc5cc(ccc5[nH]c4=O)OCC,DUD-E,FA10,FA10_DECOY_GB6052C01DC615EEAB7E6,38bb30650d0661304710432f0010726f48469dbc61b9118b192af3930f470aba,development_train,train,3
16606,C13495972,CC[C@H](c1nnnn1C2CCCC2)[NH+](CCc3ccc(c(c3)OC)OC)Cc4cc5cc(ccc5[nH]c4=O)C,CC[C@H](c1nnnn1C1CCCC1)[NH+](CCc1ccc(OC)c(OC)c1)Cc1cc2cc(C)ccc2[nH]c1=O,O=c1[nH]c2ccccc2cc1C[NH+](CCc1ccccc1)Cc1nnnn1C1CCCC1,decoy,FA10_decoy_L016606,CC[C@H](c1nnnn1C2CCCC2)[NH+](CCc3ccc(c(c3)OC)OC)Cc4cc5cc(ccc5[nH]c4=O)C,DUD-E,FA10,FA10_DECOY_GB6052C01DC615EEAB7E6,38bb30650d0661304710432f0010726f48469dbc61b9118b192af3930f470aba,development_train,train,3
16653,C13063823,CC[C@H](c1nnnn1C2CCCC2)[NH+](CCc3ccc(c(c3)OC)OC)Cc4cc5ccc(cc5[nH]c4=O)C,CC[C@H](c1nnnn1C1CCCC1)[NH+](CCc1ccc(OC)c(OC)c1)Cc1cc2ccc(C)cc2[nH]c1=O,O=c1[nH]c2ccccc2cc1C[NH+](CCc1ccccc1)Cc1nnnn1C1CCCC1,decoy,FA10_decoy_L016653,CC[C@H](c1nnnn1C2CCCC2)[NH+](CCc3ccc(c(c3)OC)OC)Cc4cc5ccc(cc5[nH]c4=O)C,DUD-E,FA10,FA10_DECOY_GB6052C01DC615EEAB7E6,38bb30650d0661304710432f0010726f48469dbc61b9118b192af3930f470aba,development_train,train,3
16661,C13495973,CC[C@@H](c1nnnn1C2CCCC2)[NH+](CCc3ccc(c(c3)OC)OC)Cc4cc5cc(ccc5[nH]c4=O)C,CC[C@@H](c1nnnn1C1CCCC1)[NH+](CCc1ccc(OC)c(OC)c1)Cc1cc2cc(C)ccc2[nH]c1=O,O=c1[nH]c2ccccc2cc1C[NH+](CCc1ccccc1)Cc1nnnn1C1CCCC1,decoy,FA10_decoy_L016661,CC[C@@H](c1nnnn1C2CCCC2)[NH+](CCc3ccc(c(c3)OC)OC)Cc4cc5cc(ccc5[nH]c4=O)C,DUD-E,FA10,FA10_DECOY_GB6052C01DC615EEAB7E6,38bb30650d0661304710432f0010726f48469dbc61b9118b192af3930f470aba,development_train,train,3
25507,C12833415,COc1ccc2c(c1)cc(c(=O)[nH]2)C[NH+](CCc3ccc(c(c3)OC)OC)Cc4nnnn4C5CCCC5,COc1ccc2[nH]c(=O)c(C[NH+](CCc3ccc(OC)c(OC)c3)Cc3nnnn3C3CCCC3)cc2c1,O=c1[nH]c2ccccc2cc1C[NH+](CCc1ccccc1)Cc1nnnn1C1CCCC1,decoy,FA10_decoy_L025507,COc1ccc2c(c1)cc(c(=O)[nH]2)C[NH+](CCc3ccc(c(c3)OC)OC)Cc4nnnn4C5CCCC5,DUD-E,FA10,FA10_DECOY_GB6052C01DC615EEAB7E6,38bb30650d0661304710432f0010726f48469dbc61b9118b192af3930f470aba,development_train,train,3
25563,C13063824,CC[C@@H](c1nnnn1C2CCCC2)[NH+](CCc3ccc(c(c3)OC)OC)Cc4cc5ccc(cc5[nH]c4=O)C,CC[C@@H](c1nnnn1C1CCCC1)[NH+](CCc1ccc(OC)c(OC)c1)Cc1cc2ccc(C)cc2[nH]c1=O,O=c1[nH]c2ccccc2cc1C[NH+](CCc1ccccc1)Cc1nnnn1C1CCCC1,decoy,FA10_decoy_L025563,CC[C@@H](c1nnnn1C2CCCC2)[NH+](CCc3ccc(c(c3)OC)OC)Cc4cc5ccc(cc5[nH]c4=O)C,DUD-E,FA10,FA10_DECOY_GB6052C01DC615EEAB7E6,38bb30650d0661304710432f0010726f48469dbc61b9118b192af3930f470aba,development_train,train,3
25572,C13495968,CC[C@H](c1nnnn1C2CCCC2)[NH+](CCc3ccc(c(c3)OC)OC)Cc4cc5cccc(c5[nH]c4=O)C,CC[C@H](c1nnnn1C1CCCC1)[NH+](CCc1ccc(OC)c(OC)c1)Cc1cc2cccc(C)c2[nH]c1=O,O=c1[nH]c2ccccc2cc1C[NH+](CCc1ccccc1)Cc1nnnn1C1CCCC1,decoy,FA10_decoy_L025572,CC[C@H](c1nnnn1C2CCCC2)[NH+](CCc3ccc(c(c3)OC)OC)Cc4cc5cccc(c5[nH]c4=O)C,DUD-E,FA10,FA10_DECOY_GB6052C01DC615EEAB7E6,38bb30650d0661304710432f0010726f48469dbc61b9118b192af3930f470aba,development_train,train,3
25676,C13495969,CC[C@@H](c1nnnn1C2CCCC2)[NH+](CCc3ccc(c(c3)OC)OC)Cc4cc5cccc(c5[nH]c4=O)C,CC[C@@H](c1nnnn1C1CCCC1)[NH+](CCc1ccc(OC)c(OC)c1)Cc1cc2cccc(C)c2[nH]c1=O,O=c1[nH]c2ccccc2cc1C[NH+](CCc1ccccc1)Cc1nnnn1C1CCCC1,decoy,FA10_decoy_L025676,CC[C@@H](c1nnnn1C2CCCC2)[NH+](CCc3ccc(c(c3)OC)OC)Cc4cc5cccc(c5[nH]c4=O)C,DUD-E,FA10,FA10_DECOY_GB6052C01DC615EEAB7E6,38bb30650d0661304710432f0010726f48469dbc61b9118b192af3930f470aba,development_train,train,3
15654,C35834995,Cc1ccc(cc1)CN2CCCn3c(cc(n3)C(=O)N(C)CC(=O)NCc4ccco4)C2=O,Cc1ccc(CN2CCCn3nc(C(=O)N(C)CC(=O)NCc4ccco4)cc3C2=O)cc1,O=C(CNC(=O)c1cc2n(n1)CCCN(Cc1ccccc1)C2=O)NCc1ccco1,decoy,FA10_decoy_L015654,Cc1ccc(cc1)CN2CCCn3c(cc(n3)C(=O)N(C)CC(=O)NCc4ccco4)C2=O,DUD-E,FA10,FA10_DECOY_GA9F672AFBD62783BCA3E,39c21a456be8031b54b5d11090c41e7f875584e936ae0d45b5101a8de63100ca,development_train,train,3
15656,C37579151,Cc1ccccc1CN2CCCn3c(cc(n3)C(=O)N(C)CC(=O)NCc4ccco4)C2=O,Cc1ccccc1CN1CCCn2nc(C(=O)N(C)CC(=O)NCc3ccco3)cc2C1=O,O=C(CNC(=O)c1cc2n(n1)CCCN(Cc1ccccc1)C2=O)NCc1ccco1,decoy,FA10_decoy_L015656,Cc1ccccc1CN2CCCn3c(cc(n3)C(=O)N(C)CC(=O)NCc4ccco4)C2=O,DUD-E,FA10,FA10_DECOY_GA9F672AFBD62783BCA3E,39c21a456be8031b54b5d11090c41e7f875584e936ae0d45b5101a8de63100ca,development_train,train,3
7343,C22010341,C[C@H](c1nc(nc(n1)Nc2ccccc2)N)[NH+]3CCN(CC3)c4ccccc4O,C[C@H](c1nc(N)nc(Nc2ccccc2)n1)[NH+]1CCN(c2ccccc2O)CC1,c1ccc(Nc2ncnc(C[NH+]3CCN(c4ccccc4)CC3)n2)cc1,decoy,FA10_decoy_L007343,C[C@H](c1nc(nc(n1)Nc2ccccc2)N)[NH+]3CCN(CC3)c4ccccc4O,DUD-E,FA10,FA10_DECOY_G8122D1D4DAA792DA5C2A,3b8d5e46ad1f59479610b7ccac3d345cc8fef78171b4d5d0fcabb0f36e2c03ea,development_train,train,1
8045,C22010345,C[C@@H](c1nc(nc(n1)Nc2ccccc2)N)[NH+]3CCN(CC3)c4ccccc4O,C[C@@H](c1nc(N)nc(Nc2ccccc2)n1)[NH+]1CCN(c2ccccc2O)CC1,c1ccc(Nc2ncnc(C[NH+]3CCN(c4ccccc4)CC3)n2)cc1,decoy,FA10_decoy_L008045,C[C@@H](c1nc(nc(n1)Nc2ccccc2)N)[NH+]3CCN(CC3)c4ccccc4O,DUD-E,FA10,FA10_DECOY_G8122D1D4DAA792DA5C2A,3b8d5e46ad1f59479610b7ccac3d345cc8fef78171b4d5d0fcabb0f36e2c03ea,development_train,train,1
9407,C02206184,Cc1ccc(cc1Cl)Nc2nc(nc(n2)N)C[NH+]3CCN(CC3)c4cccc(c4)C(F)(F)F,Cc1ccc(Nc2nc(N)nc(C[NH+]3CCN(c4cccc(C(F)(F)F)c4)CC3)n2)cc1Cl,c1ccc(Nc2ncnc(C[NH+]3CCN(c4ccccc4)CC3)n2)cc1,decoy,FA10_decoy_L009407,Cc1ccc(cc1Cl)Nc2nc(nc(n2)N)C[NH+]3CCN(CC3)c4cccc(c4)C(F)(F)F,DUD-E,FA10,FA10_DECOY_G8122D1D4DAA792DA5C2A,3b8d5e46ad1f59479610b7ccac3d345cc8fef78171b4d5d0fcabb0f36e2c03ea,development_train,train,1
17422,C02239561,Cc1ccc(cc1Cl)Nc2nc(nc(n2)N)C[NH+]3CCN(CC3)c4ccccc4,Cc1ccc(Nc2nc(N)nc(C[NH+]3CCN(c4ccccc4)CC3)n2)cc1Cl,c1ccc(Nc2ncnc(C[NH+]3CCN(c4ccccc4)CC3)n2)cc1,decoy,FA10_decoy_L017422,Cc1ccc(cc1Cl)Nc2nc(nc(n2)N)C[NH+]3CCN(CC3)c4ccccc4,DUD-E,FA10,FA10_DECOY_G8122D1D4DAA792DA5C2A,3b8d5e46ad1f59479610b7ccac3d345cc8fef78171b4d5d0fcabb0f36e2c03ea,development_train,train,1
23738,C09971243,c1cc(cc(c1)N2CC[NH+](CC2)Cc3nc(nc(n3)Nc4ccc(cc4)Cl)N)C(F)(F)F,Nc1nc(C[NH+]2CCN(c3cccc(C(F)(F)F)c3)CC2)nc(Nc2ccc(Cl)cc2)n1,c1ccc(Nc2ncnc(C[NH+]3CCN(c4ccccc4)CC3)n2)cc1,decoy,FA10_decoy_L023738,c1cc(cc(c1)N2CC[NH+](CC2)Cc3nc(nc(n3)Nc4ccc(cc4)Cl)N)C(F)(F)F,DUD-E,FA10,FA10_DECOY_G8122D1D4DAA792DA5C2A,3b8d5e46ad1f59479610b7ccac3d345cc8fef78171b4d5d0fcabb0f36e2c03ea,development_train,train,1
12637,C10003100,c1ccc(cc1)C(c2ccccc2)(C3CC[NH+](CC3)Cc4cn[nH]c4c5ccc(cc5)F)O,OC(c1ccccc1)(c1ccccc1)C1CC[NH+](Cc2cn[nH]c2-c2ccc(F)cc2)CC1,c1ccc(-c2[nH]ncc2C[NH+]2CCC(C(c3ccccc3)c3ccccc3)CC2)cc1,decoy,FA10_decoy_L012637,c1ccc(cc1)C(c2ccccc2)(C3CC[NH+](CC3)Cc4cn[nH]c4c5ccc(cc5)F)O,DUD-E,FA10,FA10_DECOY_G8FFAAB78C6DDF218ACA6,3bb473476a8d81dc10dcfc1b49ac441238ffeae19b753f82f7e7c5976f856f6c,development_train,train,4
17754,C64131794,CN1c2ccccc2N[C@@H]1[C@@H]3[C@@H]4C(=c5ccccc5=[NH+]4)CC[NH+]3Cc6ccc(o6)CO,CN1c2ccccc2N[C@@H]1[C@@H]1[C@H]2[NH+]=c3ccccc3=C2CC[NH+]1Cc1ccc(CO)o1,c1coc(C[NH+]2CCC3=c4ccccc4=[NH+]C3C2C2Nc3ccccc3N2)c1,decoy,FA10_decoy_L017754,CN1c2ccccc2N[C@@H]1[C@@H]3[C@@H]4C(=c5ccccc5=[NH+]4)CC[NH+]3Cc6ccc(o6)CO,DUD-E,FA10,FA10_DECOY_G4662FE2A77E5A7A9C2E1,3c4184e147189a548c0ba84b3775cd0fc2ec329f34e9e91d93ebb530fcad25fa,development_train,train,1
1352,C39496789,c1ccc(cc1)S(=O)(=O)c2ccc(c(c2S(=O)(=O)c3ccccc3)[O-])[C@@H](CC=O)NC=O,O=CC[C@@H](NC=O)c1ccc(S(=O)(=O)c2ccccc2)c(S(=O)(=O)c2ccccc2)c1[O-],O=S(=O)(c1ccccc1)c1ccccc1S(=O)(=O)c1ccccc1,decoy,FA10_decoy_L001352,c1ccc(cc1)S(=O)(=O)c2ccc(c(c2S(=O)(=O)c3ccccc3)[O-])[C@@H](CC=O)NC=O,DUD-E,FA10,FA10_DECOY_GC48841C5E35194718BF1,3cba489a04b19e3215150758f2bce01dac11d657aafacddd27e66933e8cda20b,development_train,train,3
4662,C39497411,c1ccc(cc1)S(=O)(=O)c2ccc(c(c2S(=O)(=O)c3ccccc3)Cl)[C@@H](CC=O)NC=O,O=CC[C@@H](NC=O)c1ccc(S(=O)(=O)c2ccccc2)c(S(=O)(=O)c2ccccc2)c1Cl,O=S(=O)(c1ccccc1)c1ccccc1S(=O)(=O)c1ccccc1,decoy,FA10_decoy_L004662,c1ccc(cc1)S(=O)(=O)c2ccc(c(c2S(=O)(=O)c3ccccc3)Cl)[C@@H](CC=O)NC=O,DUD-E,FA10,FA10_DECOY_GC48841C5E35194718BF1,3cba489a04b19e3215150758f2bce01dac11d657aafacddd27e66933e8cda20b,development_train,train,3
4148,C19972915,CCc1ccc2c(c1)cc(c(=O)[nH]2)[C@@H](c3nnnn3C(C)(C)C)N4CCN(CC4)c5nc6ccccc6s5,CCc1ccc2[nH]c(=O)c([C@@H](c3nnnn3C(C)(C)C)N3CCN(c4nc5ccccc5s4)CC3)cc2c1,O=c1[nH]c2ccccc2cc1C(c1nnn[nH]1)N1CCN(c2nc3ccccc3s2)CC1,decoy,FA10_decoy_L004148,CCc1ccc2c(c1)cc(c(=O)[nH]2)[C@@H](c3nnnn3C(C)(C)C)N4CCN(CC4)c5nc6ccccc6s5,DUD-E,FA10,FA10_DECOY_GADFD1570EEDD8E773F61,3e3eba0eb9be4ae4b13c71f8bd4eb877e1ce60d985c3fdb523f23a7f3a971cc6,development_train,train,3
4749,C19973178,Cc1ccc(c2c1cc(c(=O)[nH]2)[C@H](c3nnnn3C(C)(C)C)N4CCN(CC4)c5nc6ccccc6s5)C,Cc1ccc(C)c2[nH]c(=O)c([C@H](c3nnnn3C(C)(C)C)N3CCN(c4nc5ccccc5s4)CC3)cc12,O=c1[nH]c2ccccc2cc1C(c1nnn[nH]1)N1CCN(c2nc3ccccc3s2)CC1,decoy,FA10_decoy_L004749,Cc1ccc(c2c1cc(c(=O)[nH]2)[C@H](c3nnnn3C(C)(C)C)N4CCN(CC4)c5nc6ccccc6s5)C,DUD-E,FA10,FA10_DECOY_GADFD1570EEDD8E773F61,3e3eba0eb9be4ae4b13c71f8bd4eb877e1ce60d985c3fdb523f23a7f3a971cc6,development_train,train,3
11970,C59311577,CC(C)/C=N/Nc1[nH]nc(n1)SCC(=O)Nc2ccc(cc2Br)Br,CC(C)/C=N/Nc1nc(SCC(=O)Nc2ccc(Br)cc2Br)n[nH]1,O=C(CSc1nc[nH]n1)Nc1ccccc1,decoy,FA10_decoy_L011970,CC(C)/C=N/Nc1[nH]nc(n1)SCC(=O)Nc2ccc(cc2Br)Br,DUD-E,FA10,FA10_DECOY_GCA7948D44BC04E6307D1,4006878d8c149bc3051f0610d93998f0e17a29189f23a3f1852785a8141779ed,development_train,train,2
19539,C59892056,CC(C)C/C(=N/Nc1[nH]nc(n1)SCC(=O)Nc2ccc(cc2)S(=O)(=O)NC(C)(C)C)/C,C/C(CC(C)C)=N\Nc1nc(SCC(=O)Nc2ccc(S(=O)(=O)NC(C)(C)C)cc2)n[nH]1,O=C(CSc1nc[nH]n1)Nc1ccccc1,decoy,FA10_decoy_L019539,CC(C)C/C(=N/Nc1[nH]nc(n1)SCC(=O)Nc2ccc(cc2)S(=O)(=O)NC(C)(C)C)/C,DUD-E,FA10,FA10_DECOY_GCA7948D44BC04E6307D1,4006878d8c149bc3051f0610d93998f0e17a29189f23a3f1852785a8141779ed,development_train,train,2
23440,C39691345,CC1(CCCCC1)C(=O)N2C[C@H](C3(C2)CC[NH2+]CC3)C(=O)NCCNC(=O)Cc4cccc5c4cccc5,CC1(C(=O)N2C[C@@H](C(=O)NCCNC(=O)Cc3cccc4ccccc34)C3(CC[NH2+]CC3)C2)CCCCC1,O=C(Cc1cccc2ccccc12)NCCNC(=O)C1CN(C(=O)C2CCCCC2)CC12CC[NH2+]CC2,decoy,FA10_decoy_L023440,CC1(CCCCC1)C(=O)N2C[C@H](C3(C2)CC[NH2+]CC3)C(=O)NCCNC(=O)Cc4cccc5c4cccc5,DUD-E,FA10,FA10_DECOY_G042A7A2BCFCBE71C7495,41eb9cca1397b90400b84893855ca5e53053e1e999a3a8e258a37e88142b9da7,development_train,train,4
23517,C39691344,CC1(CCCCC1)C(=O)N2C[C@@H](C3(C2)CC[NH2+]CC3)C(=O)NCCNC(=O)Cc4cccc5c4cccc5,CC1(C(=O)N2C[C@H](C(=O)NCCNC(=O)Cc3cccc4ccccc34)C3(CC[NH2+]CC3)C2)CCCCC1,O=C(Cc1cccc2ccccc12)NCCNC(=O)C1CN(C(=O)C2CCCCC2)CC12CC[NH2+]CC2,decoy,FA10_decoy_L023517,CC1(CCCCC1)C(=O)N2C[C@@H](C3(C2)CC[NH2+]CC3)C(=O)NCCNC(=O)Cc4cccc5c4cccc5,DUD-E,FA10,FA10_DECOY_G042A7A2BCFCBE71C7495,41eb9cca1397b90400b84893855ca5e53053e1e999a3a8e258a37e88142b9da7,development_train,train,4
8249,C39272630,Cc1cc(c2c(n1)S[C@H]([C@H]2[NH3+])C(=O)Nc3nc4ccc(cc4s3)NC(=O)C)COC,COCc1cc(C)nc2c1[C@H]([NH3+])[C@H](C(=O)Nc1nc3ccc(NC(C)=O)cc3s1)S2,O=C(Nc1nc2ccccc2s1)C1Cc2cccnc2S1,decoy,FA10_decoy_L008249,Cc1cc(c2c(n1)S[C@H]([C@H]2[NH3+])C(=O)Nc3nc4ccc(cc4s3)NC(=O)C)COC,DUD-E,FA10,FA10_DECOY_GE7F0269B9B6AD2063309,4261bd2855048852aa4cb0bce534ef2c40bcd0fefdbd592822d65e5df13ffc66,development_train,train,3
11585,C39272627,Cc1cc(c2c(n1)S[C@@H]([C@@H]2[NH3+])C(=O)Nc3nc4ccc(cc4s3)NC(=O)C)COC,COCc1cc(C)nc2c1[C@@H]([NH3+])[C@@H](C(=O)Nc1nc3ccc(NC(C)=O)cc3s1)S2,O=C(Nc1nc2ccccc2s1)C1Cc2cccnc2S1,decoy,FA10_decoy_L011585,Cc1cc(c2c(n1)S[C@@H]([C@@H]2[NH3+])C(=O)Nc3nc4ccc(cc4s3)NC(=O)C)COC,DUD-E,FA10,FA10_DECOY_GE7F0269B9B6AD2063309,4261bd2855048852aa4cb0bce534ef2c40bcd0fefdbd592822d65e5df13ffc66,development_train,train,3
14633,C12413798,CCOC(=O)c1c(sc(c1O)c2c3c([nH]c2c4ccc(cc4)F)n(c(=O)[nH]c3=O)C)C,CCOC(=O)c1c(C)sc(-c2c(-c3ccc(F)cc3)[nH]c3c2c(=O)[nH]c(=O)n3C)c1O,O=c1[nH]c(=O)c2c(-c3cccs3)c(-c3ccccc3)[nH]c2[nH]1,decoy,FA10_decoy_L014633,CCOC(=O)c1c(sc(c1O)c2c3c([nH]c2c4ccc(cc4)F)n(c(=O)[nH]c3=O)C)C,DUD-E,FA10,FA10_DECOY_G63BC468C2BAE9DDBC3AA,42e9fd2575af4e7b988fca8e20f38abed9beb75f0917b785e16e9241d9a9d548,development_train,train,3
16921,C40151854,c1cc[nH+]c(c1)N2CCC[C@H](C2)C(=O)OCC(=O)N3[C@@H](CC(=N3)c4ccc(cc4)Cl)c5ccco5,O=C(OCC(=O)N1N=C(c2ccc(Cl)cc2)C[C@H]1c1ccco1)[C@@H]1CCCN(c2cccc[nH+]2)C1,O=C(OCC(=O)N1N=C(c2ccccc2)CC1c1ccco1)C1CCCN(c2cccc[nH+]2)C1,decoy,FA10_decoy_L016921,c1cc[nH+]c(c1)N2CCC[C@H](C2)C(=O)OCC(=O)N3[C@@H](CC(=N3)c4ccc(cc4)Cl)c5ccco5,DUD-E,FA10,FA10_DECOY_G8B61DA1C5E66AAE8D6CB,431d31a1b8aa3d9fd301f46acc67853a05ad5891b0b9855c4a447119cac9c1d0,development_train,train,2
22057,C19568418,COc1cccc2c1nc(cc2)C[NH+]3CCC(CC3)[C@@H]4Nc5ccccc5S(=O)(=O)N4,COc1cccc2ccc(C[NH+]3CCC([C@@H]4Nc5ccccc5S(=O)(=O)N4)CC3)nc12,O=S1(=O)NC(C2CC[NH+](Cc3ccc4ccccc4n3)CC2)Nc2ccccc21,decoy,FA10_decoy_L022057,COc1cccc2c1nc(cc2)C[NH+]3CCC(CC3)[C@@H]4Nc5ccccc5S(=O)(=O)N4,DUD-E,FA10,FA10_DECOY_GD51D254CBE8CA3BAD440,46c5a72071569dbb44f38e9e2dcf13d9f0357fe3eab5d25ec83449373f4a2b5f,development_train,train,2
4135,C09444844,Cc1ccc(cc1)S(=O)(=O)Nc2ccccc2C(=O)/N=c\3/n(c4ccc(cc4s3)S(=O)(=O)C)C,Cc1ccc(S(=O)(=O)Nc2ccccc2C(=O)/N=c2\sc3cc(S(C)(=O)=O)ccc3n2C)cc1,O=C(N=c1[nH]c2ccccc2s1)c1ccccc1NS(=O)(=O)c1ccccc1,decoy,FA10_decoy_L004135,Cc1ccc(cc1)S(=O)(=O)Nc2ccccc2C(=O)/N=c\3/n(c4ccc(cc4s3)S(=O)(=O)C)C,DUD-E,FA10,FA10_DECOY_GCBC9C0AA793EDF8391BC,48779d3e92301be9a922a452daee74aa9f0e847080cf0f4eb0115f99856d86d4,development_train,train,5
10954,C09723773,CCOc1ccc2c(c1)s/c(=N\C(=O)c3ccccc3NS(=O)(=O)c4ccc(cc4)C)/n2CCOC,CCOc1ccc2c(c1)s/c(=N\C(=O)c1ccccc1NS(=O)(=O)c1ccc(C)cc1)n2CCOC,O=C(N=c1[nH]c2ccccc2s1)c1ccccc1NS(=O)(=O)c1ccccc1,decoy,FA10_decoy_L010954,CCOc1ccc2c(c1)s/c(=N\C(=O)c3ccccc3NS(=O)(=O)c4ccc(cc4)C)/n2CCOC,DUD-E,FA10,FA10_DECOY_GCBC9C0AA793EDF8391BC,48779d3e92301be9a922a452daee74aa9f0e847080cf0f4eb0115f99856d86d4,development_train,train,5
12833,C11697128,Cc1cccc(n1)Nc2ccc(nn2)NCCNS(=O)(=O)c3ccc(cc3)NC(=O)C,CC(=O)Nc1ccc(S(=O)(=O)NCCNc2ccc(Nc3cccc(C)n3)nn2)cc1,O=S(=O)(NCCNc1ccc(Nc2ccccn2)nn1)c1ccccc1,decoy,FA10_decoy_L012833,Cc1cccc(n1)Nc2ccc(nn2)NCCNS(=O)(=O)c3ccc(cc3)NC(=O)C,DUD-E,FA10,FA10_DECOY_G05A73F8024EFCB303E82,48e9cfc8ecc98de16d6712941da9a28c184424100dee79240a451a322e705a9c,development_train,train,4
17408,C64717641,CC1(CC2=C(CO1)C3=NN[C@H](N3[C@@H]([C@@H]2C#N)Nc4ccccc4)SCC5[NH+]=c6ccccc6=[NH+]5)C,CC1(C)CC2=C(CO1)C1=NN[C@@H](SCC3[NH+]=c4ccccc4=[NH+]3)N1[C@H](Nc1ccccc1)[C@@H]2C#N,c1ccc(NC2CC3=C(COCC3)C3=NNC(SCC4[NH+]=c5ccccc5=[NH+]4)N32)cc1,decoy,FA10_decoy_L017408,CC1(CC2=C(CO1)C3=NN[C@H](N3[C@@H]([C@@H]2C#N)Nc4ccccc4)SCC5[NH+]=c6ccccc6=[NH+]5)C,DUD-E,FA10,FA10_DECOY_G87E2B2B01985985BF2A1,49da1e50ecea4c1f3ad7fd117aba94fe15a13c0887bd9cc9e1446fb3b7206c45,development_train,train,4
10559,C39944623,CC1=C([C@H](N(N1)Cc2ccccc2Cl)Cl)C(=O)O[C@@H](c3ccccc3)C(=O)C4=c5ccccc5=[NH+]C4,CC1=C(C(=O)O[C@H](C(=O)C2=c3ccccc3=[NH+]C2)c2ccccc2)[C@@H](Cl)N(Cc2ccccc2Cl)N1,O=C(OC(C(=O)C1=c2ccccc2=[NH+]C1)c1ccccc1)C1=CNN(Cc2ccccc2)C1,decoy,FA10_decoy_L010559,CC1=C([C@H](N(N1)Cc2ccccc2Cl)Cl)C(=O)O[C@@H](c3ccccc3)C(=O)C4=c5ccccc5=[NH+]C4,DUD-E,FA10,FA10_DECOY_GDA51951842C462B76844,4b6a0bb8e35b373240130bcf3189cfb07bebb5174a7a5d2213fd1f3a7a163e19,development_train,train,4
7204,C07377395,C[C@@H](C(=O)Nc1ccc2c(c1)[nH]c(=O)[nH]2)OC(=O)c3ccc(cc3N)F,C[C@H](OC(=O)c1ccc(F)cc1N)C(=O)Nc1ccc2[nH]c(=O)[nH]c2c1,O=C(COC(=O)c1ccccc1)Nc1ccc2[nH]c(=O)[nH]c2c1,decoy,FA10_decoy_L007204,C[C@@H](C(=O)Nc1ccc2c(c1)[nH]c(=O)[nH]2)OC(=O)c3ccc(cc3N)F,DUD-E,FA10,FA10_DECOY_G8C1209D3E9D08470927B,4bc33c16afba2aec5f283d4dd4d2ac66e5bb3638aa14acd215c3c3f7da5b2a38,development_train,train,5
11632,C09882120,c1cc(c(cc1[N+](=O)[O-])C(=O)OCC(=O)Nc2cc3c(cc2Br)[nH]c(=O)[nH]3)Cl,O=C(COC(=O)c1cc([N+](=O)[O-])ccc1Cl)Nc1cc2[nH]c(=O)[nH]c2cc1Br,O=C(COC(=O)c1ccccc1)Nc1ccc2[nH]c(=O)[nH]c2c1,decoy,FA10_decoy_L011632,c1cc(c(cc1[N+](=O)[O-])C(=O)OCC(=O)Nc2cc3c(cc2Br)[nH]c(=O)[nH]3)Cl,DUD-E,FA10,FA10_DECOY_G8C1209D3E9D08470927B,4bc33c16afba2aec5f283d4dd4d2ac66e5bb3638aa14acd215c3c3f7da5b2a38,development_train,train,5
7544,C40955526,CCn1c2c(cnc(c2nc1c3c(non3)N)C#CCO)OCCC[NH3+],CCn1c(-c2nonc2N)nc2c(C#CCO)ncc(OCCC[NH3+])c21,c1cc2[nH]c(-c3cnon3)nc2cn1,decoy,FA10_decoy_L007544,CCn1c2c(cnc(c2nc1c3c(non3)N)C#CCO)OCCC[NH3+],DUD-E,FA10,FA10_DECOY_G3D311E651258C0F455EA,4d757283c6e658cdf973c252bc91efe089f00a3ff1f92ce8a16e5f1321fd5e95,development_train,train,1
8129,C49088379,CCn1c2cc(nc(c2nc1c3c(non3)N)C#CC(C)(C)O)OCC[NH2+]C,CCn1c(-c2nonc2N)nc2c(C#CC(C)(C)O)nc(OCC[NH2+]C)cc21,c1cc2[nH]c(-c3cnon3)nc2cn1,decoy,FA10_decoy_L008129,CCn1c2cc(nc(c2nc1c3c(non3)N)C#CC(C)(C)O)OCC[NH2+]C,DUD-E,FA10,FA10_DECOY_G3D311E651258C0F455EA,4d757283c6e658cdf973c252bc91efe089f00a3ff1f92ce8a16e5f1321fd5e95,development_train,train,1
11605,C40429488,CCn1c2c(cnc(c2nc1c3c(non3)N)C#CC(C)(C)O)OCCCC[NH3+],CCn1c(-c2nonc2N)nc2c(C#CC(C)(C)O)ncc(OCCCC[NH3+])c21,c1cc2[nH]c(-c3cnon3)nc2cn1,decoy,FA10_decoy_L011605,CCn1c2c(cnc(c2nc1c3c(non3)N)C#CC(C)(C)O)OCCCC[NH3+],DUD-E,FA10,FA10_DECOY_G3D311E651258C0F455EA,4d757283c6e658cdf973c252bc91efe089f00a3ff1f92ce8a16e5f1321fd5e95,development_train,train,1
20908,C49088194,CCn1c2cc(nc(c2nc1c3c(non3)N)C#CC(C)(C)O)C[NH3+],CCn1c(-c2nonc2N)nc2c(C#CC(C)(C)O)nc(C[NH3+])cc21,c1cc2[nH]c(-c3cnon3)nc2cn1,decoy,FA10_decoy_L020908,CCn1c2cc(nc(c2nc1c3c(non3)N)C#CC(C)(C)O)C[NH3+],DUD-E,FA10,FA10_DECOY_G3D311E651258C0F455EA,4d757283c6e658cdf973c252bc91efe089f00a3ff1f92ce8a16e5f1321fd5e95,development_train,train,1
20332,C64040743,CCOC(=O)C1=CNN([C@@H]1C[NH2+]C[C@@H]2C=c3ccccc3=[NH+]2)c4cccc(c4)F,CCOC(=O)C1=CNN(c2cccc(F)c2)[C@@H]1C[NH2+]C[C@@H]1C=c2ccccc2=[NH+]1,C1=CC(C[NH2+]CC2C=c3ccccc3=[NH+]2)N(c2ccccc2)N1,decoy,FA10_decoy_L020332,CCOC(=O)C1=CNN([C@@H]1C[NH2+]C[C@@H]2C=c3ccccc3=[NH+]2)c4cccc(c4)F,DUD-E,FA10,FA10_DECOY_G11287B3E5C359423E91C,4e32c1ec36ca959172df7fae25d75cd6210ee0db70b5ad884df811a24ee88700,development_train,train,3
21547,C38563113,Cc1ccc2cccc(c2n1)S(=O)(=O)NC[C@H](c3cccs3)S(=O)(=O)c4ccc(cc4)Cl,Cc1ccc2cccc(S(=O)(=O)NC[C@H](c3cccs3)S(=O)(=O)c3ccc(Cl)cc3)c2n1,O=S(=O)(NCC(c1cccs1)S(=O)(=O)c1ccccc1)c1cccc2cccnc12,decoy,FA10_decoy_L021547,Cc1ccc2cccc(c2n1)S(=O)(=O)NC[C@H](c3cccs3)S(=O)(=O)c4ccc(cc4)Cl,DUD-E,FA10,FA10_DECOY_GE8C7CFBDE8BFC22F7378,50d981f17f0a50b700fbeca6502523be7b4f1b527b37640004a15d1ecf397599,development_train,train,2
1022,C03852941,[H]/N=C\1/NC(=O)/C(=C\c2cc(c(c(c2)Br)OCC(=O)NCc3ccccc3)OCC)/S1,[H]/N=C1/NC(=O)/C(=C\c2cc(Br)c(OCC(=O)NCc3ccccc3)c(OCC)c2)S1,N=C1NC(=O)C(=Cc2ccc(OCC(=O)NCc3ccccc3)cc2)S1,decoy,FA10_decoy_L001022,[H]/N=C\1/NC(=O)/C(=C\c2cc(c(c(c2)Br)OCC(=O)NCc3ccccc3)OCC)/S1,DUD-E,FA10,FA10_DECOY_G6487C47F0E9F2B35436E,52e84d778a7f6d31414ae0c2fbfc4e14543e5cb814a23e23a308972ef466bb77,development_train,train,4
4528,C01663395,Cc1cc(n(n1)CN(Cn2c(cc(n2)C)C)c3ccc(cc3)N(Cn4c(cc(n4)C)C)Cn5c(cc(n5)C)C)C,Cc1cc(C)n(CN(Cn2nc(C)cc2C)c2ccc(N(Cn3nc(C)cc3C)Cn3nc(C)cc3C)cc2)n1,c1cnn(CN(Cn2cccn2)c2ccc(N(Cn3cccn3)Cn3cccn3)cc2)c1,decoy,FA10_decoy_L004528,Cc1cc(n(n1)CN(Cn2c(cc(n2)C)C)c3ccc(cc3)N(Cn4c(cc(n4)C)C)Cn5c(cc(n5)C)C)C,DUD-E,FA10,FA10_DECOY_G4FA963E3E7AF0FF23F12,533f3f614eae71a595068164f9f31c7d5307e888537b87c169687284b4239e48,development_train,train,1
14656,C02227955,Cc1ccc(c(c1C)O)c2cc([nH]n2)C(=O)Nc3nc4ccc(cc4s3)S(=O)(=O)C,Cc1ccc(-c2cc(C(=O)Nc3nc4ccc(S(C)(=O)=O)cc4s3)[nH]n2)c(O)c1C,O=C(Nc1nc2ccccc2s1)c1cc(-c2ccccc2)n[nH]1,decoy,FA10_decoy_L014656,Cc1ccc(c(c1C)O)c2cc([nH]n2)C(=O)Nc3nc4ccc(cc4s3)S(=O)(=O)C,DUD-E,FA10,FA10_DECOY_G4BD581A646F50A6592AE,53e96cb9beccf115b012eca455d4a193b894c724bdeeff403cccc876aaa9a650,development_train,train,3
13974,C57270758,[H]\N=C\1/C(=C/c2ccc(c(c2)OC)OCCOc3ccc(cc3)C)/C(=O)N=C4[N+]1=C(CS4)c5ccccc5,[H]/N=C1\C(=C\c2ccc(OCCOc3ccc(C)cc3)c(OC)c2)C(=O)N=C2SCC(c3ccccc3)=[N+]21,N=C1C(=Cc2ccc(OCCOc3ccccc3)cc2)C(=O)N=C2SCC(c3ccccc3)=[N+]12,decoy,FA10_decoy_L013974,[H]\N=C\1/C(=C/c2ccc(c(c2)OC)OCCOc3ccc(cc3)C)/C(=O)N=C4[N+]1=C(CS4)c5ccccc5,DUD-E,FA10,FA10_DECOY_GEBF485DFA84EA00C792A,54a04a9bc4ef90271d59128d4204e758707586d59285c285a3969281a20cd39a,development_train,train,4
13987,C61868478,[H]\N=C\1/C(=C/c2ccc(cc2)OCCOc3ccc(cc3)C)/C(=O)N=C4[N+]1=C(CS4)c5ccccc5,[H]/N=C1\C(=C\c2ccc(OCCOc3ccc(C)cc3)cc2)C(=O)N=C2SCC(c3ccccc3)=[N+]21,N=C1C(=Cc2ccc(OCCOc3ccccc3)cc2)C(=O)N=C2SCC(c3ccccc3)=[N+]12,decoy,FA10_decoy_L013987,[H]\N=C\1/C(=C/c2ccc(cc2)OCCOc3ccc(cc3)C)/C(=O)N=C4[N+]1=C(CS4)c5ccccc5,DUD-E,FA10,FA10_DECOY_GEBF485DFA84EA00C792A,54a04a9bc4ef90271d59128d4204e758707586d59285c285a3969281a20cd39a,development_train,train,4
21762,C57211613,[H]\N=C\1/C(=C/c2ccc(cc2)OCCOc3cc(cc(c3)C)C)/C(=O)N=C4[N+]1=C(CS4)c5ccccc5,[H]/N=C1\C(=C\c2ccc(OCCOc3cc(C)cc(C)c3)cc2)C(=O)N=C2SCC(c3ccccc3)=[N+]21,N=C1C(=Cc2ccc(OCCOc3ccccc3)cc2)C(=O)N=C2SCC(c3ccccc3)=[N+]12,decoy,FA10_decoy_L021762,[H]\N=C\1/C(=C/c2ccc(cc2)OCCOc3cc(cc(c3)C)C)/C(=O)N=C4[N+]1=C(CS4)c5ccccc5,DUD-E,FA10,FA10_DECOY_GEBF485DFA84EA00C792A,54a04a9bc4ef90271d59128d4204e758707586d59285c285a3969281a20cd39a,development_train,train,4
21763,C57292229,[H]\N=C\1/C(=C/c2ccc(cc2)OCCOc3c(cccc3C)C)/C(=O)N=C4[N+]1=C(CS4)c5ccccc5,[H]/N=C1\C(=C\c2ccc(OCCOc3c(C)cccc3C)cc2)C(=O)N=C2SCC(c3ccccc3)=[N+]21,N=C1C(=Cc2ccc(OCCOc3ccccc3)cc2)C(=O)N=C2SCC(c3ccccc3)=[N+]12,decoy,FA10_decoy_L021763,[H]\N=C\1/C(=C/c2ccc(cc2)OCCOc3c(cccc3C)C)/C(=O)N=C4[N+]1=C(CS4)c5ccccc5,DUD-E,FA10,FA10_DECOY_GEBF485DFA84EA00C792A,54a04a9bc4ef90271d59128d4204e758707586d59285c285a3969281a20cd39a,development_train,train,4
22534,C57211624,[H]\N=C\1/C(=C/c2ccc(c(c2)OCC)OCCOc3ccccc3C)/C(=O)N=C4[N+]1=C(CS4)c5ccccc5,[H]/N=C1\C(=C\c2ccc(OCCOc3ccccc3C)c(OCC)c2)C(=O)N=C2SCC(c3ccccc3)=[N+]21,N=C1C(=Cc2ccc(OCCOc3ccccc3)cc2)C(=O)N=C2SCC(c3ccccc3)=[N+]12,decoy,FA10_decoy_L022534,[H]\N=C\1/C(=C/c2ccc(c(c2)OCC)OCCOc3ccccc3C)/C(=O)N=C4[N+]1=C(CS4)c5ccccc5,DUD-E,FA10,FA10_DECOY_GEBF485DFA84EA00C792A,54a04a9bc4ef90271d59128d4204e758707586d59285c285a3969281a20cd39a,development_train,train,4
22538,C57234764,[H]\N=C\1/C(=C/c2ccc(cc2)OCCOc3ccc(cc3)[C@H](C)CC)/C(=O)N=C4[N+]1=C(CS4)c5ccccc5,[H]/N=C1\C(=C\c2ccc(OCCOc3ccc([C@H](C)CC)cc3)cc2)C(=O)N=C2SCC(c3ccccc3)=[N+]21,N=C1C(=Cc2ccc(OCCOc3ccccc3)cc2)C(=O)N=C2SCC(c3ccccc3)=[N+]12,decoy,FA10_decoy_L022538,[H]\N=C\1/C(=C/c2ccc(cc2)OCCOc3ccc(cc3)[C@H](C)CC)/C(=O)N=C4[N+]1=C(CS4)c5ccccc5,DUD-E,FA10,FA10_DECOY_GEBF485DFA84EA00C792A,54a04a9bc4ef90271d59128d4204e758707586d59285c285a3969281a20cd39a,development_train,train,4
22539,C57234765,[H]\N=C\1/C(=C/c2ccc(cc2)OCCOc3ccc(cc3)[C@@H](C)CC)/C(=O)N=C4[N+]1=C(CS4)c5ccccc5,[H]/N=C1\C(=C\c2ccc(OCCOc3ccc([C@@H](C)CC)cc3)cc2)C(=O)N=C2SCC(c3ccccc3)=[N+]21,N=C1C(=Cc2ccc(OCCOc3ccccc3)cc2)C(=O)N=C2SCC(c3ccccc3)=[N+]12,decoy,FA10_decoy_L022539,[H]\N=C\1/C(=C/c2ccc(cc2)OCCOc3ccc(cc3)[C@@H](C)CC)/C(=O)N=C4[N+]1=C(CS4)c5ccccc5,DUD-E,FA10,FA10_DECOY_GEBF485DFA84EA00C792A,54a04a9bc4ef90271d59128d4204e758707586d59285c285a3969281a20cd39a,development_train,train,4
22541,C57284691,[H]\N=C\1/C(=C/c2ccc(c(c2)OC)OCCOc3cc(ccc3C)C)/C(=O)N=C4[N+]1=C(CS4)c5ccccc5,[H]/N=C1\C(=C\c2ccc(OCCOc3cc(C)ccc3C)c(OC)c2)C(=O)N=C2SCC(c3ccccc3)=[N+]21,N=C1C(=Cc2ccc(OCCOc3ccccc3)cc2)C(=O)N=C2SCC(c3ccccc3)=[N+]12,decoy,FA10_decoy_L022541,[H]\N=C\1/C(=C/c2ccc(c(c2)OC)OCCOc3cc(ccc3C)C)/C(=O)N=C4[N+]1=C(CS4)c5ccccc5,DUD-E,FA10,FA10_DECOY_GEBF485DFA84EA00C792A,54a04a9bc4ef90271d59128d4204e758707586d59285c285a3969281a20cd39a,development_train,train,4
22543,C57317459,[H]\N=C\1/C(=C/c2ccc(c(c2)OCC)OCCOc3cccc(c3)C)/C(=O)N=C4[N+]1=C(CS4)c5ccccc5,[H]/N=C1\C(=C\c2ccc(OCCOc3cccc(C)c3)c(OCC)c2)C(=O)N=C2SCC(c3ccccc3)=[N+]21,N=C1C(=Cc2ccc(OCCOc3ccccc3)cc2)C(=O)N=C2SCC(c3ccccc3)=[N+]12,decoy,FA10_decoy_L022543,[H]\N=C\1/C(=C/c2ccc(c(c2)OCC)OCCOc3cccc(c3)C)/C(=O)N=C4[N+]1=C(CS4)c5ccccc5,DUD-E,FA10,FA10_DECOY_GEBF485DFA84EA00C792A,54a04a9bc4ef90271d59128d4204e758707586d59285c285a3969281a20cd39a,development_train,train,4
22545,C57381214,[H]\N=C\1/C(=C/c2ccc(c(c2)OCC)OCCOc3ccc(cc3)C)/C(=O)N=C4[N+]1=C(CS4)c5ccccc5,[H]/N=C1\C(=C\c2ccc(OCCOc3ccc(C)cc3)c(OCC)c2)C(=O)N=C2SCC(c3ccccc3)=[N+]21,N=C1C(=Cc2ccc(OCCOc3ccccc3)cc2)C(=O)N=C2SCC(c3ccccc3)=[N+]12,decoy,FA10_decoy_L022545,[H]\N=C\1/C(=C/c2ccc(c(c2)OCC)OCCOc3ccc(cc3)C)/C(=O)N=C4[N+]1=C(CS4)c5ccccc5,DUD-E,FA10,FA10_DECOY_GEBF485DFA84EA00C792A,54a04a9bc4ef90271d59128d4204e758707586d59285c285a3969281a20cd39a,development_train,train,4
22546,C61859337,[H]\N=C\1/C(=C/c2ccc(c(c2)OC)OCCOc3ccc(c(c3)C)C)/C(=O)N=C4[N+]1=C(CS4)c5ccccc5,[H]/N=C1\C(=C\c2ccc(OCCOc3ccc(C)c(C)c3)c(OC)c2)C(=O)N=C2SCC(c3ccccc3)=[N+]21,N=C1C(=Cc2ccc(OCCOc3ccccc3)cc2)C(=O)N=C2SCC(c3ccccc3)=[N+]12,decoy,FA10_decoy_L022546,[H]\N=C\1/C(=C/c2ccc(c(c2)OC)OCCOc3ccc(c(c3)C)C)/C(=O)N=C4[N+]1=C(CS4)c5ccccc5,DUD-E,FA10,FA10_DECOY_GEBF485DFA84EA00C792A,54a04a9bc4ef90271d59128d4204e758707586d59285c285a3969281a20cd39a,development_train,train,4
22548,C61868490,[H]\N=C\1/C(=C/c2ccc(c(c2)OC)OCCOc3ccc(cc3C)C)/C(=O)N=C4[N+]1=C(CS4)c5ccccc5,[H]/N=C1\C(=C\c2ccc(OCCOc3ccc(C)cc3C)c(OC)c2)C(=O)N=C2SCC(c3ccccc3)=[N+]21,N=C1C(=Cc2ccc(OCCOc3ccccc3)cc2)C(=O)N=C2SCC(c3ccccc3)=[N+]12,decoy,FA10_decoy_L022548,[H]\N=C\1/C(=C/c2ccc(c(c2)OC)OCCOc3ccc(cc3C)C)/C(=O)N=C4[N+]1=C(CS4)c5ccccc5,DUD-E,FA10,FA10_DECOY_GEBF485DFA84EA00C792A,54a04a9bc4ef90271d59128d4204e758707586d59285c285a3969281a20cd39a,development_train,train,4
2825,C02134555,Cc1ccc(cc1)C[C@]2(C(=O)NC(=O)N(C2=O)c3ccccc3)C[NH+]4C[C@H]5C[C@@H](C4)c6cccc(=O)n6C5,Cc1ccc(C[C@@]2(C[NH+]3C[C@H]4C[C@@H](C3)c3cccc(=O)n3C4)C(=O)NC(=O)N(c3ccccc3)C2=O)cc1,O=C1NC(=O)C(Cc2ccccc2)(C[NH+]2CC3CC(C2)c2cccc(=O)n2C3)C(=O)N1c1ccccc1,decoy,FA10_decoy_L002825,Cc1ccc(cc1)C[C@]2(C(=O)NC(=O)N(C2=O)c3ccccc3)C[NH+]4C[C@H]5C[C@@H](C4)c6cccc(=O)n6C5,DUD-E,FA10,FA10_DECOY_G916A3A357F90DB36F66E,564adf1f95d8648d35e39e52c70d411ec66738044e0d50a2d15ad8f906d82232,development_train,train,4
9198,C19556253,Cc1c(nn(c1C)[C@@H](C)CNC(=O)[C@@H]2CCCN(C2)S(=O)(=O)c3cnn(c3)C)C,Cc1nn([C@@H](C)CNC(=O)[C@@H]2CCCN(S(=O)(=O)c3cnn(C)c3)C2)c(C)c1C,O=C(NCCn1cccn1)C1CCCN(S(=O)(=O)c2cn[nH]c2)C1,decoy,FA10_decoy_L009198,Cc1c(nn(c1C)[C@@H](C)CNC(=O)[C@@H]2CCCN(C2)S(=O)(=O)c3cnn(c3)C)C,DUD-E,FA10,FA10_DECOY_G8D71FE1B4C5D6A1F8322,581158a159c74b2841240c2deb884c2c6d72739ebd3aebf31fe32acf92e722da,development_train,train,1
15180,C02733001,Cc1c(c(n(n1)CCNC(=O)[C@H]2CCCN(C2)S(=O)(=O)c3cnn(c3C)C)C)[N+](=O)[O-],Cc1nn(CCNC(=O)[C@H]2CCCN(S(=O)(=O)c3cnn(C)c3C)C2)c(C)c1[N+](=O)[O-],O=C(NCCn1cccn1)C1CCCN(S(=O)(=O)c2cn[nH]c2)C1,decoy,FA10_decoy_L015180,Cc1c(c(n(n1)CCNC(=O)[C@H]2CCCN(C2)S(=O)(=O)c3cnn(c3C)C)C)[N+](=O)[O-],DUD-E,FA10,FA10_DECOY_G8D71FE1B4C5D6A1F8322,581158a159c74b2841240c2deb884c2c6d72739ebd3aebf31fe32acf92e722da,development_train,train,1
15445,C34749167,CCc1c(sc2c1c(=O)n(c(n2)N3CC[NH+](CC3)Cc4ccc(cc4C)C)Cc5ccccc5Cl)C,CCc1c(C)sc2nc(N3CC[NH+](Cc4ccc(C)cc4C)CC3)n(Cc3ccccc3Cl)c(=O)c12,O=c1c2ccsc2nc(N2CC[NH+](Cc3ccccc3)CC2)n1Cc1ccccc1,decoy,FA10_decoy_L015445,CCc1c(sc2c1c(=O)n(c(n2)N3CC[NH+](CC3)Cc4ccc(cc4C)C)Cc5ccccc5Cl)C,DUD-E,FA10,FA10_DECOY_G75D86602E4731D48BF7D,5922f14be8d9ee0054450fdce6e26f57de416ab275f6c9f5587bedbde32885be,development_train,train,5
15446,C34749189,CCc1c(sc2c1c(=O)n(c(n2)N3CC[NH+](CC3)Cc4cc(ccc4C)C)Cc5ccccc5Cl)C,CCc1c(C)sc2nc(N3CC[NH+](Cc4cc(C)ccc4C)CC3)n(Cc3ccccc3Cl)c(=O)c12,O=c1c2ccsc2nc(N2CC[NH+](Cc3ccccc3)CC2)n1Cc1ccccc1,decoy,FA10_decoy_L015446,CCc1c(sc2c1c(=O)n(c(n2)N3CC[NH+](CC3)Cc4cc(ccc4C)C)Cc5ccccc5Cl)C,DUD-E,FA10,FA10_DECOY_G75D86602E4731D48BF7D,5922f14be8d9ee0054450fdce6e26f57de416ab275f6c9f5587bedbde32885be,development_train,train,5
2441,C36246128,C#CCOC[C@@H](C[NH+](Cc1c(noc1N2CCc3ccccc3C2)c4ccccc4)C[C@@H]5CCCO5)O,C#CCOC[C@H](O)C[NH+](Cc1c(-c2ccccc2)noc1N1CCc2ccccc2C1)C[C@@H]1CCCO1,c1ccc(-c2noc(N3CCc4ccccc4C3)c2C[NH2+]CC2CCCO2)cc1,decoy,FA10_decoy_L002441,C#CCOC[C@@H](C[NH+](Cc1c(noc1N2CCc3ccccc3C2)c4ccccc4)C[C@@H]5CCCO5)O,DUD-E,FA10,FA10_DECOY_G3D53EEBB1899B46EA295,5a09debb2582898117fa816093307e56d342c8358679e2d8758df57464e0631e,development_train,train,5
2442,C36246129,C#CCOC[C@H](C[NH+](Cc1c(noc1N2CCc3ccccc3C2)c4ccccc4)C[C@@H]5CCCO5)O,C#CCOC[C@@H](O)C[NH+](Cc1c(-c2ccccc2)noc1N1CCc2ccccc2C1)C[C@@H]1CCCO1,c1ccc(-c2noc(N3CCc4ccccc4C3)c2C[NH2+]CC2CCCO2)cc1,decoy,FA10_decoy_L002442,C#CCOC[C@H](C[NH+](Cc1c(noc1N2CCc3ccccc3C2)c4ccccc4)C[C@@H]5CCCO5)O,DUD-E,FA10,FA10_DECOY_G3D53EEBB1899B46EA295,5a09debb2582898117fa816093307e56d342c8358679e2d8758df57464e0631e,development_train,train,5
26927,C08969996,c1cc(sc1)CCNC(=O)C(=O)NC[C@@H](c2ccc3c(c2)OCO3)S(=O)(=O)c4cccs4,O=C(NCCc1cccs1)C(=O)NC[C@@H](c1ccc2c(c1)OCO2)S(=O)(=O)c1cccs1,O=C(NCCc1cccs1)C(=O)NCC(c1ccc2c(c1)OCO2)S(=O)(=O)c1cccs1,decoy,FA10_decoy_L026927,c1cc(sc1)CCNC(=O)C(=O)NC[C@@H](c2ccc3c(c2)OCO3)S(=O)(=O)c4cccs4,DUD-E,FA10,FA10_DECOY_G5A610DEA45C28368AF32,5d51efe963b20a61e67bcb461518d238d777f73591820cefea94509f67876585,development_train,train,4
8090,C39946843,c1nc(c2c(n1)n(c(n2)N[NH2+][NH-])[C@@H]3[C@@H]([C@@H]4[C@@H](O3)CO[P@@](=O)(O4)[O-])O)N,[NH-][NH2+]Nc1nc2c(N)ncnc2n1[C@H]1O[C@H]2CO[P@](=O)([O-])O[C@@H]2[C@H]1O,O=[PH]1OCC2OC(n3cnc4cncnc43)CC2O1,decoy,FA10_decoy_L008090,c1nc(c2c(n1)n(c(n2)N[NH2+][NH-])[C@@H]3[C@@H]([C@@H]4[C@@H](O3)CO[P@@](=O)(O4)[O-])O)N,DUD-E,FA10,FA10_DECOY_GA88989E75B1C866E9F25,60556930b5ba55b392df14e2e2160217eb96cf1e1622ce3736599f14d2974a3c,development_train,train,4
8091,C39946844,c1nc(c2c(n1)n(c(n2)N[NH2+][NH-])[C@H]3[C@@H]([C@@H]4[C@@H](O3)CO[P@@](=O)(O4)[O-])O)N,[NH-][NH2+]Nc1nc2c(N)ncnc2n1[C@@H]1O[C@H]2CO[P@](=O)([O-])O[C@@H]2[C@H]1O,O=[PH]1OCC2OC(n3cnc4cncnc43)CC2O1,decoy,FA10_decoy_L008091,c1nc(c2c(n1)n(c(n2)N[NH2+][NH-])[C@H]3[C@@H]([C@@H]4[C@@H](O3)CO[P@@](=O)(O4)[O-])O)N,DUD-E,FA10,FA10_DECOY_GA88989E75B1C866E9F25,60556930b5ba55b392df14e2e2160217eb96cf1e1622ce3736599f14d2974a3c,development_train,train,4
8092,C39946845,c1nc(c2c(n1)n(c(n2)N[NH2+][NH-])[C@@H]3[C@H]([C@@H]4[C@@H](O3)CO[P@@](=O)(O4)[O-])O)N,[NH-][NH2+]Nc1nc2c(N)ncnc2n1[C@H]1O[C@H]2CO[P@](=O)([O-])O[C@@H]2[C@@H]1O,O=[PH]1OCC2OC(n3cnc4cncnc43)CC2O1,decoy,FA10_decoy_L008092,c1nc(c2c(n1)n(c(n2)N[NH2+][NH-])[C@@H]3[C@H]([C@@H]4[C@@H](O3)CO[P@@](=O)(O4)[O-])O)N,DUD-E,FA10,FA10_DECOY_GA88989E75B1C866E9F25,60556930b5ba55b392df14e2e2160217eb96cf1e1622ce3736599f14d2974a3c,development_train,train,4
8093,C39946846,c1nc(c2c(n1)n(c(n2)N[NH2+][NH-])[C@H]3[C@H]([C@@H]4[C@@H](O3)CO[P@@](=O)(O4)[O-])O)N,[NH-][NH2+]Nc1nc2c(N)ncnc2n1[C@@H]1O[C@H]2CO[P@](=O)([O-])O[C@@H]2[C@@H]1O,O=[PH]1OCC2OC(n3cnc4cncnc43)CC2O1,decoy,FA10_decoy_L008093,c1nc(c2c(n1)n(c(n2)N[NH2+][NH-])[C@H]3[C@H]([C@@H]4[C@@H](O3)CO[P@@](=O)(O4)[O-])O)N,DUD-E,FA10,FA10_DECOY_GA88989E75B1C866E9F25,60556930b5ba55b392df14e2e2160217eb96cf1e1622ce3736599f14d2974a3c,development_train,train,4
13037,C42854017,c1nc(c2c(n1)n(c(n2)NCCOCCOCC[NH3+])[C@H]3[C@@H]([C@H]4[C@H](O3)CO[P@](=O)(O4)[O-])O)N,Nc1ncnc2c1nc(NCCOCCOCC[NH3+])n2[C@@H]1O[C@@H]2CO[P@@](=O)([O-])O[C@H]2[C@H]1O,O=[PH]1OCC2OC(n3cnc4cncnc43)CC2O1,decoy,FA10_decoy_L013037,c1nc(c2c(n1)n(c(n2)NCCOCCOCC[NH3+])[C@H]3[C@@H]([C@H]4[C@H](O3)CO[P@](=O)(O4)[O-])O)N,DUD-E,FA10,FA10_DECOY_GA88989E75B1C866E9F25,60556930b5ba55b392df14e2e2160217eb96cf1e1622ce3736599f14d2974a3c,development_train,train,4
11933,C09428143,CCCCOC(=O)C1=C(OC(=C([C@@]12c3cc(ccc3NC2=O)Br)C(=O)OC)C)N,CCCCOC(=O)C1=C(N)OC(C)=C(C(=O)OC)[C@]12C(=O)Nc1ccc(Br)cc12,O=C1Nc2ccccc2C12C=COC=C2,decoy,FA10_decoy_L011933,CCCCOC(=O)C1=C(OC(=C([C@@]12c3cc(ccc3NC2=O)Br)C(=O)OC)C)N,DUD-E,FA10,FA10_DECOY_GCD4F65668E73B9A3BFA5,60ac7bcb9cb05e2bdc45c241b2ce4fcf4756ec8a4a477d82e69fe3c61c6a0095,development_train,train,5
12599,C00850169,CCOC(=O)C1=C(OC(=C([C@]12c3cc(ccc3NC2=O)Br)C(=O)OCC)N)C,CCOC(=O)C1=C(C)OC(N)=C(C(=O)OCC)[C@@]12C(=O)Nc1ccc(Br)cc12,O=C1Nc2ccccc2C12C=COC=C2,decoy,FA10_decoy_L012599,CCOC(=O)C1=C(OC(=C([C@]12c3cc(ccc3NC2=O)Br)C(=O)OCC)N)C,DUD-E,FA10,FA10_DECOY_GCD4F65668E73B9A3BFA5,60ac7bcb9cb05e2bdc45c241b2ce4fcf4756ec8a4a477d82e69fe3c61c6a0095,development_train,train,5
14495,C16033732,CC1=C([C@]2(c3cc(ccc3NC2=O)Br)C(=C(O1)N)C(=O)OCCOC)C(=O)OCC=C,C=CCOC(=O)C1=C(C)OC(N)=C(C(=O)OCCOC)[C@]12C(=O)Nc1ccc(Br)cc12,O=C1Nc2ccccc2C12C=COC=C2,decoy,FA10_decoy_L014495,CC1=C([C@]2(c3cc(ccc3NC2=O)Br)C(=C(O1)N)C(=O)OCCOC)C(=O)OCC=C,DUD-E,FA10,FA10_DECOY_GCD4F65668E73B9A3BFA5,60ac7bcb9cb05e2bdc45c241b2ce4fcf4756ec8a4a477d82e69fe3c61c6a0095,development_train,train,5
17813,C02497105,CCCCOC(=O)C1=C(OC(=C([C@@]12c3ccccc3NC2=O)C(=O)OC(C)(C)C)C)N,CCCCOC(=O)C1=C(N)OC(C)=C(C(=O)OC(C)(C)C)[C@]12C(=O)Nc1ccccc12,O=C1Nc2ccccc2C12C=COC=C2,decoy,FA10_decoy_L017813,CCCCOC(=O)C1=C(OC(=C([C@@]12c3ccccc3NC2=O)C(=O)OC(C)(C)C)C)N,DUD-E,FA10,FA10_DECOY_GCD4F65668E73B9A3BFA5,60ac7bcb9cb05e2bdc45c241b2ce4fcf4756ec8a4a477d82e69fe3c61c6a0095,development_train,train,5
21615,C59293287,CCOC(=O)C1=C(OC(=C([C@@]12c3cc(ccc3N(C2=O)C)Br)C(=O)OC)CC(=O)OC)N,CCOC(=O)C1=C(N)OC(CC(=O)OC)=C(C(=O)OC)[C@]12C(=O)N(C)c1ccc(Br)cc12,O=C1Nc2ccccc2C12C=COC=C2,decoy,FA10_decoy_L021615,CCOC(=O)C1=C(OC(=C([C@@]12c3cc(ccc3N(C2=O)C)Br)C(=O)OC)CC(=O)OC)N,DUD-E,FA10,FA10_DECOY_GCD4F65668E73B9A3BFA5,60ac7bcb9cb05e2bdc45c241b2ce4fcf4756ec8a4a477d82e69fe3c61c6a0095,development_train,train,5
26775,C02212825,CCOC(=O)C1=C(OC(=C([C@]12c3ccccc3N(C2=O)CC(=O)N)C(=O)OC)CC(=O)OC)N,CCOC(=O)C1=C(N)OC(CC(=O)OC)=C(C(=O)OC)[C@@]12C(=O)N(CC(N)=O)c1ccccc12,O=C1Nc2ccccc2C12C=COC=C2,decoy,FA10_decoy_L026775,CCOC(=O)C1=C(OC(=C([C@]12c3ccccc3N(C2=O)CC(=O)N)C(=O)OC)CC(=O)OC)N,DUD-E,FA10,FA10_DECOY_GCD4F65668E73B9A3BFA5,60ac7bcb9cb05e2bdc45c241b2ce4fcf4756ec8a4a477d82e69fe3c61c6a0095,development_train,train,5
26816,C59293234,CCOC(=O)C1=C(OC(=C([C@]12c3ccccc3N(C2=O)CC(=O)N)C(=O)OC(C)(C)C)C)N,CCOC(=O)C1=C(N)OC(C)=C(C(=O)OC(C)(C)C)[C@@]12C(=O)N(CC(N)=O)c1ccccc12,O=C1Nc2ccccc2C12C=COC=C2,decoy,FA10_decoy_L026816,CCOC(=O)C1=C(OC(=C([C@]12c3ccccc3N(C2=O)CC(=O)N)C(=O)OC(C)(C)C)C)N,DUD-E,FA10,FA10_DECOY_GCD4F65668E73B9A3BFA5,60ac7bcb9cb05e2bdc45c241b2ce4fcf4756ec8a4a477d82e69fe3c61c6a0095,development_train,train,5
26817,C59293237,CCOC(=O)C1=C(OC(=C([C@@]12c3ccccc3N(C2=O)CC(=O)N)C(=O)OCCOC)C)N,CCOC(=O)C1=C(N)OC(C)=C(C(=O)OCCOC)[C@]12C(=O)N(CC(N)=O)c1ccccc12,O=C1Nc2ccccc2C12C=COC=C2,decoy,FA10_decoy_L026817,CCOC(=O)C1=C(OC(=C([C@@]12c3ccccc3N(C2=O)CC(=O)N)C(=O)OCCOC)C)N,DUD-E,FA10,FA10_DECOY_GCD4F65668E73B9A3BFA5,60ac7bcb9cb05e2bdc45c241b2ce4fcf4756ec8a4a477d82e69fe3c61c6a0095,development_train,train,5
8974,C16628200,CCCCN(c1c(n(c(=O)[nH]c1=O)CC(C)C)N)C(=O)C[NH+](CC)C[C@H]2COc3ccccc3O2,CCCCN(C(=O)C[NH+](CC)C[C@H]1COc2ccccc2O1)c1c(N)n(CC(C)C)c(=O)[nH]c1=O,O=C(C[NH2+]CC1COc2ccccc2O1)Nc1c[nH]c(=O)[nH]c1=O,decoy,FA10_decoy_L008974,CCCCN(c1c(n(c(=O)[nH]c1=O)CC(C)C)N)C(=O)C[NH+](CC)C[C@H]2COc3ccccc3O2,DUD-E,FA10,FA10_DECOY_G172043C1EDEB22897C06,642aace61a137e6089306784eff2601e683b3ce5a4a38b3ebeed8433669d1856,development_train,train,5
9010,C16628198,CCCCN(c1c(n(c(=O)[nH]c1=O)CC(C)C)N)C(=O)C[NH+](CC)C[C@@H]2COc3ccccc3O2,CCCCN(C(=O)C[NH+](CC)C[C@@H]1COc2ccccc2O1)c1c(N)n(CC(C)C)c(=O)[nH]c1=O,O=C(C[NH2+]CC1COc2ccccc2O1)Nc1c[nH]c(=O)[nH]c1=O,decoy,FA10_decoy_L009010,CCCCN(c1c(n(c(=O)[nH]c1=O)CC(C)C)N)C(=O)C[NH+](CC)C[C@@H]2COc3ccccc3O2,DUD-E,FA10,FA10_DECOY_G172043C1EDEB22897C06,642aace61a137e6089306784eff2601e683b3ce5a4a38b3ebeed8433669d1856,development_train,train,5
16510,C19532296,CCCCN(c1c(n(c(=O)[nH]c1=O)CCC)N)C(=O)C[NH+](CC)C[C@@H]2COc3ccccc3O2,CCCCN(C(=O)C[NH+](CC)C[C@@H]1COc2ccccc2O1)c1c(N)n(CCC)c(=O)[nH]c1=O,O=C(C[NH2+]CC1COc2ccccc2O1)Nc1c[nH]c(=O)[nH]c1=O,decoy,FA10_decoy_L016510,CCCCN(c1c(n(c(=O)[nH]c1=O)CCC)N)C(=O)C[NH+](CC)C[C@@H]2COc3ccccc3O2,DUD-E,FA10,FA10_DECOY_G172043C1EDEB22897C06,642aace61a137e6089306784eff2601e683b3ce5a4a38b3ebeed8433669d1856,development_train,train,5
20797,C31173649,CC[NH+](C[C@@H]1COc2ccccc2O1)CC(=O)N(CC(C)C)c3c(n(c(=O)[nH]c3=O)CC(C)C)N,CC[NH+](CC(=O)N(CC(C)C)c1c(N)n(CC(C)C)c(=O)[nH]c1=O)C[C@@H]1COc2ccccc2O1,O=C(C[NH2+]CC1COc2ccccc2O1)Nc1c[nH]c(=O)[nH]c1=O,decoy,FA10_decoy_L020797,CC[NH+](C[C@@H]1COc2ccccc2O1)CC(=O)N(CC(C)C)c3c(n(c(=O)[nH]c3=O)CC(C)C)N,DUD-E,FA10,FA10_DECOY_G172043C1EDEB22897C06,642aace61a137e6089306784eff2601e683b3ce5a4a38b3ebeed8433669d1856,development_train,train,5
5870,C12506985,COc1cc(cc(c1O)[C@@H]2NC(=[NH2+])Nc3n2c4cc5c(cc4n3)OCCCO5)Br,COc1cc(Br)cc([C@@H]2NC(=[NH2+])Nc3nc4cc5c(cc4n32)OCCCO5)c1O,[NH2+]=C1Nc2nc3cc4c(cc3n2C(c2ccccc2)N1)OCCCO4,decoy,FA10_decoy_L005870,COc1cc(cc(c1O)[C@@H]2NC(=[NH2+])Nc3n2c4cc5c(cc4n3)OCCCO5)Br,DUD-E,FA10,FA10_DECOY_G658231B0883EFAC36CEB,6750b2007dc4233ce233b1a048d92da735cc59c9d105589d608a3ee1891b59b7,development_train,train,3
10892,C12551858,CCOc1c(cc(cc1Br)[C@@H]2NC(=[NH2+])Nc3n2c4cc5c(cc4n3)OCCCO5)OC,CCOc1c(Br)cc([C@@H]2NC(=[NH2+])Nc3nc4cc5c(cc4n32)OCCCO5)cc1OC,[NH2+]=C1Nc2nc3cc4c(cc3n2C(c2ccccc2)N1)OCCCO4,decoy,FA10_decoy_L010892,CCOc1c(cc(cc1Br)[C@@H]2NC(=[NH2+])Nc3n2c4cc5c(cc4n3)OCCCO5)OC,DUD-E,FA10,FA10_DECOY_G658231B0883EFAC36CEB,6750b2007dc4233ce233b1a048d92da735cc59c9d105589d608a3ee1891b59b7,development_train,train,3
11343,C12507757,CCOc1cc(cc(c1OC)Br)[C@H]2NC(=[NH2+])Nc3n2c4cc5c(cc4n3)OCCCO5,CCOc1cc([C@H]2NC(=[NH2+])Nc3nc4cc5c(cc4n32)OCCCO5)cc(Br)c1OC,[NH2+]=C1Nc2nc3cc4c(cc3n2C(c2ccccc2)N1)OCCCO4,decoy,FA10_decoy_L011343,CCOc1cc(cc(c1OC)Br)[C@H]2NC(=[NH2+])Nc3n2c4cc5c(cc4n3)OCCCO5,DUD-E,FA10,FA10_DECOY_G658231B0883EFAC36CEB,6750b2007dc4233ce233b1a048d92da735cc59c9d105589d608a3ee1891b59b7,development_train,train,3
16342,C09156659,CCOc1cccc(c1O)[C@H]2NC(=[NH2+])Nc3n2c4cc5c(cc4n3)OCCCO5,CCOc1cccc([C@H]2NC(=[NH2+])Nc3nc4cc5c(cc4n32)OCCCO5)c1O,[NH2+]=C1Nc2nc3cc4c(cc3n2C(c2ccccc2)N1)OCCCO4,decoy,FA10_decoy_L016342,CCOc1cccc(c1O)[C@H]2NC(=[NH2+])Nc3n2c4cc5c(cc4n3)OCCCO5,DUD-E,FA10,FA10_DECOY_G658231B0883EFAC36CEB,6750b2007dc4233ce233b1a048d92da735cc59c9d105589d608a3ee1891b59b7,development_train,train,3
21788,C09156263,CCOc1cc(ccc1O)[C@@H]2NC(=[NH2+])Nc3n2c4cc5c(cc4n3)OCCCO5,CCOc1cc([C@@H]2NC(=[NH2+])Nc3nc4cc5c(cc4n32)OCCCO5)ccc1O,[NH2+]=C1Nc2nc3cc4c(cc3n2C(c2ccccc2)N1)OCCCO4,decoy,FA10_decoy_L021788,CCOc1cc(ccc1O)[C@@H]2NC(=[NH2+])Nc3n2c4cc5c(cc4n3)OCCCO5,DUD-E,FA10,FA10_DECOY_G658231B0883EFAC36CEB,6750b2007dc4233ce233b1a048d92da735cc59c9d105589d608a3ee1891b59b7,development_train,train,3
24286,C12506561,CCCOc1cc(ccc1OC)[C@@H]2NC(=[NH2+])Nc3n2c4cc5c(cc4n3)OCCCO5,CCCOc1cc([C@@H]2NC(=[NH2+])Nc3nc4cc5c(cc4n32)OCCCO5)ccc1OC,[NH2+]=C1Nc2nc3cc4c(cc3n2C(c2ccccc2)N1)OCCCO4,decoy,FA10_decoy_L024286,CCCOc1cc(ccc1OC)[C@@H]2NC(=[NH2+])Nc3n2c4cc5c(cc4n3)OCCCO5,DUD-E,FA10,FA10_DECOY_G658231B0883EFAC36CEB,6750b2007dc4233ce233b1a048d92da735cc59c9d105589d608a3ee1891b59b7,development_train,train,3
24290,C12506960,CC(C)Oc1c(cccc1OC)[C@@H]2NC(=[NH2+])Nc3n2c4cc5c(cc4n3)OCCCO5,COc1cccc([C@@H]2NC(=[NH2+])Nc3nc4cc5c(cc4n32)OCCCO5)c1OC(C)C,[NH2+]=C1Nc2nc3cc4c(cc3n2C(c2ccccc2)N1)OCCCO4,decoy,FA10_decoy_L024290,CC(C)Oc1c(cccc1OC)[C@@H]2NC(=[NH2+])Nc3n2c4cc5c(cc4n3)OCCCO5,DUD-E,FA10,FA10_DECOY_G658231B0883EFAC36CEB,6750b2007dc4233ce233b1a048d92da735cc59c9d105589d608a3ee1891b59b7,development_train,train,3
8064,C01700877,c1ccc2c(c1)C(=O)[C@@](C2(O)O)([C@]3(C(=O)c4ccccc4C3(O)O)O)O,O=C1c2ccccc2C(O)(O)[C@@]1(O)[C@@]1(O)C(=O)c2ccccc2C1(O)O,O=C1c2ccccc2CC1C1Cc2ccccc2C1=O,decoy,FA10_decoy_L008064,c1ccc2c(c1)C(=O)[C@@](C2(O)O)([C@]3(C(=O)c4ccccc4C3(O)O)O)O,DUD-E,FA10,FA10_DECOY_GBAC79FC5FB04085EF8A2,678760473782a62d1be9756ec3c98d8ca048c99ad1ba67080bd94c745e743497,development_train,train,1
18980,C65933447,CNC(=O)COc1ccccc1C[NH2+]CCS(=O)(=O)c2ccccc2,CNC(=O)COc1ccccc1C[NH2+]CCS(=O)(=O)c1ccccc1,O=S(=O)(CC[NH2+]Cc1ccccc1)c1ccccc1,decoy,FA10_decoy_L018980,CNC(=O)COc1ccccc1C[NH2+]CCS(=O)(=O)c2ccccc2,DUD-E,FA10,FA10_DECOY_G1C5E27EC8D4D5C8525D9,6a4d79de07dfe502607b9c04f2b9ff17d3724f3243c04a571fcfaa25cac9598b,development_train,train,2
15135,C12314295,CCc1ccc(cc1)c2cn3c(csc3n2)C(=O)NC[C@H]4CCS(=O)(=O)C4,CCc1ccc(-c2cn3c(C(=O)NC[C@H]4CCS(=O)(=O)C4)csc3n2)cc1,O=C(NCC1CCS(=O)(=O)C1)c1csc2nc(-c3ccccc3)cn12,decoy,FA10_decoy_L015135,CCc1ccc(cc1)c2cn3c(csc3n2)C(=O)NC[C@H]4CCS(=O)(=O)C4,DUD-E,FA10,FA10_DECOY_G1BE8A88C4B52A154B924,6aec49404d4927c42293c2c9769b61257f2408a189bf6a6fd1e8e490c7540262,development_train,train,4
9761,C20120880,CC[C@@H](c1nnnn1Cc2ccc(cc2)F)[NH+](CCCO)Cc3cc4cc5c(cc4[nH]c3=O)OCO5,CC[C@@H](c1nnnn1Cc1ccc(F)cc1)[NH+](CCCO)Cc1cc2cc3c(cc2[nH]c1=O)OCO3,O=c1[nH]c2cc3c(cc2cc1C[NH2+]Cc1nnnn1Cc1ccccc1)OCO3,decoy,FA10_decoy_L009761,CC[C@@H](c1nnnn1Cc2ccc(cc2)F)[NH+](CCCO)Cc3cc4cc5c(cc4[nH]c3=O)OCO5,DUD-E,FA10,FA10_DECOY_G7E1BCE1A8C463C6A60ED,6b00d77fccee85dd0e599e5e11895feecf4113fcafc1075f1221fd673656118c,development_train,train,4
9762,C20120878,CC[C@H](c1nnnn1Cc2ccc(cc2)F)[NH+](CCCO)Cc3cc4cc5c(cc4[nH]c3=O)OCO5,CC[C@H](c1nnnn1Cc1ccc(F)cc1)[NH+](CCCO)Cc1cc2cc3c(cc2[nH]c1=O)OCO3,O=c1[nH]c2cc3c(cc2cc1C[NH2+]Cc1nnnn1Cc1ccccc1)OCO3,decoy,FA10_decoy_L009762,CC[C@H](c1nnnn1Cc2ccc(cc2)F)[NH+](CCCO)Cc3cc4cc5c(cc4[nH]c3=O)OCO5,DUD-E,FA10,FA10_DECOY_G7E1BCE1A8C463C6A60ED,6b00d77fccee85dd0e599e5e11895feecf4113fcafc1075f1221fd673656118c,development_train,train,4
11097,C04135013,COC(=O)c1ccc(cc1)C(=O)NC(=S)Nc2c(c3c(s2)CCCCC3)C#N,COC(=O)c1ccc(C(=O)NC(=S)Nc2sc3c(c2C#N)CCCCC3)cc1,O=C(NC(=S)Nc1cc2c(s1)CCCCC2)c1ccccc1,decoy,FA10_decoy_L011097,COC(=O)c1ccc(cc1)C(=O)NC(=S)Nc2c(c3c(s2)CCCCC3)C#N,DUD-E,FA10,FA10_DECOY_GB37D73090C1A73EDBE5A,6c9564fd9e90068c95c5bde4b88d5b73bc1fde490ae378cfbc0fb8ff86177df9,development_train,train,3
7522,C04983181,CCNc1c2c(cn(c2ncn1)[C@@H]3[C@H]([C@@H]([C@@H](O3)CO)O)O)C(=S)N,CCNc1ncnc2c1c(C(N)=S)cn2[C@H]1O[C@@H](CO)[C@@H](O)[C@@H]1O,c1ncc2ccn(C3CCCO3)c2n1,decoy,FA10_decoy_L007522,CCNc1c2c(cn(c2ncn1)[C@@H]3[C@H]([C@@H]([C@@H](O3)CO)O)O)C(=S)N,DUD-E,FA10,FA10_DECOY_G83B286B02070422E9EE8,6c9e915c3ad9d14ef0eecdb0f92d6cf2cdb966c473e7f7066451b6cce1354047,development_train,train,3
8402,C05202871,c1c(c2c(nc(nc2n1[C@@H]3[C@H]([C@@H]([C@@H](O3)CO)O)O)Cl)N)C(=O)N,NC(=O)c1cn([C@H]2O[C@@H](CO)[C@@H](O)[C@@H]2O)c2nc(Cl)nc(N)c12,c1ncc2ccn(C3CCCO3)c2n1,decoy,FA10_decoy_L008402,c1c(c2c(nc(nc2n1[C@@H]3[C@H]([C@@H]([C@@H](O3)CO)O)O)Cl)N)C(=O)N,DUD-E,FA10,FA10_DECOY_G83B286B02070422E9EE8,6c9e915c3ad9d14ef0eecdb0f92d6cf2cdb966c473e7f7066451b6cce1354047,development_train,train,3
8403,C05202872,c1c(c2c(nc(nc2n1[C@H]3[C@H]([C@@H]([C@@H](O3)CO)O)O)Cl)N)C(=O)N,NC(=O)c1cn([C@@H]2O[C@@H](CO)[C@@H](O)[C@@H]2O)c2nc(Cl)nc(N)c12,c1ncc2ccn(C3CCCO3)c2n1,decoy,FA10_decoy_L008403,c1c(c2c(nc(nc2n1[C@H]3[C@H]([C@@H]([C@@H](O3)CO)O)O)Cl)N)C(=O)N,DUD-E,FA10,FA10_DECOY_G83B286B02070422E9EE8,6c9e915c3ad9d14ef0eecdb0f92d6cf2cdb966c473e7f7066451b6cce1354047,development_train,train,3
8410,C05390422,c1nc(c2c(c(n(c2n1)[C@@H]3[C@H]([C@@H]([C@@H](O3)CO)O)O)Cl)C(=O)N)N,NC(=O)c1c(Cl)n([C@H]2O[C@@H](CO)[C@@H](O)[C@@H]2O)c2ncnc(N)c12,c1ncc2ccn(C3CCCO3)c2n1,decoy,FA10_decoy_L008410,c1nc(c2c(c(n(c2n1)[C@@H]3[C@H]([C@@H]([C@@H](O3)CO)O)O)Cl)C(=O)N)N,DUD-E,FA10,FA10_DECOY_G83B286B02070422E9EE8,6c9e915c3ad9d14ef0eecdb0f92d6cf2cdb966c473e7f7066451b6cce1354047,development_train,train,3
8411,C05390423,c1nc(c2c(c(n(c2n1)[C@H]3[C@H]([C@@H]([C@@H](O3)CO)O)O)Cl)C(=O)N)N,NC(=O)c1c(Cl)n([C@@H]2O[C@@H](CO)[C@@H](O)[C@@H]2O)c2ncnc(N)c12,c1ncc2ccn(C3CCCO3)c2n1,decoy,FA10_decoy_L008411,c1nc(c2c(c(n(c2n1)[C@H]3[C@H]([C@@H]([C@@H](O3)CO)O)O)Cl)C(=O)N)N,DUD-E,FA10,FA10_DECOY_G83B286B02070422E9EE8,6c9e915c3ad9d14ef0eecdb0f92d6cf2cdb966c473e7f7066451b6cce1354047,development_train,train,3
14811,C39888280,COc1ccc(cc1)c2c(cn(n2)c3ccccc3)/C=N/N=C/4\NC(=O)[C@H](S4)Cc5ccc(cc5)F,COc1ccc(-c2nn(-c3ccccc3)cc2/C=N/N=C2\NC(=O)[C@@H](Cc3ccc(F)cc3)S2)cc1,O=C1NC(=NN=Cc2cn(-c3ccccc3)nc2-c2ccccc2)SC1Cc1ccccc1,decoy,FA10_decoy_L014811,COc1ccc(cc1)c2c(cn(n2)c3ccccc3)/C=N/N=C/4\NC(=O)[C@H](S4)Cc5ccc(cc5)F,DUD-E,FA10,FA10_DECOY_G4FC76CB9EBF7392EE302,6ce34c93028d870f33bf3866b44a29d9e7ce5a01b8538e9ff40f00f18e5f8707,development_train,train,2
25281,C39888372,CCOc1ccc(cc1)C[C@H]2C(=O)N/C(=N\N=C\c3cn(nc3c4ccc(cc4)OC)c5ccccc5)/S2,CCOc1ccc(C[C@@H]2S/C(=N/N=C/c3cn(-c4ccccc4)nc3-c3ccc(OC)cc3)NC2=O)cc1,O=C1NC(=NN=Cc2cn(-c3ccccc3)nc2-c2ccccc2)SC1Cc1ccccc1,decoy,FA10_decoy_L025281,CCOc1ccc(cc1)C[C@H]2C(=O)N/C(=N\N=C\c3cn(nc3c4ccc(cc4)OC)c5ccccc5)/S2,DUD-E,FA10,FA10_DECOY_G4FC76CB9EBF7392EE302,6ce34c93028d870f33bf3866b44a29d9e7ce5a01b8538e9ff40f00f18e5f8707,development_train,train,2
9813,C10459663,c1ccc(cc1)OCCOC(=O)C[C@H]2C(=O)NCCN2C(=S)NC(=O)CCc3ccccc3Cl,O=C(CCc1ccccc1Cl)NC(=S)N1CCNC(=O)[C@@H]1CC(=O)OCCOc1ccccc1,O=C(CCc1ccccc1)NC(=S)N1CCNC(=O)C1CC(=O)OCCOc1ccccc1,decoy,FA10_decoy_L009813,c1ccc(cc1)OCCOC(=O)C[C@H]2C(=O)NCCN2C(=S)NC(=O)CCc3ccccc3Cl,DUD-E,FA10,FA10_DECOY_G86076A06D45FABE67636,6fffcb54649a6b8927de3c5857e83359170e82f53c5e8576ce4477052c8fda98,development_train,train,5
16683,C25391139,c1ccc(cc1)c2csc3n2c(=O)cc([nH+]3)CN4CCN(CC4)S(=O)(=O)c5ccccc5[N+](=O)[O-],O=c1cc(CN2CCN(S(=O)(=O)c3ccccc3[N+](=O)[O-])CC2)[nH+]c2scc(-c3ccccc3)n12,O=c1cc(CN2CCN(S(=O)(=O)c3ccccc3)CC2)[nH+]c2scc(-c3ccccc3)n12,decoy,FA10_decoy_L016683,c1ccc(cc1)c2csc3n2c(=O)cc([nH+]3)CN4CCN(CC4)S(=O)(=O)c5ccccc5[N+](=O)[O-],DUD-E,FA10,FA10_DECOY_G9FDB29F012F703815522,71fde46b3bf2f31799149ae9326891bcb72522fc9bd7b927b7fbb86c5dd48433,development_train,train,1
12964,C36378613,c1cc(ccc1CC[NH2+][C@H]2[C@@H]([C@@H]([C@@H]([C@@H](O2)CO[C@@H]3[C@@H]([C@@H]([C@@H]([C@@H](O3)CO)O)O)O)O)O)O)O,OC[C@@H]1O[C@H](OC[C@@H]2O[C@@H]([NH2+]CCc3ccc(O)cc3)[C@H](O)[C@H](O)[C@@H]2O)[C@H](O)[C@H](O)[C@@H]1O,c1ccc(CC[NH2+]C2CCCC(COC3CCCCO3)O2)cc1,decoy,FA10_decoy_L012964,c1cc(ccc1CC[NH2+][C@H]2[C@@H]([C@@H]([C@@H]([C@@H](O2)CO[C@@H]3[C@@H]([C@@H]([C@@H]([C@@H](O3)CO)O)O)O)O)O)O)O,DUD-E,FA10,FA10_DECOY_GE7C794AB08F451E814B7,727c052f61b912bde56988939c885d727ca2ac4b1c65e31477e8ca49d348525b,development_train,train,3
12983,C36378614,c1cc(ccc1CC[NH2+][C@@H]2[C@H]([C@@H]([C@@H]([C@@H](O2)CO[C@@H]3[C@@H]([C@@H]([C@@H]([C@@H](O3)CO)O)O)O)O)O)O)O,OC[C@@H]1O[C@H](OC[C@@H]2O[C@H]([NH2+]CCc3ccc(O)cc3)[C@@H](O)[C@H](O)[C@@H]2O)[C@H](O)[C@H](O)[C@@H]1O,c1ccc(CC[NH2+]C2CCCC(COC3CCCCO3)O2)cc1,decoy,FA10_decoy_L012983,c1cc(ccc1CC[NH2+][C@@H]2[C@H]([C@@H]([C@@H]([C@@H](O2)CO[C@@H]3[C@@H]([C@@H]([C@@H]([C@@H](O3)CO)O)O)O)O)O)O)O,DUD-E,FA10,FA10_DECOY_GE7C794AB08F451E814B7,727c052f61b912bde56988939c885d727ca2ac4b1c65e31477e8ca49d348525b,development_train,train,3
24518,C36378615,c1cc(ccc1CC[NH2+][C@H]2[C@H]([C@@H]([C@@H]([C@@H](O2)CO[C@@H]3[C@@H]([C@@H]([C@@H]([C@@H](O3)CO)O)O)O)O)O)O)O,OC[C@@H]1O[C@H](OC[C@@H]2O[C@@H]([NH2+]CCc3ccc(O)cc3)[C@@H](O)[C@H](O)[C@@H]2O)[C@H](O)[C@H](O)[C@@H]1O,c1ccc(CC[NH2+]C2CCCC(COC3CCCCO3)O2)cc1,decoy,FA10_decoy_L024518,c1cc(ccc1CC[NH2+][C@H]2[C@H]([C@@H]([C@@H]([C@@H](O2)CO[C@@H]3[C@@H]([C@@H]([C@@H]([C@@H](O3)CO)O)O)O)O)O)O)O,DUD-E,FA10,FA10_DECOY_GE7C794AB08F451E814B7,727c052f61b912bde56988939c885d727ca2ac4b1c65e31477e8ca49d348525b,development_train,train,3
24519,C36378612,c1cc(ccc1CC[NH2+][C@@H]2[C@@H]([C@@H]([C@@H]([C@@H](O2)CO[C@@H]3[C@@H]([C@@H]([C@@H]([C@@H](O3)CO)O)O)O)O)O)O)O,OC[C@@H]1O[C@H](OC[C@@H]2O[C@H]([NH2+]CCc3ccc(O)cc3)[C@H](O)[C@H](O)[C@@H]2O)[C@H](O)[C@H](O)[C@@H]1O,c1ccc(CC[NH2+]C2CCCC(COC3CCCCO3)O2)cc1,decoy,FA10_decoy_L024519,c1cc(ccc1CC[NH2+][C@@H]2[C@@H]([C@@H]([C@@H]([C@@H](O2)CO[C@@H]3[C@@H]([C@@H]([C@@H]([C@@H](O3)CO)O)O)O)O)O)O)O,DUD-E,FA10,FA10_DECOY_GE7C794AB08F451E814B7,727c052f61b912bde56988939c885d727ca2ac4b1c65e31477e8ca49d348525b,development_train,train,3
6228,C03670558,Cc1ccc(cc1C)N2C(=O)Nc3ccc(cc3[C@]2(C(=O)NCCCOC(C)C)O)Br,Cc1ccc(N2C(=O)Nc3ccc(Br)cc3[C@@]2(O)C(=O)NCCCOC(C)C)cc1C,O=C1Nc2ccccc2CN1c1ccccc1,decoy,FA10_decoy_L006228,Cc1ccc(cc1C)N2C(=O)Nc3ccc(cc3[C@]2(C(=O)NCCCOC(C)C)O)Br,DUD-E,FA10,FA10_DECOY_G8A17CDB194B1AEF661AB,74ce241e604cdd103db3b9942513b701e4eaf963242b096820c7a905e2c544a9,development_train,train,5
12182,C09836178,CCCNC(=O)[C@@]1(c2cc(ccc2NC(=O)N1c3ccc(cc3)OCC)Br)O,CCCNC(=O)[C@]1(O)c2cc(Br)ccc2NC(=O)N1c1ccc(OCC)cc1,O=C1Nc2ccccc2CN1c1ccccc1,decoy,FA10_decoy_L012182,CCCNC(=O)[C@@]1(c2cc(ccc2NC(=O)N1c3ccc(cc3)OCC)Br)O,DUD-E,FA10,FA10_DECOY_G8A17CDB194B1AEF661AB,74ce241e604cdd103db3b9942513b701e4eaf963242b096820c7a905e2c544a9,development_train,train,5
12331,C02457853,CC[C@@H](C)NC(=O)[C@]1(c2cc(ccc2NC(=O)N1c3ccc(cc3)OCC)Br)O,CCOc1ccc(N2C(=O)Nc3ccc(Br)cc3[C@]2(O)C(=O)N[C@H](C)CC)cc1,O=C1Nc2ccccc2CN1c1ccccc1,decoy,FA10_decoy_L012331,CC[C@@H](C)NC(=O)[C@]1(c2cc(ccc2NC(=O)N1c3ccc(cc3)OCC)Br)O,DUD-E,FA10,FA10_DECOY_G8A17CDB194B1AEF661AB,74ce241e604cdd103db3b9942513b701e4eaf963242b096820c7a905e2c544a9,development_train,train,5
13300,C03670437,CCc1ccc(cc1)N2C(=O)Nc3ccc(cc3[C@@]2(C(=O)NCC[NH+](C)C)O)Br,CCc1ccc(N2C(=O)Nc3ccc(Br)cc3[C@]2(O)C(=O)NCC[NH+](C)C)cc1,O=C1Nc2ccccc2CN1c1ccccc1,decoy,FA10_decoy_L013300,CCc1ccc(cc1)N2C(=O)Nc3ccc(cc3[C@@]2(C(=O)NCC[NH+](C)C)O)Br,DUD-E,FA10,FA10_DECOY_G8A17CDB194B1AEF661AB,74ce241e604cdd103db3b9942513b701e4eaf963242b096820c7a905e2c544a9,development_train,train,5
13440,C02457792,C[NH+](C)CCNC(=O)[C@]1(c2cc(ccc2NC(=O)N1c3ccccc3)Br)O,C[NH+](C)CCNC(=O)[C@@]1(O)c2cc(Br)ccc2NC(=O)N1c1ccccc1,O=C1Nc2ccccc2CN1c1ccccc1,decoy,FA10_decoy_L013440,C[NH+](C)CCNC(=O)[C@]1(c2cc(ccc2NC(=O)N1c3ccccc3)Br)O,DUD-E,FA10,FA10_DECOY_G8A17CDB194B1AEF661AB,74ce241e604cdd103db3b9942513b701e4eaf963242b096820c7a905e2c544a9,development_train,train,5
14512,C03670527,CCOCCCNC(=O)[C@@]1(c2cc(ccc2NC(=O)N1c3ccc(cc3)OCC)Br)O,CCOCCCNC(=O)[C@]1(O)c2cc(Br)ccc2NC(=O)N1c1ccc(OCC)cc1,O=C1Nc2ccccc2CN1c1ccccc1,decoy,FA10_decoy_L014512,CCOCCCNC(=O)[C@@]1(c2cc(ccc2NC(=O)N1c3ccc(cc3)OCC)Br)O,DUD-E,FA10,FA10_DECOY_G8A17CDB194B1AEF661AB,74ce241e604cdd103db3b9942513b701e4eaf963242b096820c7a905e2c544a9,development_train,train,5
18342,C03670582,CC[C@@H](C)NC(=O)[C@]1(c2cc(ccc2NC(=O)N1c3cccc(c3)OC)Br)O,CC[C@@H](C)NC(=O)[C@@]1(O)c2cc(Br)ccc2NC(=O)N1c1cccc(OC)c1,O=C1Nc2ccccc2CN1c1ccccc1,decoy,FA10_decoy_L018342,CC[C@@H](C)NC(=O)[C@]1(c2cc(ccc2NC(=O)N1c3cccc(c3)OC)Br)O,DUD-E,FA10,FA10_DECOY_G8A17CDB194B1AEF661AB,74ce241e604cdd103db3b9942513b701e4eaf963242b096820c7a905e2c544a9,development_train,train,5
22771,C03619922,C[NH+](C)CCCNC(=O)[C@@]1(c2cc(ccc2NC(=O)N1c3ccc(cc3)Cl)Br)O,C[NH+](C)CCCNC(=O)[C@]1(O)c2cc(Br)ccc2NC(=O)N1c1ccc(Cl)cc1,O=C1Nc2ccccc2CN1c1ccccc1,decoy,FA10_decoy_L022771,C[NH+](C)CCCNC(=O)[C@@]1(c2cc(ccc2NC(=O)N1c3ccc(cc3)Cl)Br)O,DUD-E,FA10,FA10_DECOY_G8A17CDB194B1AEF661AB,74ce241e604cdd103db3b9942513b701e4eaf963242b096820c7a905e2c544a9,development_train,train,5
23687,C03670442,C[NH+](C)CCNC(=O)[C@]1(c2cc(ccc2NC(=O)N1c3ccc(cc3)Cl)Br)O,C[NH+](C)CCNC(=O)[C@@]1(O)c2cc(Br)ccc2NC(=O)N1c1ccc(Cl)cc1,O=C1Nc2ccccc2CN1c1ccccc1,decoy,FA10_decoy_L023687,C[NH+](C)CCNC(=O)[C@]1(c2cc(ccc2NC(=O)N1c3ccc(cc3)Cl)Br)O,DUD-E,FA10,FA10_DECOY_G8A17CDB194B1AEF661AB,74ce241e604cdd103db3b9942513b701e4eaf963242b096820c7a905e2c544a9,development_train,train,5
27423,C03670620,CCOc1ccc(cc1)N2C(=O)Nc3ccc(cc3[C@]2(C(=O)NCCC[NH+](C)C)O)Br,CCOc1ccc(N2C(=O)Nc3ccc(Br)cc3[C@@]2(O)C(=O)NCCC[NH+](C)C)cc1,O=C1Nc2ccccc2CN1c1ccccc1,decoy,FA10_decoy_L027423,CCOc1ccc(cc1)N2C(=O)Nc3ccc(cc3[C@]2(C(=O)NCCC[NH+](C)C)O)Br,DUD-E,FA10,FA10_DECOY_G8A17CDB194B1AEF661AB,74ce241e604cdd103db3b9942513b701e4eaf963242b096820c7a905e2c544a9,development_train,train,5
28091,C03665914,CCc1ccc(cc1)N2C(=O)Nc3ccccc3[C@@]2(C(=O)NCC[NH+](CC)CC)O,CCc1ccc(N2C(=O)Nc3ccccc3[C@]2(O)C(=O)NCC[NH+](CC)CC)cc1,O=C1Nc2ccccc2CN1c1ccccc1,decoy,FA10_decoy_L028091,CCc1ccc(cc1)N2C(=O)Nc3ccccc3[C@@]2(C(=O)NCC[NH+](CC)CC)O,DUD-E,FA10,FA10_DECOY_G8A17CDB194B1AEF661AB,74ce241e604cdd103db3b9942513b701e4eaf963242b096820c7a905e2c544a9,development_train,train,5
28092,C03665913,CCc1ccc(cc1)N2C(=O)Nc3ccccc3[C@]2(C(=O)NCC[NH+](CC)CC)O,CCc1ccc(N2C(=O)Nc3ccccc3[C@@]2(O)C(=O)NCC[NH+](CC)CC)cc1,O=C1Nc2ccccc2CN1c1ccccc1,decoy,FA10_decoy_L028092,CCc1ccc(cc1)N2C(=O)Nc3ccccc3[C@]2(C(=O)NCC[NH+](CC)CC)O,DUD-E,FA10,FA10_DECOY_G8A17CDB194B1AEF661AB,74ce241e604cdd103db3b9942513b701e4eaf963242b096820c7a905e2c544a9,development_train,train,5
28093,C03665917,CC[NH+](CC)CCNC(=O)[C@]1(c2ccccc2NC(=O)N1c3ccc(c(c3)C)C)O,CC[NH+](CC)CCNC(=O)[C@@]1(O)c2ccccc2NC(=O)N1c1ccc(C)c(C)c1,O=C1Nc2ccccc2CN1c1ccccc1,decoy,FA10_decoy_L028093,CC[NH+](CC)CCNC(=O)[C@]1(c2ccccc2NC(=O)N1c3ccc(c(c3)C)C)O,DUD-E,FA10,FA10_DECOY_G8A17CDB194B1AEF661AB,74ce241e604cdd103db3b9942513b701e4eaf963242b096820c7a905e2c544a9,development_train,train,5
9988,C63234728,CCCN1C(=O)c2ccccc2[C@@H](N1)C(=O)NC[C@@H](c3ccccc3Cl)C4=c5ccccc5=[NH+]C4,CCCN1N[C@@H](C(=O)NC[C@H](C2=c3ccccc3=[NH+]C2)c2ccccc2Cl)c2ccccc2C1=O,O=C1NNC(C(=O)NCC(C2=c3ccccc3=[NH+]C2)c2ccccc2)c2ccccc21,decoy,FA10_decoy_L009988,CCCN1C(=O)c2ccccc2[C@@H](N1)C(=O)NC[C@@H](c3ccccc3Cl)C4=c5ccccc5=[NH+]C4,DUD-E,FA10,FA10_DECOY_G38DF0803C01079D35E60,760360bc8913ecebc3f76fd4387985370be5ad3f6b7514d334122bfc380fcb0a,development_train,train,3
9989,C63234729,CCCN1C(=O)c2ccccc2[C@H](N1)C(=O)NC[C@@H](c3ccccc3Cl)C4=c5ccccc5=[NH+]C4,CCCN1N[C@H](C(=O)NC[C@H](C2=c3ccccc3=[NH+]C2)c2ccccc2Cl)c2ccccc2C1=O,O=C1NNC(C(=O)NCC(C2=c3ccccc3=[NH+]C2)c2ccccc2)c2ccccc21,decoy,FA10_decoy_L009989,CCCN1C(=O)c2ccccc2[C@H](N1)C(=O)NC[C@@H](c3ccccc3Cl)C4=c5ccccc5=[NH+]C4,DUD-E,FA10,FA10_DECOY_G38DF0803C01079D35E60,760360bc8913ecebc3f76fd4387985370be5ad3f6b7514d334122bfc380fcb0a,development_train,train,3
9990,C63234731,CCCN1C(=O)c2ccccc2[C@H](N1)C(=O)NC[C@H](c3ccccc3Cl)C4=c5ccccc5=[NH+]C4,CCCN1N[C@H](C(=O)NC[C@@H](C2=c3ccccc3=[NH+]C2)c2ccccc2Cl)c2ccccc2C1=O,O=C1NNC(C(=O)NCC(C2=c3ccccc3=[NH+]C2)c2ccccc2)c2ccccc21,decoy,FA10_decoy_L009990,CCCN1C(=O)c2ccccc2[C@H](N1)C(=O)NC[C@H](c3ccccc3Cl)C4=c5ccccc5=[NH+]C4,DUD-E,FA10,FA10_DECOY_G38DF0803C01079D35E60,760360bc8913ecebc3f76fd4387985370be5ad3f6b7514d334122bfc380fcb0a,development_train,train,3
11114,C16154342,c1cc(ccc1OC(F)(F)F)S(=O)(=O)NNC(=O)C23CC4CC(C2)CC(C4)C3,O=C(NNS(=O)(=O)c1ccc(OC(F)(F)F)cc1)C12CC3CC(CC(C3)C1)C2,O=C(NNS(=O)(=O)c1ccccc1)C12CC3CC(CC(C3)C1)C2,decoy,FA10_decoy_L011114,c1cc(ccc1OC(F)(F)F)S(=O)(=O)NNC(=O)C23CC4CC(C2)CC(C4)C3,DUD-E,FA10,FA10_DECOY_GA7645F3556D953AB85A8,781715b0afd9ed4f45e766c3c12a93201d20a7b3369a9a329c2a5a613d5ac60d,development_train,train,1
2452,C39834775,CCN(CC)S(=O)(=O)c1ccc(cc1)c2csc([n+]2Cc3ccco3)Nc4ccc(cc4)OCC,CCOc1ccc(Nc2scc(-c3ccc(S(=O)(=O)N(CC)CC)cc3)[n+]2Cc2ccco2)cc1,c1ccc(Nc2scc(-c3ccccc3)[n+]2Cc2ccco2)cc1,decoy,FA10_decoy_L002452,CCN(CC)S(=O)(=O)c1ccc(cc1)c2csc([n+]2Cc3ccco3)Nc4ccc(cc4)OCC,DUD-E,FA10,FA10_DECOY_G602AD715BE389A00868C,78d188b7b370746a853f52483541c92f3e7034ec72cf320160c8fed050de0d64,development_train,train,4
14058,C41025757,C[C@H]1CCc2c(sc(c2C(=O)N[C@H]3CCS(=O)(=O)C3)Nc4c5c([nH]cn5)ncn4)C1,C[C@H]1CCc2c(sc(Nc3ncnc4[nH]cnc34)c2C(=O)N[C@H]2CCS(=O)(=O)C2)C1,O=C(NC1CCS(=O)(=O)C1)c1c(Nc2ncnc3[nH]cnc23)sc2c1CCCC2,decoy,FA10_decoy_L014058,C[C@H]1CCc2c(sc(c2C(=O)N[C@H]3CCS(=O)(=O)C3)Nc4c5c([nH]cn5)ncn4)C1,DUD-E,FA10,FA10_DECOY_GE3FD8A985DE84546709E,78e78eda173d6b1051523fdb1c33b206f3884b20bdff8a64e29502c5266f3ac8,development_train,train,2
2674,C16012238,Cc1ccc2c(c1C)NC(=O)[C@]23[C@@H]([C@@]4(c5ccccc5NC4=O)[C@H]6[NH+]3CCC6)C(=O)c7cccc(c7)[N+](=O)[O-],Cc1ccc2c(c1C)NC(=O)[C@]21[C@H](C(=O)c2cccc([N+](=O)[O-])c2)[C@]2(C(=O)Nc3ccccc32)[C@@H]2CCC[NH+]21,O=C(c1ccccc1)C1C2(C(=O)Nc3ccccc32)C2CCC[NH+]2C12C(=O)Nc1ccccc12,decoy,FA10_decoy_L002674,Cc1ccc2c(c1C)NC(=O)[C@]23[C@@H]([C@@]4(c5ccccc5NC4=O)[C@H]6[NH+]3CCC6)C(=O)c7cccc(c7)[N+](=O)[O-],DUD-E,FA10,FA10_DECOY_G0E44E44344C80F4D55C1,7b0e1e7b2ad92bc14b9e2597002949600d3218465b0c94f6ee50a450acf84a2b,development_train,train,5
2760,C09292071,Cc1ccc2c(c1)[C@]3([C@@H]([C@@]4(c5ccccc5NC4=O)[C@@H]6[NH+]3CCC6)C(=O)c7cccc(c7)[N+](=O)[O-])C(=O)N2,Cc1ccc2c(c1)[C@@]1(C(=O)N2)[C@H](C(=O)c2cccc([N+](=O)[O-])c2)[C@]2(C(=O)Nc3ccccc32)[C@H]2CCC[NH+]21,O=C(c1ccccc1)C1C2(C(=O)Nc3ccccc32)C2CCC[NH+]2C12C(=O)Nc1ccccc12,decoy,FA10_decoy_L002760,Cc1ccc2c(c1)[C@]3([C@@H]([C@@]4(c5ccccc5NC4=O)[C@@H]6[NH+]3CCC6)C(=O)c7cccc(c7)[N+](=O)[O-])C(=O)N2,DUD-E,FA10,FA10_DECOY_G0E44E44344C80F4D55C1,7b0e1e7b2ad92bc14b9e2597002949600d3218465b0c94f6ee50a450acf84a2b,development_train,train,5
2763,C16011519,Cc1cccc2c1NC(=O)[C@@]23[C@H]([C@@]4(c5ccccc5NC4=O)[C@H]6[NH+]3CCC6)C(=O)c7cccc(c7)[N+](=O)[O-],Cc1cccc2c1NC(=O)[C@@]21[C@@H](C(=O)c2cccc([N+](=O)[O-])c2)[C@]2(C(=O)Nc3ccccc32)[C@@H]2CCC[NH+]21,O=C(c1ccccc1)C1C2(C(=O)Nc3ccccc32)C2CCC[NH+]2C12C(=O)Nc1ccccc12,decoy,FA10_decoy_L002763,Cc1cccc2c1NC(=O)[C@@]23[C@H]([C@@]4(c5ccccc5NC4=O)[C@H]6[NH+]3CCC6)C(=O)c7cccc(c7)[N+](=O)[O-],DUD-E,FA10,FA10_DECOY_G0E44E44344C80F4D55C1,7b0e1e7b2ad92bc14b9e2597002949600d3218465b0c94f6ee50a450acf84a2b,development_train,train,5
15377,C09123840,Cc1cccc2c1NC(=O)[C@]23[C@H]([C@@]4(c5ccccc5NC4=O)[C@H]6[NH+]3CCC6)C(=O)c7cccc(c7)[N+](=O)[O-],Cc1cccc2c1NC(=O)[C@]21[C@@H](C(=O)c2cccc([N+](=O)[O-])c2)[C@]2(C(=O)Nc3ccccc32)[C@@H]2CCC[NH+]21,O=C(c1ccccc1)C1C2(C(=O)Nc3ccccc32)C2CCC[NH+]2C12C(=O)Nc1ccccc12,decoy,FA10_decoy_L015377,Cc1cccc2c1NC(=O)[C@]23[C@H]([C@@]4(c5ccccc5NC4=O)[C@H]6[NH+]3CCC6)C(=O)c7cccc(c7)[N+](=O)[O-],DUD-E,FA10,FA10_DECOY_G0E44E44344C80F4D55C1,7b0e1e7b2ad92bc14b9e2597002949600d3218465b0c94f6ee50a450acf84a2b,development_train,train,5
15379,C09331827,Cc1ccc2c(c1C)NC(=O)[C@@]23[C@@H]([C@@]4(c5ccccc5NC4=O)[C@@H]6[NH+]3CCC6)C(=O)c7cccc(c7)[N+](=O)[O-],Cc1ccc2c(c1C)NC(=O)[C@@]21[C@H](C(=O)c2cccc([N+](=O)[O-])c2)[C@]2(C(=O)Nc3ccccc32)[C@H]2CCC[NH+]21,O=C(c1ccccc1)C1C2(C(=O)Nc3ccccc32)C2CCC[NH+]2C12C(=O)Nc1ccccc12,decoy,FA10_decoy_L015379,Cc1ccc2c(c1C)NC(=O)[C@@]23[C@@H]([C@@]4(c5ccccc5NC4=O)[C@@H]6[NH+]3CCC6)C(=O)c7cccc(c7)[N+](=O)[O-],DUD-E,FA10,FA10_DECOY_G0E44E44344C80F4D55C1,7b0e1e7b2ad92bc14b9e2597002949600d3218465b0c94f6ee50a450acf84a2b,development_train,train,5
15380,C09331834,Cc1ccc2c(c1C)NC(=O)[C@]23[C@H]([C@@]4(c5ccccc5NC4=O)[C@@H]6[NH+]3CCC6)C(=O)c7cccc(c7)[N+](=O)[O-],Cc1ccc2c(c1C)NC(=O)[C@]21[C@@H](C(=O)c2cccc([N+](=O)[O-])c2)[C@]2(C(=O)Nc3ccccc32)[C@H]2CCC[NH+]21,O=C(c1ccccc1)C1C2(C(=O)Nc3ccccc32)C2CCC[NH+]2C12C(=O)Nc1ccccc12,decoy,FA10_decoy_L015380,Cc1ccc2c(c1C)NC(=O)[C@]23[C@H]([C@@]4(c5ccccc5NC4=O)[C@@H]6[NH+]3CCC6)C(=O)c7cccc(c7)[N+](=O)[O-],DUD-E,FA10,FA10_DECOY_G0E44E44344C80F4D55C1,7b0e1e7b2ad92bc14b9e2597002949600d3218465b0c94f6ee50a450acf84a2b,development_train,train,5
21251,C20207257,CC(C)S(=O)(=O)C1=NSC2=NC(=O)/C(=C\c3ccc(cc3)Br)/C(=[NH2+])N21,CC(C)S(=O)(=O)C1=NSC2=NC(=O)/C(=C\c3ccc(Br)cc3)C(=[NH2+])N21,[NH2+]=C1C(=Cc2ccccc2)C(=O)N=C2SN=CN12,decoy,FA10_decoy_L021251,CC(C)S(=O)(=O)C1=NSC2=NC(=O)/C(=C\c3ccc(cc3)Br)/C(=[NH2+])N21,DUD-E,FA10,FA10_DECOY_G92977B643041EB1B7C3D,7b3ebb13676b236f2ef01f04b402a1beec60714590e3e0b5ed6505726ffc5161,development_train,train,1
3840,C64460015,CC[NH+](CC)c1ccc(c(c1)C)NC(=O)Cn2cc(c(=O)c3c2ccc(c3)C)C(=O)c4ccncc4,CC[NH+](CC)c1ccc(NC(=O)Cn2cc(C(=O)c3ccncc3)c(=O)c3cc(C)ccc32)c(C)c1,O=C(Cn1cc(C(=O)c2ccncc2)c(=O)c2ccccc21)Nc1ccccc1,decoy,FA10_decoy_L003840,CC[NH+](CC)c1ccc(c(c1)C)NC(=O)Cn2cc(c(=O)c3c2ccc(c3)C)C(=O)c4ccncc4,DUD-E,FA10,FA10_DECOY_G36FB7D93B348682C2591,7b75c3c7c7a4a50ed002e2d5a47ba22e7f83387f7bd0b04355517b3ebd54a235,development_train,train,5
1349,C33813936,Cc1c(n2ccccc2n1)C(=O)C3=C(C(=O)N([C@@H]3c4cccnc4)c5nc(c(s5)C(=O)C)C)[O-],CC(=O)c1sc(N2C(=O)C([O-])=C(C(=O)c3c(C)nc4ccccn34)[C@H]2c2cccnc2)nc1C,O=C(C1=CC(=O)N(c2nccs2)C1c1cccnc1)c1cnc2ccccn12,decoy,FA10_decoy_L001349,Cc1c(n2ccccc2n1)C(=O)C3=C(C(=O)N([C@@H]3c4cccnc4)c5nc(c(s5)C(=O)C)C)[O-],DUD-E,FA10,FA10_DECOY_GF972197A6D1DEA8466AD,7ba1ed78dd73ad260110fbcb7e41ed67cafefe89c2e431942a9838463f1f50f8,development_train,train,2
4825,C04742652,COc1cc(cc(c1OC)OC)[C@@H]2c3cc4c(cc3C5=NN(C[C@H]5[C@@H]2C(=O)[O-])c6ccccc6)OCO4,COc1cc([C@@H]2c3cc4c(cc3C3=NN(c5ccccc5)C[C@H]3[C@@H]2C(=O)[O-])OCO4)cc(OC)c1OC,c1ccc(C2CC3CN(c4ccccc4)N=C3c3cc4c(cc32)OCO4)cc1,decoy,FA10_decoy_L004825,COc1cc(cc(c1OC)OC)[C@@H]2c3cc4c(cc3C5=NN(C[C@H]5[C@@H]2C(=O)[O-])c6ccccc6)OCO4,DUD-E,FA10,FA10_DECOY_GCD6C3777F90D87F0768D,7d435f570a4d8010dc13fa55a398232917d0a62b8465bfc1fc1db624b6b3df90,development_train,train,2
4826,C04742654,COc1cc(cc(c1OC)OC)[C@H]2c3cc4c(cc3C5=NN(C[C@H]5[C@@H]2C(=O)[O-])c6ccccc6)OCO4,COc1cc([C@H]2c3cc4c(cc3C3=NN(c5ccccc5)C[C@H]3[C@@H]2C(=O)[O-])OCO4)cc(OC)c1OC,c1ccc(C2CC3CN(c4ccccc4)N=C3c3cc4c(cc32)OCO4)cc1,decoy,FA10_decoy_L004826,COc1cc(cc(c1OC)OC)[C@H]2c3cc4c(cc3C5=NN(C[C@H]5[C@@H]2C(=O)[O-])c6ccccc6)OCO4,DUD-E,FA10,FA10_DECOY_GCD6C3777F90D87F0768D,7d435f570a4d8010dc13fa55a398232917d0a62b8465bfc1fc1db624b6b3df90,development_train,train,2
16743,C13690041,CC1(CS(=O)(=O)N(C1=O)c2ccc(cc2)S(=O)(=O)N3CCc4cc(c(cc4C3)OC)OC)C,COc1cc2c(cc1OC)CN(S(=O)(=O)c1ccc(N3C(=O)C(C)(C)CS3(=O)=O)cc1)CC2,O=C1CCS(=O)(=O)N1c1ccc(S(=O)(=O)N2CCc3ccccc3C2)cc1,decoy,FA10_decoy_L016743,CC1(CS(=O)(=O)N(C1=O)c2ccc(cc2)S(=O)(=O)N3CCc4cc(c(cc4C3)OC)OC)C,DUD-E,FA10,FA10_DECOY_G1DEE51AD21D821E9BCD8,7dda9dcec14e15d153b41e5237d8e627261e66adc4fa5f1eb352c537b56a72c5,development_train,train,5
27016,C05433642,c1cc(cc(c1)NC(=O)O[C@@H]2CO[C@H]3[C@@H]2OC[C@@H]3Nc4nccc(n4)c5cccs5)C#N,N#Cc1cccc(NC(=O)O[C@@H]2CO[C@H]3[C@@H]2OC[C@@H]3Nc2nccc(-c3cccs3)n2)c1,O=C(Nc1ccccc1)OC1COC2C(Nc3nccc(-c4cccs4)n3)COC12,decoy,FA10_decoy_L027016,c1cc(cc(c1)NC(=O)O[C@@H]2CO[C@H]3[C@@H]2OC[C@@H]3Nc4nccc(n4)c5cccs5)C#N,DUD-E,FA10,FA10_DECOY_G395A59FF83A355B53E09,7e9d85cb2349c3ed2cc53dcbe71773a61473e2914bd9c10c0f3c139d3a1fe233,development_train,train,3
6196,C39966550,CCn1c(nnc1SCC(=O)Nc2c(c(c(s2)C)C)C(=O)N)c3csc4c3CCCCC4,CCn1c(SCC(=O)Nc2sc(C)c(C)c2C(N)=O)nnc1-c1csc2c1CCCCC2,O=C(CSc1nnc(-c2csc3c2CCCCC3)[nH]1)Nc1cccs1,decoy,FA10_decoy_L006196,CCn1c(nnc1SCC(=O)Nc2c(c(c(s2)C)C)C(=O)N)c3csc4c3CCCCC4,DUD-E,FA10,FA10_DECOY_GED5F5851B673FE54E9DE,7ebbeec177e1d7a5a82f372c3c6fafd63016129499a14233b52f7fabf10e544f,development_train,train,2
12410,C39966551,CCn1c(nnc1SCC(=O)Nc2c(ccs2)C(=O)N)c3csc4c3CCCCC4,CCn1c(SCC(=O)Nc2sccc2C(N)=O)nnc1-c1csc2c1CCCCC2,O=C(CSc1nnc(-c2csc3c2CCCCC3)[nH]1)Nc1cccs1,decoy,FA10_decoy_L012410,CCn1c(nnc1SCC(=O)Nc2c(ccs2)C(=O)N)c3csc4c3CCCCC4,DUD-E,FA10,FA10_DECOY_GED5F5851B673FE54E9DE,7ebbeec177e1d7a5a82f372c3c6fafd63016129499a14233b52f7fabf10e544f,development_train,train,2
15049,C21729445,COc1ccccc1Nc2nc(nc(n2)N)CSc3ncc(n3C[C@@H]4CCCO4)c5ccccc5,COc1ccccc1Nc1nc(N)nc(CSc2ncc(-c3ccccc3)n2C[C@@H]2CCCO2)n1,c1ccc(Nc2ncnc(CSc3ncc(-c4ccccc4)n3CC3CCCO3)n2)cc1,decoy,FA10_decoy_L015049,COc1ccccc1Nc2nc(nc(n2)N)CSc3ncc(n3C[C@@H]4CCCO4)c5ccccc5,DUD-E,FA10,FA10_DECOY_GF4D4A01732F114C5144A,7f2df40a380c694978d2de2131b903503a01bf15b6ed70d0d850a899f9af9d33,development_train,train,1
5093,C19651404,C[C@@H]1CCc2c(sc3c2c(=O)n(nn3)CC(=O)N/N=C/c4cc(c(c(c4)Br)OC)OC)C1,COc1cc(/C=N/NC(=O)Cn2nnc3sc4c(c3c2=O)CC[C@@H](C)C4)cc(Br)c1OC,O=C(Cn1nnc2sc3c(c2c1=O)CCCC3)NN=Cc1ccccc1,decoy,FA10_decoy_L005093,C[C@@H]1CCc2c(sc3c2c(=O)n(nn3)CC(=O)N/N=C/c4cc(c(c(c4)Br)OC)OC)C1,DUD-E,FA10,FA10_DECOY_G0D5BD0967E7BE1EF04DE,7f3ad7a35855681e38d609b3f3afb2038da0ed8789323b12e1b02e04467ef4f0,development_train,train,4
20941,C19651364,C[C@H]1CCc2c(sc3c2c(=O)n(nn3)CC(=O)N/N=C/c4cc(c(c(c4)Br)O)OC)C1,COc1cc(/C=N/NC(=O)Cn2nnc3sc4c(c3c2=O)CC[C@H](C)C4)cc(Br)c1O,O=C(Cn1nnc2sc3c(c2c1=O)CCCC3)NN=Cc1ccccc1,decoy,FA10_decoy_L020941,C[C@H]1CCc2c(sc3c2c(=O)n(nn3)CC(=O)N/N=C/c4cc(c(c(c4)Br)O)OC)C1,DUD-E,FA10,FA10_DECOY_G0D5BD0967E7BE1EF04DE,7f3ad7a35855681e38d609b3f3afb2038da0ed8789323b12e1b02e04467ef4f0,development_train,train,4
27172,C67189951,CCn1c(nnc1SCc2[nH]c(=O)c3ccccc3n2)[C@H](C(C)C)NC(=O)c4ccccc4F,CCn1c(SCc2nc3ccccc3c(=O)[nH]2)nnc1[C@@H](NC(=O)c1ccccc1F)C(C)C,O=C(NCc1nnc(SCc2nc3ccccc3c(=O)[nH]2)[nH]1)c1ccccc1,decoy,FA10_decoy_L027172,CCn1c(nnc1SCc2[nH]c(=O)c3ccccc3n2)[C@H](C(C)C)NC(=O)c4ccccc4F,DUD-E,FA10,FA10_DECOY_GD5749CEE09C65EB62DB4,82b02164d7e59b3c5052206c43055aba6d2f13b08dab14446614838cbf82d7ea,development_train,train,4
7294,C63684469,Cc1cccc(c1NC(=O)CS[C@H]2NN[C@H](O2)[C@H](CC3=c4ccccc4=[NH+]C3)[NH3+])C,Cc1cccc(C)c1NC(=O)CS[C@H]1NN[C@@H]([C@@H]([NH3+])CC2=c3ccccc3=[NH+]C2)O1,O=C(CSC1NNC(CCC2=c3ccccc3=[NH+]C2)O1)Nc1ccccc1,decoy,FA10_decoy_L007294,Cc1cccc(c1NC(=O)CS[C@H]2NN[C@H](O2)[C@H](CC3=c4ccccc4=[NH+]C3)[NH3+])C,DUD-E,FA10,FA10_DECOY_G38A11317CF5ECFF500AB,858da649e776cf10e3aaffa85c8371bcda70c061068057a9b688e492fafa6b26,development_train,train,5
7047,C20385602,COC(=O)[C@H]1N2[C@H](CS1)C(=O)N(CC2=O)CCNc3c(cc(cn3)C(F)(F)F)Cl,COC(=O)[C@@H]1SC[C@@H]2C(=O)N(CCNc3ncc(C(F)(F)F)cc3Cl)CC(=O)N21,O=C1C2CSCN2C(=O)CN1CCNc1ccccn1,decoy,FA10_decoy_L007047,COC(=O)[C@H]1N2[C@H](CS1)C(=O)N(CC2=O)CCNc3c(cc(cn3)C(F)(F)F)Cl,DUD-E,FA10,FA10_DECOY_G253BD8396103FD9ADDAC,87f4a403dd0faabdf56f9582df0e93edb92bf708b1fc122828d7eed836a66b76,development_train,train,1
4281,C39354627,CN1[C@H]2[C@H](C(=O)N(C1=O)C)N(C(=[NH+]2)NCCc3c[nH]c4c3cccc4)Cc5ccc(cc5)Br,CN1C(=O)[C@H]2[C@@H]([NH+]=C(NCCc3c[nH]c4ccccc34)N2Cc2ccc(Br)cc2)N(C)C1=O,O=C1NC(=O)C2C(N1)[NH+]=C(NCCc1c[nH]c3ccccc13)N2Cc1ccccc1,decoy,FA10_decoy_L004281,CN1[C@H]2[C@H](C(=O)N(C1=O)C)N(C(=[NH+]2)NCCc3c[nH]c4c3cccc4)Cc5ccc(cc5)Br,DUD-E,FA10,FA10_DECOY_GE64A8F1C24279386292D,886b7d44e956c4159a75f0ea6df853b247c9fccd8a7c807ff47154bda2298005,development_train,train,4
4382,C39354626,CN1[C@@H]2[C@H](C(=O)N(C1=O)C)N(C(=[NH+]2)NCCc3c[nH]c4c3cccc4)Cc5ccc(cc5)Br,CN1C(=O)[C@H]2[C@H]([NH+]=C(NCCc3c[nH]c4ccccc34)N2Cc2ccc(Br)cc2)N(C)C1=O,O=C1NC(=O)C2C(N1)[NH+]=C(NCCc1c[nH]c3ccccc13)N2Cc1ccccc1,decoy,FA10_decoy_L004382,CN1[C@@H]2[C@H](C(=O)N(C1=O)C)N(C(=[NH+]2)NCCc3c[nH]c4c3cccc4)Cc5ccc(cc5)Br,DUD-E,FA10,FA10_DECOY_GE64A8F1C24279386292D,886b7d44e956c4159a75f0ea6df853b247c9fccd8a7c807ff47154bda2298005,development_train,train,4
15389,C38685113,CN1[C@@H]2[C@H](C(=O)N(C1=O)C)N(C(=[NH+]2)NCCc3c[nH]c4c3cccc4)Cc5ccc(c(c5)Cl)Cl,CN1C(=O)[C@H]2[C@H]([NH+]=C(NCCc3c[nH]c4ccccc34)N2Cc2ccc(Cl)c(Cl)c2)N(C)C1=O,O=C1NC(=O)C2C(N1)[NH+]=C(NCCc1c[nH]c3ccccc13)N2Cc1ccccc1,decoy,FA10_decoy_L015389,CN1[C@@H]2[C@H](C(=O)N(C1=O)C)N(C(=[NH+]2)NCCc3c[nH]c4c3cccc4)Cc5ccc(c(c5)Cl)Cl,DUD-E,FA10,FA10_DECOY_GE64A8F1C24279386292D,886b7d44e956c4159a75f0ea6df853b247c9fccd8a7c807ff47154bda2298005,development_train,train,4
1989,C51046166,c1cc(ccc1Nc2nc(nc(n2)N)C[NH+]3CCC[C@@H](C3)C(=O)NC4CC4)F,Nc1nc(C[NH+]2CCC[C@H](C(=O)NC3CC3)C2)nc(Nc2ccc(F)cc2)n1,O=C(NC1CC1)C1CCC[NH+](Cc2ncnc(Nc3ccccc3)n2)C1,decoy,FA10_decoy_L001989,c1cc(ccc1Nc2nc(nc(n2)N)C[NH+]3CCC[C@@H](C3)C(=O)NC4CC4)F,DUD-E,FA10,FA10_DECOY_G414EB7ECFCCB3C12D8A4,899821bc9647d5bdf2f82469f10ac6fb974baad2f2a35c1bb543df45cc57fb64,development_train,train,5
10072,C40701982,CCN(CC)S(=O)(=O)c1ccc(cc1)Nc2c(c(nc[nH+]2)N(CC)c3cccc4c3cccc4)N,CCN(c1nc[nH+]c(Nc2ccc(S(=O)(=O)N(CC)CC)cc2)c1N)c1cccc2ccccc12,c1ccc(Nc2cc(Nc3cccc4ccccc34)nc[nH+]2)cc1,decoy,FA10_decoy_L010072,CCN(CC)S(=O)(=O)c1ccc(cc1)Nc2c(c(nc[nH+]2)N(CC)c3cccc4c3cccc4)N,DUD-E,FA10,FA10_DECOY_G42BD17BFC9BF49E36520,8ae5a29bbe527120f90ba752c68faa43f4e40363a5c2d47f24019c963eceb5bf,development_train,train,5
8635,C00690842,c1ccc(cc1)[C@@H]2CC3=C([C@@H](C(=C(N3N4CCOCC4)N)C#N)c5ccc(cc5)Br)C(=O)C2,N#CC1=C(N)N(N2CCOCC2)C2=C(C(=O)C[C@H](c3ccccc3)C2)[C@@H]1c1ccc(Br)cc1,O=C1CC(c2ccccc2)CC2=C1C(c1ccccc1)C=CN2N1CCOCC1,decoy,FA10_decoy_L008635,c1ccc(cc1)[C@@H]2CC3=C([C@@H](C(=C(N3N4CCOCC4)N)C#N)c5ccc(cc5)Br)C(=O)C2,DUD-E,FA10,FA10_DECOY_G20CE399E0058580F0724,8d78cb6c9fca1ba3156b33c1178124dea3a4a185a0775ef96dac43ed04d47898,development_train,train,1
8636,C00691384,c1ccc(cc1)[C@H]2CC3=C([C@H](C(=C(N3N4CCOCC4)N)C#N)c5cccc(c5)Br)C(=O)C2,N#CC1=C(N)N(N2CCOCC2)C2=C(C(=O)C[C@@H](c3ccccc3)C2)[C@H]1c1cccc(Br)c1,O=C1CC(c2ccccc2)CC2=C1C(c1ccccc1)C=CN2N1CCOCC1,decoy,FA10_decoy_L008636,c1ccc(cc1)[C@H]2CC3=C([C@H](C(=C(N3N4CCOCC4)N)C#N)c5cccc(c5)Br)C(=O)C2,DUD-E,FA10,FA10_DECOY_G20CE399E0058580F0724,8d78cb6c9fca1ba3156b33c1178124dea3a4a185a0775ef96dac43ed04d47898,development_train,train,1
8637,C00691392,c1ccc(cc1)[C@@H]2CC3=C([C@@H](C(=C(N3N4CCOCC4)N)C#N)c5cccc(c5)Br)C(=O)C2,N#CC1=C(N)N(N2CCOCC2)C2=C(C(=O)C[C@H](c3ccccc3)C2)[C@@H]1c1cccc(Br)c1,O=C1CC(c2ccccc2)CC2=C1C(c1ccccc1)C=CN2N1CCOCC1,decoy,FA10_decoy_L008637,c1ccc(cc1)[C@@H]2CC3=C([C@@H](C(=C(N3N4CCOCC4)N)C#N)c5cccc(c5)Br)C(=O)C2,DUD-E,FA10,FA10_DECOY_G20CE399E0058580F0724,8d78cb6c9fca1ba3156b33c1178124dea3a4a185a0775ef96dac43ed04d47898,development_train,train,1
648,C35711107,CC[NH+](CC)CCN(CC(=O)N1CCCN(CC1)c2ccc(nn2)c3ccccc3)C(=O)c4cccs4,CC[NH+](CC)CCN(CC(=O)N1CCCN(c2ccc(-c3ccccc3)nn2)CC1)C(=O)c1cccs1,O=C(NCC(=O)N1CCCN(c2ccc(-c3ccccc3)nn2)CC1)c1cccs1,decoy,FA10_decoy_L000648,CC[NH+](CC)CCN(CC(=O)N1CCCN(CC1)c2ccc(nn2)c3ccccc3)C(=O)c4cccs4,DUD-E,FA10,FA10_DECOY_G2D07927034ABCA2A8AAF,8e9b645db0bdb6e668f1efe529e9e2b0611b9ab54f2af9b3868fdee2754a20cd,development_train,train,5
8049,C38964316,CC1=NN[C@@H](S1)SCc2cc(=O)nc([nH]2)NC(=[NH2+])Nc3cccc(c3)Cl,CC1=NN[C@H](SCc2cc(=O)nc(NC(=[NH2+])Nc3cccc(Cl)c3)[nH]2)S1,[NH2+]=C(Nc1ccccc1)Nc1nc(=O)cc(CSC2NN=CS2)[nH]1,decoy,FA10_decoy_L008049,CC1=NN[C@@H](S1)SCc2cc(=O)nc([nH]2)NC(=[NH2+])Nc3cccc(c3)Cl,DUD-E,FA10,FA10_DECOY_G310A4015F935E202DA79,8feef41b07102fadbf38d6e0816a6f0012e78dda811c3d62310f5ff0fb15e224,development_train,train,5
3649,C20388504,Cc1c2c(ccc3c2[C@H](CC4(O3)CCCCCC4)O)oc1C(=O)NCCCN5CC[NH+](CC5)C,Cc1c(C(=O)NCCCN2CC[NH+](C)CC2)oc2ccc3c(c12)[C@@H](O)CC1(CCCCCC1)O3,O=C(NCCCN1CC[NH2+]CC1)c1cc2c3c(ccc2o1)OC1(CCCCCC1)CC3,decoy,FA10_decoy_L003649,Cc1c2c(ccc3c2[C@H](CC4(O3)CCCCCC4)O)oc1C(=O)NCCCN5CC[NH+](CC5)C,DUD-E,FA10,FA10_DECOY_GA0AB62AB2E5C03663C43,9287065c8155eda634212fef111311f6d498824da3063a5e8af4d48d4e76d1c9,development_train,train,3
1137,C22553947,CC1(CC2=C([C@H](C(=C(N2)SCC(=O)[O-])C#N)c3ccccc3[N+](=O)[O-])C(=O)C1)C,CC1(C)CC(=O)C2=C(C1)NC(SCC(=O)[O-])=C(C#N)[C@@H]2c1ccccc1[N+](=O)[O-],O=C1CCCC2=C1C(c1ccccc1)C=CN2,decoy,FA10_decoy_L001137,CC1(CC2=C([C@H](C(=C(N2)SCC(=O)[O-])C#N)c3ccccc3[N+](=O)[O-])C(=O)C1)C,DUD-E,FA10,FA10_DECOY_G2F2965D259F79577B8C6,951301169735076129a88da4a10a23d9b801eaf3c057926af3908b48ec82d415,development_train,train,3
4144,C02955613,CCOCCOC(=O)C1=C(NC2=C([C@@H]1c3cc(c(cc3Br)OC)OC)C(=O)CC(C2)(C)C)C,CCOCCOC(=O)C1=C(C)NC2=C(C(=O)CC(C)(C)C2)[C@@H]1c1cc(OC)c(OC)cc1Br,O=C1CCCC2=C1C(c1ccccc1)C=CN2,decoy,FA10_decoy_L004144,CCOCCOC(=O)C1=C(NC2=C([C@@H]1c3cc(c(cc3Br)OC)OC)C(=O)CC(C2)(C)C)C,DUD-E,FA10,FA10_DECOY_G2F2965D259F79577B8C6,951301169735076129a88da4a10a23d9b801eaf3c057926af3908b48ec82d415,development_train,train,3
6190,C36611784,CCOc1cc(cc(c1OC(C)C)I)[C@H]2C(=C(NC3=C2C(=O)CC(C3)(C)C)N)C#N,CCOc1cc([C@H]2C(C#N)=C(N)NC3=C2C(=O)CC(C)(C)C3)cc(I)c1OC(C)C,O=C1CCCC2=C1C(c1ccccc1)C=CN2,decoy,FA10_decoy_L006190,CCOc1cc(cc(c1OC(C)C)I)[C@H]2C(=C(NC3=C2C(=O)CC(C3)(C)C)N)C#N,DUD-E,FA10,FA10_DECOY_G2F2965D259F79577B8C6,951301169735076129a88da4a10a23d9b801eaf3c057926af3908b48ec82d415,development_train,train,3
6242,C36611783,CCOc1cc(cc(c1OC(C)C)I)[C@@H]2C(=C(NC3=C2C(=O)CC(C3)(C)C)N)C#N,CCOc1cc([C@@H]2C(C#N)=C(N)NC3=C2C(=O)CC(C)(C)C3)cc(I)c1OC(C)C,O=C1CCCC2=C1C(c1ccccc1)C=CN2,decoy,FA10_decoy_L006242,CCOc1cc(cc(c1OC(C)C)I)[C@@H]2C(=C(NC3=C2C(=O)CC(C3)(C)C)N)C#N,DUD-E,FA10,FA10_DECOY_G2F2965D259F79577B8C6,951301169735076129a88da4a10a23d9b801eaf3c057926af3908b48ec82d415,development_train,train,3
7089,C00824758,CCOC(=O)C1=C(NC2=C([C@H]1c3cc(c(cc3OC)Br)OC)C(=O)CC(C2)(C)C)C,CCOC(=O)C1=C(C)NC2=C(C(=O)CC(C)(C)C2)[C@H]1c1cc(OC)c(Br)cc1OC,O=C1CCCC2=C1C(c1ccccc1)C=CN2,decoy,FA10_decoy_L007089,CCOC(=O)C1=C(NC2=C([C@H]1c3cc(c(cc3OC)Br)OC)C(=O)CC(C2)(C)C)C,DUD-E,FA10,FA10_DECOY_G2F2965D259F79577B8C6,951301169735076129a88da4a10a23d9b801eaf3c057926af3908b48ec82d415,development_train,train,3
7372,C02055291,CCCCCOC(=O)C1=C(NC2=C([C@H]1c3cc(c(c(c3)Br)O)OC)C(=O)CC(C2)(C)C)C,CCCCCOC(=O)C1=C(C)NC2=C(C(=O)CC(C)(C)C2)[C@H]1c1cc(Br)c(O)c(OC)c1,O=C1CCCC2=C1C(c1ccccc1)C=CN2,decoy,FA10_decoy_L007372,CCCCCOC(=O)C1=C(NC2=C([C@H]1c3cc(c(c(c3)Br)O)OC)C(=O)CC(C2)(C)C)C,DUD-E,FA10,FA10_DECOY_G2F2965D259F79577B8C6,951301169735076129a88da4a10a23d9b801eaf3c057926af3908b48ec82d415,development_train,train,3
11733,C02542336,CC(=O)NN1C2=C([C@@H](C(=C1N)C#N)c3cccc(c3)[N+](=O)[O-])C(=O)CC(C2)(C)C,CC(=O)NN1C(N)=C(C#N)[C@@H](c2cccc([N+](=O)[O-])c2)C2=C1CC(C)(C)CC2=O,O=C1CCCC2=C1C(c1ccccc1)C=CN2,decoy,FA10_decoy_L011733,CC(=O)NN1C2=C([C@@H](C(=C1N)C#N)c3cccc(c3)[N+](=O)[O-])C(=O)CC(C2)(C)C,DUD-E,FA10,FA10_DECOY_G2F2965D259F79577B8C6,951301169735076129a88da4a10a23d9b801eaf3c057926af3908b48ec82d415,development_train,train,3
14317,C09014606,CC1(CC2=C([C@@H](C(=C(N2)SCC(=O)NC(C)(C)C)C#N)c3ccc(cc3)OC)C(=O)C1)C,COc1ccc([C@@H]2C(C#N)=C(SCC(=O)NC(C)(C)C)NC3=C2C(=O)CC(C)(C)C3)cc1,O=C1CCCC2=C1C(c1ccccc1)C=CN2,decoy,FA10_decoy_L014317,CC1(CC2=C([C@@H](C(=C(N2)SCC(=O)NC(C)(C)C)C#N)c3ccc(cc3)OC)C(=O)C1)C,DUD-E,FA10,FA10_DECOY_G2F2965D259F79577B8C6,951301169735076129a88da4a10a23d9b801eaf3c057926af3908b48ec82d415,development_train,train,3
14741,C20512365,C[C@@H]1CC2=C([C@H](C(=C(N2)C)C(=O)OC(C)C)c3cc(c(c(c3)Cl)O)OC)C(=O)[C@H]1C(=O)OC,COC(=O)[C@@H]1C(=O)C2=C(C[C@H]1C)NC(C)=C(C(=O)OC(C)C)[C@@H]2c1cc(Cl)c(O)c(OC)c1,O=C1CCCC2=C1C(c1ccccc1)C=CN2,decoy,FA10_decoy_L014741,C[C@@H]1CC2=C([C@H](C(=C(N2)C)C(=O)OC(C)C)c3cc(c(c(c3)Cl)O)OC)C(=O)[C@H]1C(=O)OC,DUD-E,FA10,FA10_DECOY_G2F2965D259F79577B8C6,951301169735076129a88da4a10a23d9b801eaf3c057926af3908b48ec82d415,development_train,train,3
14758,C04767293,C[C@@H]1CC2=C([C@@H](C(=C(N2)C)C(=O)OC(C)C)c3cc(c(c(c3)Cl)O)OC)C(=O)[C@@H]1C(=O)OC,COC(=O)[C@H]1C(=O)C2=C(C[C@H]1C)NC(C)=C(C(=O)OC(C)C)[C@H]2c1cc(Cl)c(O)c(OC)c1,O=C1CCCC2=C1C(c1ccccc1)C=CN2,decoy,FA10_decoy_L014758,C[C@@H]1CC2=C([C@@H](C(=C(N2)C)C(=O)OC(C)C)c3cc(c(c(c3)Cl)O)OC)C(=O)[C@@H]1C(=O)OC,DUD-E,FA10,FA10_DECOY_G2F2965D259F79577B8C6,951301169735076129a88da4a10a23d9b801eaf3c057926af3908b48ec82d415,development_train,train,3
19615,C02754641,CCOCCOC(=O)C1=C(NC2=C([C@H]1c3cc(c(cc3Br)OC)OC)C(=O)CCC2)C,CCOCCOC(=O)C1=C(C)NC2=C(C(=O)CCC2)[C@H]1c1cc(OC)c(OC)cc1Br,O=C1CCCC2=C1C(c1ccccc1)C=CN2,decoy,FA10_decoy_L019615,CCOCCOC(=O)C1=C(NC2=C([C@H]1c3cc(c(cc3Br)OC)OC)C(=O)CCC2)C,DUD-E,FA10,FA10_DECOY_G2F2965D259F79577B8C6,951301169735076129a88da4a10a23d9b801eaf3c057926af3908b48ec82d415,development_train,train,3
19760,C33673598,CCOC(=O)C1=C(NC2=C([C@H]1c3cc(c(cc3Br)OC)OC)C(=O)[C@H]([C@@H](C2)C)C(=O)OC)C,CCOC(=O)C1=C(C)NC2=C(C(=O)[C@@H](C(=O)OC)[C@H](C)C2)[C@H]1c1cc(OC)c(OC)cc1Br,O=C1CCCC2=C1C(c1ccccc1)C=CN2,decoy,FA10_decoy_L019760,CCOC(=O)C1=C(NC2=C([C@H]1c3cc(c(cc3Br)OC)OC)C(=O)[C@H]([C@@H](C2)C)C(=O)OC)C,DUD-E,FA10,FA10_DECOY_G2F2965D259F79577B8C6,951301169735076129a88da4a10a23d9b801eaf3c057926af3908b48ec82d415,development_train,train,3
21380,C02055385,CCOCCOC(=O)C1=C(NC2=C([C@H]1c3cc(c(c(c3)Br)O)OC)C(=O)CC(C2)(C)C)C,CCOCCOC(=O)C1=C(C)NC2=C(C(=O)CC(C)(C)C2)[C@H]1c1cc(Br)c(O)c(OC)c1,O=C1CCCC2=C1C(c1ccccc1)C=CN2,decoy,FA10_decoy_L021380,CCOCCOC(=O)C1=C(NC2=C([C@H]1c3cc(c(c(c3)Br)O)OC)C(=O)CC(C2)(C)C)C,DUD-E,FA10,FA10_DECOY_G2F2965D259F79577B8C6,951301169735076129a88da4a10a23d9b801eaf3c057926af3908b48ec82d415,development_train,train,3
25163,C20190425,CCSCCOC(=O)C1=C(NC2=C([C@H]1c3ccc(c(c3)Cl)Cl)C(=O)[C@@H]([C@H](C2)C)C(=O)OC)C,CCSCCOC(=O)C1=C(C)NC2=C(C(=O)[C@H](C(=O)OC)[C@@H](C)C2)[C@H]1c1ccc(Cl)c(Cl)c1,O=C1CCCC2=C1C(c1ccccc1)C=CN2,decoy,FA10_decoy_L025163,CCSCCOC(=O)C1=C(NC2=C([C@H]1c3ccc(c(c3)Cl)Cl)C(=O)[C@@H]([C@H](C2)C)C(=O)OC)C,DUD-E,FA10,FA10_DECOY_G2F2965D259F79577B8C6,951301169735076129a88da4a10a23d9b801eaf3c057926af3908b48ec82d415,development_train,train,3
25164,C20190650,CCSCCOC(=O)C1=C(NC2=C([C@@H]1c3ccc(cc3Cl)Cl)C(=O)[C@H]([C@H](C2)C)C(=O)OC)C,CCSCCOC(=O)C1=C(C)NC2=C(C(=O)[C@@H](C(=O)OC)[C@@H](C)C2)[C@@H]1c1ccc(Cl)cc1Cl,O=C1CCCC2=C1C(c1ccccc1)C=CN2,decoy,FA10_decoy_L025164,CCSCCOC(=O)C1=C(NC2=C([C@@H]1c3ccc(cc3Cl)Cl)C(=O)[C@H]([C@H](C2)C)C(=O)OC)C,DUD-E,FA10,FA10_DECOY_G2F2965D259F79577B8C6,951301169735076129a88da4a10a23d9b801eaf3c057926af3908b48ec82d415,development_train,train,3
25165,C20190655,CCSCCOC(=O)C1=C(NC2=C([C@@H]1c3ccc(cc3Cl)Cl)C(=O)[C@@H]([C@H](C2)C)C(=O)OC)C,CCSCCOC(=O)C1=C(C)NC2=C(C(=O)[C@H](C(=O)OC)[C@@H](C)C2)[C@@H]1c1ccc(Cl)cc1Cl,O=C1CCCC2=C1C(c1ccccc1)C=CN2,decoy,FA10_decoy_L025165,CCSCCOC(=O)C1=C(NC2=C([C@@H]1c3ccc(cc3Cl)Cl)C(=O)[C@@H]([C@H](C2)C)C(=O)OC)C,DUD-E,FA10,FA10_DECOY_G2F2965D259F79577B8C6,951301169735076129a88da4a10a23d9b801eaf3c057926af3908b48ec82d415,development_train,train,3
25174,C35329201,CCSCCOC(=O)C1=C(NC2=C([C@@H]1c3cccc(c3Cl)Cl)C(=O)[C@H]([C@@H](C2)C)C(=O)OC)C,CCSCCOC(=O)C1=C(C)NC2=C(C(=O)[C@@H](C(=O)OC)[C@H](C)C2)[C@@H]1c1cccc(Cl)c1Cl,O=C1CCCC2=C1C(c1ccccc1)C=CN2,decoy,FA10_decoy_L025174,CCSCCOC(=O)C1=C(NC2=C([C@@H]1c3cccc(c3Cl)Cl)C(=O)[C@H]([C@@H](C2)C)C(=O)OC)C,DUD-E,FA10,FA10_DECOY_G2F2965D259F79577B8C6,951301169735076129a88da4a10a23d9b801eaf3c057926af3908b48ec82d415,development_train,train,3
25268,C20609371,CCOC(=O)C1=C(NC2=C([C@@H]1c3cc(c(c(c3)Br)OC)OC)C(=O)[C@@H]([C@H](C2)C)C(=O)OC)C,CCOC(=O)C1=C(C)NC2=C(C(=O)[C@H](C(=O)OC)[C@@H](C)C2)[C@@H]1c1cc(Br)c(OC)c(OC)c1,O=C1CCCC2=C1C(c1ccccc1)C=CN2,decoy,FA10_decoy_L025268,CCOC(=O)C1=C(NC2=C([C@@H]1c3cc(c(c(c3)Br)OC)OC)C(=O)[C@@H]([C@H](C2)C)C(=O)OC)C,DUD-E,FA10,FA10_DECOY_G2F2965D259F79577B8C6,951301169735076129a88da4a10a23d9b801eaf3c057926af3908b48ec82d415,development_train,train,3
21054,C38530908,Cc1cc(c(cc1Cl)C)S(=O)(=O)N2CCN(CC2)c3cc(ncn3)N4CCCCC4,Cc1cc(S(=O)(=O)N2CCN(c3cc(N4CCCCC4)ncn3)CC2)c(C)cc1Cl,O=S(=O)(c1ccccc1)N1CCN(c2cc(N3CCCCC3)ncn2)CC1,decoy,FA10_decoy_L021054,Cc1cc(c(cc1Cl)C)S(=O)(=O)N2CCN(CC2)c3cc(ncn3)N4CCCCC4,DUD-E,FA10,FA10_DECOY_G154679CF0A2A57625EAE,97606d112df02c9b9b6937463c141d1a1836a138623f5517057dc42c1169326a,development_train,train,2
15229,C07391060,Cc1ccc(cc1)S(=O)(=O)N2CC[NH+](CC2)[C@@H](C)C(=O)Nc3ccccc3F,Cc1ccc(S(=O)(=O)N2CC[NH+]([C@@H](C)C(=O)Nc3ccccc3F)CC2)cc1,O=C(C[NH+]1CCN(S(=O)(=O)c2ccccc2)CC1)Nc1ccccc1,decoy,FA10_decoy_L015229,Cc1ccc(cc1)S(=O)(=O)N2CC[NH+](CC2)[C@@H](C)C(=O)Nc3ccccc3F,DUD-E,FA10,FA10_DECOY_GAD6F94FBFD10E1FE140C,97b52523377fc2b545181c4f66a28a85dc33121938087c74742add6d54616f50,development_train,train,1
5176,C08632878,C[C@H]1CCc2c(sc3c2c(=O)n(c(n3)SCC(=O)Nc4ccc5c(c4)OCCO5)CC=C)C1,C=CCn1c(SCC(=O)Nc2ccc3c(c2)OCCO3)nc2sc3c(c2c1=O)CC[C@H](C)C3,O=C(CSc1nc2sc3c(c2c(=O)[nH]1)CCCC3)Nc1ccc2c(c1)OCCO2,decoy,FA10_decoy_L005176,C[C@H]1CCc2c(sc3c2c(=O)n(c(n3)SCC(=O)Nc4ccc5c(c4)OCCO5)CC=C)C1,DUD-E,FA10,FA10_DECOY_GC68F3297FD3784512FDB,97dd9350a18f656c4ed102a658e3457cd5ee71fe6e244c2cf999d22b02eea66e,development_train,train,3
15017,C40798301,Cc1c(nsn1)Cn2c(c(nn2)C(=O)Nc3c(c4c(s3)CCCC4)C(=O)NC(C)C)C,Cc1nsnc1Cn1nnc(C(=O)Nc2sc3c(c2C(=O)NC(C)C)CCCC3)c1C,O=C(Nc1cc2c(s1)CCCC2)c1cn(Cc2cnsn2)nn1,decoy,FA10_decoy_L015017,Cc1c(nsn1)Cn2c(c(nn2)C(=O)Nc3c(c4c(s3)CCCC4)C(=O)NC(C)C)C,DUD-E,FA10,FA10_DECOY_G75D024FD8291B18D3EEA,996981e2e40a40cc8779d254ac79ada8f0b2946bee8f4b1a95b041cb140bc25f,development_train,train,2
632,C14957845,Cn1cc(c(=O)c2c1cccc2)C(=O)N3CCC[C@H](C3)COc4ccc(cc4)C[NH+](C)Cc5ccon5,Cn1cc(C(=O)N2CCC[C@@H](COc3ccc(C[NH+](C)Cc4ccon4)cc3)C2)c(=O)c2ccccc21,O=C(c1c[nH]c2ccccc2c1=O)N1CCCC(COc2ccc(C[NH2+]Cc3ccon3)cc2)C1,decoy,FA10_decoy_L000632,Cn1cc(c(=O)c2c1cccc2)C(=O)N3CCC[C@H](C3)COc4ccc(cc4)C[NH+](C)Cc5ccon5,DUD-E,FA10,FA10_DECOY_GA4B40A118C200A0354AB,9ad8d9ee4959250e8b7b269fcb5cf7d8467a44def81bc89da5064eaa3335323f,development_train,train,2
19318,C35982031,CCc1ccc(cc1)C(=O)N2CCC3(CC2)N([C@H](CO3)C(=O)NC[C@@H]4CCCO4)C(=O)c5ccc(cc5)F,CCc1ccc(C(=O)N2CCC3(CC2)OC[C@H](C(=O)NC[C@@H]2CCCO2)N3C(=O)c2ccc(F)cc2)cc1,O=C(NCC1CCCO1)C1COC2(CCN(C(=O)c3ccccc3)CC2)N1C(=O)c1ccccc1,decoy,FA10_decoy_L019318,CCc1ccc(cc1)C(=O)N2CCC3(CC2)N([C@H](CO3)C(=O)NC[C@@H]4CCCO4)C(=O)c5ccc(cc5)F,DUD-E,FA10,FA10_DECOY_G1D5538378F79857B12E3,9b88b22bc565e1e2fe2163a08a46ecd4f3605de324b01451fd573a7000800a44,development_train,train,3
339,C20834438,c1ccc2c(c1)nc(s2)NC(=O)CCSc3nc([nH]n3)N/N=C/c4cc(cc(c4[O-])Cl)Cl,O=C(CCSc1n[nH]c(N/N=C/c2cc(Cl)cc(Cl)c2[O-])n1)Nc1nc2ccccc2s1,O=C(CCSc1n[nH]c(NN=Cc2ccccc2)n1)Nc1nc2ccccc2s1,decoy,FA10_decoy_L000339,c1ccc2c(c1)nc(s2)NC(=O)CCSc3nc([nH]n3)N/N=C/c4cc(cc(c4[O-])Cl)Cl,DUD-E,FA10,FA10_DECOY_G87E1D2278E6DC5AA354D,9bcdcb8fcc9e1b02dee74e114cc5685d9e235f0050520755b3db37ec91daff1c,development_train,train,4
3418,C20833801,c1ccc2c(c1)nc(s2)NC(=O)CCSc3nc([nH]n3)N/N=C/c4cccc(c4Cl)Cl,O=C(CCSc1n[nH]c(N/N=C/c2cccc(Cl)c2Cl)n1)Nc1nc2ccccc2s1,O=C(CCSc1n[nH]c(NN=Cc2ccccc2)n1)Nc1nc2ccccc2s1,decoy,FA10_decoy_L003418,c1ccc2c(c1)nc(s2)NC(=O)CCSc3nc([nH]n3)N/N=C/c4cccc(c4Cl)Cl,DUD-E,FA10,FA10_DECOY_G87E1D2278E6DC5AA354D,9bcdcb8fcc9e1b02dee74e114cc5685d9e235f0050520755b3db37ec91daff1c,development_train,train,4
26229,C35344723,Cc1cc(no1)NC(=O)CN(CC[NH+]2CCCC2)C(=O)c3cc(cc(c3)C(F)(F)F)C(F)(F)F,Cc1cc(NC(=O)CN(CC[NH+]2CCCC2)C(=O)c2cc(C(F)(F)F)cc(C(F)(F)F)c2)no1,O=C(CN(CC[NH+]1CCCC1)C(=O)c1ccccc1)Nc1ccon1,decoy,FA10_decoy_L026229,Cc1cc(no1)NC(=O)CN(CC[NH+]2CCCC2)C(=O)c3cc(cc(c3)C(F)(F)F)C(F)(F)F,DUD-E,FA10,FA10_DECOY_G86A60C8DDB951C3394CF,9c2e16e8d4712c58bc9b2f2c0a092138b77bbee46ac58617dc6f323804b247f9,development_train,train,5
16426,C35173184,c1ccc(cc1)Cc2nnc(n2c3ccc(c(c3)Cl)Cl)SCCCC(=O)NCC[NH+]4CCCC4,O=C(CCCSc1nnc(Cc2ccccc2)n1-c1ccc(Cl)c(Cl)c1)NCC[NH+]1CCCC1,O=C(CCCSc1nnc(Cc2ccccc2)n1-c1ccccc1)NCC[NH+]1CCCC1,decoy,FA10_decoy_L016426,c1ccc(cc1)Cc2nnc(n2c3ccc(c(c3)Cl)Cl)SCCCC(=O)NCC[NH+]4CCCC4,DUD-E,FA10,FA10_DECOY_G55ADBA85BECECD6E6FAD,9c4498057e28604ce311a33ccbad98d225b4a538dd054711b3babee10403a410,development_train,train,4
166,C23983126,c1ccc(c(c1)C#N)S(=O)(=O)N2CCN(CC2)Cc3[nH]c4c(c(cs4)c5cccs5)c(=O)n3,N#Cc1ccccc1S(=O)(=O)N1CCN(Cc2nc(=O)c3c(-c4cccs4)csc3[nH]2)CC1,O=c1nc(CN2CCN(S(=O)(=O)c3ccccc3)CC2)[nH]c2scc(-c3cccs3)c12,decoy,FA10_decoy_L000166,c1ccc(c(c1)C#N)S(=O)(=O)N2CCN(CC2)Cc3[nH]c4c(c(cs4)c5cccs5)c(=O)n3,DUD-E,FA10,FA10_DECOY_GAD5D731E962069FBD75D,9dfedc6c379e213618c871032c613ff31e33d3cda3c3ee37f85da50f8f612888,development_train,train,5
22490,C03146797,Cc1ccc(cc1)N2C(=S)[NH+]=C(C2(C)C)N[C@H]([C@H](n3cncn3)Oc4ccc(cc4)Cl)C(C)(C)C,Cc1ccc(N2C(=S)[NH+]=C(N[C@H]([C@@H](Oc3ccc(Cl)cc3)n3cncn3)C(C)(C)C)C2(C)C)cc1,S=C1[NH+]=C(NCC(Oc2ccccc2)n2cncn2)CN1c1ccccc1,decoy,FA10_decoy_L022490,Cc1ccc(cc1)N2C(=S)[NH+]=C(C2(C)C)N[C@H]([C@H](n3cncn3)Oc4ccc(cc4)Cl)C(C)(C)C,DUD-E,FA10,FA10_DECOY_G59F5C6310271429D578D,9e7ae8af8f54a98af2f5d41a083c0e160477ba02163b9fcc553ce26af24630b1,development_train,train,1
23353,C03146796,Cc1ccc(cc1)N2C(=S)[NH+]=C(C2(C)C)N[C@@H]([C@H](n3cncn3)Oc4ccc(cc4)Cl)C(C)(C)C,Cc1ccc(N2C(=S)[NH+]=C(N[C@@H]([C@@H](Oc3ccc(Cl)cc3)n3cncn3)C(C)(C)C)C2(C)C)cc1,S=C1[NH+]=C(NCC(Oc2ccccc2)n2cncn2)CN1c1ccccc1,decoy,FA10_decoy_L023353,Cc1ccc(cc1)N2C(=S)[NH+]=C(C2(C)C)N[C@@H]([C@H](n3cncn3)Oc4ccc(cc4)Cl)C(C)(C)C,DUD-E,FA10,FA10_DECOY_G59F5C6310271429D578D,9e7ae8af8f54a98af2f5d41a083c0e160477ba02163b9fcc553ce26af24630b1,development_train,train,1
7187,C44254784,COc1ccccc1C2CCN(CC2)c3ccc(cc3[C@H](CC(=O)N)[NH3+])[N+](=O)[O-],COc1ccccc1C1CCN(c2ccc([N+](=O)[O-])cc2[C@@H]([NH3+])CC(N)=O)CC1,c1ccc(C2CCN(c3ccccc3)CC2)cc1,decoy,FA10_decoy_L007187,COc1ccccc1C2CCN(CC2)c3ccc(cc3[C@H](CC(=O)N)[NH3+])[N+](=O)[O-],DUD-E,FA10,FA10_DECOY_G4591F02998F00D540307,a006bb3e1f32b7687ae06704aab2de9d5dfb234eb7e53eac2ced428ef36526fc,development_train,train,3
3385,C39695691,Cc1ccc2c(c1)[nH]c(n2)[C@H](C)NC(=O)[C@@H]3CN(CC34CC[NH2+]CC4)C(=O)c5ccccc5C,Cc1ccc2nc([C@H](C)NC(=O)[C@@H]3CN(C(=O)c4ccccc4C)CC34CC[NH2+]CC4)[nH]c2c1,O=C(NCc1nc2ccccc2[nH]1)C1CN(C(=O)c2ccccc2)CC12CC[NH2+]CC2,decoy,FA10_decoy_L003385,Cc1ccc2c(c1)[nH]c(n2)[C@H](C)NC(=O)[C@@H]3CN(CC34CC[NH2+]CC4)C(=O)c5ccccc5C,DUD-E,FA10,FA10_DECOY_G3980726DAC9D41B09A0A,a1c29b1e49dfadb1e4e6ce9f3a1df94e4df65d1ced053d181990ae0d663bf061,development_train,train,1
3869,C39695712,Cc1ccc2c(c1)[nH]c(n2)[C@@H](C)NC(=O)[C@@H]3CN(CC34CC[NH2+]CC4)C(=O)c5ccc(cc5)C(F)(F)F,Cc1ccc2nc([C@@H](C)NC(=O)[C@@H]3CN(C(=O)c4ccc(C(F)(F)F)cc4)CC34CC[NH2+]CC4)[nH]c2c1,O=C(NCc1nc2ccccc2[nH]1)C1CN(C(=O)c2ccccc2)CC12CC[NH2+]CC2,decoy,FA10_decoy_L003869,Cc1ccc2c(c1)[nH]c(n2)[C@@H](C)NC(=O)[C@@H]3CN(CC34CC[NH2+]CC4)C(=O)c5ccc(cc5)C(F)(F)F,DUD-E,FA10,FA10_DECOY_G3980726DAC9D41B09A0A,a1c29b1e49dfadb1e4e6ce9f3a1df94e4df65d1ced053d181990ae0d663bf061,development_train,train,1
9601,C44737465,Cc1ccc2c(c1)[nH]c(n2)[C@@H](C)NC(=O)[C@H]3CN(CC34CC[NH2+]CC4)C(=O)c5cc(ccc5OC)OC,COc1ccc(OC)c(C(=O)N2C[C@H](C(=O)N[C@H](C)c3nc4ccc(C)cc4[nH]3)C3(CC[NH2+]CC3)C2)c1,O=C(NCc1nc2ccccc2[nH]1)C1CN(C(=O)c2ccccc2)CC12CC[NH2+]CC2,decoy,FA10_decoy_L009601,Cc1ccc2c(c1)[nH]c(n2)[C@@H](C)NC(=O)[C@H]3CN(CC34CC[NH2+]CC4)C(=O)c5cc(ccc5OC)OC,DUD-E,FA10,FA10_DECOY_G3980726DAC9D41B09A0A,a1c29b1e49dfadb1e4e6ce9f3a1df94e4df65d1ced053d181990ae0d663bf061,development_train,train,1
10321,C44737174,Cc1ccc2c(c1)[nH]c(n2)[C@H](C)NC(=O)[C@H]3CN(CC34CC[NH2+]CC4)C(=O)c5ccc(cc5)OC(F)(F)F,Cc1ccc2nc([C@H](C)NC(=O)[C@H]3CN(C(=O)c4ccc(OC(F)(F)F)cc4)CC34CC[NH2+]CC4)[nH]c2c1,O=C(NCc1nc2ccccc2[nH]1)C1CN(C(=O)c2ccccc2)CC12CC[NH2+]CC2,decoy,FA10_decoy_L010321,Cc1ccc2c(c1)[nH]c(n2)[C@H](C)NC(=O)[C@H]3CN(CC34CC[NH2+]CC4)C(=O)c5ccc(cc5)OC(F)(F)F,DUD-E,FA10,FA10_DECOY_G3980726DAC9D41B09A0A,a1c29b1e49dfadb1e4e6ce9f3a1df94e4df65d1ced053d181990ae0d663bf061,development_train,train,1
10322,C39695742,Cc1ccc2c(c1)[nH]c(n2)[C@@H](C)NC(=O)[C@@H]3CN(CC34CC[NH2+]CC4)C(=O)c5ccc(cc5)OC(F)(F)F,Cc1ccc2nc([C@@H](C)NC(=O)[C@@H]3CN(C(=O)c4ccc(OC(F)(F)F)cc4)CC34CC[NH2+]CC4)[nH]c2c1,O=C(NCc1nc2ccccc2[nH]1)C1CN(C(=O)c2ccccc2)CC12CC[NH2+]CC2,decoy,FA10_decoy_L010322,Cc1ccc2c(c1)[nH]c(n2)[C@@H](C)NC(=O)[C@@H]3CN(CC34CC[NH2+]CC4)C(=O)c5ccc(cc5)OC(F)(F)F,DUD-E,FA10,FA10_DECOY_G3980726DAC9D41B09A0A,a1c29b1e49dfadb1e4e6ce9f3a1df94e4df65d1ced053d181990ae0d663bf061,development_train,train,1
10323,C39695743,Cc1ccc2c(c1)[nH]c(n2)[C@H](C)NC(=O)[C@@H]3CN(CC34CC[NH2+]CC4)C(=O)c5ccc(cc5)OC(F)(F)F,Cc1ccc2nc([C@H](C)NC(=O)[C@@H]3CN(C(=O)c4ccc(OC(F)(F)F)cc4)CC34CC[NH2+]CC4)[nH]c2c1,O=C(NCc1nc2ccccc2[nH]1)C1CN(C(=O)c2ccccc2)CC12CC[NH2+]CC2,decoy,FA10_decoy_L010323,Cc1ccc2c(c1)[nH]c(n2)[C@H](C)NC(=O)[C@@H]3CN(CC34CC[NH2+]CC4)C(=O)c5ccc(cc5)OC(F)(F)F,DUD-E,FA10,FA10_DECOY_G3980726DAC9D41B09A0A,a1c29b1e49dfadb1e4e6ce9f3a1df94e4df65d1ced053d181990ae0d663bf061,development_train,train,1
10324,C44737171,Cc1ccc2c(c1)[nH]c(n2)[C@@H](C)NC(=O)[C@H]3CN(CC34CC[NH2+]CC4)C(=O)c5ccc(cc5)OC(F)(F)F,Cc1ccc2nc([C@@H](C)NC(=O)[C@H]3CN(C(=O)c4ccc(OC(F)(F)F)cc4)CC34CC[NH2+]CC4)[nH]c2c1,O=C(NCc1nc2ccccc2[nH]1)C1CN(C(=O)c2ccccc2)CC12CC[NH2+]CC2,decoy,FA10_decoy_L010324,Cc1ccc2c(c1)[nH]c(n2)[C@@H](C)NC(=O)[C@H]3CN(CC34CC[NH2+]CC4)C(=O)c5ccc(cc5)OC(F)(F)F,DUD-E,FA10,FA10_DECOY_G3980726DAC9D41B09A0A,a1c29b1e49dfadb1e4e6ce9f3a1df94e4df65d1ced053d181990ae0d663bf061,development_train,train,1
10459,C39695777,Cc1ccc2c(c1)[nH]c(n2)[C@H](C)NC(=O)[C@@H]3CN(CC34CC[NH2+]CC4)C(=O)c5cccc(c5Cl)Cl,Cc1ccc2nc([C@H](C)NC(=O)[C@@H]3CN(C(=O)c4cccc(Cl)c4Cl)CC34CC[NH2+]CC4)[nH]c2c1,O=C(NCc1nc2ccccc2[nH]1)C1CN(C(=O)c2ccccc2)CC12CC[NH2+]CC2,decoy,FA10_decoy_L010459,Cc1ccc2c(c1)[nH]c(n2)[C@H](C)NC(=O)[C@@H]3CN(CC34CC[NH2+]CC4)C(=O)c5cccc(c5Cl)Cl,DUD-E,FA10,FA10_DECOY_G3980726DAC9D41B09A0A,a1c29b1e49dfadb1e4e6ce9f3a1df94e4df65d1ced053d181990ae0d663bf061,development_train,train,1
10460,C44737293,Cc1ccc2c(c1)[nH]c(n2)[C@@H](C)NC(=O)[C@H]3CN(CC34CC[NH2+]CC4)C(=O)c5ccc(c(c5)C)F,Cc1ccc2nc([C@@H](C)NC(=O)[C@H]3CN(C(=O)c4ccc(F)c(C)c4)CC34CC[NH2+]CC4)[nH]c2c1,O=C(NCc1nc2ccccc2[nH]1)C1CN(C(=O)c2ccccc2)CC12CC[NH2+]CC2,decoy,FA10_decoy_L010460,Cc1ccc2c(c1)[nH]c(n2)[C@@H](C)NC(=O)[C@H]3CN(CC34CC[NH2+]CC4)C(=O)c5ccc(c(c5)C)F,DUD-E,FA10,FA10_DECOY_G3980726DAC9D41B09A0A,a1c29b1e49dfadb1e4e6ce9f3a1df94e4df65d1ced053d181990ae0d663bf061,development_train,train,1
10633,C44737281,Cc1ccc2c(c1)[nH]c(n2)[C@@H](C)NC(=O)[C@H]3CN(CC34CC[NH2+]CC4)C(=O)c5c(ccc(c5F)C)F,Cc1ccc2nc([C@@H](C)NC(=O)[C@H]3CN(C(=O)c4c(F)ccc(C)c4F)CC34CC[NH2+]CC4)[nH]c2c1,O=C(NCc1nc2ccccc2[nH]1)C1CN(C(=O)c2ccccc2)CC12CC[NH2+]CC2,decoy,FA10_decoy_L010633,Cc1ccc2c(c1)[nH]c(n2)[C@@H](C)NC(=O)[C@H]3CN(CC34CC[NH2+]CC4)C(=O)c5c(ccc(c5F)C)F,DUD-E,FA10,FA10_DECOY_G3980726DAC9D41B09A0A,a1c29b1e49dfadb1e4e6ce9f3a1df94e4df65d1ced053d181990ae0d663bf061,development_train,train,1
10634,C44737296,Cc1ccc2c(c1)[nH]c(n2)[C@H](C)NC(=O)[C@H]3CN(CC34CC[NH2+]CC4)C(=O)c5ccc(c(c5)C)F,Cc1ccc2nc([C@H](C)NC(=O)[C@H]3CN(C(=O)c4ccc(F)c(C)c4)CC34CC[NH2+]CC4)[nH]c2c1,O=C(NCc1nc2ccccc2[nH]1)C1CN(C(=O)c2ccccc2)CC12CC[NH2+]CC2,decoy,FA10_decoy_L010634,Cc1ccc2c(c1)[nH]c(n2)[C@H](C)NC(=O)[C@H]3CN(CC34CC[NH2+]CC4)C(=O)c5ccc(c(c5)C)F,DUD-E,FA10,FA10_DECOY_G3980726DAC9D41B09A0A,a1c29b1e49dfadb1e4e6ce9f3a1df94e4df65d1ced053d181990ae0d663bf061,development_train,train,1
10888,C44737649,Cc1ccc2c(c1)[nH]c(n2)[C@@H](C)NC(=O)[C@H]3CN(CC34CC[NH2+]CC4)C(=O)c5c(ccc(c5F)Cl)F,Cc1ccc2nc([C@@H](C)NC(=O)[C@H]3CN(C(=O)c4c(F)ccc(Cl)c4F)CC34CC[NH2+]CC4)[nH]c2c1,O=C(NCc1nc2ccccc2[nH]1)C1CN(C(=O)c2ccccc2)CC12CC[NH2+]CC2,decoy,FA10_decoy_L010888,Cc1ccc2c(c1)[nH]c(n2)[C@@H](C)NC(=O)[C@H]3CN(CC34CC[NH2+]CC4)C(=O)c5c(ccc(c5F)Cl)F,DUD-E,FA10,FA10_DECOY_G3980726DAC9D41B09A0A,a1c29b1e49dfadb1e4e6ce9f3a1df94e4df65d1ced053d181990ae0d663bf061,development_train,train,1
10889,C44737415,Cc1ccc2c(c1)[nH]c(n2)[C@H](C)NC(=O)[C@H]3CN(CC34CC[NH2+]CC4)C(=O)c5ccc(c(c5)C)C,Cc1ccc2nc([C@H](C)NC(=O)[C@H]3CN(C(=O)c4ccc(C)c(C)c4)CC34CC[NH2+]CC4)[nH]c2c1,O=C(NCc1nc2ccccc2[nH]1)C1CN(C(=O)c2ccccc2)CC12CC[NH2+]CC2,decoy,FA10_decoy_L010889,Cc1ccc2c(c1)[nH]c(n2)[C@H](C)NC(=O)[C@H]3CN(CC34CC[NH2+]CC4)C(=O)c5ccc(c(c5)C)C,DUD-E,FA10,FA10_DECOY_G3980726DAC9D41B09A0A,a1c29b1e49dfadb1e4e6ce9f3a1df94e4df65d1ced053d181990ae0d663bf061,development_train,train,1
11248,C39695838,Cc1ccc(c(c1)C)C(=O)N2C[C@@H](C3(C2)CC[NH2+]CC3)C(=O)N[C@H](C)c4[nH]c5cc(ccc5n4)C,Cc1ccc(C(=O)N2C[C@H](C(=O)N[C@H](C)c3nc4ccc(C)cc4[nH]3)C3(CC[NH2+]CC3)C2)c(C)c1,O=C(NCc1nc2ccccc2[nH]1)C1CN(C(=O)c2ccccc2)CC12CC[NH2+]CC2,decoy,FA10_decoy_L011248,Cc1ccc(c(c1)C)C(=O)N2C[C@@H](C3(C2)CC[NH2+]CC3)C(=O)N[C@H](C)c4[nH]c5cc(ccc5n4)C,DUD-E,FA10,FA10_DECOY_G3980726DAC9D41B09A0A,a1c29b1e49dfadb1e4e6ce9f3a1df94e4df65d1ced053d181990ae0d663bf061,development_train,train,1
11249,C39695868,Cc1ccc2c(c1)[nH]c(n2)[C@@H](C)NC(=O)[C@@H]3CN(CC34CC[NH2+]CC4)C(=O)c5c(ccc(c5F)Cl)F,Cc1ccc2nc([C@@H](C)NC(=O)[C@@H]3CN(C(=O)c4c(F)ccc(Cl)c4F)CC34CC[NH2+]CC4)[nH]c2c1,O=C(NCc1nc2ccccc2[nH]1)C1CN(C(=O)c2ccccc2)CC12CC[NH2+]CC2,decoy,FA10_decoy_L011249,Cc1ccc2c(c1)[nH]c(n2)[C@@H](C)NC(=O)[C@@H]3CN(CC34CC[NH2+]CC4)C(=O)c5c(ccc(c5F)Cl)F,DUD-E,FA10,FA10_DECOY_G3980726DAC9D41B09A0A,a1c29b1e49dfadb1e4e6ce9f3a1df94e4df65d1ced053d181990ae0d663bf061,development_train,train,1
11328,C39695839,Cc1ccc(c(c1)C)C(=O)N2C[C@H](C3(C2)CC[NH2+]CC3)C(=O)N[C@H](C)c4[nH]c5cc(ccc5n4)C,Cc1ccc(C(=O)N2C[C@@H](C(=O)N[C@H](C)c3nc4ccc(C)cc4[nH]3)C3(CC[NH2+]CC3)C2)c(C)c1,O=C(NCc1nc2ccccc2[nH]1)C1CN(C(=O)c2ccccc2)CC12CC[NH2+]CC2,decoy,FA10_decoy_L011328,Cc1ccc(c(c1)C)C(=O)N2C[C@H](C3(C2)CC[NH2+]CC3)C(=O)N[C@H](C)c4[nH]c5cc(ccc5n4)C,DUD-E,FA10,FA10_DECOY_G3980726DAC9D41B09A0A,a1c29b1e49dfadb1e4e6ce9f3a1df94e4df65d1ced053d181990ae0d663bf061,development_train,train,1
11329,C39695869,Cc1ccc2c(c1)[nH]c(n2)[C@H](C)NC(=O)[C@@H]3CN(CC34CC[NH2+]CC4)C(=O)c5c(ccc(c5F)Cl)F,Cc1ccc2nc([C@H](C)NC(=O)[C@@H]3CN(C(=O)c4c(F)ccc(Cl)c4F)CC34CC[NH2+]CC4)[nH]c2c1,O=C(NCc1nc2ccccc2[nH]1)C1CN(C(=O)c2ccccc2)CC12CC[NH2+]CC2,decoy,FA10_decoy_L011329,Cc1ccc2c(c1)[nH]c(n2)[C@H](C)NC(=O)[C@@H]3CN(CC34CC[NH2+]CC4)C(=O)c5c(ccc(c5F)Cl)F,DUD-E,FA10,FA10_DECOY_G3980726DAC9D41B09A0A,a1c29b1e49dfadb1e4e6ce9f3a1df94e4df65d1ced053d181990ae0d663bf061,development_train,train,1
11333,C39695724,Cc1ccc2c(c1)[nH]c(n2)[C@@H](C)NC(=O)[C@@H]3CN(CC34CC[NH2+]CC4)C(=O)c5ccc(cc5F)F,Cc1ccc2nc([C@@H](C)NC(=O)[C@@H]3CN(C(=O)c4ccc(F)cc4F)CC34CC[NH2+]CC4)[nH]c2c1,O=C(NCc1nc2ccccc2[nH]1)C1CN(C(=O)c2ccccc2)CC12CC[NH2+]CC2,decoy,FA10_decoy_L011333,Cc1ccc2c(c1)[nH]c(n2)[C@@H](C)NC(=O)[C@@H]3CN(CC34CC[NH2+]CC4)C(=O)c5ccc(cc5F)F,DUD-E,FA10,FA10_DECOY_G3980726DAC9D41B09A0A,a1c29b1e49dfadb1e4e6ce9f3a1df94e4df65d1ced053d181990ae0d663bf061,development_train,train,1
11334,C39695735,Cc1ccc2c(c1)[nH]c(n2)[C@H](C)NC(=O)[C@@H]3CN(CC34CC[NH2+]CC4)C(=O)c5cc(cc(c5)F)F,Cc1ccc2nc([C@H](C)NC(=O)[C@@H]3CN(C(=O)c4cc(F)cc(F)c4)CC34CC[NH2+]CC4)[nH]c2c1,O=C(NCc1nc2ccccc2[nH]1)C1CN(C(=O)c2ccccc2)CC12CC[NH2+]CC2,decoy,FA10_decoy_L011334,Cc1ccc2c(c1)[nH]c(n2)[C@H](C)NC(=O)[C@@H]3CN(CC34CC[NH2+]CC4)C(=O)c5cc(cc(c5)F)F,DUD-E,FA10,FA10_DECOY_G3980726DAC9D41B09A0A,a1c29b1e49dfadb1e4e6ce9f3a1df94e4df65d1ced053d181990ae0d663bf061,development_train,train,1
11337,C44737124,Cc1ccc2c(c1)[nH]c(n2)[C@H](C)NC(=O)[C@H]3CN(CC34CC[NH2+]CC4)C(=O)c5ccc(cc5F)F,Cc1ccc2nc([C@H](C)NC(=O)[C@H]3CN(C(=O)c4ccc(F)cc4F)CC34CC[NH2+]CC4)[nH]c2c1,O=C(NCc1nc2ccccc2[nH]1)C1CN(C(=O)c2ccccc2)CC12CC[NH2+]CC2,decoy,FA10_decoy_L011337,Cc1ccc2c(c1)[nH]c(n2)[C@H](C)NC(=O)[C@H]3CN(CC34CC[NH2+]CC4)C(=O)c5ccc(cc5F)F,DUD-E,FA10,FA10_DECOY_G3980726DAC9D41B09A0A,a1c29b1e49dfadb1e4e6ce9f3a1df94e4df65d1ced053d181990ae0d663bf061,development_train,train,1
13317,C44737103,Cc1ccc2c(c1)[nH]c(n2)[C@H](C)NC(=O)[C@H]3CN(CC34CC[NH2+]CC4)C(=O)c5ccccc5OC,COc1ccccc1C(=O)N1C[C@H](C(=O)N[C@@H](C)c2nc3ccc(C)cc3[nH]2)C2(CC[NH2+]CC2)C1,O=C(NCc1nc2ccccc2[nH]1)C1CN(C(=O)c2ccccc2)CC12CC[NH2+]CC2,decoy,FA10_decoy_L013317,Cc1ccc2c(c1)[nH]c(n2)[C@H](C)NC(=O)[C@H]3CN(CC34CC[NH2+]CC4)C(=O)c5ccccc5OC,DUD-E,FA10,FA10_DECOY_G3980726DAC9D41B09A0A,a1c29b1e49dfadb1e4e6ce9f3a1df94e4df65d1ced053d181990ae0d663bf061,development_train,train,1
13350,C44737100,Cc1ccc2c(c1)[nH]c(n2)[C@@H](C)NC(=O)[C@H]3CN(CC34CC[NH2+]CC4)C(=O)c5ccccc5OC,COc1ccccc1C(=O)N1C[C@H](C(=O)N[C@H](C)c2nc3ccc(C)cc3[nH]2)C2(CC[NH2+]CC2)C1,O=C(NCc1nc2ccccc2[nH]1)C1CN(C(=O)c2ccccc2)CC12CC[NH2+]CC2,decoy,FA10_decoy_L013350,Cc1ccc2c(c1)[nH]c(n2)[C@@H](C)NC(=O)[C@H]3CN(CC34CC[NH2+]CC4)C(=O)c5ccccc5OC,DUD-E,FA10,FA10_DECOY_G3980726DAC9D41B09A0A,a1c29b1e49dfadb1e4e6ce9f3a1df94e4df65d1ced053d181990ae0d663bf061,development_train,train,1
16525,C44737351,Cc1ccc2c(c1)[nH]c(n2)[C@H](C)NC(=O)[C@H]3CN(CC34CC[NH2+]CC4)C(=O)c5cccc(c5C)OC(=O)C,CC(=O)Oc1cccc(C(=O)N2C[C@H](C(=O)N[C@@H](C)c3nc4ccc(C)cc4[nH]3)C3(CC[NH2+]CC3)C2)c1C,O=C(NCc1nc2ccccc2[nH]1)C1CN(C(=O)c2ccccc2)CC12CC[NH2+]CC2,decoy,FA10_decoy_L016525,Cc1ccc2c(c1)[nH]c(n2)[C@H](C)NC(=O)[C@H]3CN(CC34CC[NH2+]CC4)C(=O)c5cccc(c5C)OC(=O)C,DUD-E,FA10,FA10_DECOY_G3980726DAC9D41B09A0A,a1c29b1e49dfadb1e4e6ce9f3a1df94e4df65d1ced053d181990ae0d663bf061,development_train,train,1
16527,C39695704,Cc1ccc2c(c1)[nH]c(n2)[C@@H](C)NC(=O)[C@@H]3CN(CC34CC[NH2+]CC4)C(=O)c5ccccc5OC(=O)C,CC(=O)Oc1ccccc1C(=O)N1C[C@@H](C(=O)N[C@H](C)c2nc3ccc(C)cc3[nH]2)C2(CC[NH2+]CC2)C1,O=C(NCc1nc2ccccc2[nH]1)C1CN(C(=O)c2ccccc2)CC12CC[NH2+]CC2,decoy,FA10_decoy_L016527,Cc1ccc2c(c1)[nH]c(n2)[C@@H](C)NC(=O)[C@@H]3CN(CC34CC[NH2+]CC4)C(=O)c5ccccc5OC(=O)C,DUD-E,FA10,FA10_DECOY_G3980726DAC9D41B09A0A,a1c29b1e49dfadb1e4e6ce9f3a1df94e4df65d1ced053d181990ae0d663bf061,development_train,train,1
22636,C39695683,Cc1ccc(cc1)C(=O)N2C[C@H](C3(C2)CC[NH2+]CC3)C(=O)N[C@H](C)c4[nH]c5cc(ccc5n4)C,Cc1ccc(C(=O)N2C[C@@H](C(=O)N[C@H](C)c3nc4ccc(C)cc4[nH]3)C3(CC[NH2+]CC3)C2)cc1,O=C(NCc1nc2ccccc2[nH]1)C1CN(C(=O)c2ccccc2)CC12CC[NH2+]CC2,decoy,FA10_decoy_L022636,Cc1ccc(cc1)C(=O)N2C[C@H](C3(C2)CC[NH2+]CC3)C(=O)N[C@H](C)c4[nH]c5cc(ccc5n4)C,DUD-E,FA10,FA10_DECOY_G3980726DAC9D41B09A0A,a1c29b1e49dfadb1e4e6ce9f3a1df94e4df65d1ced053d181990ae0d663bf061,development_train,train,1
22637,C39695692,Cc1cccc(c1)C(=O)N2C[C@@H](C3(C2)CC[NH2+]CC3)C(=O)N[C@@H](C)c4[nH]c5cc(ccc5n4)C,Cc1cccc(C(=O)N2C[C@H](C(=O)N[C@@H](C)c3nc4ccc(C)cc4[nH]3)C3(CC[NH2+]CC3)C2)c1,O=C(NCc1nc2ccccc2[nH]1)C1CN(C(=O)c2ccccc2)CC12CC[NH2+]CC2,decoy,FA10_decoy_L022637,Cc1cccc(c1)C(=O)N2C[C@@H](C3(C2)CC[NH2+]CC3)C(=O)N[C@@H](C)c4[nH]c5cc(ccc5n4)C,DUD-E,FA10,FA10_DECOY_G3980726DAC9D41B09A0A,a1c29b1e49dfadb1e4e6ce9f3a1df94e4df65d1ced053d181990ae0d663bf061,development_train,train,1
22641,C44737079,Cc1ccc2c(c1)[nH]c(n2)[C@@H](C)NC(=O)[C@H]3CN(CC34CC[NH2+]CC4)C(=O)c5ccc(cc5)C(F)(F)F,Cc1ccc2nc([C@@H](C)NC(=O)[C@H]3CN(C(=O)c4ccc(C(F)(F)F)cc4)CC34CC[NH2+]CC4)[nH]c2c1,O=C(NCc1nc2ccccc2[nH]1)C1CN(C(=O)c2ccccc2)CC12CC[NH2+]CC2,decoy,FA10_decoy_L022641,Cc1ccc2c(c1)[nH]c(n2)[C@@H](C)NC(=O)[C@H]3CN(CC34CC[NH2+]CC4)C(=O)c5ccc(cc5)C(F)(F)F,DUD-E,FA10,FA10_DECOY_G3980726DAC9D41B09A0A,a1c29b1e49dfadb1e4e6ce9f3a1df94e4df65d1ced053d181990ae0d663bf061,development_train,train,1
22642,C44737087,Cc1ccc2c(c1)[nH]c(n2)[C@@H](C)NC(=O)[C@H]3CN(CC34CC[NH2+]CC4)C(=O)c5ccccc5C(F)(F)F,Cc1ccc2nc([C@@H](C)NC(=O)[C@H]3CN(C(=O)c4ccccc4C(F)(F)F)CC34CC[NH2+]CC4)[nH]c2c1,O=C(NCc1nc2ccccc2[nH]1)C1CN(C(=O)c2ccccc2)CC12CC[NH2+]CC2,decoy,FA10_decoy_L022642,Cc1ccc2c(c1)[nH]c(n2)[C@@H](C)NC(=O)[C@H]3CN(CC34CC[NH2+]CC4)C(=O)c5ccccc5C(F)(F)F,DUD-E,FA10,FA10_DECOY_G3980726DAC9D41B09A0A,a1c29b1e49dfadb1e4e6ce9f3a1df94e4df65d1ced053d181990ae0d663bf061,development_train,train,1
23444,C39695707,Cc1ccc2c(c1)[nH]c(n2)[C@H](C)NC(=O)[C@@H]3CN(CC34CC[NH2+]CC4)C(=O)c5c(cccc5Cl)Cl,Cc1ccc2nc([C@H](C)NC(=O)[C@@H]3CN(C(=O)c4c(Cl)cccc4Cl)CC34CC[NH2+]CC4)[nH]c2c1,O=C(NCc1nc2ccccc2[nH]1)C1CN(C(=O)c2ccccc2)CC12CC[NH2+]CC2,decoy,FA10_decoy_L023444,Cc1ccc2c(c1)[nH]c(n2)[C@H](C)NC(=O)[C@@H]3CN(CC34CC[NH2+]CC4)C(=O)c5c(cccc5Cl)Cl,DUD-E,FA10,FA10_DECOY_G3980726DAC9D41B09A0A,a1c29b1e49dfadb1e4e6ce9f3a1df94e4df65d1ced053d181990ae0d663bf061,development_train,train,1
23445,C39695784,Cc1ccc2c(c1)[nH]c(n2)[C@@H](C)NC(=O)[C@@H]3CN(CC34CC[NH2+]CC4)C(=O)c5cccc(c5F)Cl,Cc1ccc2nc([C@@H](C)NC(=O)[C@@H]3CN(C(=O)c4cccc(Cl)c4F)CC34CC[NH2+]CC4)[nH]c2c1,O=C(NCc1nc2ccccc2[nH]1)C1CN(C(=O)c2ccccc2)CC12CC[NH2+]CC2,decoy,FA10_decoy_L023445,Cc1ccc2c(c1)[nH]c(n2)[C@@H](C)NC(=O)[C@@H]3CN(CC34CC[NH2+]CC4)C(=O)c5cccc(c5F)Cl,DUD-E,FA10,FA10_DECOY_G3980726DAC9D41B09A0A,a1c29b1e49dfadb1e4e6ce9f3a1df94e4df65d1ced053d181990ae0d663bf061,development_train,train,1
23446,C39695768,Cc1ccc2c(c1)[nH]c(n2)[C@@H](C)NC(=O)[C@@H]3CN(CC34CC[NH2+]CC4)C(=O)c5ccc(c(c5)F)C,Cc1ccc2nc([C@@H](C)NC(=O)[C@@H]3CN(C(=O)c4ccc(C)c(F)c4)CC34CC[NH2+]CC4)[nH]c2c1,O=C(NCc1nc2ccccc2[nH]1)C1CN(C(=O)c2ccccc2)CC12CC[NH2+]CC2,decoy,FA10_decoy_L023446,Cc1ccc2c(c1)[nH]c(n2)[C@@H](C)NC(=O)[C@@H]3CN(CC34CC[NH2+]CC4)C(=O)c5ccc(c(c5)F)C,DUD-E,FA10,FA10_DECOY_G3980726DAC9D41B09A0A,a1c29b1e49dfadb1e4e6ce9f3a1df94e4df65d1ced053d181990ae0d663bf061,development_train,train,1
23447,C44737300,Cc1ccc2c(c1)[nH]c(n2)[C@@H](C)NC(=O)[C@H]3CN(CC34CC[NH2+]CC4)C(=O)c5cccc(c5F)Cl,Cc1ccc2nc([C@@H](C)NC(=O)[C@H]3CN(C(=O)c4cccc(Cl)c4F)CC34CC[NH2+]CC4)[nH]c2c1,O=C(NCc1nc2ccccc2[nH]1)C1CN(C(=O)c2ccccc2)CC12CC[NH2+]CC2,decoy,FA10_decoy_L023447,Cc1ccc2c(c1)[nH]c(n2)[C@@H](C)NC(=O)[C@H]3CN(CC34CC[NH2+]CC4)C(=O)c5cccc(c5F)Cl,DUD-E,FA10,FA10_DECOY_G3980726DAC9D41B09A0A,a1c29b1e49dfadb1e4e6ce9f3a1df94e4df65d1ced053d181990ae0d663bf061,development_train,train,1
23524,C39695782,Cc1ccc2c(c1)[nH]c(n2)[C@@H](C)NC(=O)[C@@H]3CN(CC34CC[NH2+]CC4)C(=O)c5ccc(c(c5)C)F,Cc1ccc2nc([C@@H](C)NC(=O)[C@@H]3CN(C(=O)c4ccc(F)c(C)c4)CC34CC[NH2+]CC4)[nH]c2c1,O=C(NCc1nc2ccccc2[nH]1)C1CN(C(=O)c2ccccc2)CC12CC[NH2+]CC2,decoy,FA10_decoy_L023524,Cc1ccc2c(c1)[nH]c(n2)[C@@H](C)NC(=O)[C@@H]3CN(CC34CC[NH2+]CC4)C(=O)c5ccc(c(c5)C)F,DUD-E,FA10,FA10_DECOY_G3980726DAC9D41B09A0A,a1c29b1e49dfadb1e4e6ce9f3a1df94e4df65d1ced053d181990ae0d663bf061,development_train,train,1
23525,C44736949,Cc1ccc2c(c1)[nH]c(n2)[C@@H](C)NC(=O)[C@H]3CN(CC34CC[NH2+]CC4)C(=O)c5ccccc5Cl,Cc1ccc2nc([C@@H](C)NC(=O)[C@H]3CN(C(=O)c4ccccc4Cl)CC34CC[NH2+]CC4)[nH]c2c1,O=C(NCc1nc2ccccc2[nH]1)C1CN(C(=O)c2ccccc2)CC12CC[NH2+]CC2,decoy,FA10_decoy_L023525,Cc1ccc2c(c1)[nH]c(n2)[C@@H](C)NC(=O)[C@H]3CN(CC34CC[NH2+]CC4)C(=O)c5ccccc5Cl,DUD-E,FA10,FA10_DECOY_G3980726DAC9D41B09A0A,a1c29b1e49dfadb1e4e6ce9f3a1df94e4df65d1ced053d181990ae0d663bf061,development_train,train,1
23526,C44737062,Cc1ccc2c(c1)[nH]c(n2)[C@H](C)NC(=O)[C@H]3CN(CC34CC[NH2+]CC4)C(=O)c5c(cccc5F)F,Cc1ccc2nc([C@H](C)NC(=O)[C@H]3CN(C(=O)c4c(F)cccc4F)CC34CC[NH2+]CC4)[nH]c2c1,O=C(NCc1nc2ccccc2[nH]1)C1CN(C(=O)c2ccccc2)CC12CC[NH2+]CC2,decoy,FA10_decoy_L023526,Cc1ccc2c(c1)[nH]c(n2)[C@H](C)NC(=O)[C@H]3CN(CC34CC[NH2+]CC4)C(=O)c5c(cccc5F)F,DUD-E,FA10,FA10_DECOY_G3980726DAC9D41B09A0A,a1c29b1e49dfadb1e4e6ce9f3a1df94e4df65d1ced053d181990ae0d663bf061,development_train,train,1
23527,C44737121,Cc1ccc2c(c1)[nH]c(n2)[C@@H](C)NC(=O)[C@H]3CN(CC34CC[NH2+]CC4)C(=O)c5ccc(cc5F)F,Cc1ccc2nc([C@@H](C)NC(=O)[C@H]3CN(C(=O)c4ccc(F)cc4F)CC34CC[NH2+]CC4)[nH]c2c1,O=C(NCc1nc2ccccc2[nH]1)C1CN(C(=O)c2ccccc2)CC12CC[NH2+]CC2,decoy,FA10_decoy_L023527,Cc1ccc2c(c1)[nH]c(n2)[C@@H](C)NC(=O)[C@H]3CN(CC34CC[NH2+]CC4)C(=O)c5ccc(cc5F)F,DUD-E,FA10,FA10_DECOY_G3980726DAC9D41B09A0A,a1c29b1e49dfadb1e4e6ce9f3a1df94e4df65d1ced053d181990ae0d663bf061,development_train,train,1
23528,C39695785,Cc1ccc2c(c1)[nH]c(n2)[C@H](C)NC(=O)[C@@H]3CN(CC34CC[NH2+]CC4)C(=O)c5cccc(c5F)Cl,Cc1ccc2nc([C@H](C)NC(=O)[C@@H]3CN(C(=O)c4cccc(Cl)c4F)CC34CC[NH2+]CC4)[nH]c2c1,O=C(NCc1nc2ccccc2[nH]1)C1CN(C(=O)c2ccccc2)CC12CC[NH2+]CC2,decoy,FA10_decoy_L023528,Cc1ccc2c(c1)[nH]c(n2)[C@H](C)NC(=O)[C@@H]3CN(CC34CC[NH2+]CC4)C(=O)c5cccc(c5F)Cl,DUD-E,FA10,FA10_DECOY_G3980726DAC9D41B09A0A,a1c29b1e49dfadb1e4e6ce9f3a1df94e4df65d1ced053d181990ae0d663bf061,development_train,train,1
18520,C03382388,Cc1ccc2c(cc(=O)oc2c1C)C[NH+](C)CC(=O)Nc3ccc(c(c3)C(F)(F)F)Cl,Cc1ccc2c(C[NH+](C)CC(=O)Nc3ccc(Cl)c(C(F)(F)F)c3)cc(=O)oc2c1C,O=C(C[NH2+]Cc1cc(=O)oc2ccccc12)Nc1ccccc1,decoy,FA10_decoy_L018520,Cc1ccc2c(cc(=O)oc2c1C)C[NH+](C)CC(=O)Nc3ccc(c(c3)C(F)(F)F)Cl,DUD-E,FA10,FA10_DECOY_G8C25AFE7FD116F6D5569,a2cdb24c3684ecb994568b948905eba72034f4b3148ab69c988989648944b9a1,development_train,train,3
1855,C41025988,CCNc1nc(c2cnn(c2n1)c3ccccc3)Nc4c(c5c(s4)CCCC5)C(=O)N,CCNc1nc(Nc2sc3c(c2C(N)=O)CCCC3)c2cnn(-c3ccccc3)c2n1,c1ccc(-n2ncc3c(Nc4cc5c(s4)CCCC5)ncnc32)cc1,decoy,FA10_decoy_L001855,CCNc1nc(c2cnn(c2n1)c3ccccc3)Nc4c(c5c(s4)CCCC5)C(=O)N,DUD-E,FA10,FA10_DECOY_GDC55E37AC77A2CA1EDB9,a377b9405df6ede3d0d9945a206f3c46715a67fc3820fdab1da32c110dc85250,development_train,train,4
17802,C41026022,CC[C@@H](CO)Nc1nc(c2cnn(c2n1)c3ccccc3)Nc4c(c5c(s4)CCCC5)C(=O)N,CC[C@@H](CO)Nc1nc(Nc2sc3c(c2C(N)=O)CCCC3)c2cnn(-c3ccccc3)c2n1,c1ccc(-n2ncc3c(Nc4cc5c(s4)CCCC5)ncnc32)cc1,decoy,FA10_decoy_L017802,CC[C@@H](CO)Nc1nc(c2cnn(c2n1)c3ccccc3)Nc4c(c5c(s4)CCCC5)C(=O)N,DUD-E,FA10,FA10_DECOY_GDC55E37AC77A2CA1EDB9,a377b9405df6ede3d0d9945a206f3c46715a67fc3820fdab1da32c110dc85250,development_train,train,4
17941,C41026020,c1ccc(cc1)n2c3c(cn2)c(nc(n3)NCCO)Nc4c(c5c(s4)CCCC5)C(=O)N,NC(=O)c1c(Nc2nc(NCCO)nc3c2cnn3-c2ccccc2)sc2c1CCCC2,c1ccc(-n2ncc3c(Nc4cc5c(s4)CCCC5)ncnc32)cc1,decoy,FA10_decoy_L017941,c1ccc(cc1)n2c3c(cn2)c(nc(n3)NCCO)Nc4c(c5c(s4)CCCC5)C(=O)N,DUD-E,FA10,FA10_DECOY_GDC55E37AC77A2CA1EDB9,a377b9405df6ede3d0d9945a206f3c46715a67fc3820fdab1da32c110dc85250,development_train,train,4
18473,C41025998,CC[C@H](C)Nc1nc(c2cnn(c2n1)c3ccccc3)Nc4c(c5c(s4)CCCC5)C(=O)N,CC[C@H](C)Nc1nc(Nc2sc3c(c2C(N)=O)CCCC3)c2cnn(-c3ccccc3)c2n1,c1ccc(-n2ncc3c(Nc4cc5c(s4)CCCC5)ncnc32)cc1,decoy,FA10_decoy_L018473,CC[C@H](C)Nc1nc(c2cnn(c2n1)c3ccccc3)Nc4c(c5c(s4)CCCC5)C(=O)N,DUD-E,FA10,FA10_DECOY_GDC55E37AC77A2CA1EDB9,a377b9405df6ede3d0d9945a206f3c46715a67fc3820fdab1da32c110dc85250,development_train,train,4
20248,C39628249,Cn1cncc1C(=O)N2C[C@@H](C3(C2)CC[NH2+]CC3)C(=O)NCC[NH+]4CCCCC4,Cn1cncc1C(=O)N1C[C@H](C(=O)NCC[NH+]2CCCCC2)C2(CC[NH2+]CC2)C1,O=C(NCC[NH+]1CCCCC1)C1CN(C(=O)c2cnc[nH]2)CC12CC[NH2+]CC2,decoy,FA10_decoy_L020248,Cn1cncc1C(=O)N2C[C@@H](C3(C2)CC[NH2+]CC3)C(=O)NCC[NH+]4CCCCC4,DUD-E,FA10,FA10_DECOY_GA09400E3C2651AEC3D90,a3b2ea214eabf528a14a3779821f39fc8e08837f4c1e3aa6b4a3a4656117f002,development_train,train,1
5435,C13567743,CCCN1c2ccccc2[C@@]3(C1=O)C(=C(N(C4=C3C(=O)CCC4)c5ccc(cn5)Cl)N)C#N,CCCN1C(=O)[C@@]2(C(C#N)=C(N)N(c3ccc(Cl)cn3)C3=C2C(=O)CCC3)c2ccccc21,O=C1CCCC2=C1C1(C=CN2c2ccccn2)C(=O)Nc2ccccc21,decoy,FA10_decoy_L005435,CCCN1c2ccccc2[C@@]3(C1=O)C(=C(N(C4=C3C(=O)CCC4)c5ccc(cn5)Cl)N)C#N,DUD-E,FA10,FA10_DECOY_G3A337DA7E0CBF68749B3,a3de42c10f4487cbcc5176f829891145b42f7e7cae4978648886c25f7765be79,development_train,train,3
5436,C13567747,C#CCN1c2ccccc2[C@@]3(C1=O)C(=C(N(C4=C3C(=O)CCC4)c5ccc(cn5)Cl)N)C#N,C#CCN1C(=O)[C@@]2(C(C#N)=C(N)N(c3ccc(Cl)cn3)C3=C2C(=O)CCC3)c2ccccc21,O=C1CCCC2=C1C1(C=CN2c2ccccn2)C(=O)Nc2ccccc21,decoy,FA10_decoy_L005436,C#CCN1c2ccccc2[C@@]3(C1=O)C(=C(N(C4=C3C(=O)CCC4)c5ccc(cn5)Cl)N)C#N,DUD-E,FA10,FA10_DECOY_G3A337DA7E0CBF68749B3,a3de42c10f4487cbcc5176f829891145b42f7e7cae4978648886c25f7765be79,development_train,train,3
5144,C24373634,c1cc(ccc1n2c(=O)c(c(cn2)Cl)Cl)S(=O)(=O)NNC(=O)[C@@H]3CCS(=O)(=O)C3,O=C(NNS(=O)(=O)c1ccc(-n2ncc(Cl)c(Cl)c2=O)cc1)[C@@H]1CCS(=O)(=O)C1,O=C(NNS(=O)(=O)c1ccc(-n2ncccc2=O)cc1)C1CCS(=O)(=O)C1,decoy,FA10_decoy_L005144,c1cc(ccc1n2c(=O)c(c(cn2)Cl)Cl)S(=O)(=O)NNC(=O)[C@@H]3CCS(=O)(=O)C3,DUD-E,FA10,FA10_DECOY_GB33F31EAD27EAED7E4CD,a43b07388e90988fd368962c8c72c52f7a5f96decea55b2c08e891f5d8b1ef1f,development_train,train,3
15308,C38671515,CN1CCc2c1ccc(c2)[C@@H](CNC(=O)c3cc4cccc(c4oc3=O)OC)[NH+]5CCCCC5,COc1cccc2cc(C(=O)NC[C@H](c3ccc4c(c3)CCN4C)[NH+]3CCCCC3)c(=O)oc12,O=C(NCC(c1ccc2c(c1)CCN2)[NH+]1CCCCC1)c1cc2ccccc2oc1=O,decoy,FA10_decoy_L015308,CN1CCc2c1ccc(c2)[C@@H](CNC(=O)c3cc4cccc(c4oc3=O)OC)[NH+]5CCCCC5,DUD-E,FA10,FA10_DECOY_GD78696B9A63346C36C41,a4abae2ceec731ab982c872cce1a35c9dd5906293436033a4d3116fb6675abec,development_train,train,1
2464,C08636447,COc1cc(cc(c1)OC)N2[C@@H]3[C@@H](C[C@H]([C@@H]([C@@H]3NC2=S)O)O)C(=O)NCc4cccs4,COc1cc(OC)cc(N2C(=S)N[C@H]3[C@@H](O)[C@H](O)C[C@@H](C(=O)NCc4cccs4)[C@H]32)c1,O=C(NCc1cccs1)C1CCCC2NC(=S)N(c3ccccc3)C21,decoy,FA10_decoy_L002464,COc1cc(cc(c1)OC)N2[C@@H]3[C@@H](C[C@H]([C@@H]([C@@H]3NC2=S)O)O)C(=O)NCc4cccs4,DUD-E,FA10,FA10_DECOY_G6B29DC414399BAE3612C,a4b1c11021e11a6ab8aa25ada14a5dae4f8075d0e03ee09ce27ca8a8a63af8d3,development_train,train,2
20596,C09597128,COCC/N=C\1/C([C@@H]([C@H](S1)C(=O)c2ccc(cc2)OC(F)F)[NH3+])c3nc4ccccc4s3,COCC/N=C1\S[C@H](C(=O)c2ccc(OC(F)F)cc2)[C@@H]([NH3+])C1c1nc2ccccc2s1,N=C1SC(C(=O)c2ccccc2)CC1c1nc2ccccc2s1,decoy,FA10_decoy_L020596,COCC/N=C\1/C([C@@H]([C@H](S1)C(=O)c2ccc(cc2)OC(F)F)[NH3+])c3nc4ccccc4s3,DUD-E,FA10,FA10_DECOY_G557C209C6A25FC09325F,a4cf2001bcae15df72f29c4cbf961745b17e2183290af0e4e2044226c0ee2075,development_train,train,4
24069,C09597129,COCC/N=C\1/C([C@H]([C@H](S1)C(=O)c2ccc(cc2)OC(F)F)[NH3+])c3nc4ccccc4s3,COCC/N=C1\S[C@H](C(=O)c2ccc(OC(F)F)cc2)[C@H]([NH3+])C1c1nc2ccccc2s1,N=C1SC(C(=O)c2ccccc2)CC1c1nc2ccccc2s1,decoy,FA10_decoy_L024069,COCC/N=C\1/C([C@H]([C@H](S1)C(=O)c2ccc(cc2)OC(F)F)[NH3+])c3nc4ccccc4s3,DUD-E,FA10,FA10_DECOY_G557C209C6A25FC09325F,a4cf2001bcae15df72f29c4cbf961745b17e2183290af0e4e2044226c0ee2075,development_train,train,4
13535,C13940301,CCOc1cc(cc(c1OCCOc2ccc(cc2)C)Br)C=C3C(=O)N(C(=O)N(C3=O)C)C,CCOc1cc(C=C2C(=O)N(C)C(=O)N(C)C2=O)cc(Br)c1OCCOc1ccc(C)cc1,O=C1NC(=O)C(=Cc2ccc(OCCOc3ccccc3)cc2)C(=O)N1,decoy,FA10_decoy_L013535,CCOc1cc(cc(c1OCCOc2ccc(cc2)C)Br)C=C3C(=O)N(C(=O)N(C3=O)C)C,DUD-E,FA10,FA10_DECOY_GFB86E343D9E342DB3359,a521f6c02f19ad9c28da4a4a24ae063736cacb4ded147a261076eacac65f00ba,development_train,train,1
18663,C08952551,CN1C(=O)C(=Cc2cc(c(c(c2)Br)OCCOc3ccccc3)OC)C(=O)N(C1=O)C,COc1cc(C=C2C(=O)N(C)C(=O)N(C)C2=O)cc(Br)c1OCCOc1ccccc1,O=C1NC(=O)C(=Cc2ccc(OCCOc3ccccc3)cc2)C(=O)N1,decoy,FA10_decoy_L018663,CN1C(=O)C(=Cc2cc(c(c(c2)Br)OCCOc3ccccc3)OC)C(=O)N(C1=O)C,DUD-E,FA10,FA10_DECOY_GFB86E343D9E342DB3359,a521f6c02f19ad9c28da4a4a24ae063736cacb4ded147a261076eacac65f00ba,development_train,train,1
4100,C35848618,CCCCCNC(=O)CN1c2c(c(nn2C)c3ccccc3)[C@@H](SCC1=O)c4ccc(c(c4)OC)OC,CCCCCNC(=O)CN1C(=O)CS[C@@H](c2ccc(OC)c(OC)c2)c2c(-c3ccccc3)nn(C)c21,O=C1CSC(c2ccccc2)c2c(-c3ccccc3)n[nH]c2N1,decoy,FA10_decoy_L004100,CCCCCNC(=O)CN1c2c(c(nn2C)c3ccccc3)[C@@H](SCC1=O)c4ccc(c(c4)OC)OC,DUD-E,FA10,FA10_DECOY_GF4E8A8A379DADF080C22,a6d67660b3abe5033f3ea24ad0283468a2388a05bdb1d0ec9412d0ed5b38c77a,development_train,train,5
27574,C37425607,CC[C@H](C)NC(=O)CN1c2c(c(nn2C(C)(C)C)c3ccccc3)[C@@H](SCC1=O)c4ccccc4Cl,CC[C@H](C)NC(=O)CN1C(=O)CS[C@@H](c2ccccc2Cl)c2c(-c3ccccc3)nn(C(C)(C)C)c21,O=C1CSC(c2ccccc2)c2c(-c3ccccc3)n[nH]c2N1,decoy,FA10_decoy_L027574,CC[C@H](C)NC(=O)CN1c2c(c(nn2C(C)(C)C)c3ccccc3)[C@@H](SCC1=O)c4ccccc4Cl,DUD-E,FA10,FA10_DECOY_GF4E8A8A379DADF080C22,a6d67660b3abe5033f3ea24ad0283468a2388a05bdb1d0ec9412d0ed5b38c77a,development_train,train,5
27575,C37425608,CC[C@@H](C)NC(=O)CN1c2c(c(nn2C(C)(C)C)c3ccccc3)[C@H](SCC1=O)c4ccccc4Cl,CC[C@@H](C)NC(=O)CN1C(=O)CS[C@H](c2ccccc2Cl)c2c(-c3ccccc3)nn(C(C)(C)C)c21,O=C1CSC(c2ccccc2)c2c(-c3ccccc3)n[nH]c2N1,decoy,FA10_decoy_L027575,CC[C@@H](C)NC(=O)CN1c2c(c(nn2C(C)(C)C)c3ccccc3)[C@H](SCC1=O)c4ccccc4Cl,DUD-E,FA10,FA10_DECOY_GF4E8A8A379DADF080C22,a6d67660b3abe5033f3ea24ad0283468a2388a05bdb1d0ec9412d0ed5b38c77a,development_train,train,5
7466,C03227080,c1ccc(cc1)Nc2nnc(s2)S[C@@H]3c4cccc5c4c(ccc5)[C@H]3NS(=O)(=O)c6ccccc6,O=S(=O)(N[C@@H]1c2cccc3cccc(c23)[C@H]1Sc1nnc(Nc2ccccc2)s1)c1ccccc1,O=S(=O)(NC1c2cccc3cccc(c23)C1Sc1nnc(Nc2ccccc2)s1)c1ccccc1,decoy,FA10_decoy_L007466,c1ccc(cc1)Nc2nnc(s2)S[C@@H]3c4cccc5c4c(ccc5)[C@H]3NS(=O)(=O)c6ccccc6,DUD-E,FA10,FA10_DECOY_G7BE95E26D130EFB24080,a7887c16285c945415e6fc4d4285c5bbc1acc724494013595a71c2883e041d14,development_train,train,2
13926,C43649085,C[C@@]1(C(=O)N2[C@H](C(=O)N3CCC[C@@H]3[C@@]2(O1)O)Cc4ccccc4)NC(=O)[C@H]5C[NH+]([C@@H]6Cc7c[nH]c8c7c(ccc8)C6=C5)C,C[NH+]1C[C@H](C(=O)N[C@]2(C)O[C@@]3(O)[C@H]4CCCN4C(=O)[C@H](Cc4ccccc4)N3C2=O)C=C2c3cccc4[nH]cc(c34)C[C@H]21,O=C(NC1OC2C3CCCN3C(=O)C(Cc3ccccc3)N2C1=O)C1C=C2c3cccc4[nH]cc(c34)CC2[NH2+]C1,decoy,FA10_decoy_L013926,C[C@@]1(C(=O)N2[C@H](C(=O)N3CCC[C@@H]3[C@@]2(O1)O)Cc4ccccc4)NC(=O)[C@H]5C[NH+]([C@@H]6Cc7c[nH]c8c7c(ccc8)C6=C5)C,DUD-E,FA10,FA10_DECOY_GCE84E865B4E46479FA1B,a9c7ffea6977f328d09b588470a1404c6b6b9146099f3b253362db055a7308d7,development_train,train,5
3309,C06149044,CCC(C)(C)n1c(nnn1)[C@@H](c2cc3c(ccc(c3[nH]c2=O)C)C)[NH+](CCc4ccccc4)Cc5ccccc5,CCC(C)(C)n1nnnc1[C@@H](c1cc2c(C)ccc(C)c2[nH]c1=O)[NH+](CCc1ccccc1)Cc1ccccc1,O=c1[nH]c2ccccc2cc1C(c1nnn[nH]1)[NH+](CCc1ccccc1)Cc1ccccc1,decoy,FA10_decoy_L003309,CCC(C)(C)n1c(nnn1)[C@@H](c2cc3c(ccc(c3[nH]c2=O)C)C)[NH+](CCc4ccccc4)Cc5ccccc5,DUD-E,FA10,FA10_DECOY_G25D23BB3E53991844C9F,aa329da72ed57d45ed1b1641ed70c1f7024c8528fe0bc75779561d6c57b59246,development_train,train,5
3310,C06149427,CCC(C)(C)n1c(nnn1)[C@H](c2cc3cc(ccc3[nH]c2=O)C)[NH+](CCc4ccccc4)Cc5ccccc5,CCC(C)(C)n1nnnc1[C@H](c1cc2cc(C)ccc2[nH]c1=O)[NH+](CCc1ccccc1)Cc1ccccc1,O=c1[nH]c2ccccc2cc1C(c1nnn[nH]1)[NH+](CCc1ccccc1)Cc1ccccc1,decoy,FA10_decoy_L003310,CCC(C)(C)n1c(nnn1)[C@H](c2cc3cc(ccc3[nH]c2=O)C)[NH+](CCc4ccccc4)Cc5ccccc5,DUD-E,FA10,FA10_DECOY_G25D23BB3E53991844C9F,aa329da72ed57d45ed1b1641ed70c1f7024c8528fe0bc75779561d6c57b59246,development_train,train,5
4033,C06197993,CCc1ccc2c(c1)cc(c(=O)[nH]2)[C@@H](c3nnnn3CCOC)[NH+](CCc4ccccc4)Cc5ccccc5,CCc1ccc2[nH]c(=O)c([C@@H](c3nnnn3CCOC)[NH+](CCc3ccccc3)Cc3ccccc3)cc2c1,O=c1[nH]c2ccccc2cc1C(c1nnn[nH]1)[NH+](CCc1ccccc1)Cc1ccccc1,decoy,FA10_decoy_L004033,CCc1ccc2c(c1)cc(c(=O)[nH]2)[C@@H](c3nnnn3CCOC)[NH+](CCc4ccccc4)Cc5ccccc5,DUD-E,FA10,FA10_DECOY_G25D23BB3E53991844C9F,aa329da72ed57d45ed1b1641ed70c1f7024c8528fe0bc75779561d6c57b59246,development_train,train,5
4585,C06443689,Cc1cccc2c1[nH]c(=O)c(c2)[C@@H](c3nnnn3CCOC)[NH+](CCc4ccccc4)Cc5ccc(cc5)F,COCCn1nnnc1[C@H](c1cc2cccc(C)c2[nH]c1=O)[NH+](CCc1ccccc1)Cc1ccc(F)cc1,O=c1[nH]c2ccccc2cc1C(c1nnn[nH]1)[NH+](CCc1ccccc1)Cc1ccccc1,decoy,FA10_decoy_L004585,Cc1cccc2c1[nH]c(=O)c(c2)[C@@H](c3nnnn3CCOC)[NH+](CCc4ccccc4)Cc5ccc(cc5)F,DUD-E,FA10,FA10_DECOY_G25D23BB3E53991844C9F,aa329da72ed57d45ed1b1641ed70c1f7024c8528fe0bc75779561d6c57b59246,development_train,train,5
10534,C06443884,Cc1cccc2c1[nH]c(=O)c(c2)[C@H](c3nnnn3C(C)(C)C)[NH+](CCc4ccccc4)Cc5ccc(cc5)F,Cc1cccc2cc([C@H](c3nnnn3C(C)(C)C)[NH+](CCc3ccccc3)Cc3ccc(F)cc3)c(=O)[nH]c12,O=c1[nH]c2ccccc2cc1C(c1nnn[nH]1)[NH+](CCc1ccccc1)Cc1ccccc1,decoy,FA10_decoy_L010534,Cc1cccc2c1[nH]c(=O)c(c2)[C@H](c3nnnn3C(C)(C)C)[NH+](CCc4ccccc4)Cc5ccc(cc5)F,DUD-E,FA10,FA10_DECOY_G25D23BB3E53991844C9F,aa329da72ed57d45ed1b1641ed70c1f7024c8528fe0bc75779561d6c57b59246,development_train,train,5
21906,C06409941,Cc1ccc2cc(c(=O)[nH]c2c1)[C@H](c3nnnn3C(C)(C)C)[NH+](CCc4ccccc4)Cc5ccc(cc5)F,Cc1ccc2cc([C@H](c3nnnn3C(C)(C)C)[NH+](CCc3ccccc3)Cc3ccc(F)cc3)c(=O)[nH]c2c1,O=c1[nH]c2ccccc2cc1C(c1nnn[nH]1)[NH+](CCc1ccccc1)Cc1ccccc1,decoy,FA10_decoy_L021906,Cc1ccc2cc(c(=O)[nH]c2c1)[C@H](c3nnnn3C(C)(C)C)[NH+](CCc4ccccc4)Cc5ccc(cc5)F,DUD-E,FA10,FA10_DECOY_G25D23BB3E53991844C9F,aa329da72ed57d45ed1b1641ed70c1f7024c8528fe0bc75779561d6c57b59246,development_train,train,5
22792,C06149302,CCC(C)(C)n1c(nnn1)[C@@H](c2cc3cccc(c3[nH]c2=O)C)[NH+](CCc4ccccc4)Cc5ccccc5,CCC(C)(C)n1nnnc1[C@@H](c1cc2cccc(C)c2[nH]c1=O)[NH+](CCc1ccccc1)Cc1ccccc1,O=c1[nH]c2ccccc2cc1C(c1nnn[nH]1)[NH+](CCc1ccccc1)Cc1ccccc1,decoy,FA10_decoy_L022792,CCC(C)(C)n1c(nnn1)[C@@H](c2cc3cccc(c3[nH]c2=O)C)[NH+](CCc4ccccc4)Cc5ccccc5,DUD-E,FA10,FA10_DECOY_G25D23BB3E53991844C9F,aa329da72ed57d45ed1b1641ed70c1f7024c8528fe0bc75779561d6c57b59246,development_train,train,5
22794,C06149592,CCC(C)(C)n1c(nnn1)[C@H](c2cc3cccc(c3[nH]c2=O)C)[NH+](CCc4ccccc4)Cc5ccccc5,CCC(C)(C)n1nnnc1[C@H](c1cc2cccc(C)c2[nH]c1=O)[NH+](CCc1ccccc1)Cc1ccccc1,O=c1[nH]c2ccccc2cc1C(c1nnn[nH]1)[NH+](CCc1ccccc1)Cc1ccccc1,decoy,FA10_decoy_L022794,CCC(C)(C)n1c(nnn1)[C@H](c2cc3cccc(c3[nH]c2=O)C)[NH+](CCc4ccccc4)Cc5ccccc5,DUD-E,FA10,FA10_DECOY_G25D23BB3E53991844C9F,aa329da72ed57d45ed1b1641ed70c1f7024c8528fe0bc75779561d6c57b59246,development_train,train,5
22795,C06197879,CCc1ccc2c(c1)cc(c(=O)[nH]2)[C@@H](c3nnnn3C(C)(C)C)[NH+](CCc4ccccc4)Cc5ccccc5,CCc1ccc2[nH]c(=O)c([C@@H](c3nnnn3C(C)(C)C)[NH+](CCc3ccccc3)Cc3ccccc3)cc2c1,O=c1[nH]c2ccccc2cc1C(c1nnn[nH]1)[NH+](CCc1ccccc1)Cc1ccccc1,decoy,FA10_decoy_L022795,CCc1ccc2c(c1)cc(c(=O)[nH]2)[C@@H](c3nnnn3C(C)(C)C)[NH+](CCc4ccccc4)Cc5ccccc5,DUD-E,FA10,FA10_DECOY_G25D23BB3E53991844C9F,aa329da72ed57d45ed1b1641ed70c1f7024c8528fe0bc75779561d6c57b59246,development_train,train,5
23039,C06149358,CCC(C)(C)n1c(nnn1)[C@H](c2cc3cc(c(cc3[nH]c2=O)C)C)[NH+](CCc4ccccc4)Cc5ccccc5,CCC(C)(C)n1nnnc1[C@H](c1cc2cc(C)c(C)cc2[nH]c1=O)[NH+](CCc1ccccc1)Cc1ccccc1,O=c1[nH]c2ccccc2cc1C(c1nnn[nH]1)[NH+](CCc1ccccc1)Cc1ccccc1,decoy,FA10_decoy_L023039,CCC(C)(C)n1c(nnn1)[C@H](c2cc3cc(c(cc3[nH]c2=O)C)C)[NH+](CCc4ccccc4)Cc5ccccc5,DUD-E,FA10,FA10_DECOY_G25D23BB3E53991844C9F,aa329da72ed57d45ed1b1641ed70c1f7024c8528fe0bc75779561d6c57b59246,development_train,train,5
23220,C06149142,CCC(C)(C)n1c(nnn1)[C@@H](c2cc3cc(ccc3[nH]c2=O)C)[NH+](CCc4ccccc4)Cc5ccccc5,CCC(C)(C)n1nnnc1[C@@H](c1cc2cc(C)ccc2[nH]c1=O)[NH+](CCc1ccccc1)Cc1ccccc1,O=c1[nH]c2ccccc2cc1C(c1nnn[nH]1)[NH+](CCc1ccccc1)Cc1ccccc1,decoy,FA10_decoy_L023220,CCC(C)(C)n1c(nnn1)[C@@H](c2cc3cc(ccc3[nH]c2=O)C)[NH+](CCc4ccccc4)Cc5ccccc5,DUD-E,FA10,FA10_DECOY_G25D23BB3E53991844C9F,aa329da72ed57d45ed1b1641ed70c1f7024c8528fe0bc75779561d6c57b59246,development_train,train,5
25515,C06409861,Cc1ccc2cc(c(=O)[nH]c2c1)[C@@H](c3nnnn3CCOC)[NH+](CCc4ccccc4)Cc5ccc(cc5)F,COCCn1nnnc1[C@H](c1cc2ccc(C)cc2[nH]c1=O)[NH+](CCc1ccccc1)Cc1ccc(F)cc1,O=c1[nH]c2ccccc2cc1C(c1nnn[nH]1)[NH+](CCc1ccccc1)Cc1ccccc1,decoy,FA10_decoy_L025515,Cc1ccc2cc(c(=O)[nH]c2c1)[C@@H](c3nnnn3CCOC)[NH+](CCc4ccccc4)Cc5ccc(cc5)F,DUD-E,FA10,FA10_DECOY_G25D23BB3E53991844C9F,aa329da72ed57d45ed1b1641ed70c1f7024c8528fe0bc75779561d6c57b59246,development_train,train,5
25609,C06410017,Cc1ccc2cc(c(=O)[nH]c2c1)[C@H](c3nnnn3CCOC)[NH+](CCc4ccccc4)Cc5ccc(cc5)F,COCCn1nnnc1[C@@H](c1cc2ccc(C)cc2[nH]c1=O)[NH+](CCc1ccccc1)Cc1ccc(F)cc1,O=c1[nH]c2ccccc2cc1C(c1nnn[nH]1)[NH+](CCc1ccccc1)Cc1ccccc1,decoy,FA10_decoy_L025609,Cc1ccc2cc(c(=O)[nH]c2c1)[C@H](c3nnnn3CCOC)[NH+](CCc4ccccc4)Cc5ccc(cc5)F,DUD-E,FA10,FA10_DECOY_G25D23BB3E53991844C9F,aa329da72ed57d45ed1b1641ed70c1f7024c8528fe0bc75779561d6c57b59246,development_train,train,5
25610,C06321287,Cc1cc2cc(c(=O)[nH]c2cc1C)[C@H](c3nnnn3CCOC)[NH+](CCc4ccccc4)Cc5ccccc5,COCCn1nnnc1[C@@H](c1cc2cc(C)c(C)cc2[nH]c1=O)[NH+](CCc1ccccc1)Cc1ccccc1,O=c1[nH]c2ccccc2cc1C(c1nnn[nH]1)[NH+](CCc1ccccc1)Cc1ccccc1,decoy,FA10_decoy_L025610,Cc1cc2cc(c(=O)[nH]c2cc1C)[C@H](c3nnnn3CCOC)[NH+](CCc4ccccc4)Cc5ccccc5,DUD-E,FA10,FA10_DECOY_G25D23BB3E53991844C9F,aa329da72ed57d45ed1b1641ed70c1f7024c8528fe0bc75779561d6c57b59246,development_train,train,5
21036,C09959450,COCCn1c(=O)c2c(c3ccccc3s2)n(c1=O)CC(=O)N4CCCc5c4cccc5,COCCn1c(=O)c2sc3ccccc3c2n(CC(=O)N2CCCc3ccccc32)c1=O,O=C(Cn1c(=O)[nH]c(=O)c2sc3ccccc3c21)N1CCCc2ccccc21,decoy,FA10_decoy_L021036,COCCn1c(=O)c2c(c3ccccc3s2)n(c1=O)CC(=O)N4CCCc5c4cccc5,DUD-E,FA10,FA10_DECOY_GEF379C13BEE2D24CA33D,aa49180335b4691e63a881cb032842b54d8ed2fb5aa88d10651c6883514304a0,development_train,train,4
5746,C31161265,Cc1cc(cc(c1C(=O)O[C@H]2[C@H](O[C@H]([C@@H]2OC(=O)C)n3ccc(=O)[nH]c3=O)CO)OC)O,COc1cc(O)cc(C)c1C(=O)O[C@@H]1[C@@H](OC(C)=O)[C@H](n2ccc(=O)[nH]c2=O)O[C@@H]1CO,O=C(OC1COC(n2ccc(=O)[nH]c2=O)C1)c1ccccc1,decoy,FA10_decoy_L005746,Cc1cc(cc(c1C(=O)O[C@H]2[C@H](O[C@H]([C@@H]2OC(=O)C)n3ccc(=O)[nH]c3=O)CO)OC)O,DUD-E,FA10,FA10_DECOY_G6FF80DF29A44D0721674,aa674cb321c9f490cd18e276412516fafe063c18b044579dc0a1bf349160ab12,development_train,train,5
14332,C03353482,C[C@@]1(C(=O)N(C(=O)N1)NC(=O)CSc2c(cc(cn2)C(F)(F)F)Cl)c3ccccc3,C[C@@]1(c2ccccc2)NC(=O)N(NC(=O)CSc2ncc(C(F)(F)F)cc2Cl)C1=O,O=C(CSc1ccccn1)NN1C(=O)NC(c2ccccc2)C1=O,decoy,FA10_decoy_L014332,C[C@@]1(C(=O)N(C(=O)N1)NC(=O)CSc2c(cc(cn2)C(F)(F)F)Cl)c3ccccc3,DUD-E,FA10,FA10_DECOY_G63C8A8C1E0132A865046,ad08170f684135fd1fbb8c4d32a9d23e279ef974191e8df038b31c898e944a87,development_train,train,5
19167,C63316664,C[NH+](C)[C@H](CNC(=O)NCCCNC(=O)c1ccccc1F)c2ccco2,C[NH+](C)[C@H](CNC(=O)NCCCNC(=O)c1ccccc1F)c1ccco1,O=C(NCCCNC(=O)c1ccccc1)NCCc1ccco1,decoy,FA10_decoy_L019167,C[NH+](C)[C@H](CNC(=O)NCCCNC(=O)c1ccccc1F)c2ccco2,DUD-E,FA10,FA10_DECOY_G5B3D94A8B187B184F669,ad4fd4d7d1d9baa97955588dd9642e7c14c1137779d272caef01443d7c71c814,development_train,train,4
21057,C45678587,CCN(CC)S(=O)(=O)c1ccc(cc1)C2=N/C(=C\C3=Cc4ccccc4OC3)/C(=O)O2,CCN(CC)S(=O)(=O)c1ccc(C2=N/C(=C\C3=Cc4ccccc4OC3)C(=O)O2)cc1,O=C1OC(c2ccccc2)=NC1=CC1=Cc2ccccc2OC1,decoy,FA10_decoy_L021057,CCN(CC)S(=O)(=O)c1ccc(cc1)C2=N/C(=C\C3=Cc4ccccc4OC3)/C(=O)O2,DUD-E,FA10,FA10_DECOY_GC013F127FDBA7E92A511,adea2ec4990757fc3a3b5e86279d049957cae0970afb82cf51a6c64501782386,development_train,train,5
9534,C40826815,Cc1cc(c2c(c1)occ2CC(=O)N/N=C/3\CCCc4c3c(c(o4)C(=O)N[C@H](C)COC)C)C,COC[C@@H](C)NC(=O)c1oc2c(c1C)/C(=N/NC(=O)Cc1coc3cc(C)cc(C)c13)CCC2,O=C(Cc1coc2ccccc12)NN=C1CCCc2occc21,decoy,FA10_decoy_L009534,Cc1cc(c2c(c1)occ2CC(=O)N/N=C/3\CCCc4c3c(c(o4)C(=O)N[C@H](C)COC)C)C,DUD-E,FA10,FA10_DECOY_G00D6185B30D7F00274F0,ae6c134fe0c607bebb6753130b9d4fc02cd414bed656a45bb55d46237aa783d2,development_train,train,2
18365,C01926536,COc1ccccc1C(=O)NNC(=S)NC(=O)c2ccccc2I,COc1ccccc1C(=O)NNC(=S)NC(=O)c1ccccc1I,O=C(NNC(=S)NC(=O)c1ccccc1)c1ccccc1,decoy,FA10_decoy_L018365,COc1ccccc1C(=O)NNC(=S)NC(=O)c2ccccc2I,DUD-E,FA10,FA10_DECOY_G436100072C330E8A61E8,b1977cc9ce0990ce243105b02f045eef2d7d13ec0021bf72c4ab94dab9a687a9,development_train,train,3
4568,C01381950,Cc1cc2cc(c(=O)[nH]c2cc1C)[C@@H](c3nnnn3Cc4ccco4)N(Cc5ccccc5Cl)Cc6ccco6,Cc1cc2cc([C@@H](c3nnnn3Cc3ccco3)N(Cc3ccco3)Cc3ccccc3Cl)c(=O)[nH]c2cc1C,O=c1[nH]c2ccccc2cc1C(c1nnnn1Cc1ccco1)N(Cc1ccccc1)Cc1ccco1,decoy,FA10_decoy_L004568,Cc1cc2cc(c(=O)[nH]c2cc1C)[C@@H](c3nnnn3Cc4ccco4)N(Cc5ccccc5Cl)Cc6ccco6,DUD-E,FA10,FA10_DECOY_G13C57C72755F29C320F5,b25e3b72c7fb656d8aff473bf0981449ddfbda53c0ba57d22a3f36a90bb92520,development_train,train,4
7480,C21251365,Cc1ccc2c(c1)c(=O)c(co2)[C@@H]3C4=C(C[C@@H](CC4=O)c5ccc(cc5)OCC(C)C)Nc6ccccc6N3,Cc1ccc2occ([C@H]3Nc4ccccc4NC4=C3C(=O)C[C@@H](c3ccc(OCC(C)C)cc3)C4)c(=O)c2c1,O=C1CC(c2ccccc2)CC2=C1C(c1coc3ccccc3c1=O)Nc1ccccc1N2,decoy,FA10_decoy_L007480,Cc1ccc2c(c1)c(=O)c(co2)[C@@H]3C4=C(C[C@@H](CC4=O)c5ccc(cc5)OCC(C)C)Nc6ccccc6N3,DUD-E,FA10,FA10_DECOY_GC6C4710A5F9C5B9F6FFE,b3d68aea960b671da33a37d23ab41a7a06d7b88bf08ad0f727c406e8382af749,development_train,train,2
7481,C21251373,Cc1ccc2c(c1)c(=O)c(co2)[C@H]3C4=C(C[C@@H](CC4=O)c5ccc(cc5)OCC(C)C)Nc6ccccc6N3,Cc1ccc2occ([C@@H]3Nc4ccccc4NC4=C3C(=O)C[C@@H](c3ccc(OCC(C)C)cc3)C4)c(=O)c2c1,O=C1CC(c2ccccc2)CC2=C1C(c1coc3ccccc3c1=O)Nc1ccccc1N2,decoy,FA10_decoy_L007481,Cc1ccc2c(c1)c(=O)c(co2)[C@H]3C4=C(C[C@@H](CC4=O)c5ccc(cc5)OCC(C)C)Nc6ccccc6N3,DUD-E,FA10,FA10_DECOY_GC6C4710A5F9C5B9F6FFE,b3d68aea960b671da33a37d23ab41a7a06d7b88bf08ad0f727c406e8382af749,development_train,train,2
8638,C04080662,COc1ccc(cc1)[C@@H]2CC3=C([C@H](Nc4ccccc4N3)c5coc6ccc(cc6c5=O)Cl)C(=O)C2,COc1ccc([C@H]2CC(=O)C3=C(C2)Nc2ccccc2N[C@@H]3c2coc3ccc(Cl)cc3c2=O)cc1,O=C1CC(c2ccccc2)CC2=C1C(c1coc3ccccc3c1=O)Nc1ccccc1N2,decoy,FA10_decoy_L008638,COc1ccc(cc1)[C@@H]2CC3=C([C@H](Nc4ccccc4N3)c5coc6ccc(cc6c5=O)Cl)C(=O)C2,DUD-E,FA10,FA10_DECOY_GC6C4710A5F9C5B9F6FFE,b3d68aea960b671da33a37d23ab41a7a06d7b88bf08ad0f727c406e8382af749,development_train,train,2
8703,C21236364,CCOc1ccc(cc1OC)[C@H]2CC3=C([C@H](Nc4ccccc4N3)c5coc6ccc(cc6c5=O)C)C(=O)C2,CCOc1ccc([C@@H]2CC(=O)C3=C(C2)Nc2ccccc2N[C@@H]3c2coc3ccc(C)cc3c2=O)cc1OC,O=C1CC(c2ccccc2)CC2=C1C(c1coc3ccccc3c1=O)Nc1ccccc1N2,decoy,FA10_decoy_L008703,CCOc1ccc(cc1OC)[C@H]2CC3=C([C@H](Nc4ccccc4N3)c5coc6ccc(cc6c5=O)C)C(=O)C2,DUD-E,FA10,FA10_DECOY_GC6C4710A5F9C5B9F6FFE,b3d68aea960b671da33a37d23ab41a7a06d7b88bf08ad0f727c406e8382af749,development_train,train,2
15910,C02487618,c1cc(oc1Cn2cc(cn2)Br)C(=O)Nc3c(c4c(s3)CCCCC4)C#N,N#Cc1c(NC(=O)c2ccc(Cn3cc(Br)cn3)o2)sc2c1CCCCC2,O=C(Nc1cc2c(s1)CCCCC2)c1ccc(Cn2cccn2)o1,decoy,FA10_decoy_L015910,c1cc(oc1Cn2cc(cn2)Br)C(=O)Nc3c(c4c(s3)CCCCC4)C#N,DUD-E,FA10,FA10_DECOY_G7175D66740F0C9924279,b6587c671a29f65406706d2bcfd7efeee6ebea656562fc565599fcdac5cdff67,development_train,train,5
18704,C39193479,COc1cc(ccc1OC(F)F)/C=C/C(=O)OCC(=O)N(c2ccccc2)[C@H]3CS(=O)(=O)C=C3,COc1cc(/C=C/C(=O)OCC(=O)N(c2ccccc2)[C@@H]2C=CS(=O)(=O)C2)ccc1OC(F)F,O=C(C=Cc1ccccc1)OCC(=O)N(c1ccccc1)C1C=CS(=O)(=O)C1,decoy,FA10_decoy_L018704,COc1cc(ccc1OC(F)F)/C=C/C(=O)OCC(=O)N(c2ccccc2)[C@H]3CS(=O)(=O)C=C3,DUD-E,FA10,FA10_DECOY_G28830C9DBBA3B961CAEF,b72f1862a8cb5649edc8d8d96e9a05b6118cdc702578f859defc8cdc835f7653,development_train,train,5
23328,C02236878,CC1(C[C@@H]2C[C@](C1)(C[NH+]2CN3c4ccccc4/C(=N/NC(=O)CSc5nc6ccccc6o5)/C3=O)C)C,CC1(C)C[C@@H]2C[C@@](C)(C[NH+]2CN2C(=O)/C(=N\NC(=O)CSc3nc4ccccc4o3)c3ccccc32)C1,O=C(CSc1nc2ccccc2o1)NN=C1C(=O)N(C[NH+]2CC3CCCC2C3)c2ccccc21,decoy,FA10_decoy_L023328,CC1(C[C@@H]2C[C@](C1)(C[NH+]2CN3c4ccccc4/C(=N/NC(=O)CSc5nc6ccccc6o5)/C3=O)C)C,DUD-E,FA10,FA10_DECOY_GC5CA74142F09FB6174D3,b92602a67868c3b41bd9eafbd8c2f3a5fa18ce557db0593aef36515ebdae9cee,development_train,train,1
24015,C65265854,CC1=C[C@H](N=N1)C(=O)N2CC[C@]3(C2)/C(=[NH+]/Cc4ccccc4)/Nc5ccccc5CN3,CC1=C[C@@H](C(=O)N2CC[C@@]3(C2)NCc2ccccc2N/C3=[NH+]\Cc2ccccc2)N=N1,O=C(C1C=CN=N1)N1CCC2(C1)NCc1ccccc1NC2=[NH+]Cc1ccccc1,decoy,FA10_decoy_L024015,CC1=C[C@H](N=N1)C(=O)N2CC[C@]3(C2)/C(=[NH+]/Cc4ccccc4)/Nc5ccccc5CN3,DUD-E,FA10,FA10_DECOY_G6C1B5F48FD1D51439FDC,b96c5e11e5c63bc419f156a8cae3926063db0f7a0433771bf5aaf63d9175583a,development_train,train,5
25896,C30341169,c1cc(ccc1OCc2nnc(n2N)SCC(=O)N([C@H]3CCS(=O)(=O)C3)C4CCCC4)F,Nn1c(COc2ccc(F)cc2)nnc1SCC(=O)N(C1CCCC1)[C@H]1CCS(=O)(=O)C1,O=C(CSc1nnc(COc2ccccc2)[nH]1)N(C1CCCC1)C1CCS(=O)(=O)C1,decoy,FA10_decoy_L025896,c1cc(ccc1OCc2nnc(n2N)SCC(=O)N([C@H]3CCS(=O)(=O)C3)C4CCCC4)F,DUD-E,FA10,FA10_DECOY_GACC572DC91A2E652E059,bc61d7657af11c8eb6d33db30ebfb8952a175749acb6b411ff9ebbb5d55f698f,development_train,train,3
24895,C63385615,c1ccc(c(c1)CNC(=O)[C@@H]2[C@H]3C=C[C@@]4([C@@H]2C(=O)N(C4)CCC5=c6ccccc6=[NH+]C5)O3)Cl,O=C(NCc1ccccc1Cl)[C@H]1[C@H]2C(=O)N(CCC3=c4ccccc4=[NH+]C3)C[C@]23C=C[C@H]1O3,O=C(NCc1ccccc1)C1C2C=CC3(CN(CCC4=c5ccccc5=[NH+]C4)C(=O)C13)O2,decoy,FA10_decoy_L024895,c1ccc(c(c1)CNC(=O)[C@@H]2[C@H]3C=C[C@@]4([C@@H]2C(=O)N(C4)CCC5=c6ccccc6=[NH+]C5)O3)Cl,DUD-E,FA10,FA10_DECOY_G22B9BE09ACF9878C2DA4,bce961935e6f2ef0eb3a1ba1bc02373c93d8ace2a5d5f4db55b6900254f45da6,development_train,train,5
24896,C63385621,c1ccc(c(c1)CNC(=O)[C@H]2[C@H]3C=C[C@@]4([C@H]2C(=O)N(C4)CCC5=c6ccccc6=[NH+]C5)O3)Cl,O=C(NCc1ccccc1Cl)[C@H]1[C@H]2C=C[C@]3(CN(CCC4=c5ccccc5=[NH+]C4)C(=O)[C@@H]13)O2,O=C(NCc1ccccc1)C1C2C=CC3(CN(CCC4=c5ccccc5=[NH+]C4)C(=O)C13)O2,decoy,FA10_decoy_L024896,c1ccc(c(c1)CNC(=O)[C@H]2[C@H]3C=C[C@@]4([C@H]2C(=O)N(C4)CCC5=c6ccccc6=[NH+]C5)O3)Cl,DUD-E,FA10,FA10_DECOY_G22B9BE09ACF9878C2DA4,bce961935e6f2ef0eb3a1ba1bc02373c93d8ace2a5d5f4db55b6900254f45da6,development_train,train,5
19297,C09442141,Cc1c2cc(sc2n(n1)c3ccccc3)C(=O)NCCN4C(=O)/C(=C/c5cccnc5)/SC4=O,Cc1nn(-c2ccccc2)c2sc(C(=O)NCCN3C(=O)S/C(=C\c4cccnc4)C3=O)cc12,O=C(NCCN1C(=O)SC(=Cc2cccnc2)C1=O)c1cc2cnn(-c3ccccc3)c2s1,decoy,FA10_decoy_L019297,Cc1c2cc(sc2n(n1)c3ccccc3)C(=O)NCCN4C(=O)/C(=C/c5cccnc5)/SC4=O,DUD-E,FA10,FA10_DECOY_G4280A4686925D3ACC38E,bef647b20dfc3c97ecdf0948dd1c3d325f35d51141d999162d2a9593f78e84ba,development_train,train,3
72,C40095372,C[C@@H]1Cc2cc(ccc2O1)C(=O)C3=C(C(=O)N([C@H]3c4ccc(c(c4)OC)O)CCO)[O-],COc1cc([C@H]2C(C(=O)c3ccc4c(c3)C[C@@H](C)O4)=C([O-])C(=O)N2CCO)ccc1O,O=C1C=C(C(=O)c2ccc3c(c2)CCO3)C(c2ccccc2)N1,decoy,FA10_decoy_L000072,C[C@@H]1Cc2cc(ccc2O1)C(=O)C3=C(C(=O)N([C@H]3c4ccc(c(c4)OC)O)CCO)[O-],DUD-E,FA10,FA10_DECOY_GE08C6531C1C39A258815,bf7616b410306d123732019ff3bc067d152be3a410d6b86119ca0e81f025becb,development_train,train,4
1259,C40094919,CCOc1ccc(cc1OC)[C@H]2C(=C(C(=O)N2CCOCCO)[O-])C(=O)c3ccc4c(c3)C[C@@H](O4)C,CCOc1ccc([C@H]2C(C(=O)c3ccc4c(c3)C[C@H](C)O4)=C([O-])C(=O)N2CCOCCO)cc1OC,O=C1C=C(C(=O)c2ccc3c(c2)CCO3)C(c2ccccc2)N1,decoy,FA10_decoy_L001259,CCOc1ccc(cc1OC)[C@H]2C(=C(C(=O)N2CCOCCO)[O-])C(=O)c3ccc4c(c3)C[C@@H](O4)C,DUD-E,FA10,FA10_DECOY_GE08C6531C1C39A258815,bf7616b410306d123732019ff3bc067d152be3a410d6b86119ca0e81f025becb,development_train,train,4
1344,C35003767,CCOc1cc(ccc1O)[C@H]2C(=C(C(=O)N2CCCOC)[O-])C(=O)c3ccc4c(c3)C[C@@H](O4)C,CCOc1cc([C@H]2C(C(=O)c3ccc4c(c3)C[C@H](C)O4)=C([O-])C(=O)N2CCCOC)ccc1O,O=C1C=C(C(=O)c2ccc3c(c2)CCO3)C(c2ccccc2)N1,decoy,FA10_decoy_L001344,CCOc1cc(ccc1O)[C@H]2C(=C(C(=O)N2CCCOC)[O-])C(=O)c3ccc4c(c3)C[C@@H](O4)C,DUD-E,FA10,FA10_DECOY_GE08C6531C1C39A258815,bf7616b410306d123732019ff3bc067d152be3a410d6b86119ca0e81f025becb,development_train,train,4
4093,C20395361,CCOc1cc(ccc1OCC=C)[C@H]2C(=C(C(=O)N2CCC[NH+](C)C)[O-])C(=O)c3ccc4c(c3)C[C@H](O4)C,C=CCOc1ccc([C@H]2C(C(=O)c3ccc4c(c3)C[C@@H](C)O4)=C([O-])C(=O)N2CCC[NH+](C)C)cc1OCC,O=C1C=C(C(=O)c2ccc3c(c2)CCO3)C(c2ccccc2)N1,decoy,FA10_decoy_L004093,CCOc1cc(ccc1OCC=C)[C@H]2C(=C(C(=O)N2CCC[NH+](C)C)[O-])C(=O)c3ccc4c(c3)C[C@H](O4)C,DUD-E,FA10,FA10_DECOY_GE08C6531C1C39A258815,bf7616b410306d123732019ff3bc067d152be3a410d6b86119ca0e81f025becb,development_train,train,4
9830,C20330363,CC[NH+](CC)CCCN1[C@H](C(=C(C1=O)[O-])C(=O)c2ccc3c(c2)C[C@H](O3)C)c4ccc(c(c4)OCC)O,CCOc1cc([C@H]2C(C(=O)c3ccc4c(c3)C[C@@H](C)O4)=C([O-])C(=O)N2CCC[NH+](CC)CC)ccc1O,O=C1C=C(C(=O)c2ccc3c(c2)CCO3)C(c2ccccc2)N1,decoy,FA10_decoy_L009830,CC[NH+](CC)CCCN1[C@H](C(=C(C1=O)[O-])C(=O)c2ccc3c(c2)C[C@H](O3)C)c4ccc(c(c4)OCC)O,DUD-E,FA10,FA10_DECOY_GE08C6531C1C39A258815,bf7616b410306d123732019ff3bc067d152be3a410d6b86119ca0e81f025becb,development_train,train,4
10145,C09124014,CCCCOc1ccc(cc1OCC)[C@@H]2C(=C(C(=O)N2CC[NH+](C)C)O)C(=O)c3ccc4c(c3)C[C@@H](O4)C,CCCCOc1ccc([C@@H]2C(C(=O)c3ccc4c(c3)C[C@H](C)O4)=C(O)C(=O)N2CC[NH+](C)C)cc1OCC,O=C1C=C(C(=O)c2ccc3c(c2)CCO3)C(c2ccccc2)N1,decoy,FA10_decoy_L010145,CCCCOc1ccc(cc1OCC)[C@@H]2C(=C(C(=O)N2CC[NH+](C)C)O)C(=O)c3ccc4c(c3)C[C@@H](O4)C,DUD-E,FA10,FA10_DECOY_GE08C6531C1C39A258815,bf7616b410306d123732019ff3bc067d152be3a410d6b86119ca0e81f025becb,development_train,train,4
10146,C09124017,CCCCOc1ccc(cc1OCC)[C@H]2C(=C(C(=O)N2CC[NH+](C)C)O)C(=O)c3ccc4c(c3)C[C@H](O4)C,CCCCOc1ccc([C@H]2C(C(=O)c3ccc4c(c3)C[C@@H](C)O4)=C(O)C(=O)N2CC[NH+](C)C)cc1OCC,O=C1C=C(C(=O)c2ccc3c(c2)CCO3)C(c2ccccc2)N1,decoy,FA10_decoy_L010146,CCCCOc1ccc(cc1OCC)[C@H]2C(=C(C(=O)N2CC[NH+](C)C)O)C(=O)c3ccc4c(c3)C[C@H](O4)C,DUD-E,FA10,FA10_DECOY_GE08C6531C1C39A258815,bf7616b410306d123732019ff3bc067d152be3a410d6b86119ca0e81f025becb,development_train,train,4
13656,C40094897,C[C@@H]1Cc2cc(ccc2O1)C(=O)C3=C(C(=O)N([C@H]3c4ccc(c(c4)Cl)Cl)CCOCCO)[O-],C[C@@H]1Cc2cc(C(=O)C3=C([O-])C(=O)N(CCOCCO)[C@H]3c3ccc(Cl)c(Cl)c3)ccc2O1,O=C1C=C(C(=O)c2ccc3c(c2)CCO3)C(c2ccccc2)N1,decoy,FA10_decoy_L013656,C[C@@H]1Cc2cc(ccc2O1)C(=O)C3=C(C(=O)N([C@H]3c4ccc(c(c4)Cl)Cl)CCOCCO)[O-],DUD-E,FA10,FA10_DECOY_GE08C6531C1C39A258815,bf7616b410306d123732019ff3bc067d152be3a410d6b86119ca0e81f025becb,development_train,train,4
13657,C40095687,C[C@@H]1Cc2cc(ccc2O1)C(=O)C3=C(C(=O)N([C@@H]3c4cc(ccc4OC)Br)CCO)[O-],COc1ccc(Br)cc1[C@@H]1C(C(=O)c2ccc3c(c2)C[C@@H](C)O3)=C([O-])C(=O)N1CCO,O=C1C=C(C(=O)c2ccc3c(c2)CCO3)C(c2ccccc2)N1,decoy,FA10_decoy_L013657,C[C@@H]1Cc2cc(ccc2O1)C(=O)C3=C(C(=O)N([C@@H]3c4cc(ccc4OC)Br)CCO)[O-],DUD-E,FA10,FA10_DECOY_GE08C6531C1C39A258815,bf7616b410306d123732019ff3bc067d152be3a410d6b86119ca0e81f025becb,development_train,train,4
16410,C09452604,CC[NH+](CC)CCCN1[C@H](C(=C(C1=O)O)C(=O)c2ccc3c(c2)C[C@H](O3)C)c4ccc(c(c4)Cl)Cl,CC[NH+](CC)CCCN1C(=O)C(O)=C(C(=O)c2ccc3c(c2)C[C@@H](C)O3)[C@@H]1c1ccc(Cl)c(Cl)c1,O=C1C=C(C(=O)c2ccc3c(c2)CCO3)C(c2ccccc2)N1,decoy,FA10_decoy_L016410,CC[NH+](CC)CCCN1[C@H](C(=C(C1=O)O)C(=O)c2ccc3c(c2)C[C@H](O3)C)c4ccc(c(c4)Cl)Cl,DUD-E,FA10,FA10_DECOY_GE08C6531C1C39A258815,bf7616b410306d123732019ff3bc067d152be3a410d6b86119ca0e81f025becb,development_train,train,4
17184,C06457988,CC[NH+](CC)CCN1[C@H](C(=C(C1=O)O)C(=O)c2ccc3c(c2)C[C@@H](O3)C)c4ccc(cc4)F,CC[NH+](CC)CCN1C(=O)C(O)=C(C(=O)c2ccc3c(c2)C[C@H](C)O3)[C@@H]1c1ccc(F)cc1,O=C1C=C(C(=O)c2ccc3c(c2)CCO3)C(c2ccccc2)N1,decoy,FA10_decoy_L017184,CC[NH+](CC)CCN1[C@H](C(=C(C1=O)O)C(=O)c2ccc3c(c2)C[C@@H](O3)C)c4ccc(cc4)F,DUD-E,FA10,FA10_DECOY_GE08C6531C1C39A258815,bf7616b410306d123732019ff3bc067d152be3a410d6b86119ca0e81f025becb,development_train,train,4
19803,C19938455,CC[NH+](CC)CCN1[C@@H](C(=C(C1=O)[O-])C(=O)c2ccc3c(c2)C[C@@H](O3)C)c4cc(c(c(c4)OC)OC)OC,CC[NH+](CC)CCN1C(=O)C([O-])=C(C(=O)c2ccc3c(c2)C[C@H](C)O3)[C@H]1c1cc(OC)c(OC)c(OC)c1,O=C1C=C(C(=O)c2ccc3c(c2)CCO3)C(c2ccccc2)N1,decoy,FA10_decoy_L019803,CC[NH+](CC)CCN1[C@@H](C(=C(C1=O)[O-])C(=O)c2ccc3c(c2)C[C@@H](O3)C)c4cc(c(c(c4)OC)OC)OC,DUD-E,FA10,FA10_DECOY_GE08C6531C1C39A258815,bf7616b410306d123732019ff3bc067d152be3a410d6b86119ca0e81f025becb,development_train,train,4
23468,C09123831,CCOc1ccc(cc1OCC)[C@H]2C(=C(C(=O)N2CC[NH+](C)C)O)C(=O)c3ccc4c(c3)C[C@@H](O4)C,CCOc1ccc([C@H]2C(C(=O)c3ccc4c(c3)C[C@H](C)O4)=C(O)C(=O)N2CC[NH+](C)C)cc1OCC,O=C1C=C(C(=O)c2ccc3c(c2)CCO3)C(c2ccccc2)N1,decoy,FA10_decoy_L023468,CCOc1ccc(cc1OCC)[C@H]2C(=C(C(=O)N2CC[NH+](C)C)O)C(=O)c3ccc4c(c3)C[C@@H](O4)C,DUD-E,FA10,FA10_DECOY_GE08C6531C1C39A258815,bf7616b410306d123732019ff3bc067d152be3a410d6b86119ca0e81f025becb,development_train,train,4
27757,C20267197,CC[NH+](CC)CCCN1[C@@H](C(=C(C1=O)[O-])C(=O)c2ccc3c(c2)C[C@H](O3)C)c4ccc(c(c4)Cl)Cl,CC[NH+](CC)CCCN1C(=O)C([O-])=C(C(=O)c2ccc3c(c2)C[C@@H](C)O3)[C@H]1c1ccc(Cl)c(Cl)c1,O=C1C=C(C(=O)c2ccc3c(c2)CCO3)C(c2ccccc2)N1,decoy,FA10_decoy_L027757,CC[NH+](CC)CCCN1[C@@H](C(=C(C1=O)[O-])C(=O)c2ccc3c(c2)C[C@H](O3)C)c4ccc(c(c4)Cl)Cl,DUD-E,FA10,FA10_DECOY_GE08C6531C1C39A258815,bf7616b410306d123732019ff3bc067d152be3a410d6b86119ca0e81f025becb,development_train,train,4
27806,C20291583,CC[NH+](CC)CCCN1[C@H](C(=C(C1=O)[O-])C(=O)c2ccc3c(c2)C[C@@H](O3)C)c4cccc(c4)Br,CC[NH+](CC)CCCN1C(=O)C([O-])=C(C(=O)c2ccc3c(c2)C[C@H](C)O3)[C@@H]1c1cccc(Br)c1,O=C1C=C(C(=O)c2ccc3c(c2)CCO3)C(c2ccccc2)N1,decoy,FA10_decoy_L027806,CC[NH+](CC)CCCN1[C@H](C(=C(C1=O)[O-])C(=O)c2ccc3c(c2)C[C@@H](O3)C)c4cccc(c4)Br,DUD-E,FA10,FA10_DECOY_GE08C6531C1C39A258815,bf7616b410306d123732019ff3bc067d152be3a410d6b86119ca0e81f025becb,development_train,train,4
27807,C20291594,CC[NH+](CC)CCCN1[C@@H](C(=C(C1=O)[O-])C(=O)c2ccc3c(c2)C[C@H](O3)C)c4cccc(c4)Br,CC[NH+](CC)CCCN1C(=O)C([O-])=C(C(=O)c2ccc3c(c2)C[C@@H](C)O3)[C@H]1c1cccc(Br)c1,O=C1C=C(C(=O)c2ccc3c(c2)CCO3)C(c2ccccc2)N1,decoy,FA10_decoy_L027807,CC[NH+](CC)CCCN1[C@@H](C(=C(C1=O)[O-])C(=O)c2ccc3c(c2)C[C@H](O3)C)c4cccc(c4)Br,DUD-E,FA10,FA10_DECOY_GE08C6531C1C39A258815,bf7616b410306d123732019ff3bc067d152be3a410d6b86119ca0e81f025becb,development_train,train,4
27808,C20331710,CC[NH+](CC)CCCN1[C@H](C(=C(C1=O)[O-])C(=O)c2ccc3c(c2)C[C@H](O3)C)c4ccc(cc4)Br,CC[NH+](CC)CCCN1C(=O)C([O-])=C(C(=O)c2ccc3c(c2)C[C@@H](C)O3)[C@@H]1c1ccc(Br)cc1,O=C1C=C(C(=O)c2ccc3c(c2)CCO3)C(c2ccccc2)N1,decoy,FA10_decoy_L027808,CC[NH+](CC)CCCN1[C@H](C(=C(C1=O)[O-])C(=O)c2ccc3c(c2)C[C@H](O3)C)c4ccc(cc4)Br,DUD-E,FA10,FA10_DECOY_GE08C6531C1C39A258815,bf7616b410306d123732019ff3bc067d152be3a410d6b86119ca0e81f025becb,development_train,train,4
27809,C20331715,CC[NH+](CC)CCCN1[C@@H](C(=C(C1=O)[O-])C(=O)c2ccc3c(c2)C[C@H](O3)C)c4ccc(cc4)Br,CC[NH+](CC)CCCN1C(=O)C([O-])=C(C(=O)c2ccc3c(c2)C[C@@H](C)O3)[C@H]1c1ccc(Br)cc1,O=C1C=C(C(=O)c2ccc3c(c2)CCO3)C(c2ccccc2)N1,decoy,FA10_decoy_L027809,CC[NH+](CC)CCCN1[C@@H](C(=C(C1=O)[O-])C(=O)c2ccc3c(c2)C[C@H](O3)C)c4ccc(cc4)Br,DUD-E,FA10,FA10_DECOY_GE08C6531C1C39A258815,bf7616b410306d123732019ff3bc067d152be3a410d6b86119ca0e81f025becb,development_train,train,4
12377,C08637157,c1ccc(cc1)C(=O)NC(=S)Nc2c(c(n[nH]2)C3CC3)/N=N/c4ccc(cc4)Br,O=C(NC(=S)Nc1[nH]nc(C2CC2)c1/N=N/c1ccc(Br)cc1)c1ccccc1,O=C(NC(=S)Nc1[nH]nc(C2CC2)c1N=Nc1ccccc1)c1ccccc1,decoy,FA10_decoy_L012377,c1ccc(cc1)C(=O)NC(=S)Nc2c(c(n[nH]2)C3CC3)/N=N/c4ccc(cc4)Br,DUD-E,FA10,FA10_DECOY_G044A38F36995652027D4,c0151d9d824927494c64ba8d0ab1d32544f3c53d31550e0d376836b0d7f3471c,development_train,train,2
861,C50839420,c1ccc2c(c1)cc(c(n2)N)CSc3nc(cc(n3)N)N,Nc1cc(N)nc(SCc2cc3ccccc3nc2N)n1,c1cnc(SCc2cnc3ccccc3c2)nc1,decoy,FA10_decoy_L000861,c1ccc2c(c1)cc(c(n2)N)CSc3nc(cc(n3)N)N,DUD-E,FA10,FA10_DECOY_G5660BD910548CB4D9F0A,c05d74bb09e1467b2594b4e0423ee19da336848544c302b7505f8a06da02b61b,development_train,train,4
22949,C22243151,c1ccc2c(c1)NC(=O)C[C@@H](N2C(=O)CSc3nnc(s3)Nc4ccccc4F)C(F)(F)F,O=C1C[C@H](C(F)(F)F)N(C(=O)CSc2nnc(Nc3ccccc3F)s2)c2ccccc2N1,O=C1CCN(C(=O)CSc2nnc(Nc3ccccc3)s2)c2ccccc2N1,decoy,FA10_decoy_L022949,c1ccc2c(c1)NC(=O)C[C@@H](N2C(=O)CSc3nnc(s3)Nc4ccccc4F)C(F)(F)F,DUD-E,FA10,FA10_DECOY_GC07518069675FAFF7C44,c1161be07d66049520feaeeddf2d21a6e55259fe3c090469d45d0e51b90e6679,development_train,train,3
26474,C16079613,c1ccc(cc1)C(c2ccccc2)N3CCN(CC3)c4cc(nc(n4)c5cccnc5)c6ccncc6,c1ccc(C(c2ccccc2)N2CCN(c3cc(-c4ccncc4)nc(-c4cccnc4)n3)CC2)cc1,c1ccc(C(c2ccccc2)N2CCN(c3cc(-c4ccncc4)nc(-c4cccnc4)n3)CC2)cc1,decoy,FA10_decoy_L026474,c1ccc(cc1)C(c2ccccc2)N3CCN(CC3)c4cc(nc(n4)c5cccnc5)c6ccncc6,DUD-E,FA10,FA10_DECOY_GD175FC5E51A3BDF9D551,c194589438dd66cb8d508b735932c54df339cda1f67d42d13596ca6a480cedd4,development_train,train,3
8514,C39736898,c1ccc(cc1)C2=NN=C[C@@H]2/C=N\NC(=O)CN3c4ccccc4N[C@@H]3c5c(non5)N,Nc1nonc1[C@H]1Nc2ccccc2N1CC(=O)N/N=C\[C@H]1C=NN=C1c1ccccc1,O=C(CN1c2ccccc2NC1c1cnon1)NN=CC1C=NN=C1c1ccccc1,decoy,FA10_decoy_L008514,c1ccc(cc1)C2=NN=C[C@@H]2/C=N\NC(=O)CN3c4ccccc4N[C@@H]3c5c(non5)N,DUD-E,FA10,FA10_DECOY_G1C68158A8DB4F4B1ABF2,c1c2f82a177b7bc80fe6513f409e494453ebb98978262226ef866101597674b8,development_train,train,5
8515,C39736900,c1ccc(cc1)C2=NN=C[C@H]2/C=N\NC(=O)CN3c4ccccc4N[C@@H]3c5c(non5)N,Nc1nonc1[C@H]1Nc2ccccc2N1CC(=O)N/N=C\[C@@H]1C=NN=C1c1ccccc1,O=C(CN1c2ccccc2NC1c1cnon1)NN=CC1C=NN=C1c1ccccc1,decoy,FA10_decoy_L008515,c1ccc(cc1)C2=NN=C[C@H]2/C=N\NC(=O)CN3c4ccccc4N[C@@H]3c5c(non5)N,DUD-E,FA10,FA10_DECOY_G1C68158A8DB4F4B1ABF2,c1c2f82a177b7bc80fe6513f409e494453ebb98978262226ef866101597674b8,development_train,train,5
18310,C41301930,c1ccc(c(c1)CNc2nc(c(c(n2)Nc3c(c4c(s3)CCC4)C(=O)N)[N+](=O)[O-])N)Cl,NC(=O)c1c(Nc2nc(NCc3ccccc3Cl)nc(N)c2[N+](=O)[O-])sc2c1CCC2,c1ccc(CNc2nccc(Nc3cc4c(s3)CCC4)n2)cc1,decoy,FA10_decoy_L018310,c1ccc(c(c1)CNc2nc(c(c(n2)Nc3c(c4c(s3)CCC4)C(=O)N)[N+](=O)[O-])N)Cl,DUD-E,FA10,FA10_DECOY_GED6462BC5796DBCBDDEA,c46f5262b0d4f728c532462dc73259529bdb0f708e328b678df8f8d01d96d048,development_train,train,1
8503,C16478388,c1ccc(cc1)[C@H]2CCN(C2)c3nc4c(=O)[nH]c(nc4n3[C@H]5[C@H]([C@@H]([C@@H](O5)CO)O)O)N,Nc1nc2c(nc(N3CC[C@H](c4ccccc4)C3)n2[C@@H]2O[C@@H](CO)[C@@H](O)[C@@H]2O)c(=O)[nH]1,O=c1[nH]cnc2c1nc(N1CCC(c3ccccc3)C1)n2C1CCCO1,decoy,FA10_decoy_L008503,c1ccc(cc1)[C@H]2CCN(C2)c3nc4c(=O)[nH]c(nc4n3[C@H]5[C@H]([C@@H]([C@@H](O5)CO)O)O)N,DUD-E,FA10,FA10_DECOY_G49F5C6A71A20553FC448,c70dd285d9345e65a876a6a0d0c325005f165cea56cd0a9fae0f91836a6f4789,development_train,train,2
8508,C35183245,c1ccc(cc1)[C@H]2CCN(C2)c3nc4c(=O)[nH]c(nc4n3[C@@H]5[C@@H]([C@@H]([C@@H](O5)CO)O)O)N,Nc1nc2c(nc(N3CC[C@H](c4ccccc4)C3)n2[C@H]2O[C@@H](CO)[C@@H](O)[C@H]2O)c(=O)[nH]1,O=c1[nH]cnc2c1nc(N1CCC(c3ccccc3)C1)n2C1CCCO1,decoy,FA10_decoy_L008508,c1ccc(cc1)[C@H]2CCN(C2)c3nc4c(=O)[nH]c(nc4n3[C@@H]5[C@@H]([C@@H]([C@@H](O5)CO)O)O)N,DUD-E,FA10,FA10_DECOY_G49F5C6A71A20553FC448,c70dd285d9345e65a876a6a0d0c325005f165cea56cd0a9fae0f91836a6f4789,development_train,train,2
14140,C12306442,Cc1ccc(cc1)n2cc(c(n2)c3ccc(cc3)F)C[NH2+]Cc4c5c([nH]n4)CCC5,Cc1ccc(-n2cc(C[NH2+]Cc3n[nH]c4c3CCC4)c(-c3ccc(F)cc3)n2)cc1,c1ccc(-c2nn(-c3ccccc3)cc2C[NH2+]Cc2n[nH]c3c2CCC3)cc1,decoy,FA10_decoy_L014140,Cc1ccc(cc1)n2cc(c(n2)c3ccc(cc3)F)C[NH2+]Cc4c5c([nH]n4)CCC5,DUD-E,FA10,FA10_DECOY_G971B7A5DFB4F81B6E568,c71b5fcd579e401dc3ca7a93f8e39bcb283661b2e544158ddfb8392fb91294a0,development_train,train,4
7872,C40151158,c1ccc2=[NH+]C(=O)[C@H]([NH+]=c2c1)/C(=N\Nc3ccc(cc3)I)/[C@H]([C@@H](CO)O)O,O=C1[NH+]=c2ccccc2=[NH+][C@@H]1/C(=N\Nc1ccc(I)cc1)[C@@H](O)[C@H](O)CO,O=C1[NH+]=c2ccccc2=[NH+]C1C=NNc1ccccc1,decoy,FA10_decoy_L007872,c1ccc2=[NH+]C(=O)[C@H]([NH+]=c2c1)/C(=N\Nc3ccc(cc3)I)/[C@H]([C@@H](CO)O)O,DUD-E,FA10,FA10_DECOY_G80A4A5E7FDEDB0744858,c755c68ad3905d76e1fe1aae338a48b6cfc8d385da8eadca6bc1e7e3be8ba737,development_train,train,2
9544,C64181720,CCCc1nc([nH]n1)SCC2=NC(=O)C3=C([C@@H](SC3=N2)C(=O)Nc4ccc(cc4C)C)C,CCCc1n[nH]c(SCC2=NC(=O)C3=C(C)[C@H](C(=O)Nc4ccc(C)cc4C)SC3=N2)n1,O=C1N=C(CSc2ncn[nH]2)N=C2SC(C(=O)Nc3ccccc3)C=C12,decoy,FA10_decoy_L009544,CCCc1nc([nH]n1)SCC2=NC(=O)C3=C([C@@H](SC3=N2)C(=O)Nc4ccc(cc4C)C)C,DUD-E,FA10,FA10_DECOY_GF3CCC919279CC0D6B88F,c913f92396194476cc57b37f6d63a25e6828a3df4bc0cdabcf8a7df213caf0c8,development_train,train,1
105,C37018289,C[C@H]1C(=O)Nc2cc(ccc2O1)NC(=O)[C@@H](CC(C)C)[NH3+],CC(C)C[C@@H]([NH3+])C(=O)Nc1ccc2c(c1)NC(=O)[C@H](C)O2,O=C1COc2ccccc2N1,decoy,FA10_decoy_L000105,C[C@H]1C(=O)Nc2cc(ccc2O1)NC(=O)[C@@H](CC(C)C)[NH3+],DUD-E,FA10,FA10_DECOY_GC80BA6D3576A8248F382,c94d1d4a6862740790175bb6d369d8ff3ac53eadee9cff88ab9d47bf6e7b6a7f,development_train,train,1
106,C37018290,C[C@@H]1C(=O)Nc2cc(ccc2O1)NC(=O)[C@H](CC(C)C)[NH3+],CC(C)C[C@H]([NH3+])C(=O)Nc1ccc2c(c1)NC(=O)[C@@H](C)O2,O=C1COc2ccccc2N1,decoy,FA10_decoy_L000106,C[C@@H]1C(=O)Nc2cc(ccc2O1)NC(=O)[C@H](CC(C)C)[NH3+],DUD-E,FA10,FA10_DECOY_GC80BA6D3576A8248F382,c94d1d4a6862740790175bb6d369d8ff3ac53eadee9cff88ab9d47bf6e7b6a7f,development_train,train,1
121,C40807036,CCC[C@@](C)(C(=O)Nc1ccc2c(c1)NC(=O)CO2)[NH3+],CCC[C@](C)([NH3+])C(=O)Nc1ccc2c(c1)NC(=O)CO2,O=C1COc2ccccc2N1,decoy,FA10_decoy_L000121,CCC[C@@](C)(C(=O)Nc1ccc2c(c1)NC(=O)CO2)[NH3+],DUD-E,FA10,FA10_DECOY_GC80BA6D3576A8248F382,c94d1d4a6862740790175bb6d369d8ff3ac53eadee9cff88ab9d47bf6e7b6a7f,development_train,train,1
136,C49555393,C[C@H](CC[NH+](C)C)Nc1cc2c(cc1N)OCC(=O)N2,C[C@H](CC[NH+](C)C)Nc1cc2c(cc1N)OCC(=O)N2,O=C1COc2ccccc2N1,decoy,FA10_decoy_L000136,C[C@H](CC[NH+](C)C)Nc1cc2c(cc1N)OCC(=O)N2,DUD-E,FA10,FA10_DECOY_GC80BA6D3576A8248F382,c94d1d4a6862740790175bb6d369d8ff3ac53eadee9cff88ab9d47bf6e7b6a7f,development_train,train,1
26691,C40827023,Cc1cccc(n1)NC(=O)c2c(c\3c(o2)CCC/C3=N\NC(=O)Cc4coc5c4c(cc(c5)C)C)C,Cc1cc(C)c2c(CC(=O)N/N=C3\CCCc4oc(C(=O)Nc5cccc(C)n5)c(C)c43)coc2c1,O=C(Cc1coc2ccccc12)NN=C1CCCc2oc(C(=O)Nc3ccccn3)cc21,decoy,FA10_decoy_L026691,Cc1cccc(n1)NC(=O)c2c(c\3c(o2)CCC/C3=N\NC(=O)Cc4coc5c4c(cc(c5)C)C)C,DUD-E,FA10,FA10_DECOY_GE58E3A5E8FA9E8FD50FA,c97c5e8cafdd0c0d9969b572559f4ece7f6f2fa4002411fba083ec3cc09eebeb,development_train,train,5
25146,C63886488,CCOc1c(cc(cc1Cl)/C=C/C(=O)NCCC2=c3ccccc3=[NH+][C@@H]2c4ccc(cc4)F)OC,CCOc1c(Cl)cc(/C=C/C(=O)NCCC2=c3ccccc3=[NH+][C@@H]2c2ccc(F)cc2)cc1OC,O=C(C=Cc1ccccc1)NCCC1=c2ccccc2=[NH+]C1c1ccccc1,decoy,FA10_decoy_L025146,CCOc1c(cc(cc1Cl)/C=C/C(=O)NCCC2=c3ccccc3=[NH+][C@@H]2c4ccc(cc4)F)OC,DUD-E,FA10,FA10_DECOY_GC88D2D2F5EFF355A19A2,cb00c4492d1ba18ed2e84c9d20b4edce3f8677a4d68f2213e74b83425a64df1a,development_train,train,1
15372,C03661031,CN1[C@H]([C@H](c2ccccc2C1=O)C(=O)/N=c\3/[nH]c4ccccc4s3)c5ccc(c(c5)OC)OC,COc1ccc([C@H]2[C@@H](C(=O)/N=c3/[nH]c4ccccc4s3)c3ccccc3C(=O)N2C)cc1OC,O=C1NC(c2ccccc2)C(C(=O)N=c2[nH]c3ccccc3s2)c2ccccc21,decoy,FA10_decoy_L015372,CN1[C@H]([C@H](c2ccccc2C1=O)C(=O)/N=c\3/[nH]c4ccccc4s3)c5ccc(c(c5)OC)OC,DUD-E,FA10,FA10_DECOY_GA8381E02436130ED9EFF,cc7a0607faa90759daab57f32b03869bface86efabbce72bae271324730181d1,development_train,train,2
17141,C09831072,Cc1ccc(cc1N2CC[NH+](CC2)CCNc3nc4ccccc4c5n3nc(n5)c6ccccc6)Cl,Cc1ccc(Cl)cc1N1CC[NH+](CCNc2nc3ccccc3c3nc(-c4ccccc4)nn23)CC1,c1ccc(-c2nc3c4ccccc4nc(NCC[NH+]4CCN(c5ccccc5)CC4)n3n2)cc1,decoy,FA10_decoy_L017141,Cc1ccc(cc1N2CC[NH+](CC2)CCNc3nc4ccccc4c5n3nc(n5)c6ccccc6)Cl,DUD-E,FA10,FA10_DECOY_G4ABF051D382DCFB451B6,cd9590d3172535ab7d5841a8a6021f74044dabe26ac3ce4dd94f49251e5a75f4,development_train,train,2
7375,C03114170,c1ccc(c(c1)Nc2c(nc3c(n2)non3)Nc4cccc(c4Cl)Cl)I,Clc1cccc(Nc2nc3nonc3nc2Nc2ccccc2I)c1Cl,c1ccc(Nc2nc3nonc3nc2Nc2ccccc2)cc1,decoy,FA10_decoy_L007375,c1ccc(c(c1)Nc2c(nc3c(n2)non3)Nc4cccc(c4Cl)Cl)I,DUD-E,FA10,FA10_DECOY_GD9FC0A8DC872781A2802,ceb0cd85e50f87bdc8a5900ddde11af675d71e567ad0f7e62ca1927201d5a429,development_train,train,2
22368,C02924118,c1cc(ccc1Nc2c(nc3c(n2)non3)Nc4ccc(cc4)S(=O)(=O)N)S(=O)(=O)N,NS(=O)(=O)c1ccc(Nc2nc3nonc3nc2Nc2ccc(S(N)(=O)=O)cc2)cc1,c1ccc(Nc2nc3nonc3nc2Nc2ccccc2)cc1,decoy,FA10_decoy_L022368,c1cc(ccc1Nc2c(nc3c(n2)non3)Nc4ccc(cc4)S(=O)(=O)N)S(=O)(=O)N,DUD-E,FA10,FA10_DECOY_GD9FC0A8DC872781A2802,ceb0cd85e50f87bdc8a5900ddde11af675d71e567ad0f7e62ca1927201d5a429,development_train,train,2
18559,C63804546,CCOc1cc(ccc1Br)S(=O)(=O)NCCC2=c3cc(ccc3=[NH+][C@@H]2C)C,CCOc1cc(S(=O)(=O)NCCC2=c3cc(C)ccc3=[NH+][C@@H]2C)ccc1Br,O=S(=O)(NCCC1=c2ccccc2=[NH+]C1)c1ccccc1,decoy,FA10_decoy_L018559,CCOc1cc(ccc1Br)S(=O)(=O)NCCC2=c3cc(ccc3=[NH+][C@@H]2C)C,DUD-E,FA10,FA10_DECOY_G8D899B67B04BEA34C9E3,cf757260a929c91a0b82df4cc07c2a152a4288c31eeca7f9914362eda049f85c,development_train,train,2
24897,C63674257,C[C@H]1C(=c2cc(ccc2=[NH+]1)OC(F)(F)F)CCNS(=O)(=O)c3ccc(c(c3)OC)Cl,COc1cc(S(=O)(=O)NCCC2=c3cc(OC(F)(F)F)ccc3=[NH+][C@H]2C)ccc1Cl,O=S(=O)(NCCC1=c2ccccc2=[NH+]C1)c1ccccc1,decoy,FA10_decoy_L024897,C[C@H]1C(=c2cc(ccc2=[NH+]1)OC(F)(F)F)CCNS(=O)(=O)c3ccc(c(c3)OC)Cl,DUD-E,FA10,FA10_DECOY_G8D899B67B04BEA34C9E3,cf757260a929c91a0b82df4cc07c2a152a4288c31eeca7f9914362eda049f85c,development_train,train,2
24944,C63514364,Cc1ccc(c(c1)OC)S(=O)(=O)NCCC2=c3cc(ccc3=[NH+][C@H]2C)OC(F)(F)Cl,COc1cc(C)ccc1S(=O)(=O)NCCC1=c2cc(OC(F)(F)Cl)ccc2=[NH+][C@H]1C,O=S(=O)(NCCC1=c2ccccc2=[NH+]C1)c1ccccc1,decoy,FA10_decoy_L024944,Cc1ccc(c(c1)OC)S(=O)(=O)NCCC2=c3cc(ccc3=[NH+][C@H]2C)OC(F)(F)Cl,DUD-E,FA10,FA10_DECOY_G8D899B67B04BEA34C9E3,cf757260a929c91a0b82df4cc07c2a152a4288c31eeca7f9914362eda049f85c,development_train,train,2
24947,C63743109,COC(=O)[C@H](CC1=c2ccccc2=[NH+]C1)NS(=O)(=O)c3cc(ccc3Cl)C(F)(F)F,COC(=O)[C@H](CC1=c2ccccc2=[NH+]C1)NS(=O)(=O)c1cc(C(F)(F)F)ccc1Cl,O=S(=O)(NCCC1=c2ccccc2=[NH+]C1)c1ccccc1,decoy,FA10_decoy_L024947,COC(=O)[C@H](CC1=c2ccccc2=[NH+]C1)NS(=O)(=O)c3cc(ccc3Cl)C(F)(F)F,DUD-E,FA10,FA10_DECOY_G8D899B67B04BEA34C9E3,cf757260a929c91a0b82df4cc07c2a152a4288c31eeca7f9914362eda049f85c,development_train,train,2
25143,C63514152,C[C@@H]1C(=c2cc(ccc2=[NH+]1)Br)CCNS(=O)(=O)c3cc(c(cc3Cl)OC)Cl,COc1cc(Cl)c(S(=O)(=O)NCCC2=c3cc(Br)ccc3=[NH+][C@@H]2C)cc1Cl,O=S(=O)(NCCC1=c2ccccc2=[NH+]C1)c1ccccc1,decoy,FA10_decoy_L025143,C[C@@H]1C(=c2cc(ccc2=[NH+]1)Br)CCNS(=O)(=O)c3cc(c(cc3Cl)OC)Cl,DUD-E,FA10,FA10_DECOY_G8D899B67B04BEA34C9E3,cf757260a929c91a0b82df4cc07c2a152a4288c31eeca7f9914362eda049f85c,development_train,train,2
25144,C63515480,CCOc1cc(c(cc1S(=O)(=O)NCCC2=c3cc(ccc3=[NH+][C@@H]2C)OC(F)(F)F)Cl)C,CCOc1cc(C)c(Cl)cc1S(=O)(=O)NCCC1=c2cc(OC(F)(F)F)ccc2=[NH+][C@@H]1C,O=S(=O)(NCCC1=c2ccccc2=[NH+]C1)c1ccccc1,decoy,FA10_decoy_L025144,CCOc1cc(c(cc1S(=O)(=O)NCCC2=c3cc(ccc3=[NH+][C@@H]2C)OC(F)(F)F)Cl)C,DUD-E,FA10,FA10_DECOY_G8D899B67B04BEA34C9E3,cf757260a929c91a0b82df4cc07c2a152a4288c31eeca7f9914362eda049f85c,development_train,train,2
19657,C14669291,C=CCOc1ccc(cc1Br)C(=O)N2CCNC(=O)[C@H]2CC(=O)OCCc3ccccc3,C=CCOc1ccc(C(=O)N2CCNC(=O)[C@H]2CC(=O)OCCc2ccccc2)cc1Br,O=C(CC1C(=O)NCCN1C(=O)c1ccccc1)OCCc1ccccc1,decoy,FA10_decoy_L019657,C=CCOc1ccc(cc1Br)C(=O)N2CCNC(=O)[C@H]2CC(=O)OCCc3ccccc3,DUD-E,FA10,FA10_DECOY_GD7206A673310EC83B6FA,d1f5a186094a5126d218e359bb4d2b0cfd8941f17b5fc6b5e526df35f32aaaf5,development_train,train,2
28187,C14667695,CC(C)Oc1ccc(cc1C(=O)N2CCNC(=O)[C@@H]2CC(=O)OCCc3ccccc3)Br,CC(C)Oc1ccc(Br)cc1C(=O)N1CCNC(=O)[C@@H]1CC(=O)OCCc1ccccc1,O=C(CC1C(=O)NCCN1C(=O)c1ccccc1)OCCc1ccccc1,decoy,FA10_decoy_L028187,CC(C)Oc1ccc(cc1C(=O)N2CCNC(=O)[C@@H]2CC(=O)OCCc3ccccc3)Br,DUD-E,FA10,FA10_DECOY_GD7206A673310EC83B6FA,d1f5a186094a5126d218e359bb4d2b0cfd8941f17b5fc6b5e526df35f32aaaf5,development_train,train,2
8470,C39935780,c1cc(ccc1N)S[C@H]2[C@H]([C@H]([C@@H]([C@@H](O2)CO)O[C@H]3[C@H]([C@@H]([C@@H]([C@@H](O3)CO)O)O)O)O)O,Nc1ccc(S[C@@H]2O[C@@H](CO)[C@@H](O[C@@H]3O[C@@H](CO)[C@@H](O)[C@@H](O)[C@@H]3O)[C@H](O)[C@@H]2O)cc1,c1ccc(SC2CCC(OC3CCCCO3)CO2)cc1,decoy,FA10_decoy_L008470,c1cc(ccc1N)S[C@H]2[C@H]([C@H]([C@@H]([C@@H](O2)CO)O[C@H]3[C@H]([C@@H]([C@@H]([C@@H](O3)CO)O)O)O)O)O,DUD-E,FA10,FA10_DECOY_GE0346E0D015A2C60E7D8,d26ed34b08e88fed7c910afe4b42ac6e3f7d576500100910b6cd5a16ceae651f,development_train,train,4
8471,C39935782,c1cc(ccc1N)S[C@H]2[C@H]([C@H]([C@@H]([C@H](O2)CO)O[C@H]3[C@H]([C@@H]([C@@H]([C@@H](O3)CO)O)O)O)O)O,Nc1ccc(S[C@@H]2O[C@H](CO)[C@@H](O[C@@H]3O[C@@H](CO)[C@@H](O)[C@@H](O)[C@@H]3O)[C@H](O)[C@@H]2O)cc1,c1ccc(SC2CCC(OC3CCCCO3)CO2)cc1,decoy,FA10_decoy_L008471,c1cc(ccc1N)S[C@H]2[C@H]([C@H]([C@@H]([C@H](O2)CO)O[C@H]3[C@H]([C@@H]([C@@H]([C@@H](O3)CO)O)O)O)O)O,DUD-E,FA10,FA10_DECOY_GE0346E0D015A2C60E7D8,d26ed34b08e88fed7c910afe4b42ac6e3f7d576500100910b6cd5a16ceae651f,development_train,train,4
8472,C43193629,c1cc(ccc1N)S[C@H]2[C@@H]([C@@H]([C@@H]([C@@H](O2)CO)O[C@@H]3[C@@H]([C@@H]([C@@H]([C@@H](O3)CO)O)O)O)O)O,Nc1ccc(S[C@@H]2O[C@@H](CO)[C@@H](O[C@H]3O[C@@H](CO)[C@@H](O)[C@@H](O)[C@H]3O)[C@@H](O)[C@H]2O)cc1,c1ccc(SC2CCC(OC3CCCCO3)CO2)cc1,decoy,FA10_decoy_L008472,c1cc(ccc1N)S[C@H]2[C@@H]([C@@H]([C@@H]([C@@H](O2)CO)O[C@@H]3[C@@H]([C@@H]([C@@H]([C@@H](O3)CO)O)O)O)O)O,DUD-E,FA10,FA10_DECOY_GE0346E0D015A2C60E7D8,d26ed34b08e88fed7c910afe4b42ac6e3f7d576500100910b6cd5a16ceae651f,development_train,train,4
8473,C43193631,c1cc(ccc1N)S[C@H]2[C@H]([C@@H]([C@@H]([C@@H](O2)CO)O[C@@H]3[C@@H]([C@@H]([C@@H]([C@@H](O3)CO)O)O)O)O)O,Nc1ccc(S[C@@H]2O[C@@H](CO)[C@@H](O[C@H]3O[C@@H](CO)[C@@H](O)[C@@H](O)[C@H]3O)[C@@H](O)[C@@H]2O)cc1,c1ccc(SC2CCC(OC3CCCCO3)CO2)cc1,decoy,FA10_decoy_L008473,c1cc(ccc1N)S[C@H]2[C@H]([C@@H]([C@@H]([C@@H](O2)CO)O[C@@H]3[C@@H]([C@@H]([C@@H]([C@@H](O3)CO)O)O)O)O)O,DUD-E,FA10,FA10_DECOY_GE0346E0D015A2C60E7D8,d26ed34b08e88fed7c910afe4b42ac6e3f7d576500100910b6cd5a16ceae651f,development_train,train,4
8483,C44135731,c1cc(ccc1N)S[C@H]2[C@H]([C@H]([C@H]([C@@H](O2)CO)O[C@H]3[C@@H]([C@@H]([C@H]([C@@H](O3)CO)O)O)O)O)O,Nc1ccc(S[C@@H]2O[C@@H](CO)[C@H](O[C@@H]3O[C@@H](CO)[C@H](O)[C@@H](O)[C@H]3O)[C@H](O)[C@@H]2O)cc1,c1ccc(SC2CCC(OC3CCCCO3)CO2)cc1,decoy,FA10_decoy_L008483,c1cc(ccc1N)S[C@H]2[C@H]([C@H]([C@H]([C@@H](O2)CO)O[C@H]3[C@@H]([C@@H]([C@H]([C@@H](O3)CO)O)O)O)O)O,DUD-E,FA10,FA10_DECOY_GE0346E0D015A2C60E7D8,d26ed34b08e88fed7c910afe4b42ac6e3f7d576500100910b6cd5a16ceae651f,development_train,train,4
12889,C44135728,c1cc(ccc1N)S[C@H]2[C@@H]([C@H]([C@H]([C@@H](O2)CO)O[C@H]3[C@@H]([C@@H]([C@H]([C@@H](O3)CO)O)O)O)O)O,Nc1ccc(S[C@@H]2O[C@@H](CO)[C@H](O[C@@H]3O[C@@H](CO)[C@H](O)[C@@H](O)[C@H]3O)[C@H](O)[C@H]2O)cc1,c1ccc(SC2CCC(OC3CCCCO3)CO2)cc1,decoy,FA10_decoy_L012889,c1cc(ccc1N)S[C@H]2[C@@H]([C@H]([C@H]([C@@H](O2)CO)O[C@H]3[C@@H]([C@@H]([C@H]([C@@H](O3)CO)O)O)O)O)O,DUD-E,FA10,FA10_DECOY_GE0346E0D015A2C60E7D8,d26ed34b08e88fed7c910afe4b42ac6e3f7d576500100910b6cd5a16ceae651f,development_train,train,4
12892,C44960174,c1cc(ccc1N)S[C@H]2[C@H]([C@H]([C@@H]([C@H](O2)CO)O[C@H]3[C@@H]([C@H]([C@@H]([C@@H](O3)CO)O)O)O)O)O,Nc1ccc(S[C@@H]2O[C@H](CO)[C@@H](O[C@@H]3O[C@@H](CO)[C@@H](O)[C@H](O)[C@H]3O)[C@H](O)[C@@H]2O)cc1,c1ccc(SC2CCC(OC3CCCCO3)CO2)cc1,decoy,FA10_decoy_L012892,c1cc(ccc1N)S[C@H]2[C@H]([C@H]([C@@H]([C@H](O2)CO)O[C@H]3[C@@H]([C@H]([C@@H]([C@@H](O3)CO)O)O)O)O)O,DUD-E,FA10,FA10_DECOY_GE0346E0D015A2C60E7D8,d26ed34b08e88fed7c910afe4b42ac6e3f7d576500100910b6cd5a16ceae651f,development_train,train,4
4167,C57311485,Cc1c2c(cc(nc2n(n1)[C@H]3CCS(=O)(=O)C3)c4ccccc4F)C(=O)N[C@@H](C)CCc5ccccc5,Cc1nn([C@H]2CCS(=O)(=O)C2)c2nc(-c3ccccc3F)cc(C(=O)N[C@@H](C)CCc3ccccc3)c12,O=C(NCCCc1ccccc1)c1cc(-c2ccccc2)nc2c1cnn2C1CCS(=O)(=O)C1,decoy,FA10_decoy_L004167,Cc1c2c(cc(nc2n(n1)[C@H]3CCS(=O)(=O)C3)c4ccccc4F)C(=O)N[C@@H](C)CCc5ccccc5,DUD-E,FA10,FA10_DECOY_G4B685D65A8E70F97A3C6,d46e303049d950cc1a35a47987d4439cc09e8bd494a5aa78ceb23cf726ec323c,development_train,train,1
16728,C20332051,[H]/N=C\1/C(=C\c2ccc(cc2)OCc3cc(=O)n4c(n3)sc(n4)C)/C(=O)N=C5N1N=C(S5)CCC,[H]/N=C1/C(=C\c2ccc(OCc3cc(=O)n4nc(C)sc4n3)cc2)C(=O)N=C2SC(CCC)=NN21,N=C1C(=Cc2ccc(OCc3cc(=O)n4ncsc4n3)cc2)C(=O)N=C2SC=NN12,decoy,FA10_decoy_L016728,[H]/N=C\1/C(=C\c2ccc(cc2)OCc3cc(=O)n4c(n3)sc(n4)C)/C(=O)N=C5N1N=C(S5)CCC,DUD-E,FA10,FA10_DECOY_G005E540EC55AE4050038,d78a37f1f7f4532c0f3e1511f6b6e1d0310a0b8300396477fde2ddba21eac65e,development_train,train,3
21368,C20332030,[H]/N=C\1/C(=C\c2ccc(c(c2)OC)OCc3cc(=O)n4c(n3)sc(n4)CC)/C(=O)N=C5N1N=C(S5)C,[H]/N=C1/C(=C\c2ccc(OCc3cc(=O)n4nc(CC)sc4n3)c(OC)c2)C(=O)N=C2SC(C)=NN21,N=C1C(=Cc2ccc(OCc3cc(=O)n4ncsc4n3)cc2)C(=O)N=C2SC=NN12,decoy,FA10_decoy_L021368,[H]/N=C\1/C(=C\c2ccc(c(c2)OC)OCc3cc(=O)n4c(n3)sc(n4)CC)/C(=O)N=C5N1N=C(S5)C,DUD-E,FA10,FA10_DECOY_G005E540EC55AE4050038,d78a37f1f7f4532c0f3e1511f6b6e1d0310a0b8300396477fde2ddba21eac65e,development_train,train,3
5145,C13833290,Cc1c(cccn1)[C@H](C#N)N2CCN(CC2)C(=O)C[C@H](c3ccccc3)NC(=O)c4ccc[nH]c4=O,Cc1ncccc1[C@H](C#N)N1CCN(C(=O)C[C@@H](NC(=O)c2ccc[nH]c2=O)c2ccccc2)CC1,O=C(NC(CC(=O)N1CCN(Cc2cccnc2)CC1)c1ccccc1)c1ccc[nH]c1=O,decoy,FA10_decoy_L005145,Cc1c(cccn1)[C@H](C#N)N2CCN(CC2)C(=O)C[C@H](c3ccccc3)NC(=O)c4ccc[nH]c4=O,DUD-E,FA10,FA10_DECOY_G94CE3F6F4DFC213F5069,d7b4b34914d1861d65192dd0f759730214b61216a259043d9492dd38b326d356,development_train,train,5
12175,C13424577,c1ccc(cc1)CN2c3ccccc3/C(=N\NC(=[NH2+])SCc4c(cccc4Cl)Cl)/C2=O,[NH2+]=C(N/N=C1/C(=O)N(Cc2ccccc2)c2ccccc21)SCc1c(Cl)cccc1Cl,[NH2+]=C(NN=C1C(=O)N(Cc2ccccc2)c2ccccc21)SCc1ccccc1,decoy,FA10_decoy_L012175,c1ccc(cc1)CN2c3ccccc3/C(=N\NC(=[NH2+])SCc4c(cccc4Cl)Cl)/C2=O,DUD-E,FA10,FA10_DECOY_G0445CA1ED7D55FE05395,d82a3b03535dfc1b39acc636c66514a349cd829815297056ad0d0d561d5d5235,development_train,train,3
12076,C63426658,CCOC(=O)[C@@H]1C(=N/C(=N\C(=O)CSc2nc(c3c(c(sc3n2)C)C)N)/S1)C,CCOC(=O)[C@H]1S/C(=N/C(=O)CSc2nc(N)c3c(C)c(C)sc3n2)N=C1C,O=C(CSc1ncc2ccsc2n1)N=C1N=CCS1,decoy,FA10_decoy_L012076,CCOC(=O)[C@@H]1C(=N/C(=N\C(=O)CSc2nc(c3c(c(sc3n2)C)C)N)/S1)C,DUD-E,FA10,FA10_DECOY_GEB2DAA61DB7418D55BDF,d9321a31de6fb9cf89cdddf01a59a91871f953a253ad1f4f71b8422026bd3b9d,development_train,train,2
21519,C39884082,c1ccc(cc1)[C@@H]2c3c(n(c(=O)s3)CC(=O)Nc4ccc(cc4)F)S[C@H]5[C@H]2C(=O)N(C5=O)C(=O)N,NC(=O)N1C(=O)[C@H]2[C@H](c3ccccc3)c3sc(=O)n(CC(=O)Nc4ccc(F)cc4)c3S[C@@H]2C1=O,O=C(Cn1c2c(sc1=O)C(c1ccccc1)C1C(=O)NC(=O)C1S2)Nc1ccccc1,decoy,FA10_decoy_L021519,c1ccc(cc1)[C@@H]2c3c(n(c(=O)s3)CC(=O)Nc4ccc(cc4)F)S[C@H]5[C@H]2C(=O)N(C5=O)C(=O)N,DUD-E,FA10,FA10_DECOY_G039A26AE0D366663E85B,da1a091b178730e818165c806c6412d513aabcb87fc8a89ae0f461db935b1355,development_train,train,2
753,C39669304,c1cc(c(c(c1)Cl)C(=O)N2C[C@@H](C3(C2)CC[NH2+]CC3)C(=O)NC[C@@H]4CCCN(C4)c5ncccn5)Cl,O=C(NC[C@@H]1CCCN(c2ncccn2)C1)[C@H]1CN(C(=O)c2c(Cl)cccc2Cl)CC12CC[NH2+]CC2,O=C(NCC1CCCN(c2ncccn2)C1)C1CN(C(=O)c2ccccc2)CC12CC[NH2+]CC2,decoy,FA10_decoy_L000753,c1cc(c(c(c1)Cl)C(=O)N2C[C@@H](C3(C2)CC[NH2+]CC3)C(=O)NC[C@@H]4CCCN(C4)c5ncccn5)Cl,DUD-E,FA10,FA10_DECOY_GCB1DDCB3DCF8054FAF49,db1cfd1f8cd8bb4e3c1f49dbe9b79d12a9071eb3fe8c7565fe472df3ea3b90f8,development_train,train,2
754,C39669305,c1cc(c(c(c1)Cl)C(=O)N2C[C@H](C3(C2)CC[NH2+]CC3)C(=O)NC[C@@H]4CCCN(C4)c5ncccn5)Cl,O=C(NC[C@@H]1CCCN(c2ncccn2)C1)[C@@H]1CN(C(=O)c2c(Cl)cccc2Cl)CC12CC[NH2+]CC2,O=C(NCC1CCCN(c2ncccn2)C1)C1CN(C(=O)c2ccccc2)CC12CC[NH2+]CC2,decoy,FA10_decoy_L000754,c1cc(c(c(c1)Cl)C(=O)N2C[C@H](C3(C2)CC[NH2+]CC3)C(=O)NC[C@@H]4CCCN(C4)c5ncccn5)Cl,DUD-E,FA10,FA10_DECOY_GCB1DDCB3DCF8054FAF49,db1cfd1f8cd8bb4e3c1f49dbe9b79d12a9071eb3fe8c7565fe472df3ea3b90f8,development_train,train,2
755,C39669307,c1cc(c(c(c1)Cl)C(=O)N2C[C@H](C3(C2)CC[NH2+]CC3)C(=O)NC[C@H]4CCCN(C4)c5ncccn5)Cl,O=C(NC[C@H]1CCCN(c2ncccn2)C1)[C@@H]1CN(C(=O)c2c(Cl)cccc2Cl)CC12CC[NH2+]CC2,O=C(NCC1CCCN(c2ncccn2)C1)C1CN(C(=O)c2ccccc2)CC12CC[NH2+]CC2,decoy,FA10_decoy_L000755,c1cc(c(c(c1)Cl)C(=O)N2C[C@H](C3(C2)CC[NH2+]CC3)C(=O)NC[C@H]4CCCN(C4)c5ncccn5)Cl,DUD-E,FA10,FA10_DECOY_GCB1DDCB3DCF8054FAF49,db1cfd1f8cd8bb4e3c1f49dbe9b79d12a9071eb3fe8c7565fe472df3ea3b90f8,development_train,train,2
4292,C39669323,c1ccc(c(c1)C(=O)N2C[C@H](C3(C2)CC[NH2+]CC3)C(=O)NC[C@@H]4CCCN(C4)c5ncccn5)C(F)(F)F,O=C(NC[C@@H]1CCCN(c2ncccn2)C1)[C@@H]1CN(C(=O)c2ccccc2C(F)(F)F)CC12CC[NH2+]CC2,O=C(NCC1CCCN(c2ncccn2)C1)C1CN(C(=O)c2ccccc2)CC12CC[NH2+]CC2,decoy,FA10_decoy_L004292,c1ccc(c(c1)C(=O)N2C[C@H](C3(C2)CC[NH2+]CC3)C(=O)NC[C@@H]4CCCN(C4)c5ncccn5)C(F)(F)F,DUD-E,FA10,FA10_DECOY_GCB1DDCB3DCF8054FAF49,db1cfd1f8cd8bb4e3c1f49dbe9b79d12a9071eb3fe8c7565fe472df3ea3b90f8,development_train,train,2
4295,C39669417,Cc1ccc(c(c1F)C(=O)N2C[C@H](C3(C2)CC[NH2+]CC3)C(=O)NC[C@@H]4CCCN(C4)c5ncccn5)Cl,Cc1ccc(Cl)c(C(=O)N2C[C@@H](C(=O)NC[C@@H]3CCCN(c4ncccn4)C3)C3(CC[NH2+]CC3)C2)c1F,O=C(NCC1CCCN(c2ncccn2)C1)C1CN(C(=O)c2ccccc2)CC12CC[NH2+]CC2,decoy,FA10_decoy_L004295,Cc1ccc(c(c1F)C(=O)N2C[C@H](C3(C2)CC[NH2+]CC3)C(=O)NC[C@@H]4CCCN(C4)c5ncccn5)Cl,DUD-E,FA10,FA10_DECOY_GCB1DDCB3DCF8054FAF49,db1cfd1f8cd8bb4e3c1f49dbe9b79d12a9071eb3fe8c7565fe472df3ea3b90f8,development_train,train,2
4296,C39669419,Cc1ccc(c(c1F)C(=O)N2C[C@H](C3(C2)CC[NH2+]CC3)C(=O)NC[C@H]4CCCN(C4)c5ncccn5)Cl,Cc1ccc(Cl)c(C(=O)N2C[C@@H](C(=O)NC[C@H]3CCCN(c4ncccn4)C3)C3(CC[NH2+]CC3)C2)c1F,O=C(NCC1CCCN(c2ncccn2)C1)C1CN(C(=O)c2ccccc2)CC12CC[NH2+]CC2,decoy,FA10_decoy_L004296,Cc1ccc(c(c1F)C(=O)N2C[C@H](C3(C2)CC[NH2+]CC3)C(=O)NC[C@H]4CCCN(C4)c5ncccn5)Cl,DUD-E,FA10,FA10_DECOY_GCB1DDCB3DCF8054FAF49,db1cfd1f8cd8bb4e3c1f49dbe9b79d12a9071eb3fe8c7565fe472df3ea3b90f8,development_train,train,2
4297,C39669428,Cc1ccc(c(c1F)F)C(=O)N2C[C@@H](C3(C2)CC[NH2+]CC3)C(=O)NC[C@@H]4CCCN(C4)c5ncccn5,Cc1ccc(C(=O)N2C[C@H](C(=O)NC[C@@H]3CCCN(c4ncccn4)C3)C3(CC[NH2+]CC3)C2)c(F)c1F,O=C(NCC1CCCN(c2ncccn2)C1)C1CN(C(=O)c2ccccc2)CC12CC[NH2+]CC2,decoy,FA10_decoy_L004297,Cc1ccc(c(c1F)F)C(=O)N2C[C@@H](C3(C2)CC[NH2+]CC3)C(=O)NC[C@@H]4CCCN(C4)c5ncccn5,DUD-E,FA10,FA10_DECOY_GCB1DDCB3DCF8054FAF49,db1cfd1f8cd8bb4e3c1f49dbe9b79d12a9071eb3fe8c7565fe472df3ea3b90f8,development_train,train,2
4298,C39669430,Cc1ccc(c(c1F)F)C(=O)N2C[C@@H](C3(C2)CC[NH2+]CC3)C(=O)NC[C@H]4CCCN(C4)c5ncccn5,Cc1ccc(C(=O)N2C[C@H](C(=O)NC[C@H]3CCCN(c4ncccn4)C3)C3(CC[NH2+]CC3)C2)c(F)c1F,O=C(NCC1CCCN(c2ncccn2)C1)C1CN(C(=O)c2ccccc2)CC12CC[NH2+]CC2,decoy,FA10_decoy_L004298,Cc1ccc(c(c1F)F)C(=O)N2C[C@@H](C3(C2)CC[NH2+]CC3)C(=O)NC[C@H]4CCCN(C4)c5ncccn5,DUD-E,FA10,FA10_DECOY_GCB1DDCB3DCF8054FAF49,db1cfd1f8cd8bb4e3c1f49dbe9b79d12a9071eb3fe8c7565fe472df3ea3b90f8,development_train,train,2
4395,C39669256,c1ccc(c(c1)C(=O)N2C[C@@H](C3(C2)CC[NH2+]CC3)C(=O)NC[C@@H]4CCCN(C4)c5ncccn5)Cl,O=C(NC[C@@H]1CCCN(c2ncccn2)C1)[C@H]1CN(C(=O)c2ccccc2Cl)CC12CC[NH2+]CC2,O=C(NCC1CCCN(c2ncccn2)C1)C1CN(C(=O)c2ccccc2)CC12CC[NH2+]CC2,decoy,FA10_decoy_L004395,c1ccc(c(c1)C(=O)N2C[C@@H](C3(C2)CC[NH2+]CC3)C(=O)NC[C@@H]4CCCN(C4)c5ncccn5)Cl,DUD-E,FA10,FA10_DECOY_GCB1DDCB3DCF8054FAF49,db1cfd1f8cd8bb4e3c1f49dbe9b79d12a9071eb3fe8c7565fe472df3ea3b90f8,development_train,train,2
4396,C39669258,c1ccc(c(c1)C(=O)N2C[C@@H](C3(C2)CC[NH2+]CC3)C(=O)NC[C@H]4CCCN(C4)c5ncccn5)Cl,O=C(NC[C@H]1CCCN(c2ncccn2)C1)[C@H]1CN(C(=O)c2ccccc2Cl)CC12CC[NH2+]CC2,O=C(NCC1CCCN(c2ncccn2)C1)C1CN(C(=O)c2ccccc2)CC12CC[NH2+]CC2,decoy,FA10_decoy_L004396,c1ccc(c(c1)C(=O)N2C[C@@H](C3(C2)CC[NH2+]CC3)C(=O)NC[C@H]4CCCN(C4)c5ncccn5)Cl,DUD-E,FA10,FA10_DECOY_GCB1DDCB3DCF8054FAF49,db1cfd1f8cd8bb4e3c1f49dbe9b79d12a9071eb3fe8c7565fe472df3ea3b90f8,development_train,train,2
4397,C39669322,c1ccc(c(c1)C(=O)N2C[C@@H](C3(C2)CC[NH2+]CC3)C(=O)NC[C@@H]4CCCN(C4)c5ncccn5)C(F)(F)F,O=C(NC[C@@H]1CCCN(c2ncccn2)C1)[C@H]1CN(C(=O)c2ccccc2C(F)(F)F)CC12CC[NH2+]CC2,O=C(NCC1CCCN(c2ncccn2)C1)C1CN(C(=O)c2ccccc2)CC12CC[NH2+]CC2,decoy,FA10_decoy_L004397,c1ccc(c(c1)C(=O)N2C[C@@H](C3(C2)CC[NH2+]CC3)C(=O)NC[C@@H]4CCCN(C4)c5ncccn5)C(F)(F)F,DUD-E,FA10,FA10_DECOY_GCB1DDCB3DCF8054FAF49,db1cfd1f8cd8bb4e3c1f49dbe9b79d12a9071eb3fe8c7565fe472df3ea3b90f8,development_train,train,2
4400,C39669416,Cc1ccc(c(c1F)C(=O)N2C[C@@H](C3(C2)CC[NH2+]CC3)C(=O)NC[C@@H]4CCCN(C4)c5ncccn5)Cl,Cc1ccc(Cl)c(C(=O)N2C[C@H](C(=O)NC[C@@H]3CCCN(c4ncccn4)C3)C3(CC[NH2+]CC3)C2)c1F,O=C(NCC1CCCN(c2ncccn2)C1)C1CN(C(=O)c2ccccc2)CC12CC[NH2+]CC2,decoy,FA10_decoy_L004400,Cc1ccc(c(c1F)C(=O)N2C[C@@H](C3(C2)CC[NH2+]CC3)C(=O)NC[C@@H]4CCCN(C4)c5ncccn5)Cl,DUD-E,FA10,FA10_DECOY_GCB1DDCB3DCF8054FAF49,db1cfd1f8cd8bb4e3c1f49dbe9b79d12a9071eb3fe8c7565fe472df3ea3b90f8,development_train,train,2
4401,C39669429,Cc1ccc(c(c1F)F)C(=O)N2C[C@H](C3(C2)CC[NH2+]CC3)C(=O)NC[C@@H]4CCCN(C4)c5ncccn5,Cc1ccc(C(=O)N2C[C@@H](C(=O)NC[C@@H]3CCCN(c4ncccn4)C3)C3(CC[NH2+]CC3)C2)c(F)c1F,O=C(NCC1CCCN(c2ncccn2)C1)C1CN(C(=O)c2ccccc2)CC12CC[NH2+]CC2,decoy,FA10_decoy_L004401,Cc1ccc(c(c1F)F)C(=O)N2C[C@H](C3(C2)CC[NH2+]CC3)C(=O)NC[C@@H]4CCCN(C4)c5ncccn5,DUD-E,FA10,FA10_DECOY_GCB1DDCB3DCF8054FAF49,db1cfd1f8cd8bb4e3c1f49dbe9b79d12a9071eb3fe8c7565fe472df3ea3b90f8,development_train,train,2
4402,C39669431,Cc1ccc(c(c1F)F)C(=O)N2C[C@H](C3(C2)CC[NH2+]CC3)C(=O)NC[C@H]4CCCN(C4)c5ncccn5,Cc1ccc(C(=O)N2C[C@@H](C(=O)NC[C@H]3CCCN(c4ncccn4)C3)C3(CC[NH2+]CC3)C2)c(F)c1F,O=C(NCC1CCCN(c2ncccn2)C1)C1CN(C(=O)c2ccccc2)CC12CC[NH2+]CC2,decoy,FA10_decoy_L004402,Cc1ccc(c(c1F)F)C(=O)N2C[C@H](C3(C2)CC[NH2+]CC3)C(=O)NC[C@H]4CCCN(C4)c5ncccn5,DUD-E,FA10,FA10_DECOY_GCB1DDCB3DCF8054FAF49,db1cfd1f8cd8bb4e3c1f49dbe9b79d12a9071eb3fe8c7565fe472df3ea3b90f8,development_train,train,2
23952,C39669342,CCc1ccc(cc1)C(=O)N2C[C@@H](C3(C2)CC[NH2+]CC3)C(=O)NC[C@@H]4CCCN(C4)c5ncccn5,CCc1ccc(C(=O)N2C[C@H](C(=O)NC[C@@H]3CCCN(c4ncccn4)C3)C3(CC[NH2+]CC3)C2)cc1,O=C(NCC1CCCN(c2ncccn2)C1)C1CN(C(=O)c2ccccc2)CC12CC[NH2+]CC2,decoy,FA10_decoy_L023952,CCc1ccc(cc1)C(=O)N2C[C@@H](C3(C2)CC[NH2+]CC3)C(=O)NC[C@@H]4CCCN(C4)c5ncccn5,DUD-E,FA10,FA10_DECOY_GCB1DDCB3DCF8054FAF49,db1cfd1f8cd8bb4e3c1f49dbe9b79d12a9071eb3fe8c7565fe472df3ea3b90f8,development_train,train,2
23953,C39669343,CCc1ccc(cc1)C(=O)N2C[C@H](C3(C2)CC[NH2+]CC3)C(=O)NC[C@@H]4CCCN(C4)c5ncccn5,CCc1ccc(C(=O)N2C[C@@H](C(=O)NC[C@@H]3CCCN(c4ncccn4)C3)C3(CC[NH2+]CC3)C2)cc1,O=C(NCC1CCCN(c2ncccn2)C1)C1CN(C(=O)c2ccccc2)CC12CC[NH2+]CC2,decoy,FA10_decoy_L023953,CCc1ccc(cc1)C(=O)N2C[C@H](C3(C2)CC[NH2+]CC3)C(=O)NC[C@@H]4CCCN(C4)c5ncccn5,DUD-E,FA10,FA10_DECOY_GCB1DDCB3DCF8054FAF49,db1cfd1f8cd8bb4e3c1f49dbe9b79d12a9071eb3fe8c7565fe472df3ea3b90f8,development_train,train,2
23954,C39669344,CCc1ccc(cc1)C(=O)N2C[C@@H](C3(C2)CC[NH2+]CC3)C(=O)NC[C@H]4CCCN(C4)c5ncccn5,CCc1ccc(C(=O)N2C[C@H](C(=O)NC[C@H]3CCCN(c4ncccn4)C3)C3(CC[NH2+]CC3)C2)cc1,O=C(NCC1CCCN(c2ncccn2)C1)C1CN(C(=O)c2ccccc2)CC12CC[NH2+]CC2,decoy,FA10_decoy_L023954,CCc1ccc(cc1)C(=O)N2C[C@@H](C3(C2)CC[NH2+]CC3)C(=O)NC[C@H]4CCCN(C4)c5ncccn5,DUD-E,FA10,FA10_DECOY_GCB1DDCB3DCF8054FAF49,db1cfd1f8cd8bb4e3c1f49dbe9b79d12a9071eb3fe8c7565fe472df3ea3b90f8,development_train,train,2
23955,C39669345,CCc1ccc(cc1)C(=O)N2C[C@H](C3(C2)CC[NH2+]CC3)C(=O)NC[C@H]4CCCN(C4)c5ncccn5,CCc1ccc(C(=O)N2C[C@@H](C(=O)NC[C@H]3CCCN(c4ncccn4)C3)C3(CC[NH2+]CC3)C2)cc1,O=C(NCC1CCCN(c2ncccn2)C1)C1CN(C(=O)c2ccccc2)CC12CC[NH2+]CC2,decoy,FA10_decoy_L023955,CCc1ccc(cc1)C(=O)N2C[C@H](C3(C2)CC[NH2+]CC3)C(=O)NC[C@H]4CCCN(C4)c5ncccn5,DUD-E,FA10,FA10_DECOY_GCB1DDCB3DCF8054FAF49,db1cfd1f8cd8bb4e3c1f49dbe9b79d12a9071eb3fe8c7565fe472df3ea3b90f8,development_train,train,2
26022,C39669408,c1cc(c(c(c1)Cl)Cl)C(=O)N2C[C@@H](C3(C2)CC[NH2+]CC3)C(=O)NC[C@@H]4CCCN(C4)c5ncccn5,O=C(NC[C@@H]1CCCN(c2ncccn2)C1)[C@H]1CN(C(=O)c2cccc(Cl)c2Cl)CC12CC[NH2+]CC2,O=C(NCC1CCCN(c2ncccn2)C1)C1CN(C(=O)c2ccccc2)CC12CC[NH2+]CC2,decoy,FA10_decoy_L026022,c1cc(c(c(c1)Cl)Cl)C(=O)N2C[C@@H](C3(C2)CC[NH2+]CC3)C(=O)NC[C@@H]4CCCN(C4)c5ncccn5,DUD-E,FA10,FA10_DECOY_GCB1DDCB3DCF8054FAF49,db1cfd1f8cd8bb4e3c1f49dbe9b79d12a9071eb3fe8c7565fe472df3ea3b90f8,development_train,train,2
26023,C39669409,c1cc(c(c(c1)Cl)Cl)C(=O)N2C[C@H](C3(C2)CC[NH2+]CC3)C(=O)NC[C@@H]4CCCN(C4)c5ncccn5,O=C(NC[C@@H]1CCCN(c2ncccn2)C1)[C@@H]1CN(C(=O)c2cccc(Cl)c2Cl)CC12CC[NH2+]CC2,O=C(NCC1CCCN(c2ncccn2)C1)C1CN(C(=O)c2ccccc2)CC12CC[NH2+]CC2,decoy,FA10_decoy_L026023,c1cc(c(c(c1)Cl)Cl)C(=O)N2C[C@H](C3(C2)CC[NH2+]CC3)C(=O)NC[C@@H]4CCCN(C4)c5ncccn5,DUD-E,FA10,FA10_DECOY_GCB1DDCB3DCF8054FAF49,db1cfd1f8cd8bb4e3c1f49dbe9b79d12a9071eb3fe8c7565fe472df3ea3b90f8,development_train,train,2
26024,C39669410,c1cc(c(c(c1)Cl)Cl)C(=O)N2C[C@@H](C3(C2)CC[NH2+]CC3)C(=O)NC[C@H]4CCCN(C4)c5ncccn5,O=C(NC[C@H]1CCCN(c2ncccn2)C1)[C@H]1CN(C(=O)c2cccc(Cl)c2Cl)CC12CC[NH2+]CC2,O=C(NCC1CCCN(c2ncccn2)C1)C1CN(C(=O)c2ccccc2)CC12CC[NH2+]CC2,decoy,FA10_decoy_L026024,c1cc(c(c(c1)Cl)Cl)C(=O)N2C[C@@H](C3(C2)CC[NH2+]CC3)C(=O)NC[C@H]4CCCN(C4)c5ncccn5,DUD-E,FA10,FA10_DECOY_GCB1DDCB3DCF8054FAF49,db1cfd1f8cd8bb4e3c1f49dbe9b79d12a9071eb3fe8c7565fe472df3ea3b90f8,development_train,train,2
20614,C08881728,CC1(Cc2c(c(sc2C([NH2+]1)(C)C)NC(=O)c3ccc(cc3)S(=O)(=O)N(C)C4CCCCC4)C#N)C,CN(C1CCCCC1)S(=O)(=O)c1ccc(C(=O)Nc2sc3c(c2C#N)CC(C)(C)[NH2+]C3(C)C)cc1,O=C(Nc1cc2c(s1)C[NH2+]CC2)c1ccc(S(=O)(=O)NC2CCCCC2)cc1,decoy,FA10_decoy_L020614,CC1(Cc2c(c(sc2C([NH2+]1)(C)C)NC(=O)c3ccc(cc3)S(=O)(=O)N(C)C4CCCCC4)C#N)C,DUD-E,FA10,FA10_DECOY_G65FD999B18F78CEB3AE7,dd242a0597fea27e4a72a8ff728ac03778d52411667f2c239451c316c8ce0fef,development_train,train,5
19281,C59434032,COc1ccccc1N2CCN(CC2)C(=O)C(=O)N/N=C/c3ccc(cc3)Br,COc1ccccc1N1CCN(C(=O)C(=O)N/N=C/c2ccc(Br)cc2)CC1,O=C(NN=Cc1ccccc1)C(=O)N1CCN(c2ccccc2)CC1,decoy,FA10_decoy_L019281,COc1ccccc1N2CCN(CC2)C(=O)C(=O)N/N=C/c3ccc(cc3)Br,DUD-E,FA10,FA10_DECOY_G5463609F9A33867A8A2E,dd3ea8a843f520e83cdae3d1d516899a8679be4242b26a116168c372880ff9fa,development_train,train,4
1413,C46540528,C[C@H](C(=O)NCCCN1C(=O)C2(CCCC2)NC1=O)N3C(=O)c4ccc(cc4C3=O)Br,C[C@H](C(=O)NCCCN1C(=O)NC2(CCCC2)C1=O)N1C(=O)c2ccc(Br)cc2C1=O,O=C(CN1C(=O)c2ccccc2C1=O)NCCCN1C(=O)NC2(CCCC2)C1=O,decoy,FA10_decoy_L001413,C[C@H](C(=O)NCCCN1C(=O)C2(CCCC2)NC1=O)N3C(=O)c4ccc(cc4C3=O)Br,DUD-E,FA10,FA10_DECOY_GC20AD7D06F14DF4BDEBA,dd44aff9e7dd88ab7ec61b802acc1f6c3df2d1e05733f00eb793b1c63b7e244e,development_train,train,1
6171,C64097941,c1ccc(cc1)C[C@@H](C(=O)[O-])NC(=O)[C@H](CC2=c3ccccc3=[NH+]C2)N4[C@H](Nc5ccccc5C4=O)O,O=C([O-])[C@H](Cc1ccccc1)NC(=O)[C@H](CC1=c2ccccc2=[NH+]C1)N1C(=O)c2ccccc2N[C@@H]1O,O=C(NCCc1ccccc1)C(CC1=c2ccccc2=[NH+]C1)N1CNc2ccccc2C1=O,decoy,FA10_decoy_L006171,c1ccc(cc1)C[C@@H](C(=O)[O-])NC(=O)[C@H](CC2=c3ccccc3=[NH+]C2)N4[C@H](Nc5ccccc5C4=O)O,DUD-E,FA10,FA10_DECOY_G093ABC92FEDD3D61A9CA,dfc3d8e9024bc6ac9fc870fea885089b9bba359e363ba0e66f9fcefae85d17c4,development_train,train,5
6721,C64164377,c1ccc(cc1)C[C@H](C(=O)[O-])NC(=O)[C@@H](CC2=c3ccccc3=[NH+]C2)N4[C@H](Nc5ccccc5C4=O)O,O=C(N[C@H](Cc1ccccc1)C(=O)[O-])[C@@H](CC1=c2ccccc2=[NH+]C1)N1C(=O)c2ccccc2N[C@@H]1O,O=C(NCCc1ccccc1)C(CC1=c2ccccc2=[NH+]C1)N1CNc2ccccc2C1=O,decoy,FA10_decoy_L006721,c1ccc(cc1)C[C@H](C(=O)[O-])NC(=O)[C@@H](CC2=c3ccccc3=[NH+]C2)N4[C@H](Nc5ccccc5C4=O)O,DUD-E,FA10,FA10_DECOY_G093ABC92FEDD3D61A9CA,dfc3d8e9024bc6ac9fc870fea885089b9bba359e363ba0e66f9fcefae85d17c4,development_train,train,5
17135,C05395985,CC[C@@H]1C[C@H]2C[C@]3([C@@H]1[NH+](C2)CCc4c3[nH]c5c4cc(cc5)OC)COC(=O)c6ccc(c(c6)OC)OC,CC[C@@H]1C[C@@H]2C[NH+]3CCc4c([nH]c5ccc(OC)cc45)[C@@](COC(=O)c4ccc(OC)c(OC)c4)(C2)[C@@H]13,O=C(OCC12CC3CCC1[NH+](CCc1c2[nH]c2ccccc12)C3)c1ccccc1,decoy,FA10_decoy_L017135,CC[C@@H]1C[C@H]2C[C@]3([C@@H]1[NH+](C2)CCc4c3[nH]c5c4cc(cc5)OC)COC(=O)c6ccc(c(c6)OC)OC,DUD-E,FA10,FA10_DECOY_GB92D9A6AAB0B1C21A185,e2e7bf3f9aeccca04887249853bffd471c0a7ec370d5cf401ee73dd73f3240c2,development_train,train,1
6520,C39687678,Cc1ccc[nH+]c1N2CCC(CC2)NC(=O)[C@@H]3CN(CC34CC[NH2+]CC4)C(=O)[C@@H]5COc6ccccc6O5,Cc1ccc[nH+]c1N1CCC(NC(=O)[C@@H]2CN(C(=O)[C@@H]3COc4ccccc4O3)CC23CC[NH2+]CC3)CC1,O=C(NC1CCN(c2cccc[nH+]2)CC1)C1CN(C(=O)C2COc3ccccc3O2)CC12CC[NH2+]CC2,decoy,FA10_decoy_L006520,Cc1ccc[nH+]c1N2CCC(CC2)NC(=O)[C@@H]3CN(CC34CC[NH2+]CC4)C(=O)[C@@H]5COc6ccccc6O5,DUD-E,FA10,FA10_DECOY_G668118EFA1BC4E10C36E,e4521f8d7b3b2a8a725d8c29dcbd314fa7034b115d4f8be0457103635b919da6,development_train,train,4
19967,C35921384,CC(C)CN(Cc1c2c(n(n1)c3ccccc3OC)CC[NH+](C2)CC=C)C(=O)OCc4ccccc4,C=CC[NH+]1CCc2c(c(CN(CC(C)C)C(=O)OCc3ccccc3)nn2-c2ccccc2OC)C1,O=C(NCc1nn(-c2ccccc2)c2c1C[NH2+]CC2)OCc1ccccc1,decoy,FA10_decoy_L019967,CC(C)CN(Cc1c2c(n(n1)c3ccccc3OC)CC[NH+](C2)CC=C)C(=O)OCc4ccccc4,DUD-E,FA10,FA10_DECOY_G534718D2F7C9BCAFE4E7,e45f20c0d05c7cf06cdb4cc666d54026aff6eb9c13775b6244950252e5e08ea0,development_train,train,4
4704,C24779687,Cc1c(c(n(n1)c2ccccc2)C)[C@H]3C(=O)NCC[NH+]3CC(=O)N(Cc4ccccc4)c5ccccc5,Cc1nn(-c2ccccc2)c(C)c1[C@H]1C(=O)NCC[NH+]1CC(=O)N(Cc1ccccc1)c1ccccc1,O=C1NCC[NH+](CC(=O)N(Cc2ccccc2)c2ccccc2)C1c1cnn(-c2ccccc2)c1,decoy,FA10_decoy_L004704,Cc1c(c(n(n1)c2ccccc2)C)[C@H]3C(=O)NCC[NH+]3CC(=O)N(Cc4ccccc4)c5ccccc5,DUD-E,FA10,FA10_DECOY_G27777695FC7F2BD67FD9,e8a897872100161a5c0ab5db65390086ca96ecfece50edf769508620cac88f91,development_train,train,5
2959,C01329261,Cc1ccc(cc1)S(=O)(=O)Cn2c(nnn2)[C@@H](c3cc4c(ccc(c4[nH]c3=O)C)C)[NH+]5CCCC5,Cc1ccc(S(=O)(=O)Cn2nnnc2[C@@H](c2cc3c(C)ccc(C)c3[nH]c2=O)[NH+]2CCCC2)cc1,O=c1[nH]c2ccccc2cc1C(c1nnnn1CS(=O)(=O)c1ccccc1)[NH+]1CCCC1,decoy,FA10_decoy_L002959,Cc1ccc(cc1)S(=O)(=O)Cn2c(nnn2)[C@@H](c3cc4c(ccc(c4[nH]c3=O)C)C)[NH+]5CCCC5,DUD-E,FA10,FA10_DECOY_G2555ECA91AF31A1CB7DF,ea5907ce0b496729486b8e125f8d523dcf23a76aca98b67174075316c26f1cd6,development_train,train,5
764,C39694878,Cc1cc(cc(c1)CNC(=O)[C@@H]2CN(CC23CC[NH2+]CC3)C(=O)COc4cccc5c4oc(=O)cc5C)C,Cc1cc(C)cc(CNC(=O)[C@@H]2CN(C(=O)COc3cccc4c(C)cc(=O)oc34)CC23CC[NH2+]CC3)c1,O=C(NCc1ccccc1)C1CN(C(=O)COc2cccc3ccc(=O)oc23)CC12CC[NH2+]CC2,decoy,FA10_decoy_L000764,Cc1cc(cc(c1)CNC(=O)[C@@H]2CN(CC23CC[NH2+]CC3)C(=O)COc4cccc5c4oc(=O)cc5C)C,DUD-E,FA10,FA10_DECOY_GCE2F1C7EC9307342AF60,ec24fe7d018e965310be3cc7f1c64bed0439b5df9dae5be36c4a97732ed80817,development_train,train,2
1949,C39662550,Cc1cc(=O)oc2c1cccc2OCC(=O)N3C[C@@H](C4(C3)CC[NH2+]CC4)C(=O)N[C@@H](C#N)c5ccccc5,Cc1cc(=O)oc2c(OCC(=O)N3C[C@H](C(=O)N[C@@H](C#N)c4ccccc4)C4(CC[NH2+]CC4)C3)cccc12,O=C(NCc1ccccc1)C1CN(C(=O)COc2cccc3ccc(=O)oc23)CC12CC[NH2+]CC2,decoy,FA10_decoy_L001949,Cc1cc(=O)oc2c1cccc2OCC(=O)N3C[C@@H](C4(C3)CC[NH2+]CC4)C(=O)N[C@@H](C#N)c5ccccc5,DUD-E,FA10,FA10_DECOY_GCE2F1C7EC9307342AF60,ec24fe7d018e965310be3cc7f1c64bed0439b5df9dae5be36c4a97732ed80817,development_train,train,2
1952,C39676806,Cc1cc(=O)oc2c1cccc2OCC(=O)N3C[C@@H](C4(C3)CC[NH2+]CC4)C(=O)N[C@H](C)c5cccc(c5)OC,COc1cccc([C@@H](C)NC(=O)[C@H]2CN(C(=O)COc3cccc4c(C)cc(=O)oc34)CC23CC[NH2+]CC3)c1,O=C(NCc1ccccc1)C1CN(C(=O)COc2cccc3ccc(=O)oc23)CC12CC[NH2+]CC2,decoy,FA10_decoy_L001952,Cc1cc(=O)oc2c1cccc2OCC(=O)N3C[C@@H](C4(C3)CC[NH2+]CC4)C(=O)N[C@H](C)c5cccc(c5)OC,DUD-E,FA10,FA10_DECOY_GCE2F1C7EC9307342AF60,ec24fe7d018e965310be3cc7f1c64bed0439b5df9dae5be36c4a97732ed80817,development_train,train,2
3078,C39662553,Cc1cc(=O)oc2c1cccc2OCC(=O)N3C[C@H](C4(C3)CC[NH2+]CC4)C(=O)N[C@H](C#N)c5ccccc5,Cc1cc(=O)oc2c(OCC(=O)N3C[C@@H](C(=O)N[C@H](C#N)c4ccccc4)C4(CC[NH2+]CC4)C3)cccc12,O=C(NCc1ccccc1)C1CN(C(=O)COc2cccc3ccc(=O)oc23)CC12CC[NH2+]CC2,decoy,FA10_decoy_L003078,Cc1cc(=O)oc2c1cccc2OCC(=O)N3C[C@H](C4(C3)CC[NH2+]CC4)C(=O)N[C@H](C#N)c5ccccc5,DUD-E,FA10,FA10_DECOY_GCE2F1C7EC9307342AF60,ec24fe7d018e965310be3cc7f1c64bed0439b5df9dae5be36c4a97732ed80817,development_train,train,2
4283,C39634409,Cc1ccc(cc1)CNC(=O)[C@@H]2CN(CC23CC[NH2+]CC3)C(=O)COc4cccc5c4oc(=O)cc5C,Cc1ccc(CNC(=O)[C@@H]2CN(C(=O)COc3cccc4c(C)cc(=O)oc34)CC23CC[NH2+]CC3)cc1,O=C(NCc1ccccc1)C1CN(C(=O)COc2cccc3ccc(=O)oc23)CC12CC[NH2+]CC2,decoy,FA10_decoy_L004283,Cc1ccc(cc1)CNC(=O)[C@@H]2CN(CC23CC[NH2+]CC3)C(=O)COc4cccc5c4oc(=O)cc5C,DUD-E,FA10,FA10_DECOY_GCE2F1C7EC9307342AF60,ec24fe7d018e965310be3cc7f1c64bed0439b5df9dae5be36c4a97732ed80817,development_train,train,2
4312,C39676807,Cc1cc(=O)oc2c1cccc2OCC(=O)N3C[C@H](C4(C3)CC[NH2+]CC4)C(=O)N[C@H](C)c5cccc(c5)OC,COc1cccc([C@@H](C)NC(=O)[C@@H]2CN(C(=O)COc3cccc4c(C)cc(=O)oc34)CC23CC[NH2+]CC3)c1,O=C(NCc1ccccc1)C1CN(C(=O)COc2cccc3ccc(=O)oc23)CC12CC[NH2+]CC2,decoy,FA10_decoy_L004312,Cc1cc(=O)oc2c1cccc2OCC(=O)N3C[C@H](C4(C3)CC[NH2+]CC4)C(=O)N[C@H](C)c5cccc(c5)OC,DUD-E,FA10,FA10_DECOY_GCE2F1C7EC9307342AF60,ec24fe7d018e965310be3cc7f1c64bed0439b5df9dae5be36c4a97732ed80817,development_train,train,2
15405,C39696242,CCc1ccc(cc1)[C@@H](C)NC(=O)[C@@H]2CN(CC23CC[NH2+]CC3)C(=O)COc4cccc5c4oc(=O)cc5C,CCc1ccc([C@@H](C)NC(=O)[C@@H]2CN(C(=O)COc3cccc4c(C)cc(=O)oc34)CC23CC[NH2+]CC3)cc1,O=C(NCc1ccccc1)C1CN(C(=O)COc2cccc3ccc(=O)oc23)CC12CC[NH2+]CC2,decoy,FA10_decoy_L015405,CCc1ccc(cc1)[C@@H](C)NC(=O)[C@@H]2CN(CC23CC[NH2+]CC3)C(=O)COc4cccc5c4oc(=O)cc5C,DUD-E,FA10,FA10_DECOY_GCE2F1C7EC9307342AF60,ec24fe7d018e965310be3cc7f1c64bed0439b5df9dae5be36c4a97732ed80817,development_train,train,2
23791,C39623244,Cc1cc(=O)oc2c1cccc2OCC(=O)N3C[C@@H](C4(C3)CC[NH2+]CC4)C(=O)NCc5ccccc5Cl,Cc1cc(=O)oc2c(OCC(=O)N3C[C@H](C(=O)NCc4ccccc4Cl)C4(CC[NH2+]CC4)C3)cccc12,O=C(NCc1ccccc1)C1CN(C(=O)COc2cccc3ccc(=O)oc23)CC12CC[NH2+]CC2,decoy,FA10_decoy_L023791,Cc1cc(=O)oc2c1cccc2OCC(=O)N3C[C@@H](C4(C3)CC[NH2+]CC4)C(=O)NCc5ccccc5Cl,DUD-E,FA10,FA10_DECOY_GCE2F1C7EC9307342AF60,ec24fe7d018e965310be3cc7f1c64bed0439b5df9dae5be36c4a97732ed80817,development_train,train,2
23808,C39673181,Cc1ccc(cc1C)CNC(=O)[C@H]2CN(CC23CC[NH2+]CC3)C(=O)COc4cccc5c4oc(=O)cc5C,Cc1ccc(CNC(=O)[C@H]2CN(C(=O)COc3cccc4c(C)cc(=O)oc34)CC23CC[NH2+]CC3)cc1C,O=C(NCc1ccccc1)C1CN(C(=O)COc2cccc3ccc(=O)oc23)CC12CC[NH2+]CC2,decoy,FA10_decoy_L023808,Cc1ccc(cc1C)CNC(=O)[C@H]2CN(CC23CC[NH2+]CC3)C(=O)COc4cccc5c4oc(=O)cc5C,DUD-E,FA10,FA10_DECOY_GCE2F1C7EC9307342AF60,ec24fe7d018e965310be3cc7f1c64bed0439b5df9dae5be36c4a97732ed80817,development_train,train,2
24140,C39623245,Cc1cc(=O)oc2c1cccc2OCC(=O)N3C[C@H](C4(C3)CC[NH2+]CC4)C(=O)NCc5ccccc5Cl,Cc1cc(=O)oc2c(OCC(=O)N3C[C@@H](C(=O)NCc4ccccc4Cl)C4(CC[NH2+]CC4)C3)cccc12,O=C(NCc1ccccc1)C1CN(C(=O)COc2cccc3ccc(=O)oc23)CC12CC[NH2+]CC2,decoy,FA10_decoy_L024140,Cc1cc(=O)oc2c1cccc2OCC(=O)N3C[C@H](C4(C3)CC[NH2+]CC4)C(=O)NCc5ccccc5Cl,DUD-E,FA10,FA10_DECOY_GCE2F1C7EC9307342AF60,ec24fe7d018e965310be3cc7f1c64bed0439b5df9dae5be36c4a97732ed80817,development_train,train,2
26127,C39635634,Cc1cc(=O)oc2c1cccc2OCC(=O)N3C[C@H](C4(C3)CC[NH2+]CC4)C(=O)NCc5cccc(c5)Cl,Cc1cc(=O)oc2c(OCC(=O)N3C[C@@H](C(=O)NCc4cccc(Cl)c4)C4(CC[NH2+]CC4)C3)cccc12,O=C(NCc1ccccc1)C1CN(C(=O)COc2cccc3ccc(=O)oc23)CC12CC[NH2+]CC2,decoy,FA10_decoy_L026127,Cc1cc(=O)oc2c1cccc2OCC(=O)N3C[C@H](C4(C3)CC[NH2+]CC4)C(=O)NCc5cccc(c5)Cl,DUD-E,FA10,FA10_DECOY_GCE2F1C7EC9307342AF60,ec24fe7d018e965310be3cc7f1c64bed0439b5df9dae5be36c4a97732ed80817,development_train,train,2
26129,C39636651,Cc1ccc(c(c1)CNC(=O)[C@@H]2CN(CC23CC[NH2+]CC3)C(=O)COc4cccc5c4oc(=O)cc5C)C,Cc1ccc(C)c(CNC(=O)[C@@H]2CN(C(=O)COc3cccc4c(C)cc(=O)oc34)CC23CC[NH2+]CC3)c1,O=C(NCc1ccccc1)C1CN(C(=O)COc2cccc3ccc(=O)oc23)CC12CC[NH2+]CC2,decoy,FA10_decoy_L026129,Cc1ccc(c(c1)CNC(=O)[C@@H]2CN(CC23CC[NH2+]CC3)C(=O)COc4cccc5c4oc(=O)cc5C)C,DUD-E,FA10,FA10_DECOY_GCE2F1C7EC9307342AF60,ec24fe7d018e965310be3cc7f1c64bed0439b5df9dae5be36c4a97732ed80817,development_train,train,2
9611,C10078894,c1cc(ccc1NC2(CC[NH+](CC2)[C@H]3CC(=O)N(C3=O)c4ccc(cc4)F)C(=O)N)F,NC(=O)C1(Nc2ccc(F)cc2)CC[NH+]([C@H]2CC(=O)N(c3ccc(F)cc3)C2=O)CC1,O=C1CC([NH+]2CCC(Nc3ccccc3)CC2)C(=O)N1c1ccccc1,decoy,FA10_decoy_L009611,c1cc(ccc1NC2(CC[NH+](CC2)[C@H]3CC(=O)N(C3=O)c4ccc(cc4)F)C(=O)N)F,DUD-E,FA10,FA10_DECOY_G9A1989EAB849E4BD68C0,ed7eb3283776e68800e89a3dfd01b8a6fbd41826f295743da152269806ba405d,development_train,train,4
18569,C10078948,c1cc(ccc1NC2CC[NH+](CC2)[C@H]3CC(=O)N(C3=O)c4ccc(cc4)Cl)OC(F)(F)F,O=C1C[C@H]([NH+]2CCC(Nc3ccc(OC(F)(F)F)cc3)CC2)C(=O)N1c1ccc(Cl)cc1,O=C1CC([NH+]2CCC(Nc3ccccc3)CC2)C(=O)N1c1ccccc1,decoy,FA10_decoy_L018569,c1cc(ccc1NC2CC[NH+](CC2)[C@H]3CC(=O)N(C3=O)c4ccc(cc4)Cl)OC(F)(F)F,DUD-E,FA10,FA10_DECOY_G9A1989EAB849E4BD68C0,ed7eb3283776e68800e89a3dfd01b8a6fbd41826f295743da152269806ba405d,development_train,train,4
27477,C39490891,CC(C)S(=O)(=O)[C@@]1(CN(C(=O)N1CC2(CCN(CC2)SC)C3CCCCC3)c4ccccc4O)C,CSN1CCC(CN2C(=O)N(c3ccccc3O)C[C@@]2(C)S(=O)(=O)C(C)C)(C2CCCCC2)CC1,O=C1N(CC2(C3CCCCC3)CCNCC2)CCN1c1ccccc1,decoy,FA10_decoy_L027477,CC(C)S(=O)(=O)[C@@]1(CN(C(=O)N1CC2(CCN(CC2)SC)C3CCCCC3)c4ccccc4O)C,DUD-E,FA10,FA10_DECOY_G34657DF22F7D9884F946,ed827bf40cdeb725bd80d545e47a11cdcd379f0ddf0f9b8c02b26a8f0254f4f3,development_train,train,2
20174,C26290942,Cc1c(n2cccc(c2[nH+]1)OCc3ccccc3)[C@@H](C)SCCNc4c(ns(=O)[nH+]4)N,Cc1[nH+]c2c(OCc3ccccc3)cccn2c1[C@@H](C)SCCNC1=[NH+]S(=O)N=C1N,O=S1N=CC(NCCSCc2c[nH+]c3c(OCc4ccccc4)cccn23)=[NH+]1,decoy,FA10_decoy_L020174,Cc1c(n2cccc(c2[nH+]1)OCc3ccccc3)[C@@H](C)SCCNc4c(ns(=O)[nH+]4)N,DUD-E,FA10,FA10_DECOY_G221A773DD8B3734353A0,ed8fa430eb5fd9556480a0320e57bef3b55a18c4fccd3d802878a55600059182,development_train,train,4
21154,C32980980,CC1CCN(CC1)C2=NN3C(=[NH2+])/C(=C\c4cccn4CCOc5ccccc5OC)/C(=O)N=C3S2,COc1ccccc1OCCn1cccc1/C=C1\C(=[NH2+])N2N=C(N3CCC(C)CC3)SC2=NC1=O,[NH2+]=C1C(=Cc2cccn2CCOc2ccccc2)C(=O)N=C2SC(N3CCCCC3)=NN12,decoy,FA10_decoy_L021154,CC1CCN(CC1)C2=NN3C(=[NH2+])/C(=C\c4cccn4CCOc5ccccc5OC)/C(=O)N=C3S2,DUD-E,FA10,FA10_DECOY_G9ABC359FAAF0AE1623F8,f01c4d13e1ccc289a339576754fd46863c279011a01429611398cc54974bbfee,development_train,train,5
21155,C32980983,CC1CCN(CC1)C2=NN3C(=[NH2+])/C(=C\c4cccn4CCOc5cccc(c5)OC)/C(=O)N=C3S2,COc1cccc(OCCn2cccc2/C=C2\C(=[NH2+])N3N=C(N4CCC(C)CC4)SC3=NC2=O)c1,[NH2+]=C1C(=Cc2cccn2CCOc2ccccc2)C(=O)N=C2SC(N3CCCCC3)=NN12,decoy,FA10_decoy_L021155,CC1CCN(CC1)C2=NN3C(=[NH2+])/C(=C\c4cccn4CCOc5cccc(c5)OC)/C(=O)N=C3S2,DUD-E,FA10,FA10_DECOY_G9ABC359FAAF0AE1623F8,f01c4d13e1ccc289a339576754fd46863c279011a01429611398cc54974bbfee,development_train,train,5
21043,C12531562,C[C@@H]1C[C@@H](CN(C1)C(=O)CSc2nnc3n2c4ccccc4c(=O)n3c5ccccc5)C,C[C@@H]1C[C@H](C)CN(C(=O)CSc2nnc3n(-c4ccccc4)c(=O)c4ccccc4n23)C1,O=C(CSc1nnc2n(-c3ccccc3)c(=O)c3ccccc3n12)N1CCCCC1,decoy,FA10_decoy_L021043,C[C@@H]1C[C@@H](CN(C1)C(=O)CSc2nnc3n2c4ccccc4c(=O)n3c5ccccc5)C,DUD-E,FA10,FA10_DECOY_G6175ADC2E1BF3E33F8E3,f0bbd6fbe7acdbe3afd4f3067f56fe5b2cf9a183864de98bbdb3c8d869ca5fe4,development_train,train,2
18676,C10834410,COc1ccc(cc1)S(=O)(=O)CCC(=O)N(C[C@H]2CCCO2)c3nc4ccc(cc4s3)SC,COc1ccc(S(=O)(=O)CCC(=O)N(C[C@H]2CCCO2)c2nc3ccc(SC)cc3s2)cc1,O=C(CCS(=O)(=O)c1ccccc1)N(CC1CCCO1)c1nc2ccccc2s1,decoy,FA10_decoy_L018676,COc1ccc(cc1)S(=O)(=O)CCC(=O)N(C[C@H]2CCCO2)c3nc4ccc(cc4s3)SC,DUD-E,FA10,FA10_DECOY_GC77EAA9A1F31253978FD,f17a329a376ac9ca8af3f180df0d3a002f402e22c28800d2d2bac9e296c82306,development_train,train,1
27407,C05258033,CC[NH+](CC)CCC[NH2+][C@@H](CC(=O)Nc1ccc(cc1)N=Nc2ccccc2)C(=O)[O-],CC[NH+](CC)CCC[NH2+][C@@H](CC(=O)Nc1ccc(N=Nc2ccccc2)cc1)C(=O)[O-],c1ccc(N=Nc2ccccc2)cc1,decoy,FA10_decoy_L027407,CC[NH+](CC)CCC[NH2+][C@@H](CC(=O)Nc1ccc(cc1)N=Nc2ccccc2)C(=O)[O-],DUD-E,FA10,FA10_DECOY_G236BD3A331B2DBC71E9D,f1f5ac566011ba0f542bbb9c1d29c36500528ac8c50a8b5f703d89fb90875a9c,development_train,train,3
27499,C18143272,CCOc1ccc(cc1)c2c(c(nc(c2C#N)SCC(=O)c3cc4ccc(cc4oc3=O)O)N)C#N,CCOc1ccc(-c2c(C#N)c(N)nc(SCC(=O)c3cc4ccc(O)cc4oc3=O)c2C#N)cc1,O=C(CSc1cc(-c2ccccc2)ccn1)c1cc2ccccc2oc1=O,decoy,FA10_decoy_L027499,CCOc1ccc(cc1)c2c(c(nc(c2C#N)SCC(=O)c3cc4ccc(cc4oc3=O)O)N)C#N,DUD-E,FA10,FA10_DECOY_GCDA7C9CD00E4D6BD540E,f285c3f87c685a3277a50b81f64c13327d4bfc1d8f8b2e1476c087d6f1b11da1,development_train,train,5
13808,C13642983,COc1cccc(c1)C2=NN([C@](C2)(C(F)(F)F)O)c3nc(cc(n3)C(F)(F)F)c4cccs4,COc1cccc(C2=NN(c3nc(-c4cccs4)cc(C(F)(F)F)n3)[C@@](O)(C(F)(F)F)C2)c1,c1ccc(C2=NN(c3nccc(-c4cccs4)n3)CC2)cc1,decoy,FA10_decoy_L013808,COc1cccc(c1)C2=NN([C@](C2)(C(F)(F)F)O)c3nc(cc(n3)C(F)(F)F)c4cccs4,DUD-E,FA10,FA10_DECOY_G51AD0AB3D365D13A617C,f39bf79b834740ffd5b8a85041ddb55e938aecf92b86d3a3681299297f55974a,development_train,train,3
1895,C39710892,Cc1cccc2=C[C@@H](C(=O)[NH+]=c12)[C@H](c3nnnn3Cc4ccccc4)[NH+](Cc5ccccc5)Cc6ccco6,Cc1cccc2c1=[NH+]C(=O)[C@@H]([C@H](c1nnnn1Cc1ccccc1)[NH+](Cc1ccccc1)Cc1ccco1)C=2,O=C1[NH+]=c2ccccc2=CC1C(c1nnnn1Cc1ccccc1)[NH+](Cc1ccccc1)Cc1ccco1,decoy,FA10_decoy_L001895,Cc1cccc2=C[C@@H](C(=O)[NH+]=c12)[C@H](c3nnnn3Cc4ccccc4)[NH+](Cc5ccccc5)Cc6ccco6,DUD-E,FA10,FA10_DECOY_GC552B7F9007D87C7BAD5,f3b5798fa73bd586df1403903663ac367bae83951bd49762b9ebc80ea4865a96,development_train,train,4
1896,C39710893,Cc1cccc2=C[C@H](C(=O)[NH+]=c12)[C@H](c3nnnn3Cc4ccccc4)[NH+](Cc5ccccc5)Cc6ccco6,Cc1cccc2c1=[NH+]C(=O)[C@H]([C@H](c1nnnn1Cc1ccccc1)[NH+](Cc1ccccc1)Cc1ccco1)C=2,O=C1[NH+]=c2ccccc2=CC1C(c1nnnn1Cc1ccccc1)[NH+](Cc1ccccc1)Cc1ccco1,decoy,FA10_decoy_L001896,Cc1cccc2=C[C@H](C(=O)[NH+]=c12)[C@H](c3nnnn3Cc4ccccc4)[NH+](Cc5ccccc5)Cc6ccco6,DUD-E,FA10,FA10_DECOY_GC552B7F9007D87C7BAD5,f3b5798fa73bd586df1403903663ac367bae83951bd49762b9ebc80ea4865a96,development_train,train,4
21665,C59858803,Cc1ccc(cc1C)N2C(=O)/C(=C/c3c(nn(c3C)c4ccc(cc4[N+](=O)[O-])[N+](=O)[O-])C)/C(=NC2=O)[O-],Cc1ccc(N2C(=O)N=C([O-])/C(=C\c3c(C)nn(-c4ccc([N+](=O)[O-])cc4[N+](=O)[O-])c3C)C2=O)cc1C,O=C1N=CC(=Cc2cnn(-c3ccccc3)c2)C(=O)N1c1ccccc1,decoy,FA10_decoy_L021665,Cc1ccc(cc1C)N2C(=O)/C(=C/c3c(nn(c3C)c4ccc(cc4[N+](=O)[O-])[N+](=O)[O-])C)/C(=NC2=O)[O-],DUD-E,FA10,FA10_DECOY_G3940D2F26B6BEAA9BAEC,f40e8c0020a3ce8ae8501e0f109e10cc25d0cb97d2a09992c5754c3a60d55e7d,development_train,train,1
4136,C09659592,[H]/N=C\1/C(=C\c2ccc(c(c2)OC)OC(=O)c3ccc(cc3)F)/C(=O)N=C4N1N=C(S4)c5ccccc5C,[H]/N=C1/C(=C\c2ccc(OC(=O)c3ccc(F)cc3)c(OC)c2)C(=O)N=C2SC(c3ccccc3C)=NN21,N=C1C(=Cc2ccc(OC(=O)c3ccccc3)cc2)C(=O)N=C2SC(c3ccccc3)=NN12,decoy,FA10_decoy_L004136,[H]/N=C\1/C(=C\c2ccc(c(c2)OC)OC(=O)c3ccc(cc3)F)/C(=O)N=C4N1N=C(S4)c5ccccc5C,DUD-E,FA10,FA10_DECOY_G60A45FB0AB5E4311D863,f420d63fce6a29897b2477f613e2208fe301fc783ede63c0614f1464c8ed085a,development_train,train,1
28211,C13899113,[H]/N=C\1/C(=C/c2ccc(c(c2)OC)OC(=O)c3ccc(cc3)F)/C(=O)N=C4N1N=C(S4)c5ccccc5C,[H]/N=C1/C(=C/c2ccc(OC(=O)c3ccc(F)cc3)c(OC)c2)C(=O)N=C2SC(c3ccccc3C)=NN21,N=C1C(=Cc2ccc(OC(=O)c3ccccc3)cc2)C(=O)N=C2SC(c3ccccc3)=NN12,decoy,FA10_decoy_L028211,[H]/N=C\1/C(=C/c2ccc(c(c2)OC)OC(=O)c3ccc(cc3)F)/C(=O)N=C4N1N=C(S4)c5ccccc5C,DUD-E,FA10,FA10_DECOY_G60A45FB0AB5E4311D863,f420d63fce6a29897b2477f613e2208fe301fc783ede63c0614f1464c8ed085a,development_train,train,1
27918,C36549852,C/C=C/[C@@H](C(=O)NCS(=O)(=O)c1ccc(cc1)C)N(c2ccccc2Cl)C(=O)c3ccc(cc3)F,C/C=C/[C@@H](C(=O)NCS(=O)(=O)c1ccc(C)cc1)N(C(=O)c1ccc(F)cc1)c1ccccc1Cl,O=C(CN(C(=O)c1ccccc1)c1ccccc1)NCS(=O)(=O)c1ccccc1,decoy,FA10_decoy_L027918,C/C=C/[C@@H](C(=O)NCS(=O)(=O)c1ccc(cc1)C)N(c2ccccc2Cl)C(=O)c3ccc(cc3)F,DUD-E,FA10,FA10_DECOY_G5AFAB681FDE062DAAC46,f5946ef098cdda45bca26046daddcd71e86bced32c72d8a858a4e9c5e76d55e7,development_train,train,1
27919,C36554328,C/C=C\[C@@H](C(=O)NCS(=O)(=O)c1ccc(cc1)C)N(c2cccc(c2)Cl)C(=O)c3ccc(cc3)F,C/C=C\[C@@H](C(=O)NCS(=O)(=O)c1ccc(C)cc1)N(C(=O)c1ccc(F)cc1)c1cccc(Cl)c1,O=C(CN(C(=O)c1ccccc1)c1ccccc1)NCS(=O)(=O)c1ccccc1,decoy,FA10_decoy_L027919,C/C=C\[C@@H](C(=O)NCS(=O)(=O)c1ccc(cc1)C)N(c2cccc(c2)Cl)C(=O)c3ccc(cc3)F,DUD-E,FA10,FA10_DECOY_G5AFAB681FDE062DAAC46,f5946ef098cdda45bca26046daddcd71e86bced32c72d8a858a4e9c5e76d55e7,development_train,train,1
25342,C39463781,c1ccc(cc1)OS(=O)(=O)c2cc3ncc(n3c(c2)S(=O)(=O)c4ccccc4)Br,O=S(=O)(Oc1ccccc1)c1cc(S(=O)(=O)c2ccccc2)n2c(Br)cnc2c1,O=S(=O)(Oc1ccccc1)c1cc(S(=O)(=O)c2ccccc2)n2ccnc2c1,decoy,FA10_decoy_L025342,c1ccc(cc1)OS(=O)(=O)c2cc3ncc(n3c(c2)S(=O)(=O)c4ccccc4)Br,DUD-E,FA10,FA10_DECOY_G2ED8E90CFD1A05009FA0,f594cf6b142ead53f3eda0a6d149aa3b9f832733072bda4e8cde185ce3c90892,development_train,train,5
16849,C21386398,CCCCn1c(c(c(=O)[nH]c1=O)N(CC)CC(=O)Nc2ccc3c(c2)CCC3)N,CCCCn1c(N)c(N(CC)CC(=O)Nc2ccc3c(c2)CCC3)c(=O)[nH]c1=O,O=C(CNc1c[nH]c(=O)[nH]c1=O)Nc1ccc2c(c1)CCC2,decoy,FA10_decoy_L016849,CCCCn1c(c(c(=O)[nH]c1=O)N(CC)CC(=O)Nc2ccc3c(c2)CCC3)N,DUD-E,FA10,FA10_DECOY_GC1B16B138AFDC46B4CA4,f6a4ad39af96614385fbaa0cda1db7a7188b7e1ddd3c90460382d9163497c529,development_train,train,1
3405,C14584268,CCN(c1c(n(c(=O)[nH]c1=O)Cc2ccccc2)N)C(=O)c3c(nn(c3Cl)Cc4ccccc4)C,CCN(C(=O)c1c(C)nn(Cc2ccccc2)c1Cl)c1c(N)n(Cc2ccccc2)c(=O)[nH]c1=O,O=C(Nc1cn(Cc2ccccc2)c(=O)[nH]c1=O)c1cnn(Cc2ccccc2)c1,decoy,FA10_decoy_L003405,CCN(c1c(n(c(=O)[nH]c1=O)Cc2ccccc2)N)C(=O)c3c(nn(c3Cl)Cc4ccccc4)C,DUD-E,FA10,FA10_DECOY_GF63CEBACFF17D356A6A9,fad2c48665f760f177bb77070e0a99e05c277fa08db8c7ca6c0294fce1d3d4f4,development_train,train,1
25928,C16401499,C[C@]1(C(=O)N(C(=O)N1)CC(=O)N(C)CC(=O)Nc2ccc(c(c2)C(F)(F)F)Cl)c3ccco3,CN(CC(=O)Nc1ccc(Cl)c(C(F)(F)F)c1)C(=O)CN1C(=O)N[C@](C)(c2ccco2)C1=O,O=C(CN1C(=O)NC(c2ccco2)C1=O)NCC(=O)Nc1ccccc1,decoy,FA10_decoy_L025928,C[C@]1(C(=O)N(C(=O)N1)CC(=O)N(C)CC(=O)Nc2ccc(c(c2)C(F)(F)F)Cl)c3ccco3,DUD-E,FA10,FA10_DECOY_GEA98D7ABAFC99C0D09CB,fb5a8074f94238ac03396bd3552b15f5321ca874a334d76020e1010bda234dca,development_train,train,2
7269,C29786453,C[C@]1(c2cccc(c2C(=O)C3[C@@H]1C[C@H]4[C@@H](C(=C(C[C@]4(C3=O)O)C(=O)N)[O-])[NH+](C)C)O)O,C[NH+](C)[C@@H]1C([O-])=C(C(N)=O)C[C@@]2(O)C(=O)C3C(=O)c4c(O)cccc4[C@@](C)(O)[C@H]3C[C@@H]12,O=C1c2ccccc2CC2CC3CC=CCC3C(=O)C12,decoy,FA10_decoy_L007269,C[C@]1(c2cccc(c2C(=O)C3[C@@H]1C[C@H]4[C@@H](C(=C(C[C@]4(C3=O)O)C(=O)N)[O-])[NH+](C)C)O)O,DUD-E,FA10,FA10_DECOY_GD3C71255C032D1D624AD,fd5465b92551c4e9249c3f9e1c8d0f35c2073951297873adc28243cbc64493df,development_train,train,2
7282,C43509440,C[C@]1(c2cccc(c2C(=O)[C@@H]3[C@H]1C[C@@H]4[C@@H](C(=C(C[C@@]4(C3=O)O)C(=O)N)[O-])[NH+](C)C)O)O,C[NH+](C)[C@@H]1C([O-])=C(C(N)=O)C[C@]2(O)C(=O)[C@@H]3C(=O)c4c(O)cccc4[C@@](C)(O)[C@@H]3C[C@H]12,O=C1c2ccccc2CC2CC3CC=CCC3C(=O)C12,decoy,FA10_decoy_L007282,C[C@]1(c2cccc(c2C(=O)[C@@H]3[C@H]1C[C@@H]4[C@@H](C(=C(C[C@@]4(C3=O)O)C(=O)N)[O-])[NH+](C)C)O)O,DUD-E,FA10,FA10_DECOY_GD3C71255C032D1D624AD,fd5465b92551c4e9249c3f9e1c8d0f35c2073951297873adc28243cbc64493df,development_train,train,2
22754,C03663693,CC[NH+](CC)Cc1c(nnn1c2c(non2)N)C(=O)N/N=C/c3ccc(s3)Br,CC[NH+](CC)Cc1c(C(=O)N/N=C/c2ccc(Br)s2)nnn1-c1nonc1N,O=C(NN=Cc1cccs1)c1cn(-c2cnon2)nn1,decoy,FA10_decoy_L022754,CC[NH+](CC)Cc1c(nnn1c2c(non2)N)C(=O)N/N=C/c3ccc(s3)Br,DUD-E,FA10,FA10_DECOY_G981E5D8C50B4A06D19B8,ffd1d7ee5eb446a1b837dc79155c911e1883944989d654eb8de7e0048fd8ca4c,development_train,train,3
27391,C03633077,CCC[NH+](CCC)Cc1c(nnn1c2c(non2)N)C(=O)N/N=C/c3cccs3,CCC[NH+](CCC)Cc1c(C(=O)N/N=C/c2cccs2)nnn1-c1nonc1N,O=C(NN=Cc1cccs1)c1cn(-c2cnon2)nn1,decoy,FA10_decoy_L027391,CCC[NH+](CCC)Cc1c(nnn1c2c(non2)N)C(=O)N/N=C/c3cccs3,DUD-E,FA10,FA10_DECOY_G981E5D8C50B4A06D19B8,ffd1d7ee5eb446a1b837dc79155c911e1883944989d654eb8de7e0048fd8ca4c,development_train,train,3
