target_id,role,phi,policy,budget,n_folds,pr_auc_mean,pr_auc_std,delta_mean,delta_worst_fold,positive_folds,bedroc20_mean,recall5_mean,coverage_mean,eval_coverage_mean,eval_mean_depth_mean,jobs_used_mean
BACE1,primary,mean,s1_width,600,5,0.6246422826462309,0.14737744755522472,0.0,0.0,0,0.7736385414797018,0.20833333333333334,1.0,1.0,1.0,600.0
BACE1,primary,mean,s1_width,1200,5,0.6246422826462309,0.14737744755522472,0.0,0.0,0,0.7736385414797018,0.20833333333333334,1.0,1.0,1.0,600.0
BACE1,primary,mean,s1_width,2400,5,0.6246422826462309,0.14737744755522472,0.0,0.0,0,0.7736385414797018,0.20833333333333334,1.0,1.0,1.0,600.0
BACE1,primary,mean,s1_width,3600,5,0.6246422826462309,0.14737744755522472,0.0,0.0,0,0.7736385414797018,0.20833333333333334,1.0,1.0,1.0,600.0
BACE1,primary,mean,s1_width,4800,5,0.6246422826462309,0.14737744755522472,0.0,0.0,0,0.7736385414797018,0.20833333333333334,1.0,1.0,1.0,600.0
BACE1,primary,mean,s2_uniform,600,5,0.6246422826462309,0.14737744755522472,0.0,0.0,0,0.7736385414797018,0.20833333333333334,1.0,1.0,1.0,600.0
BACE1,primary,mean,s2_uniform,1200,5,0.6183266565400276,0.15550563655768085,-0.00631562610620331,-0.021756140621340347,2,0.7647279267413676,0.20833333333333334,1.0,1.0,2.0,1200.0
BACE1,primary,mean,s2_uniform,2400,5,0.6257018080022893,0.14895153697927419,0.0010595253560582996,-0.022607248845000538,3,0.7760131071792485,0.225,1.0,1.0,4.0,2400.0
BACE1,primary,mean,s2_uniform,3600,5,0.6245162458200852,0.13476024252168262,-0.00012603682614570344,-0.054733225225929494,3,0.7894579133788233,0.23333333333333334,1.0,1.0,6.0,3600.0
BACE1,primary,mean,s2_uniform,4800,5,0.6252770344766391,0.13753786621667127,0.0006347518304080757,-0.06134751833917973,3,0.7836825112512041,0.225,1.0,1.0,8.0,4800.0
BACE1,primary,mean,s3_top10,600,5,0.6246422826462309,0.14737744755522472,0.0,0.0,0,0.7736385414797018,0.20833333333333334,1.0,1.0,1.0,600.0
BACE1,primary,mean,s3_top10,1200,5,0.5875731281880194,0.16360329633274995,-0.037069154458211497,-0.06783806549829469,0,0.7325489559382145,0.19166666666666668,1.0,1.0,2.0000000000000004,1200.0
BACE1,primary,mean,s3_top10,2400,5,0.5521925454661016,0.17092608645517748,-0.07244973718012929,-0.10954730106003857,0,0.67061349997248,0.175,1.0,1.0,2.4,1440.0
BACE1,primary,mean,s3_top10,3600,5,0.5521925454661016,0.17092608645517748,-0.07244973718012929,-0.10954730106003857,0,0.67061349997248,0.175,1.0,1.0,2.4,1440.0
BACE1,primary,mean,s3_top10,4800,5,0.5521925454661016,0.17092608645517748,-0.07244973718012929,-0.10954730106003857,0,0.67061349997248,0.175,1.0,1.0,2.4,1440.0
BACE1,primary,mean,s3_top25,600,5,0.6246422826462309,0.14737744755522472,0.0,0.0,0,0.7736385414797018,0.20833333333333334,1.0,1.0,1.0,600.0
BACE1,primary,mean,s3_top25,1200,5,0.6278805073588968,0.14109540289327424,0.003238224712665827,-0.03912422590138431,3,0.7815672926175022,0.2166666666666667,1.0,1.0,2.0,1200.0
BACE1,primary,mean,s3_top25,2400,5,0.6028180514445463,0.15842315081967837,-0.021824231201684675,-0.06285257489865975,1,0.7421115814700301,0.19166666666666668,1.0,1.0,4.0,2400.0
BACE1,primary,mean,s3_top25,3600,5,0.579881116483036,0.15855226742296014,-0.04476116616319505,-0.09105839227114376,1,0.7090414579177884,0.19166666666666668,1.0,1.0,4.5,2700.0
BACE1,primary,mean,s3_top25,4800,5,0.579881116483036,0.15855226742296014,-0.04476116616319505,-0.09105839227114376,1,0.7090414579177884,0.19166666666666668,1.0,1.0,4.5,2700.0
BACE1,primary,mean,s3_top50,600,5,0.6246422826462309,0.14737744755522472,0.0,0.0,0,0.7736385414797018,0.20833333333333334,1.0,1.0,1.0,600.0
BACE1,primary,mean,s3_top50,1200,5,0.6258287782979888,0.15212839062344727,0.0011864956517577796,-0.01621122027138855,2,0.7828840453354662,0.2166666666666667,1.0,1.0,2.0,1200.0
BACE1,primary,mean,s3_top50,2400,5,0.6171040615617761,0.14832405273322882,-0.00753822108445491,-0.03676525086580129,2,0.7739055027027354,0.2166666666666667,1.0,1.0,4.0,2400.0
BACE1,primary,mean,s3_top50,3600,5,0.5993407017120356,0.15196321044794875,-0.025301580934195322,-0.07230815225728682,2,0.7490889325300899,0.2,1.0,1.0,6.0,3600.0
BACE1,primary,mean,s3_top50,4800,5,0.5755053621278956,0.15110317604132023,-0.04913692051833539,-0.10769788929510804,1,0.706735648729682,0.19166666666666668,1.0,1.0,8.0,4800.0
BACE1,primary,mean,s4_scaffold25,600,5,0.6899259203205081,0.12736689075735566,0.06528363767427722,0.01596519891702164,5,0.804044420995681,0.225,0.6216666666666667,0.6216666666666667,1.6064350258772884,600.0
BACE1,primary,mean,s4_scaffold25,1200,5,0.6774764433445827,0.14249848820570077,0.05283416069835171,0.008151683728616632,5,0.7859172467707719,0.2166666666666667,0.6216666666666667,0.6216666666666667,3.2098846504973766,1200.0
BACE1,primary,mean,s4_scaffold25,2400,5,0.6385181392735556,0.14483475882660443,0.013875856627324679,-0.04129544767905846,3,0.73362994924377,0.19166666666666668,0.6216666666666667,0.6216666666666667,4.8876233505848585,1828.0
BACE1,primary,mean,s4_scaffold25,3600,5,0.6385181392735556,0.14483475882660443,0.013875856627324679,-0.04129544767905846,3,0.73362994924377,0.19166666666666668,0.6216666666666667,0.6216666666666667,4.8876233505848585,1828.0
BACE1,primary,mean,s4_scaffold25,4800,5,0.6385181392735556,0.14483475882660443,0.013875856627324679,-0.04129544767905846,3,0.73362994924377,0.19166666666666668,0.6216666666666667,0.6216666666666667,4.8876233505848585,1828.0
BACE1,primary,mean,s4_scaffold50,600,5,0.663004146782261,0.10958065583047452,0.03836186413603008,-0.01150150970166719,4,0.789923292065885,0.2166666666666667,0.68,0.6799999999999999,1.4710133068693907,600.0
BACE1,primary,mean,s4_scaffold50,1200,5,0.6646833835155926,0.10768658716817257,0.04004110086936167,-0.030829715164886196,4,0.788942643188438,0.2166666666666667,0.68,0.6799999999999999,2.933774326230511,1200.0
BACE1,primary,mean,s4_scaffold50,2400,5,0.6459362127699217,0.12048802447430683,0.021293930123690907,-0.062464773515321426,4,0.7758710506085633,0.2166666666666667,0.68,0.6799999999999999,5.850106729580945,2400.0
BACE1,primary,mean,s4_scaffold50,3600,5,0.6113314911007038,0.12638589432237993,-0.013310791545527079,-0.0979233675793606,3,0.712125156692592,0.19166666666666668,0.68,0.6799999999999999,8.676548920845347,3564.0
BACE1,primary,mean,s4_scaffold50,4800,5,0.6113314911007038,0.12638589432237993,-0.013310791545527079,-0.0979233675793606,3,0.712125156692592,0.19166666666666668,0.68,0.6799999999999999,8.676548920845347,3564.0
BACE1,primary,mean,s5_score_oracle,600,5,0.6097522643739361,0.14939581443454447,-0.014890018272294848,-0.07716316540817575,3,0.7392008479795262,0.20833333333333334,1.0,1.0,1.0,600.0
BACE1,primary,mean,s5_score_oracle,1200,5,0.6061115695009943,0.15448449749047374,-0.018530713145236632,-0.07500022812678137,2,0.7384064738747684,0.2166666666666667,1.0,1.0,2.0,1200.0
BACE1,primary,mean,s5_score_oracle,2400,5,0.6100604204032929,0.15627572502265716,-0.01458186224293806,-0.07235119139435614,2,0.7468569350194246,0.20833333333333334,1.0,1.0,4.0,2400.0
BACE1,primary,mean,s5_score_oracle,3600,5,0.6042062200537076,0.1461754420407182,-0.020436062592523264,-0.0698456040268578,3,0.7420158140625265,0.20833333333333334,1.0,1.0,6.0,3600.0
BACE1,primary,mean,s5_score_oracle,4800,5,0.6083473991510205,0.1485431649736044,-0.016294883495210466,-0.06695041265804436,2,0.7471930108570491,0.20833333333333334,1.0,1.0,8.0,4800.0
BACE1,primary,min,s1_width,600,5,0.6246422826462309,0.14737744755522472,0.0,0.0,0,0.7736385414797018,0.20833333333333334,1.0,1.0,1.0,600.0
BACE1,primary,min,s1_width,1200,5,0.6246422826462309,0.14737744755522472,0.0,0.0,0,0.7736385414797018,0.20833333333333334,1.0,1.0,1.0,600.0
BACE1,primary,min,s1_width,2400,5,0.6246422826462309,0.14737744755522472,0.0,0.0,0,0.7736385414797018,0.20833333333333334,1.0,1.0,1.0,600.0
BACE1,primary,min,s1_width,3600,5,0.6246422826462309,0.14737744755522472,0.0,0.0,0,0.7736385414797018,0.20833333333333334,1.0,1.0,1.0,600.0
BACE1,primary,min,s1_width,4800,5,0.6246422826462309,0.14737744755522472,0.0,0.0,0,0.7736385414797018,0.20833333333333334,1.0,1.0,1.0,600.0
BACE1,primary,min,s2_uniform,600,5,0.6246422826462309,0.14737744755522472,0.0,0.0,0,0.7736385414797018,0.20833333333333334,1.0,1.0,1.0,600.0
BACE1,primary,min,s2_uniform,1200,5,0.6070320456318077,0.16118661598035783,-0.017610237014423324,-0.054357112788007644,1,0.747997186000483,0.20833333333333334,1.0,1.0,2.0,1200.0
BACE1,primary,min,s2_uniform,2400,5,0.6149628562879544,0.1466603016534286,-0.00967942635827651,-0.06847062895172196,2,0.7562311273481686,0.2166666666666667,1.0,1.0,4.0,2400.0
BACE1,primary,min,s2_uniform,3600,5,0.5961127121191072,0.1585531090885082,-0.028529570527123717,-0.09243986017909867,1,0.7332892501728254,0.20833333333333334,1.0,1.0,6.0,3600.0
BACE1,primary,min,s2_uniform,4800,5,0.6076389671688177,0.1674752695902542,-0.017003315477413194,-0.08183395114536512,2,0.7451087845660517,0.21666666666666665,1.0,1.0,8.0,4800.0
BACE1,primary,min,s3_top10,600,5,0.6246422826462309,0.14737744755522472,0.0,0.0,0,0.7736385414797018,0.20833333333333334,1.0,1.0,1.0,600.0
BACE1,primary,min,s3_top10,1200,5,0.622192282346966,0.16854173475599193,-0.002450000299264976,-0.08506944444444436,3,0.769088078979307,0.225,1.0,1.0,2.0000000000000004,1200.0
BACE1,primary,min,s3_top10,2400,5,0.6196129172676008,0.16822589020087866,-0.005029365378630068,-0.08506944444444436,3,0.764536168677361,0.2166666666666667,1.0,1.0,2.4,1440.0
BACE1,primary,min,s3_top10,3600,5,0.6196129172676008,0.16822589020087866,-0.005029365378630068,-0.08506944444444436,3,0.764536168677361,0.2166666666666667,1.0,1.0,2.4,1440.0
BACE1,primary,min,s3_top10,4800,5,0.6196129172676008,0.16822589020087866,-0.005029365378630068,-0.08506944444444436,3,0.764536168677361,0.2166666666666667,1.0,1.0,2.4,1440.0
BACE1,primary,min,s3_top25,600,5,0.6246422826462309,0.14737744755522472,0.0,0.0,0,0.7736385414797018,0.20833333333333334,1.0,1.0,1.0,600.0
BACE1,primary,min,s3_top25,1200,5,0.607769036395503,0.1568820825442119,-0.01687324625072808,-0.05757122349614613,2,0.7504285066590441,0.20833333333333334,1.0,1.0,2.0,1200.0
BACE1,primary,min,s3_top25,2400,5,0.602622093517708,0.1749189199906779,-0.022020189128522993,-0.10722375811721613,2,0.7436354396775211,0.2166666666666667,1.0,1.0,4.0,2400.0
BACE1,primary,min,s3_top25,3600,5,0.6014213824640557,0.17347513787660518,-0.023220900182175208,-0.10722375811721613,2,0.7419518613959577,0.2166666666666667,1.0,1.0,4.5,2700.0
BACE1,primary,min,s3_top25,4800,5,0.6014213824640557,0.17347513787660518,-0.023220900182175208,-0.10722375811721613,2,0.7419518613959577,0.2166666666666667,1.0,1.0,4.5,2700.0
BACE1,primary,min,s3_top50,600,5,0.6246422826462309,0.14737744755522472,0.0,0.0,0,0.7736385414797018,0.20833333333333334,1.0,1.0,1.0,600.0
BACE1,primary,min,s3_top50,1200,5,0.6008946404032196,0.15674947829839767,-0.02374764224301127,-0.06277454994200393,1,0.7403568429968812,0.2,1.0,1.0,2.0,1200.0
BACE1,primary,min,s3_top50,2400,5,0.5969083277305297,0.18042757348692715,-0.027733954915701187,-0.12240016349034921,1,0.7269961783099557,0.20833333333333334,1.0,1.0,4.0,2400.0
BACE1,primary,min,s3_top50,3600,5,0.5924731909807696,0.17549652526201173,-0.03216909166546141,-0.1317968645182072,1,0.734650387198424,0.225,1.0,1.0,6.0,3600.0
BACE1,primary,min,s3_top50,4800,5,0.5903842868235337,0.16247746507202224,-0.034257995822697264,-0.1193229219588191,1,0.7276329665866772,0.2166666666666667,1.0,1.0,8.0,4800.0
BACE1,primary,min,s4_scaffold25,600,5,0.6762050138239666,0.1385099068785554,0.05156273117773556,0.022964475464979706,5,0.77926125088467,0.20833333333333334,0.6216666666666667,0.6216666666666667,1.6064350258772884,600.0
BACE1,primary,min,s4_scaffold25,1200,5,0.6717154930065283,0.15258466365596926,0.047073210360297345,-0.02980434615602351,4,0.7679331446953293,0.21666666666666665,0.6216666666666667,0.6216666666666667,3.2098846504973766,1200.0
BACE1,primary,min,s4_scaffold25,2400,5,0.6684554741495247,0.15144635059320516,0.043813191503293714,-0.02797284432452163,4,0.7633034848678955,0.20833333333333334,0.6216666666666667,0.6216666666666667,4.8876233505848585,1828.0
BACE1,primary,min,s4_scaffold25,3600,5,0.6684554741495247,0.15144635059320516,0.043813191503293714,-0.02797284432452163,4,0.7633034848678955,0.20833333333333334,0.6216666666666667,0.6216666666666667,4.8876233505848585,1828.0
BACE1,primary,min,s4_scaffold25,4800,5,0.6684554741495247,0.15144635059320516,0.043813191503293714,-0.02797284432452163,4,0.7633034848678955,0.20833333333333334,0.6216666666666667,0.6216666666666667,4.8876233505848585,1828.0
BACE1,primary,min,s4_scaffold50,600,5,0.6539752897234663,0.13106022955639432,0.029333007077235396,0.009055633465446689,5,0.7702556921434646,0.20833333333333334,0.68,0.6799999999999999,1.4710133068693907,600.0
BACE1,primary,min,s4_scaffold50,1200,5,0.6442439029080432,0.11631775181313991,0.0196016202618123,-0.019575534135387596,3,0.7518354707773657,0.20833333333333334,0.68,0.6799999999999999,2.933774326230511,1200.0
BACE1,primary,min,s4_scaffold50,2400,5,0.6333951129469579,0.1422131252231155,0.008752830300726922,-0.06914220952497618,2,0.7438489891951111,0.225,0.68,0.6799999999999999,5.850106729580945,2400.0
BACE1,primary,min,s4_scaffold50,3600,5,0.6272976495428202,0.1312751980251728,0.0026553668965892396,-0.06338824127100795,2,0.7344342820762831,0.2166666666666667,0.68,0.6799999999999999,8.676548920845347,3564.0
BACE1,primary,min,s4_scaffold50,4800,5,0.6272976495428202,0.1312751980251728,0.0026553668965892396,-0.06338824127100795,2,0.7344342820762831,0.2166666666666667,0.68,0.6799999999999999,8.676548920845347,3564.0
BACE1,primary,min,s5_score_oracle,600,5,0.6097522643739361,0.14939581443454447,-0.014890018272294848,-0.07716316540817575,3,0.7392008479795262,0.20833333333333334,1.0,1.0,1.0,600.0
BACE1,primary,min,s5_score_oracle,1200,5,0.6097522643739361,0.14939581443454447,-0.014890018272294848,-0.07716316540817575,3,0.7392008479795262,0.20833333333333334,1.0,1.0,2.0,1200.0
BACE1,primary,min,s5_score_oracle,2400,5,0.6097522643739361,0.14939581443454447,-0.014890018272294848,-0.07716316540817575,3,0.7392008479795262,0.20833333333333334,1.0,1.0,4.0,2400.0
BACE1,primary,min,s5_score_oracle,3600,5,0.6097522643739361,0.14939581443454447,-0.014890018272294848,-0.07716316540817575,3,0.7392008479795262,0.20833333333333334,1.0,1.0,6.0,3600.0
BACE1,primary,min,s5_score_oracle,4800,5,0.6097522643739361,0.14939581443454447,-0.014890018272294848,-0.07716316540817575,3,0.7392008479795262,0.20833333333333334,1.0,1.0,8.0,4800.0
CDK2,control,mean,s1_width,600,4,0.7035399571282771,0.03147761359485489,0.0,0.0,0,0.8211369832512957,0.0875,1.0,1.0,1.0,160.0
CDK2,control,mean,s1_width,1200,4,0.7035399571282771,0.03147761359485489,0.0,0.0,0,0.8211369832512957,0.0875,1.0,1.0,1.0,160.0
CDK2,control,mean,s1_width,2400,4,0.7035399571282771,0.03147761359485489,0.0,0.0,0,0.8211369832512957,0.0875,1.0,1.0,1.0,160.0
CDK2,control,mean,s1_width,3600,4,0.7035399571282771,0.03147761359485489,0.0,0.0,0,0.8211369832512957,0.0875,1.0,1.0,1.0,160.0
CDK2,control,mean,s1_width,4800,4,0.7035399571282771,0.03147761359485489,0.0,0.0,0,0.8211369832512957,0.0875,1.0,1.0,1.0,160.0
CDK2,control,mean,s2_uniform,600,4,0.7434895433566454,0.05419335496029192,0.03994958622836833,0.0038545968392105223,4,0.8877321913620988,0.0875,1.0,1.0,3.0,480.0
CDK2,control,mean,s2_uniform,1200,4,0.7647317130312848,0.06402986429705346,0.06119175590300774,-0.0016491584914293256,3,0.9421257804773672,0.1,1.0,1.0,7.0,1120.0
CDK2,control,mean,s2_uniform,2400,4,0.7570015714283946,0.05690235774870332,0.053461614300117505,0.01030283824311562,4,0.9361843462523493,0.1,1.0,1.0,15.0,2400.0
CDK2,control,mean,s2_uniform,3600,4,0.7583991243930539,0.05556589249537618,0.05485916726477694,0.017233612147573685,4,0.938635092719942,0.1,1.0,1.0,16.0,2560.0
CDK2,control,mean,s2_uniform,4800,4,0.7583991243930539,0.05556589249537618,0.05485916726477694,0.017233612147573685,4,0.938635092719942,0.1,1.0,1.0,16.0,2560.0
CDK2,control,mean,s3_top10,600,4,0.6910477027838009,0.03633929437474478,-0.012492254344476234,-0.06893206413506925,1,0.8378487599872344,0.08750000000000001,1.0,1.0,2.125,400.0
CDK2,control,mean,s3_top10,1200,4,0.6910477027838009,0.03633929437474478,-0.012492254344476234,-0.06893206413506925,1,0.8378487599872344,0.08750000000000001,1.0,1.0,2.125,400.0
CDK2,control,mean,s3_top10,2400,4,0.6910477027838009,0.03633929437474478,-0.012492254344476234,-0.06893206413506925,1,0.8378487599872344,0.08750000000000001,1.0,1.0,2.125,400.0
CDK2,control,mean,s3_top10,3600,4,0.6910477027838009,0.03633929437474478,-0.012492254344476234,-0.06893206413506925,1,0.8378487599872344,0.08750000000000001,1.0,1.0,2.125,400.0
CDK2,control,mean,s3_top10,4800,4,0.6910477027838009,0.03633929437474478,-0.012492254344476234,-0.06893206413506925,1,0.8378487599872344,0.08750000000000001,1.0,1.0,2.125,400.0
CDK2,control,mean,s3_top25,600,4,0.6877957719844712,0.035415252722433545,-0.015744185143805878,-0.10841822620517672,2,0.8330758555166426,0.1,1.0,1.0,3.40625,600.0
CDK2,control,mean,s3_top25,1200,4,0.6677495946984401,0.04999586106475267,-0.035790362429836964,-0.14718168846752777,2,0.8235016454006723,0.1,1.0,1.0,4.28125,760.0
CDK2,control,mean,s3_top25,2400,4,0.6677495946984401,0.04999586106475267,-0.035790362429836964,-0.14718168846752777,2,0.8235016454006723,0.1,1.0,1.0,4.28125,760.0
CDK2,control,mean,s3_top25,3600,4,0.6677495946984401,0.04999586106475267,-0.035790362429836964,-0.14718168846752777,2,0.8235016454006723,0.1,1.0,1.0,4.28125,760.0
CDK2,control,mean,s3_top25,4800,4,0.6677495946984401,0.04999586106475267,-0.035790362429836964,-0.14718168846752777,2,0.8235016454006723,0.1,1.0,1.0,4.28125,760.0
CDK2,control,mean,s3_top50,600,4,0.7418921924718872,0.05809605949164042,0.03835223534361015,-0.02789560694737092,3,0.9513772905740876,0.1,1.0,1.0,3.59375,600.0
CDK2,control,mean,s3_top50,1200,4,0.7117956545656601,0.04054989863883672,0.008255697437382914,-0.04698427178523534,2,0.9321710220315196,0.1,1.0,1.0,7.175,1200.0
CDK2,control,mean,s3_top50,2400,4,0.7010347442162447,0.049193893829162935,-0.0025052129120325117,-0.08572496212937397,2,0.9176572257771163,0.1,1.0,1.0,8.125,1360.0
CDK2,control,mean,s3_top50,3600,4,0.7010347442162447,0.049193893829162935,-0.0025052129120325117,-0.08572496212937397,2,0.9176572257771163,0.1,1.0,1.0,8.125,1360.0
CDK2,control,mean,s3_top50,4800,4,0.7010347442162447,0.049193893829162935,-0.0025052129120325117,-0.08572496212937397,2,0.9176572257771163,0.1,1.0,1.0,8.125,1360.0
CDK2,control,mean,s4_scaffold25,600,4,0.6877957719844712,0.035415252722433545,-0.015744185143805878,-0.10841822620517672,2,0.8330758555166426,0.1,1.0,1.0,3.40625,600.0
CDK2,control,mean,s4_scaffold25,1200,4,0.6677495946984401,0.04999586106475267,-0.035790362429836964,-0.14718168846752777,2,0.8235016454006723,0.1,1.0,1.0,4.28125,760.0
CDK2,control,mean,s4_scaffold25,2400,4,0.6677495946984401,0.04999586106475267,-0.035790362429836964,-0.14718168846752777,2,0.8235016454006723,0.1,1.0,1.0,4.28125,760.0
CDK2,control,mean,s4_scaffold25,3600,4,0.6677495946984401,0.04999586106475267,-0.035790362429836964,-0.14718168846752777,2,0.8235016454006723,0.1,1.0,1.0,4.28125,760.0
CDK2,control,mean,s4_scaffold25,4800,4,0.6677495946984401,0.04999586106475267,-0.035790362429836964,-0.14718168846752777,2,0.8235016454006723,0.1,1.0,1.0,4.28125,760.0
CDK2,control,mean,s4_scaffold50,600,4,0.7418921924718872,0.05809605949164042,0.03835223534361015,-0.02789560694737092,3,0.9513772905740876,0.1,1.0,1.0,3.59375,600.0
CDK2,control,mean,s4_scaffold50,1200,4,0.7117956545656601,0.04054989863883672,0.008255697437382914,-0.04698427178523534,2,0.9321710220315196,0.1,1.0,1.0,7.175,1200.0
CDK2,control,mean,s4_scaffold50,2400,4,0.7010347442162447,0.049193893829162935,-0.0025052129120325117,-0.08572496212937397,2,0.9176572257771163,0.1,1.0,1.0,8.125,1360.0
CDK2,control,mean,s4_scaffold50,3600,4,0.7010347442162447,0.049193893829162935,-0.0025052129120325117,-0.08572496212937397,2,0.9176572257771163,0.1,1.0,1.0,8.125,1360.0
CDK2,control,mean,s4_scaffold50,4800,4,0.7010347442162447,0.049193893829162935,-0.0025052129120325117,-0.08572496212937397,2,0.9176572257771163,0.1,1.0,1.0,8.125,1360.0
CDK2,control,mean,s5_score_oracle,600,4,0.756432692606991,0.05917131884845061,0.05289273547871387,-0.010908995245033637,3,0.9382788655624955,0.1,1.0,1.0,3.0,480.0
CDK2,control,mean,s5_score_oracle,1200,4,0.749277414548907,0.0718442379995404,0.04573745742062976,-0.027053055862778397,3,0.9221296896978256,0.1,1.0,1.0,7.0,1120.0
CDK2,control,mean,s5_score_oracle,2400,4,0.7543483621190065,0.06088613104994699,0.050808404990729306,-0.0011615191543616898,3,0.9329619072962281,0.1,1.0,1.0,15.0,2400.0
CDK2,control,mean,s5_score_oracle,3600,4,0.7583991243930539,0.05556589249537618,0.05485916726477694,0.017233612147573685,4,0.938635092719942,0.1,1.0,1.0,16.0,2560.0
CDK2,control,mean,s5_score_oracle,4800,4,0.7583991243930539,0.05556589249537618,0.05485916726477694,0.017233612147573685,4,0.938635092719942,0.1,1.0,1.0,16.0,2560.0
CDK2,control,min,s1_width,600,4,0.7035399571282771,0.03147761359485489,0.0,0.0,0,0.8211369832512957,0.0875,1.0,1.0,1.0,160.0
CDK2,control,min,s1_width,1200,4,0.7035399571282771,0.03147761359485489,0.0,0.0,0,0.8211369832512957,0.0875,1.0,1.0,1.0,160.0
CDK2,control,min,s1_width,2400,4,0.7035399571282771,0.03147761359485489,0.0,0.0,0,0.8211369832512957,0.0875,1.0,1.0,1.0,160.0
CDK2,control,min,s1_width,3600,4,0.7035399571282771,0.03147761359485489,0.0,0.0,0,0.8211369832512957,0.0875,1.0,1.0,1.0,160.0
CDK2,control,min,s1_width,4800,4,0.7035399571282771,0.03147761359485489,0.0,0.0,0,0.8211369832512957,0.0875,1.0,1.0,1.0,160.0
CDK2,control,min,s2_uniform,600,4,0.7153046989326673,0.06771046882536477,0.011764741804390189,-0.035009766856474056,1,0.8683867546597611,0.1,1.0,1.0,3.0,480.0
CDK2,control,min,s2_uniform,1200,4,0.7362392128475119,0.04824703687726104,0.032699255719234904,0.01203553311999217,4,0.9372428228261921,0.1,1.0,1.0,7.0,1120.0
CDK2,control,min,s2_uniform,2400,4,0.7454846090071547,0.057830149907958796,0.04194465187887761,0.011281564866023941,4,0.9416456151835023,0.1,1.0,1.0,15.0,2400.0
CDK2,control,min,s2_uniform,3600,4,0.7454846090071547,0.057830149907958796,0.04194465187887761,0.011281564866023941,4,0.9416456151835023,0.1,1.0,1.0,16.0,2560.0
CDK2,control,min,s2_uniform,4800,4,0.7454846090071547,0.057830149907958796,0.04194465187887761,0.011281564866023941,4,0.9416456151835023,0.1,1.0,1.0,16.0,2560.0
CDK2,control,min,s3_top10,600,4,0.7097899571282771,0.02513575661523117,0.0062500000000000056,0.0,1,0.8598450282931086,0.0875,1.0,1.0,2.125,400.0
CDK2,control,min,s3_top10,1200,4,0.7097899571282771,0.02513575661523117,0.0062500000000000056,0.0,1,0.8598450282931086,0.0875,1.0,1.0,2.125,400.0
CDK2,control,min,s3_top10,2400,4,0.7097899571282771,0.02513575661523117,0.0062500000000000056,0.0,1,0.8598450282931086,0.0875,1.0,1.0,2.125,400.0
CDK2,control,min,s3_top10,3600,4,0.7097899571282771,0.02513575661523117,0.0062500000000000056,0.0,1,0.8598450282931086,0.0875,1.0,1.0,2.125,400.0
CDK2,control,min,s3_top10,4800,4,0.7097899571282771,0.02513575661523117,0.0062500000000000056,0.0,1,0.8598450282931086,0.0875,1.0,1.0,2.125,400.0
CDK2,control,min,s3_top25,600,4,0.7331431317314516,0.037755994598072086,0.029603174603174603,0.0,3,0.9365146032060008,0.1,1.0,1.0,3.40625,600.0
CDK2,control,min,s3_top25,1200,4,0.7331431317314516,0.037755994598072086,0.029603174603174603,0.0,3,0.9365146032060008,0.1,1.0,1.0,4.28125,760.0
CDK2,control,min,s3_top25,2400,4,0.7331431317314516,0.037755994598072086,0.029603174603174603,0.0,3,0.9365146032060008,0.1,1.0,1.0,4.28125,760.0
CDK2,control,min,s3_top25,3600,4,0.7331431317314516,0.037755994598072086,0.029603174603174603,0.0,3,0.9365146032060008,0.1,1.0,1.0,4.28125,760.0
CDK2,control,min,s3_top25,4800,4,0.7331431317314516,0.037755994598072086,0.029603174603174603,0.0,3,0.9365146032060008,0.1,1.0,1.0,4.28125,760.0
CDK2,control,min,s3_top50,600,4,0.727953764156732,0.04083971653955105,0.02441380702845483,-0.015362137862137915,3,0.9336273941413866,0.1,1.0,1.0,3.59375,600.0
CDK2,control,min,s3_top50,1200,4,0.7406782336372,0.049272573842106385,0.03713827650892279,0.014052429768373953,4,0.9401561587979422,0.1,1.0,1.0,7.175,1200.0
CDK2,control,min,s3_top50,2400,4,0.7406782336372,0.049272573842106385,0.03713827650892279,0.014052429768373953,4,0.9401561587979422,0.1,1.0,1.0,8.125,1360.0
CDK2,control,min,s3_top50,3600,4,0.7406782336372,0.049272573842106385,0.03713827650892279,0.014052429768373953,4,0.9401561587979422,0.1,1.0,1.0,8.125,1360.0
CDK2,control,min,s3_top50,4800,4,0.7406782336372,0.049272573842106385,0.03713827650892279,0.014052429768373953,4,0.9401561587979422,0.1,1.0,1.0,8.125,1360.0
CDK2,control,min,s4_scaffold25,600,4,0.7331431317314516,0.037755994598072086,0.029603174603174603,0.0,3,0.9365146032060008,0.1,1.0,1.0,3.40625,600.0
CDK2,control,min,s4_scaffold25,1200,4,0.7331431317314516,0.037755994598072086,0.029603174603174603,0.0,3,0.9365146032060008,0.1,1.0,1.0,4.28125,760.0
CDK2,control,min,s4_scaffold25,2400,4,0.7331431317314516,0.037755994598072086,0.029603174603174603,0.0,3,0.9365146032060008,0.1,1.0,1.0,4.28125,760.0
CDK2,control,min,s4_scaffold25,3600,4,0.7331431317314516,0.037755994598072086,0.029603174603174603,0.0,3,0.9365146032060008,0.1,1.0,1.0,4.28125,760.0
CDK2,control,min,s4_scaffold25,4800,4,0.7331431317314516,0.037755994598072086,0.029603174603174603,0.0,3,0.9365146032060008,0.1,1.0,1.0,4.28125,760.0
CDK2,control,min,s4_scaffold50,600,4,0.727953764156732,0.04083971653955105,0.02441380702845483,-0.015362137862137915,3,0.9336273941413866,0.1,1.0,1.0,3.59375,600.0
CDK2,control,min,s4_scaffold50,1200,4,0.7406782336372,0.049272573842106385,0.03713827650892279,0.014052429768373953,4,0.9401561587979422,0.1,1.0,1.0,7.175,1200.0
CDK2,control,min,s4_scaffold50,2400,4,0.7406782336372,0.049272573842106385,0.03713827650892279,0.014052429768373953,4,0.9401561587979422,0.1,1.0,1.0,8.125,1360.0
CDK2,control,min,s4_scaffold50,3600,4,0.7406782336372,0.049272573842106385,0.03713827650892279,0.014052429768373953,4,0.9401561587979422,0.1,1.0,1.0,8.125,1360.0
CDK2,control,min,s4_scaffold50,4800,4,0.7406782336372,0.049272573842106385,0.03713827650892279,0.014052429768373953,4,0.9401561587979422,0.1,1.0,1.0,8.125,1360.0
CDK2,control,min,s5_score_oracle,600,4,0.7454846090071547,0.057830149907958796,0.04194465187887761,0.011281564866023941,4,0.9416456151835023,0.1,1.0,1.0,3.0,480.0
CDK2,control,min,s5_score_oracle,1200,4,0.7454846090071547,0.057830149907958796,0.04194465187887761,0.011281564866023941,4,0.9416456151835023,0.1,1.0,1.0,7.0,1120.0
CDK2,control,min,s5_score_oracle,2400,4,0.7454846090071547,0.057830149907958796,0.04194465187887761,0.011281564866023941,4,0.9416456151835023,0.1,1.0,1.0,15.0,2400.0
CDK2,control,min,s5_score_oracle,3600,4,0.7454846090071547,0.057830149907958796,0.04194465187887761,0.011281564866023941,4,0.9416456151835023,0.1,1.0,1.0,16.0,2560.0
CDK2,control,min,s5_score_oracle,4800,4,0.7454846090071547,0.057830149907958796,0.04194465187887761,0.011281564866023941,4,0.9416456151835023,0.1,1.0,1.0,16.0,2560.0
EGFR,secondary,mean,s1_width,600,5,0.30923935912097017,0.057033049704604724,0.0,0.0,0,0.33143339167206626,0.06666666666666668,1.0,1.0,1.0,600.0
EGFR,secondary,mean,s1_width,1200,5,0.30923935912097017,0.057033049704604724,0.0,0.0,0,0.33143339167206626,0.06666666666666668,1.0,1.0,1.0,600.0
EGFR,secondary,mean,s1_width,2400,5,0.30923935912097017,0.057033049704604724,0.0,0.0,0,0.33143339167206626,0.06666666666666668,1.0,1.0,1.0,600.0
EGFR,secondary,mean,s1_width,3600,5,0.30923935912097017,0.057033049704604724,0.0,0.0,0,0.33143339167206626,0.06666666666666668,1.0,1.0,1.0,600.0
EGFR,secondary,mean,s1_width,4800,5,0.30923935912097017,0.057033049704604724,0.0,0.0,0,0.33143339167206626,0.06666666666666668,1.0,1.0,1.0,600.0
EGFR,secondary,mean,s2_uniform,600,5,0.30923935912097017,0.057033049704604724,0.0,0.0,0,0.33143339167206626,0.06666666666666668,1.0,1.0,1.0,600.0
EGFR,secondary,mean,s2_uniform,1200,5,0.31924606622500945,0.06721557967114548,0.010006707104039248,-0.026837226799213076,2,0.3685277234267671,0.09166666666666666,1.0,1.0,2.0,1200.0
EGFR,secondary,mean,s2_uniform,2400,5,0.33088583493117824,0.07764794600251498,0.021646475810208066,-0.03217210767322931,4,0.37384321119651154,0.09166666666666667,1.0,1.0,4.0,2400.0
EGFR,secondary,mean,s2_uniform,3600,5,0.32404053735397204,0.07238112210351141,0.014801178233001866,-0.022784218326036165,3,0.35865062597749015,0.09166666666666667,1.0,1.0,6.0,3600.0
EGFR,secondary,mean,s2_uniform,4800,5,0.3159778848395766,0.06650406750108562,0.00673852571860647,-0.02413093129528865,3,0.32337800953444795,0.075,1.0,1.0,8.0,4800.0
EGFR,secondary,mean,s3_top10,600,5,0.30923935912097017,0.057033049704604724,0.0,0.0,0,0.33143339167206626,0.06666666666666668,1.0,1.0,1.0,600.0
EGFR,secondary,mean,s3_top10,1200,5,0.292443495847373,0.0643015051309695,-0.01679586327359714,-0.02653739191611132,0,0.28949765417247164,0.06666666666666667,1.0,1.0,2.0166666666666666,1200.0
EGFR,secondary,mean,s3_top10,2400,5,0.2816699192372844,0.057082865408721005,-0.027569439883685744,-0.03603164823333224,0,0.2667750825544,0.05833333333333333,1.0,1.0,2.118333333333333,1260.0
EGFR,secondary,mean,s3_top10,3600,5,0.2816699192372844,0.057082865408721005,-0.027569439883685744,-0.03603164823333224,0,0.2667750825544,0.05833333333333333,1.0,1.0,2.118333333333333,1260.0
EGFR,secondary,mean,s3_top10,4800,5,0.2816699192372844,0.057082865408721005,-0.027569439883685744,-0.03603164823333224,0,0.2667750825544,0.05833333333333333,1.0,1.0,2.118333333333333,1260.0
EGFR,secondary,mean,s3_top25,600,5,0.30923935912097017,0.057033049704604724,0.0,0.0,0,0.33143339167206626,0.06666666666666668,1.0,1.0,1.0,600.0
EGFR,secondary,mean,s3_top25,1200,5,0.32485358958491656,0.07063597514899969,0.015614230463946365,-0.008855189194455548,3,0.3755471067884241,0.1,1.0,1.0,2.0333333333333337,1200.0
EGFR,secondary,mean,s3_top25,2400,5,0.28482082018920457,0.07473204974569665,-0.0244185389317656,-0.05195148916346523,1,0.2845430076104408,0.09166666666666666,1.0,1.0,3.8416666666666672,2250.0
EGFR,secondary,mean,s3_top25,3600,5,0.28482082018920457,0.07473204974569665,-0.0244185389317656,-0.05195148916346523,1,0.2845430076104408,0.09166666666666666,1.0,1.0,3.8416666666666672,2250.0
EGFR,secondary,mean,s3_top25,4800,5,0.28482082018920457,0.07473204974569665,-0.0244185389317656,-0.05195148916346523,1,0.2845430076104408,0.09166666666666666,1.0,1.0,3.8416666666666672,2250.0
EGFR,secondary,mean,s3_top50,600,5,0.30923935912097017,0.057033049704604724,0.0,0.0,0,0.33143339167206626,0.06666666666666668,1.0,1.0,1.0,600.0
EGFR,secondary,mean,s3_top50,1200,5,0.335335799178926,0.07597833833003435,0.02609644005795585,-0.022477373065769746,4,0.38754040211245944,0.1,1.0,1.0,1.9933333333333334,1200.0
EGFR,secondary,mean,s3_top50,2400,5,0.3155628864503315,0.07784531279351256,0.006323527329361306,-0.03972563976082852,3,0.3328014389473365,0.08333333333333334,1.0,1.0,3.9799999999999995,2400.0
EGFR,secondary,mean,s3_top50,3600,5,0.29752445178642506,0.07321126498353614,-0.011714907334545072,-0.03150488711915275,1,0.2948611139868575,0.075,1.0,1.0,5.966666666666667,3600.0
EGFR,secondary,mean,s3_top50,4800,5,0.2935216028919031,0.07652836572065196,-0.015717756229067105,-0.03816767047039599,1,0.2849417121733537,0.09166666666666666,1.0,1.0,6.463333333333333,3900.0
EGFR,secondary,mean,s4_scaffold25,600,5,0.35789177068281103,0.07562668250852182,0.04865241156184086,0.015464998322663681,5,0.39085505319793235,0.1,0.7809999999999999,0.7816666666666666,1.2844625437140684,600.0
EGFR,secondary,mean,s4_scaffold25,1200,5,0.34800427987943705,0.07282639892204358,0.03876492075846688,-0.0016877232120930952,4,0.3750030663215023,0.09166666666666667,0.7809999999999999,0.7816666666666666,2.5781478196671643,1200.0
EGFR,secondary,mean,s4_scaffold25,2400,5,0.31691982430727117,0.07933022658637315,0.007680465186301005,-0.03164061401062371,3,0.31184301758698857,0.08333333333333333,0.7809999999999999,0.7816666666666666,4.293052634525788,1994.6
EGFR,secondary,mean,s4_scaffold25,3600,5,0.31691982430727117,0.07933022658637315,0.007680465186301005,-0.03164061401062371,3,0.31184301758698857,0.08333333333333333,0.7809999999999999,0.7816666666666666,4.293052634525788,1994.6
EGFR,secondary,mean,s4_scaffold25,4800,5,0.31691982430727117,0.07933022658637315,0.007680465186301005,-0.03164061401062371,3,0.31184301758698857,0.08333333333333333,0.7809999999999999,0.7816666666666666,4.293052634525788,1994.6
EGFR,secondary,mean,s4_scaffold50,600,5,0.34156360698973637,0.07417360490684366,0.03232424786876616,-0.02355814731097644,4,0.37399003816612925,0.1,0.7906666666666666,0.7966666666666666,1.268691045796309,600.0
EGFR,secondary,mean,s4_scaffold50,1200,5,0.34020550352079376,0.07193108881884,0.030966144399823592,-0.006006870084631355,4,0.3773042366018482,0.09166666666666667,0.8280000000000001,0.8383333333333333,2.3982429241619534,1200.0
EGFR,secondary,mean,s4_scaffold50,2400,5,0.32147239727009735,0.06909144778365524,0.012233038149127207,-0.01945926882554222,3,0.3298774479103442,0.08333333333333334,0.8280000000000001,0.8383333333333333,4.7942759097479595,2400.0
EGFR,secondary,mean,s4_scaffold50,3600,5,0.3050991640037305,0.07285382799650221,-0.004140195117239631,-0.024499498001925635,2,0.2894469005676786,0.08333333333333333,0.8280000000000001,0.8383333333333333,6.9881992698507505,3498.4
EGFR,secondary,mean,s4_scaffold50,4800,5,0.3057484744276872,0.07255679709866432,-0.0034908846932829364,-0.024499498001925635,2,0.29075037892474775,0.08333333333333333,0.8280000000000001,0.8383333333333333,6.995966260142012,3503.8
EGFR,secondary,mean,s5_score_oracle,600,5,0.28240423888419863,0.04693365546541127,-0.0268351202367715,-0.0474232221698081,0,0.2719220593811271,0.058333333333333334,1.0,1.0,1.0,600.0
EGFR,secondary,mean,s5_score_oracle,1200,5,0.2900500575697619,0.0462561230510926,-0.01918930155120834,-0.042490171952506706,1,0.2836845770464632,0.06666666666666667,1.0,1.0,2.0,1200.0
EGFR,secondary,mean,s5_score_oracle,2400,5,0.3036350323197265,0.05780583453891893,-0.005604326801243631,-0.019835824391322143,2,0.30067845310016195,0.075,1.0,1.0,4.0,2400.0
EGFR,secondary,mean,s5_score_oracle,3600,5,0.30239232313092135,0.05696674088289121,-0.006847035990048845,-0.02233107994638439,2,0.2955923603050411,0.058333333333333334,1.0,1.0,6.0,3600.0
EGFR,secondary,mean,s5_score_oracle,4800,5,0.30632985766395077,0.06171670730500027,-0.00290950145701937,-0.02166044902533515,2,0.3004431288578372,0.06666666666666667,1.0,1.0,8.0,4800.0
EGFR,secondary,min,s1_width,600,5,0.30923935912097017,0.057033049704604724,0.0,0.0,0,0.33143339167206626,0.06666666666666668,1.0,1.0,1.0,600.0
EGFR,secondary,min,s1_width,1200,5,0.30923935912097017,0.057033049704604724,0.0,0.0,0,0.33143339167206626,0.06666666666666668,1.0,1.0,1.0,600.0
EGFR,secondary,min,s1_width,2400,5,0.30923935912097017,0.057033049704604724,0.0,0.0,0,0.33143339167206626,0.06666666666666668,1.0,1.0,1.0,600.0
EGFR,secondary,min,s1_width,3600,5,0.30923935912097017,0.057033049704604724,0.0,0.0,0,0.33143339167206626,0.06666666666666668,1.0,1.0,1.0,600.0
EGFR,secondary,min,s1_width,4800,5,0.30923935912097017,0.057033049704604724,0.0,0.0,0,0.33143339167206626,0.06666666666666668,1.0,1.0,1.0,600.0
EGFR,secondary,min,s2_uniform,600,5,0.30923935912097017,0.057033049704604724,0.0,0.0,0,0.33143339167206626,0.06666666666666668,1.0,1.0,1.0,600.0
EGFR,secondary,min,s2_uniform,1200,5,0.3080385830918523,0.05761187825816164,-0.0012007760291179227,-0.03282942298405134,2,0.34457681624860487,0.09166666666666666,1.0,1.0,2.0,1200.0
EGFR,secondary,min,s2_uniform,2400,5,0.30059913144870426,0.06594486537939336,-0.00864022767226591,-0.05186383072608278,2,0.33141005088831876,0.075,1.0,1.0,4.0,2400.0
EGFR,secondary,min,s2_uniform,3600,5,0.28561451789141457,0.04486634289202559,-0.023624841229555587,-0.05016061231864266,0,0.28105274282439374,0.058333333333333334,1.0,1.0,6.0,3600.0
EGFR,secondary,min,s2_uniform,4800,5,0.28339751730320456,0.04677759290371521,-0.0258418418177656,-0.04706778343650175,0,0.27277451745070724,0.058333333333333334,1.0,1.0,8.0,4800.0
EGFR,secondary,min,s3_top10,600,5,0.30923935912097017,0.057033049704604724,0.0,0.0,0,0.33143339167206626,0.06666666666666668,1.0,1.0,1.0,600.0
EGFR,secondary,min,s3_top10,1200,5,0.31841173766834874,0.05775719914840651,0.009172378547378535,-0.006712962962962976,4,0.3505942640681331,0.08333333333333333,1.0,1.0,2.0166666666666666,1200.0
EGFR,secondary,min,s3_top10,2400,5,0.31841173766834874,0.05775719914840651,0.009172378547378535,-0.006712962962962976,4,0.3505942640681331,0.08333333333333333,1.0,1.0,2.118333333333333,1260.0
EGFR,secondary,min,s3_top10,3600,5,0.31841173766834874,0.05775719914840651,0.009172378547378535,-0.006712962962962976,4,0.3505942640681331,0.08333333333333333,1.0,1.0,2.118333333333333,1260.0
EGFR,secondary,min,s3_top10,4800,5,0.31841173766834874,0.05775719914840651,0.009172378547378535,-0.006712962962962976,4,0.3505942640681331,0.08333333333333333,1.0,1.0,2.118333333333333,1260.0
EGFR,secondary,min,s3_top25,600,5,0.30923935912097017,0.057033049704604724,0.0,0.0,0,0.33143339167206626,0.06666666666666668,1.0,1.0,1.0,600.0
EGFR,secondary,min,s3_top25,1200,5,0.3140946560344968,0.05974814353965813,0.004855296913526619,-0.018206791353637064,3,0.3457918482127168,0.08333333333333333,1.0,1.0,2.0333333333333337,1200.0
EGFR,secondary,min,s3_top25,2400,5,0.3017763740681983,0.06252236043566388,-0.00746298505277192,-0.015022353580990355,1,0.31387238280784496,0.08333333333333333,1.0,1.0,3.8416666666666672,2250.0
EGFR,secondary,min,s3_top25,3600,5,0.3017763740681983,0.06252236043566388,-0.00746298505277192,-0.015022353580990355,1,0.31387238280784496,0.08333333333333333,1.0,1.0,3.8416666666666672,2250.0
EGFR,secondary,min,s3_top25,4800,5,0.3017763740681983,0.06252236043566388,-0.00746298505277192,-0.015022353580990355,1,0.31387238280784496,0.08333333333333333,1.0,1.0,3.8416666666666672,2250.0
EGFR,secondary,min,s3_top50,600,5,0.30923935912097017,0.057033049704604724,0.0,0.0,0,0.33143339167206626,0.06666666666666668,1.0,1.0,1.0,600.0
EGFR,secondary,min,s3_top50,1200,5,0.3102291134357692,0.06079207249600889,0.000989754314799074,-0.031308542541048034,2,0.34116355561712347,0.08333333333333333,1.0,1.0,1.9933333333333334,1200.0
EGFR,secondary,min,s3_top50,2400,5,0.28500555171019454,0.04774329779501103,-0.024233807410775632,-0.042749593343615944,0,0.27432452100273885,0.058333333333333334,1.0,1.0,3.9799999999999995,2400.0
EGFR,secondary,min,s3_top50,3600,5,0.28448911436212976,0.04803650219417831,-0.024750244758840422,-0.04132517899401955,0,0.2735369266440356,0.058333333333333334,1.0,1.0,5.966666666666667,3600.0
EGFR,secondary,min,s3_top50,4800,5,0.28448911436212976,0.04803650219417831,-0.024750244758840422,-0.04132517899401955,0,0.2735369266440356,0.058333333333333334,1.0,1.0,6.463333333333333,3900.0
EGFR,secondary,min,s4_scaffold25,600,5,0.3475212287720214,0.06551620621478953,0.03828186965105128,0.012269009294733846,5,0.37772632720054355,0.09999999999999999,0.7809999999999999,0.7816666666666666,1.2844625437140684,600.0
EGFR,secondary,min,s4_scaffold25,1200,5,0.3264984785457239,0.06624669823707983,0.017259119424753732,-0.006839032424718838,4,0.32877612019631075,0.08333333333333333,0.7809999999999999,0.7816666666666666,2.5781478196671643,1200.0
EGFR,secondary,min,s4_scaffold25,2400,5,0.32381552197656405,0.06747990655756143,0.014576162855593877,-0.009323791443971885,4,0.32185820490032924,0.08333333333333333,0.7809999999999999,0.7816666666666666,4.293052634525788,1994.6
EGFR,secondary,min,s4_scaffold25,3600,5,0.32381552197656405,0.06747990655756143,0.014576162855593877,-0.009323791443971885,4,0.32185820490032924,0.08333333333333333,0.7809999999999999,0.7816666666666666,4.293052634525788,1994.6
EGFR,secondary,min,s4_scaffold25,4800,5,0.32381552197656405,0.06747990655756143,0.014576162855593877,-0.009323791443971885,4,0.32185820490032924,0.08333333333333333,0.7809999999999999,0.7816666666666666,4.293052634525788,1994.6
EGFR,secondary,min,s4_scaffold50,600,5,0.34160844473459206,0.06389774288207085,0.03236908561362194,0.004354567617789296,5,0.3748521693308769,0.09999999999999999,0.7906666666666666,0.7966666666666666,1.268691045796309,600.0
EGFR,secondary,min,s4_scaffold50,1200,5,0.3185379490009175,0.05994472412949397,0.009298589879947305,-0.013360770000934497,3,0.34157483813300954,0.08333333333333333,0.8280000000000001,0.8383333333333333,2.3982429241619534,1200.0
EGFR,secondary,min,s4_scaffold50,2400,5,0.2924699950859052,0.05072500654664053,-0.016769364035064925,-0.029324262861059713,0,0.2759936738012454,0.058333333333333334,0.8280000000000001,0.8383333333333333,4.7942759097479595,2400.0
EGFR,secondary,min,s4_scaffold50,3600,5,0.2910499190958967,0.05118250197449323,-0.018189440025073424,-0.029324262861059713,0,0.27463883992214966,0.058333333333333334,0.8280000000000001,0.8383333333333333,6.9881992698507505,3498.4
EGFR,secondary,min,s4_scaffold50,4800,5,0.2910499190958967,0.05118250197449323,-0.018189440025073424,-0.029324262861059713,0,0.27463883992214966,0.058333333333333334,0.8280000000000001,0.8383333333333333,6.995966260142012,3503.8
EGFR,secondary,min,s5_score_oracle,600,5,0.28240423888419863,0.04693365546541127,-0.0268351202367715,-0.0474232221698081,0,0.2719220593811271,0.058333333333333334,1.0,1.0,1.0,600.0
EGFR,secondary,min,s5_score_oracle,1200,5,0.28240423888419863,0.04693365546541127,-0.0268351202367715,-0.0474232221698081,0,0.2719220593811271,0.058333333333333334,1.0,1.0,2.0,1200.0
EGFR,secondary,min,s5_score_oracle,2400,5,0.28240423888419863,0.04693365546541127,-0.0268351202367715,-0.0474232221698081,0,0.2719220593811271,0.058333333333333334,1.0,1.0,4.0,2400.0
EGFR,secondary,min,s5_score_oracle,3600,5,0.28240423888419863,0.04693365546541127,-0.0268351202367715,-0.0474232221698081,0,0.2719220593811271,0.058333333333333334,1.0,1.0,6.0,3600.0
EGFR,secondary,min,s5_score_oracle,4800,5,0.28240423888419863,0.04693365546541127,-0.0268351202367715,-0.0474232221698081,0,0.2719220593811271,0.058333333333333334,1.0,1.0,8.0,4800.0
ESR1,primary,mean,s1_width,600,5,0.6908985070634616,0.07877730178779059,0.0,0.0,0,0.8367093126992108,0.225,1.0,1.0,1.0,600.0
ESR1,primary,mean,s1_width,1200,5,0.6908985070634616,0.07877730178779059,0.0,0.0,0,0.8367093126992108,0.225,1.0,1.0,1.0,600.0
ESR1,primary,mean,s1_width,2400,5,0.6908985070634616,0.07877730178779059,0.0,0.0,0,0.8367093126992108,0.225,1.0,1.0,1.0,600.0
ESR1,primary,mean,s1_width,3600,5,0.6908985070634616,0.07877730178779059,0.0,0.0,0,0.8367093126992108,0.225,1.0,1.0,1.0,600.0
ESR1,primary,mean,s1_width,4800,5,0.6908985070634616,0.07877730178779059,0.0,0.0,0,0.8367093126992108,0.225,1.0,1.0,1.0,600.0
ESR1,primary,mean,s2_uniform,600,5,0.6908985070634616,0.07877730178779059,0.0,0.0,0,0.8367093126992108,0.225,1.0,1.0,1.0,600.0
ESR1,primary,mean,s2_uniform,1200,5,0.6795079935563634,0.0968493654609467,-0.011390513507098276,-0.06804622982122432,3,0.8384615974730497,0.2333333333333333,1.0,1.0,2.0,1200.0
ESR1,primary,mean,s2_uniform,2400,5,0.661601898414435,0.11047790263417023,-0.029296608649026612,-0.13363626781898275,1,0.8155435860563301,0.225,1.0,1.0,4.0,2400.0
ESR1,primary,mean,s2_uniform,3600,5,0.6324134144425331,0.12210551373100591,-0.058485092620928505,-0.19216665367593683,1,0.7851534933484886,0.21666666666666665,1.0,1.0,6.0,3600.0
ESR1,primary,mean,s2_uniform,4800,5,0.6107553238017086,0.12129001658883616,-0.08014318326175297,-0.21874655874773946,0,0.7725756682467813,0.21666666666666665,1.0,1.0,8.0,4800.0
ESR1,primary,mean,s3_top10,600,5,0.6908985070634616,0.07877730178779059,0.0,0.0,0,0.8367093126992108,0.225,1.0,1.0,1.0,600.0
ESR1,primary,mean,s3_top10,1200,5,0.6964355741630287,0.06818956656703858,0.005537067099567095,-0.006944444444444531,1,0.8493385364972316,0.2333333333333333,1.0,1.0,2.0,1200.0
ESR1,primary,mean,s3_top10,2400,5,0.5986394042445331,0.11086613876850615,-0.09225910281892857,-0.15730590745046535,0,0.7429489269059659,0.19166666666666668,1.0,1.0,2.3999999999999995,1440.0
ESR1,primary,mean,s3_top10,3600,5,0.5986394042445331,0.11086613876850615,-0.09225910281892857,-0.15730590745046535,0,0.7429489269059659,0.19166666666666668,1.0,1.0,2.3999999999999995,1440.0
ESR1,primary,mean,s3_top10,4800,5,0.5986394042445331,0.11086613876850615,-0.09225910281892857,-0.15730590745046535,0,0.7429489269059659,0.19166666666666668,1.0,1.0,2.3999999999999995,1440.0
ESR1,primary,mean,s3_top25,600,5,0.6908985070634616,0.07877730178779059,0.0,0.0,0,0.8367093126992108,0.225,1.0,1.0,1.0,600.0
ESR1,primary,mean,s3_top25,1200,5,0.6722860598952963,0.11848153118548606,-0.01861244716816529,-0.14442173477647807,3,0.8200340705534106,0.21666666666666665,1.0,1.0,2.0,1200.0
ESR1,primary,mean,s3_top25,2400,5,0.6408605459795853,0.14275702889418543,-0.0500379610838763,-0.19190127116944367,2,0.7884921865822845,0.225,1.0,1.0,4.0,2400.0
ESR1,primary,mean,s3_top25,3600,5,0.5575806172377407,0.14799125833573637,-0.13331788982572093,-0.19623833493062065,1,0.7181470600229335,0.20833333333333334,1.0,1.0,4.5,2700.0
ESR1,primary,mean,s3_top25,4800,5,0.5575806172377407,0.14799125833573637,-0.13331788982572093,-0.19623833493062065,1,0.7181470600229335,0.20833333333333334,1.0,1.0,4.5,2700.0
ESR1,primary,mean,s3_top50,600,5,0.6908985070634616,0.07877730178779059,0.0,0.0,0,0.8367093126992108,0.225,1.0,1.0,1.0,600.0
ESR1,primary,mean,s3_top50,1200,5,0.6863177725265213,0.10603100004105374,-0.004580734536940434,-0.06473496622292607,3,0.8425289460763021,0.2333333333333333,1.0,1.0,2.0,1200.0
ESR1,primary,mean,s3_top50,2400,5,0.624438389022952,0.13513003974618884,-0.06646011804050947,-0.22399591356549392,1,0.7759331828603365,0.21666666666666665,1.0,1.0,4.0,2400.0
ESR1,primary,mean,s3_top50,3600,5,0.6186118778389622,0.14086259103759471,-0.07228662922449935,-0.2436340295859436,1,0.7678582475934057,0.21666666666666665,1.0,1.0,6.000000000000001,3600.0
ESR1,primary,mean,s3_top50,4800,5,0.5200659140043746,0.1413036536482561,-0.1708325930590869,-0.22419921836762696,0,0.6934720035194071,0.2,1.0,1.0,8.0,4800.0
ESR1,primary,mean,s4_scaffold25,600,5,0.7363999821399199,0.08592114669583867,0.0455014750764583,-0.01377121026681094,4,0.8444264246675937,0.225,0.6366666666666667,0.6366666666666666,1.570360288648097,600.0
ESR1,primary,mean,s4_scaffold25,1200,5,0.7130482908404205,0.11074407851393994,0.022149783776958865,-0.0918712717550304,4,0.8111716156577247,0.20833333333333331,0.6366666666666667,0.6366666666666666,3.138921332192485,1200.0
ESR1,primary,mean,s4_scaffold25,2400,5,0.6483777146853612,0.13000649104285925,-0.042520792378100435,-0.1542396604377893,2,0.7671349526113109,0.20833333333333334,0.6366666666666667,0.6366666666666666,4.579004543361639,1751.0
ESR1,primary,mean,s4_scaffold25,3600,5,0.6483777146853612,0.13000649104285925,-0.042520792378100435,-0.1542396604377893,2,0.7671349526113109,0.20833333333333334,0.6366666666666667,0.6366666666666666,4.579004543361639,1751.0
ESR1,primary,mean,s4_scaffold25,4800,5,0.6483777146853612,0.13000649104285925,-0.042520792378100435,-0.1542396604377893,2,0.7671349526113109,0.20833333333333334,0.6366666666666667,0.6366666666666666,4.579004543361639,1751.0
ESR1,primary,mean,s4_scaffold50,600,5,0.6749327026063188,0.10585622395989915,-0.015965804457142796,-0.1357530473490992,3,0.7949904976203795,0.21666666666666665,0.7016666666666667,0.7016666666666667,1.42848150461454,600.0
ESR1,primary,mean,s4_scaffold50,1200,5,0.6737938782642717,0.11738250457464919,-0.017104628799189902,-0.13550359639610343,3,0.8075970883190194,0.225,0.765,0.7649999999999999,2.6055478408215076,1200.0
ESR1,primary,mean,s4_scaffold50,2400,5,0.6418534011040073,0.1395510274767569,-0.04904510595945429,-0.20921891334524317,2,0.7695435032014266,0.20833333333333331,0.765,0.7649999999999999,5.202058857986759,2400.0
ESR1,primary,mean,s4_scaffold50,3600,5,0.6467402603242791,0.15239552150641889,-0.04415824673918255,-0.18332186267443012,1,0.7809904533672769,0.21666666666666665,0.765,0.7649999999999999,7.785777313708247,3600.0
ESR1,primary,mean,s4_scaffold50,4800,5,0.5806664444166508,0.1567059784850953,-0.1102320626468107,-0.17404095887974153,1,0.7313701966566821,0.20833333333333334,0.765,0.7649999999999999,8.98645273876457,4159.0
ESR1,primary,mean,s5_score_oracle,600,5,0.5840314970404312,0.09750483633717451,-0.10686701002303041,-0.21681663727363448,1,0.706333810458891,0.18333333333333335,1.0,1.0,1.0,600.0
ESR1,primary,mean,s5_score_oracle,1200,5,0.6245964262123971,0.10513826775819055,-0.06630208085106457,-0.19704900143755677,2,0.7669455746195208,0.21666666666666665,1.0,1.0,2.0,1200.0
ESR1,primary,mean,s5_score_oracle,2400,5,0.6335872152562391,0.08860626598532848,-0.057311291807222595,-0.1619504112767544,1,0.7896931031998407,0.21666666666666665,1.0,1.0,4.0,2400.0
ESR1,primary,mean,s5_score_oracle,3600,5,0.6270577347922515,0.09466793312891941,-0.06384077227121007,-0.1751561503564965,1,0.7832643783301945,0.20833333333333331,1.0,1.0,6.0,3600.0
ESR1,primary,mean,s5_score_oracle,4800,5,0.6214227837519637,0.10194070318579422,-0.06947572331149791,-0.18676650256257665,1,0.7770117063808877,0.20833333333333331,1.0,1.0,8.0,4800.0
ESR1,primary,min,s1_width,600,5,0.6908985070634616,0.07877730178779059,0.0,0.0,0,0.8367093126992108,0.225,1.0,1.0,1.0,600.0
ESR1,primary,min,s1_width,1200,5,0.6908985070634616,0.07877730178779059,0.0,0.0,0,0.8367093126992108,0.225,1.0,1.0,1.0,600.0
ESR1,primary,min,s1_width,2400,5,0.6908985070634616,0.07877730178779059,0.0,0.0,0,0.8367093126992108,0.225,1.0,1.0,1.0,600.0
ESR1,primary,min,s1_width,3600,5,0.6908985070634616,0.07877730178779059,0.0,0.0,0,0.8367093126992108,0.225,1.0,1.0,1.0,600.0
ESR1,primary,min,s1_width,4800,5,0.6908985070634616,0.07877730178779059,0.0,0.0,0,0.8367093126992108,0.225,1.0,1.0,1.0,600.0
ESR1,primary,min,s2_uniform,600,5,0.6908985070634616,0.07877730178779059,0.0,0.0,0,0.8367093126992108,0.225,1.0,1.0,1.0,600.0
ESR1,primary,min,s2_uniform,1200,5,0.6319800036209338,0.08170269622821208,-0.058918503442527845,-0.12175582529020901,0,0.7856706867247871,0.21666666666666665,1.0,1.0,2.0,1200.0
ESR1,primary,min,s2_uniform,2400,5,0.6479975970225342,0.1157656091133842,-0.0429009100409274,-0.16845010144892636,2,0.8009765412573102,0.21666666666666665,1.0,1.0,4.0,2400.0
ESR1,primary,min,s2_uniform,3600,5,0.6079531617941761,0.09012726697552458,-0.08294534526928557,-0.18456677693858253,1,0.752025135512502,0.19166666666666668,1.0,1.0,6.0,3600.0
ESR1,primary,min,s2_uniform,4800,5,0.5881553426715055,0.09274940339388668,-0.10274316439195622,-0.2138951870909951,1,0.7408106059253916,0.19166666666666668,1.0,1.0,8.0,4800.0
ESR1,primary,min,s3_top10,600,5,0.6908985070634616,0.07877730178779059,0.0,0.0,0,0.8367093126992108,0.225,1.0,1.0,1.0,600.0
ESR1,primary,min,s3_top10,1200,5,0.6942526529176075,0.06832410791701403,0.00335414585414584,-0.015790343915343952,2,0.8456636271081136,0.23333333333333334,1.0,1.0,2.0,1200.0
ESR1,primary,min,s3_top10,2400,5,0.6935644059793605,0.06954108384166537,0.0026658989158988788,-0.015790343915343952,1,0.8450906812569711,0.23333333333333334,1.0,1.0,2.3999999999999995,1440.0
ESR1,primary,min,s3_top10,3600,5,0.6935644059793605,0.06954108384166537,0.0026658989158988788,-0.015790343915343952,1,0.8450906812569711,0.23333333333333334,1.0,1.0,2.3999999999999995,1440.0
ESR1,primary,min,s3_top10,4800,5,0.6935644059793605,0.06954108384166537,0.0026658989158988788,-0.015790343915343952,1,0.8450906812569711,0.23333333333333334,1.0,1.0,2.3999999999999995,1440.0
ESR1,primary,min,s3_top25,600,5,0.6908985070634616,0.07877730178779059,0.0,0.0,0,0.8367093126992108,0.225,1.0,1.0,1.0,600.0
ESR1,primary,min,s3_top25,1200,5,0.6686022529833402,0.11647004981203236,-0.02229625408012146,-0.156891240796176,2,0.8123944975734319,0.21666666666666665,1.0,1.0,2.0,1200.0
ESR1,primary,min,s3_top25,2400,5,0.6573603268911233,0.10020245302862676,-0.03353818017233827,-0.13658429052270316,1,0.7998088098719857,0.20833333333333334,1.0,1.0,4.0,2400.0
ESR1,primary,min,s3_top25,3600,5,0.6604177234587502,0.09964390488322047,-0.030480783604711514,-0.13658429052270316,1,0.8043511731644186,0.2166666666666667,1.0,1.0,4.5,2700.0
ESR1,primary,min,s3_top25,4800,5,0.6604177234587502,0.09964390488322047,-0.030480783604711514,-0.13658429052270316,1,0.8043511731644186,0.2166666666666667,1.0,1.0,4.5,2700.0
ESR1,primary,min,s3_top50,600,5,0.6908985070634616,0.07877730178779059,0.0,0.0,0,0.8367093126992108,0.225,1.0,1.0,1.0,600.0
ESR1,primary,min,s3_top50,1200,5,0.6782458824655322,0.1130255518576741,-0.012652624597929419,-0.08886106624061252,3,0.8340588258148193,0.2333333333333333,1.0,1.0,2.0,1200.0
ESR1,primary,min,s3_top50,2400,5,0.6180833699650969,0.12000260338421755,-0.07281513709836465,-0.2169290835808524,0,0.7605727830744549,0.2,1.0,1.0,4.0,2400.0
ESR1,primary,min,s3_top50,3600,5,0.6367679278539227,0.09644802834951263,-0.054130579209538954,-0.16340950293399142,1,0.7769081907590863,0.20833333333333334,1.0,1.0,6.000000000000001,3600.0
ESR1,primary,min,s3_top50,4800,5,0.6286946480542704,0.10320525154846188,-0.06220385900919114,-0.1862330789736637,1,0.7643396234818702,0.20833333333333334,1.0,1.0,8.0,4800.0
ESR1,primary,min,s4_scaffold25,600,5,0.7397881916716182,0.07720854916514162,0.04888968460815668,0.001315728257627602,5,0.848788784802581,0.2333333333333333,0.6366666666666667,0.6366666666666666,1.570360288648097,600.0
ESR1,primary,min,s4_scaffold25,1200,5,0.7242799356100408,0.0847632097593596,0.03338142854657915,-0.044428964821624395,4,0.8267520601861443,0.21666666666666665,0.6366666666666667,0.6366666666666666,3.138921332192485,1200.0
ESR1,primary,min,s4_scaffold25,2400,5,0.7213101383078132,0.08017750295423452,0.030411631244351554,-0.028398748907507487,4,0.8238993474648433,0.2166666666666667,0.6366666666666667,0.6366666666666666,4.579004543361639,1751.0
ESR1,primary,min,s4_scaffold25,3600,5,0.7213101383078132,0.08017750295423452,0.030411631244351554,-0.028398748907507487,4,0.8238993474648433,0.2166666666666667,0.6366666666666667,0.6366666666666666,4.579004543361639,1751.0
ESR1,primary,min,s4_scaffold25,4800,5,0.7213101383078132,0.08017750295423452,0.030411631244351554,-0.028398748907507487,4,0.8238993474648433,0.2166666666666667,0.6366666666666667,0.6366666666666666,4.579004543361639,1751.0
ESR1,primary,min,s4_scaffold50,600,5,0.6738591102947078,0.09750529974007728,-0.01703939676875388,-0.11647207992050512,2,0.7913993628271808,0.21666666666666665,0.7016666666666667,0.7016666666666667,1.42848150461454,600.0
ESR1,primary,min,s4_scaffold50,1200,5,0.6771379653369041,0.13189131841752788,-0.013760541726557529,-0.1567145777888323,3,0.8068963623836257,0.21666666666666665,0.765,0.7649999999999999,2.6055478408215076,1200.0
ESR1,primary,min,s4_scaffold50,2400,5,0.6404671382581091,0.12386102795664763,-0.05043136880535252,-0.19826306346389794,2,0.7651980276004953,0.2,0.765,0.7649999999999999,5.202058857986759,2400.0
ESR1,primary,min,s4_scaffold50,3600,5,0.6384535324735583,0.10116075919444184,-0.052444974589903395,-0.15701492940218204,2,0.7605363379102389,0.20833333333333334,0.765,0.7649999999999999,7.785777313708247,3600.0
ESR1,primary,min,s4_scaffold50,4800,5,0.6443058939020797,0.1006904105044618,-0.046592613161381934,-0.15701492940218204,2,0.770184076397029,0.2166666666666667,0.765,0.7649999999999999,8.98645273876457,4159.0
ESR1,primary,min,s5_score_oracle,600,5,0.5840314970404312,0.09750483633717451,-0.10686701002303041,-0.21681663727363448,1,0.706333810458891,0.18333333333333335,1.0,1.0,1.0,600.0
ESR1,primary,min,s5_score_oracle,1200,5,0.5840314970404312,0.09750483633717451,-0.10686701002303041,-0.21681663727363448,1,0.706333810458891,0.18333333333333335,1.0,1.0,2.0,1200.0
ESR1,primary,min,s5_score_oracle,2400,5,0.5840314970404312,0.09750483633717451,-0.10686701002303041,-0.21681663727363448,1,0.706333810458891,0.18333333333333335,1.0,1.0,4.0,2400.0
ESR1,primary,min,s5_score_oracle,3600,5,0.5840314970404312,0.09750483633717451,-0.10686701002303041,-0.21681663727363448,1,0.706333810458891,0.18333333333333335,1.0,1.0,6.0,3600.0
ESR1,primary,min,s5_score_oracle,4800,5,0.5840314970404312,0.09750483633717451,-0.10686701002303041,-0.21681663727363448,1,0.706333810458891,0.18333333333333335,1.0,1.0,8.0,4800.0
FA10,secondary,mean,s1_width,600,5,0.5587102798732191,0.1803986650686012,0.0,0.0,0,0.6872200848620658,0.2,1.0,1.0,1.0,600.0
FA10,secondary,mean,s1_width,1200,5,0.5587102798732191,0.1803986650686012,0.0,0.0,0,0.6872200848620658,0.2,1.0,1.0,1.0,600.0
FA10,secondary,mean,s1_width,2400,5,0.5587102798732191,0.1803986650686012,0.0,0.0,0,0.6872200848620658,0.2,1.0,1.0,1.0,600.0
FA10,secondary,mean,s1_width,3600,5,0.5587102798732191,0.1803986650686012,0.0,0.0,0,0.6872200848620658,0.2,1.0,1.0,1.0,600.0
FA10,secondary,mean,s1_width,4800,5,0.5587102798732191,0.1803986650686012,0.0,0.0,0,0.6872200848620658,0.2,1.0,1.0,1.0,600.0
FA10,secondary,mean,s2_uniform,600,5,0.5587102798732191,0.1803986650686012,0.0,0.0,0,0.6872200848620658,0.2,1.0,1.0,1.0,600.0
FA10,secondary,mean,s2_uniform,1200,5,0.5914661815169201,0.18142829505666103,0.03275590164370093,0.010308189607789231,5,0.7311564090010623,0.20833333333333331,1.0,1.0,2.0,1200.0
FA10,secondary,mean,s2_uniform,2400,5,0.6131904475201322,0.18750814182339284,0.05448016764691306,0.022786882406755637,5,0.7466156536942941,0.21666666666666665,1.0,1.0,4.0,2400.0
FA10,secondary,mean,s2_uniform,3600,5,0.5936196682076565,0.18064103601221287,0.03490938833443734,-0.005976087478747671,4,0.7298347967364079,0.20833333333333331,1.0,1.0,6.0,3600.0
FA10,secondary,mean,s2_uniform,4800,5,0.5950298641524722,0.1886352098758412,0.03631958427925302,-0.005261351820472382,4,0.7306341351353798,0.20833333333333331,1.0,1.0,8.0,4800.0
FA10,secondary,mean,s3_top10,600,5,0.5587102798732191,0.1803986650686012,0.0,0.0,0,0.6872200848620658,0.2,1.0,1.0,1.0,600.0
FA10,secondary,mean,s3_top10,1200,5,0.5562706723045563,0.16599958285882008,-0.0024396075686629105,-0.041856081010492874,3,0.6892492889287801,0.19999999999999998,1.0,1.0,2.0,1200.0
FA10,secondary,mean,s3_top10,2400,5,0.5536494649573049,0.16214396244272453,-0.005060814915914319,-0.049565958342463246,2,0.6875220745165936,0.19166666666666665,1.0,1.0,2.2,1320.0
FA10,secondary,mean,s3_top10,3600,5,0.5536494649573049,0.16214396244272453,-0.005060814915914319,-0.049565958342463246,2,0.6875220745165936,0.19166666666666665,1.0,1.0,2.2,1320.0
FA10,secondary,mean,s3_top10,4800,5,0.5536494649573049,0.16214396244272453,-0.005060814915914319,-0.049565958342463246,2,0.6875220745165936,0.19166666666666665,1.0,1.0,2.2,1320.0
FA10,secondary,mean,s3_top25,600,5,0.5587102798732191,0.1803986650686012,0.0,0.0,0,0.6872200848620658,0.2,1.0,1.0,1.0,600.0
FA10,secondary,mean,s3_top25,1200,5,0.5858356722724553,0.17311655113556643,0.027125392399236076,0.008125625791418845,5,0.7305266848578925,0.20833333333333331,1.0,1.0,1.9333333333333336,1200.0
FA10,secondary,mean,s3_top25,2400,5,0.5747265273990031,0.17685052812396004,0.016016247525783938,-0.014161422255221656,3,0.7151912677741414,0.20833333333333331,1.0,1.0,3.8,2400.0
FA10,secondary,mean,s3_top25,3600,5,0.5747265273990031,0.17685052812396004,0.016016247525783938,-0.014161422255221656,3,0.7151912677741414,0.20833333333333331,1.0,1.0,3.8,2400.0
FA10,secondary,mean,s3_top25,4800,5,0.5747265273990031,0.17685052812396004,0.016016247525783938,-0.014161422255221656,3,0.7151912677741414,0.20833333333333331,1.0,1.0,3.8,2400.0
FA10,secondary,mean,s3_top50,600,5,0.5587102798732191,0.1803986650686012,0.0,0.0,0,0.6872200848620658,0.2,1.0,1.0,1.0,600.0
FA10,secondary,mean,s3_top50,1200,5,0.597913961205401,0.1828816876429209,0.039203681332181814,-0.0019224190741723435,4,0.7352803272901196,0.20833333333333331,1.0,1.0,2.0133333333333336,1200.0
FA10,secondary,mean,s3_top50,2400,5,0.5911200778366211,0.1825959222526877,0.03240979796340198,-0.010307383798516478,4,0.7347253203356086,0.21666666666666665,1.0,1.0,4.04,2400.0
FA10,secondary,mean,s3_top50,3600,5,0.5922522576952278,0.18942727965697698,0.03354197782200868,-0.015012106625448163,4,0.7314159128547523,0.21666666666666665,1.0,1.0,6.066666666666667,3600.0
FA10,secondary,mean,s3_top50,4800,5,0.5812345707964687,0.18400851865131057,0.022524290923249497,-0.01316358575278731,4,0.7196626956429688,0.20833333333333331,1.0,1.0,7.08,4200.0
FA10,secondary,mean,s4_scaffold25,600,5,0.6295895478775784,0.1907503524009009,0.0708792680043592,0.03773940857102953,5,0.74176389423608,0.20833333333333331,0.641,0.6466666666666667,1.5121288515406162,600.0
FA10,secondary,mean,s4_scaffold25,1200,5,0.6184492474243706,0.18491375716234645,0.05973896755115145,0.02032752976188157,5,0.72944768866985,0.20833333333333331,0.641,0.6466666666666667,2.9942086834733894,1200.0
FA10,secondary,mean,s4_scaffold25,2400,5,0.6047779920390784,0.1800096744387935,0.04606771216585917,-0.000879591967475668,4,0.7107206887015778,0.20833333333333331,0.641,0.6466666666666667,4.796708683473389,1981.2
FA10,secondary,mean,s4_scaffold25,3600,5,0.6047779920390784,0.1800096744387935,0.04606771216585917,-0.000879591967475668,4,0.7107206887015778,0.20833333333333331,0.641,0.6466666666666667,4.796708683473389,1981.2
FA10,secondary,mean,s4_scaffold25,4800,5,0.6047779920390784,0.1800096744387935,0.04606771216585917,-0.000879591967475668,4,0.7107206887015778,0.20833333333333331,0.641,0.6466666666666667,4.796708683473389,1981.2
FA10,secondary,mean,s4_scaffold50,600,5,0.5927313824514321,0.169399447606973,0.03402110257821285,-0.011278876140128458,4,0.7276510103004856,0.20833333333333331,0.7313333333333334,0.7433333333333334,1.3586038513897383,600.0
FA10,secondary,mean,s4_scaffold50,1200,5,0.6114548894478763,0.18176131168552445,0.05274460957465719,-0.01001075301617027,4,0.745796105274869,0.21666666666666665,0.74,0.755,2.744465058916204,1200.0
FA10,secondary,mean,s4_scaffold50,2400,5,0.5933553037707682,0.1840476600096733,0.034645023897549025,0.008218090058769278,5,0.7246429802664552,0.20833333333333331,0.74,0.755,5.460003741980344,2400.0
FA10,secondary,mean,s4_scaffold50,3600,5,0.5902449549653279,0.18481002658082635,0.03153467509210875,0.003157289704344035,5,0.719396502106541,0.20833333333333331,0.74,0.755,7.964850057434018,3529.2
FA10,secondary,mean,s4_scaffold50,4800,5,0.5902262994169615,0.18398319381829178,0.031516019543742196,0.0006799401244412806,5,0.7196309798838108,0.20833333333333331,0.74,0.755,8.300960481179889,3678.0
FA10,secondary,mean,s5_score_oracle,600,5,0.5634531519528078,0.15969557653927235,0.004742872079588517,-0.04417219692442054,3,0.6979152349820728,0.20833333333333331,1.0,1.0,1.0,600.0
FA10,secondary,mean,s5_score_oracle,1200,5,0.5785748573342372,0.17459593029460618,0.01986457746101798,-0.024555217943873275,4,0.7166997846500023,0.20833333333333331,1.0,1.0,2.0,1200.0
FA10,secondary,mean,s5_score_oracle,2400,5,0.5877663622120639,0.18421206972073656,0.02905608233884476,-0.012050312950266151,4,0.7229992086676018,0.20833333333333331,1.0,1.0,4.0,2400.0
FA10,secondary,mean,s5_score_oracle,3600,5,0.5885321513806618,0.18539685499449252,0.02982187150744266,-0.013413444357788573,4,0.7234667815283867,0.20833333333333331,1.0,1.0,6.0,3600.0
FA10,secondary,mean,s5_score_oracle,4800,5,0.5887646489704113,0.18726627029277043,0.030054369097191995,-0.02171136293708542,4,0.7246820708249647,0.21666666666666665,1.0,1.0,8.0,4800.0
FA10,secondary,min,s1_width,600,5,0.5587102798732191,0.1803986650686012,0.0,0.0,0,0.6872200848620658,0.2,1.0,1.0,1.0,600.0
FA10,secondary,min,s1_width,1200,5,0.5587102798732191,0.1803986650686012,0.0,0.0,0,0.6872200848620658,0.2,1.0,1.0,1.0,600.0
FA10,secondary,min,s1_width,2400,5,0.5587102798732191,0.1803986650686012,0.0,0.0,0,0.6872200848620658,0.2,1.0,1.0,1.0,600.0
FA10,secondary,min,s1_width,3600,5,0.5587102798732191,0.1803986650686012,0.0,0.0,0,0.6872200848620658,0.2,1.0,1.0,1.0,600.0
FA10,secondary,min,s1_width,4800,5,0.5587102798732191,0.1803986650686012,0.0,0.0,0,0.6872200848620658,0.2,1.0,1.0,1.0,600.0
FA10,secondary,min,s2_uniform,600,5,0.5587102798732191,0.1803986650686012,0.0,0.0,0,0.6872200848620658,0.2,1.0,1.0,1.0,600.0
FA10,secondary,min,s2_uniform,1200,5,0.5886823662411511,0.17772507338390886,0.029972086367931867,-0.0021192217416496906,4,0.7338830287654973,0.20833333333333331,1.0,1.0,2.0,1200.0
FA10,secondary,min,s2_uniform,2400,5,0.5943361692828194,0.16303287848133946,0.0356258894096002,-0.026128375087018707,4,0.7277244520186053,0.2,1.0,1.0,4.0,2400.0
FA10,secondary,min,s2_uniform,3600,5,0.5791315254372126,0.1641218319871307,0.020421245563993412,-0.02657543341417956,3,0.7135532681825849,0.2,1.0,1.0,6.0,3600.0
FA10,secondary,min,s2_uniform,4800,5,0.5729185178238507,0.16371806794275354,0.01420823795063148,-0.03693266080573132,3,0.707126902424123,0.2,1.0,1.0,8.0,4800.0
FA10,secondary,min,s3_top10,600,5,0.5587102798732191,0.1803986650686012,0.0,0.0,0,0.6872200848620658,0.2,1.0,1.0,1.0,600.0
FA10,secondary,min,s3_top10,1200,5,0.5647910278289671,0.16928349789124195,0.0060807479557479175,-0.015909090909090984,4,0.7027643305715292,0.20833333333333331,1.0,1.0,2.0,1200.0
FA10,secondary,min,s3_top10,2400,5,0.5647910278289671,0.16928349789124195,0.0060807479557479175,-0.015909090909090984,4,0.7027643305715292,0.20833333333333331,1.0,1.0,2.2,1320.0
FA10,secondary,min,s3_top10,3600,5,0.5647910278289671,0.16928349789124195,0.0060807479557479175,-0.015909090909090984,4,0.7027643305715292,0.20833333333333331,1.0,1.0,2.2,1320.0
FA10,secondary,min,s3_top10,4800,5,0.5647910278289671,0.16928349789124195,0.0060807479557479175,-0.015909090909090984,4,0.7027643305715292,0.20833333333333331,1.0,1.0,2.2,1320.0
FA10,secondary,min,s3_top25,600,5,0.5587102798732191,0.1803986650686012,0.0,0.0,0,0.6872200848620658,0.2,1.0,1.0,1.0,600.0
FA10,secondary,min,s3_top25,1200,5,0.5661969658663029,0.1542544836308478,0.007486685993083569,-0.03478036017703212,3,0.7066863407019419,0.2,1.0,1.0,1.9333333333333336,1200.0
FA10,secondary,min,s3_top25,2400,5,0.5597055576332448,0.1598647840206073,0.0009952777600255648,-0.033660646557318485,3,0.6955860627981171,0.20833333333333331,1.0,1.0,3.8,2400.0
FA10,secondary,min,s3_top25,3600,5,0.5597055576332448,0.1598647840206073,0.0009952777600255648,-0.033660646557318485,3,0.6955860627981171,0.20833333333333331,1.0,1.0,3.8,2400.0
FA10,secondary,min,s3_top25,4800,5,0.5597055576332448,0.1598647840206073,0.0009952777600255648,-0.033660646557318485,3,0.6955860627981171,0.20833333333333331,1.0,1.0,3.8,2400.0
FA10,secondary,min,s3_top50,600,5,0.5587102798732191,0.1803986650686012,0.0,0.0,0,0.6872200848620658,0.2,1.0,1.0,1.0,600.0
FA10,secondary,min,s3_top50,1200,5,0.5877690408743111,0.16867305885007872,0.029058761001091966,-0.01628029650727858,4,0.7345504382468835,0.20833333333333331,1.0,1.0,2.0133333333333336,1200.0
FA10,secondary,min,s3_top50,2400,5,0.5687111074555117,0.15969915633949397,0.0100008275822925,-0.03097456015993927,3,0.7081369154646202,0.2,1.0,1.0,4.04,2400.0
FA10,secondary,min,s3_top50,3600,5,0.5627906123967525,0.15822685111157941,0.004080332523533398,-0.04217002381314383,3,0.7003303779988563,0.20833333333333331,1.0,1.0,6.066666666666667,3600.0
FA10,secondary,min,s3_top50,4800,5,0.5604322675669253,0.15744678417990898,0.0017219876937062451,-0.04217002381314383,3,0.6984699446794538,0.20833333333333331,1.0,1.0,7.08,4200.0
FA10,secondary,min,s4_scaffold25,600,5,0.6280703019166963,0.16404987043384991,0.06936002204347717,0.02912484323265463,5,0.7574195405632055,0.2166666666666667,0.641,0.6466666666666667,1.5121288515406162,600.0
FA10,secondary,min,s4_scaffold25,1200,5,0.5952441817669069,0.17400407798975437,0.03653390189368771,-0.00633482298359056,4,0.7061461546508804,0.2,0.641,0.6466666666666667,2.9942086834733894,1200.0
FA10,secondary,min,s4_scaffold25,2400,5,0.5937376546230004,0.1745261602085689,0.03502737474978119,-0.008624200272967841,4,0.7030267734752337,0.20833333333333331,0.641,0.6466666666666667,4.796708683473389,1981.2
FA10,secondary,min,s4_scaffold25,3600,5,0.5937376546230004,0.1745261602085689,0.03502737474978119,-0.008624200272967841,4,0.7030267734752337,0.20833333333333331,0.641,0.6466666666666667,4.796708683473389,1981.2
FA10,secondary,min,s4_scaffold25,4800,5,0.5937376546230004,0.1745261602085689,0.03502737474978119,-0.008624200272967841,4,0.7030267734752337,0.20833333333333331,0.641,0.6466666666666667,4.796708683473389,1981.2
FA10,secondary,min,s4_scaffold50,600,5,0.6099122933972791,0.15314144386922765,0.05120201352405993,-0.005906544931341462,4,0.7514665661784201,0.2166666666666667,0.7313333333333334,0.7433333333333334,1.3586038513897383,600.0
FA10,secondary,min,s4_scaffold50,1200,5,0.5989134572996867,0.15487156985174275,0.040203177426467465,-0.059731995952342465,4,0.7364610001130469,0.20833333333333334,0.74,0.755,2.744465058916204,1200.0
FA10,secondary,min,s4_scaffold50,2400,5,0.5709272321125597,0.15889492771853866,0.0122169522393405,-0.06390527625033249,3,0.7043295148943718,0.2,0.74,0.755,5.460003741980344,2400.0
FA10,secondary,min,s4_scaffold50,3600,5,0.5649064324036417,0.15618671613127394,0.006196152530422489,-0.0726203073023457,3,0.6997098063777417,0.20833333333333331,0.74,0.755,7.964850057434018,3529.2
FA10,secondary,min,s4_scaffold50,4800,5,0.5625960606923748,0.1552485161888679,0.003885780819155621,-0.0726203073023457,3,0.69752991408608,0.20833333333333331,0.74,0.755,8.300960481179889,3678.0
FA10,secondary,min,s5_score_oracle,600,5,0.5634531519528078,0.15969557653927235,0.004742872079588517,-0.04417219692442054,3,0.6979152349820728,0.20833333333333331,1.0,1.0,1.0,600.0
FA10,secondary,min,s5_score_oracle,1200,5,0.5634531519528078,0.15969557653927235,0.004742872079588517,-0.04417219692442054,3,0.6979152349820728,0.20833333333333331,1.0,1.0,2.0,1200.0
FA10,secondary,min,s5_score_oracle,2400,5,0.5634531519528078,0.15969557653927235,0.004742872079588517,-0.04417219692442054,3,0.6979152349820728,0.20833333333333331,1.0,1.0,4.0,2400.0
FA10,secondary,min,s5_score_oracle,3600,5,0.5634531519528078,0.15969557653927235,0.004742872079588517,-0.04417219692442054,3,0.6979152349820728,0.20833333333333331,1.0,1.0,6.0,3600.0
FA10,secondary,min,s5_score_oracle,4800,5,0.5634531519528078,0.15969557653927235,0.004742872079588517,-0.04417219692442054,3,0.6979152349820728,0.20833333333333331,1.0,1.0,8.0,4800.0
MK14,primary,mean,s1_width,600,5,0.49635404942601,0.09284331464257238,0.0,0.0,0,0.5909408937445264,0.15,1.0,1.0,1.0,600.0
MK14,primary,mean,s1_width,1200,5,0.49635404942601,0.09284331464257238,0.0,0.0,0,0.5909408937445264,0.15,1.0,1.0,1.0,600.0
MK14,primary,mean,s1_width,2400,5,0.49635404942601,0.09284331464257238,0.0,0.0,0,0.5909408937445264,0.15,1.0,1.0,1.0,600.0
MK14,primary,mean,s1_width,3600,5,0.49635404942601,0.09284331464257238,0.0,0.0,0,0.5909408937445264,0.15,1.0,1.0,1.0,600.0
MK14,primary,mean,s1_width,4800,5,0.49635404942601,0.09284331464257238,0.0,0.0,0,0.5909408937445264,0.15,1.0,1.0,1.0,600.0
MK14,primary,mean,s2_uniform,600,5,0.49635404942601,0.09284331464257238,0.0,0.0,0,0.5909408937445264,0.15,1.0,1.0,1.0,600.0
MK14,primary,mean,s2_uniform,1200,5,0.5671241135546109,0.13498939251382455,0.07077006412860082,-0.07110183846028051,4,0.6872440174791684,0.19999999999999998,1.0,1.0,2.0,1200.0
MK14,primary,mean,s2_uniform,2400,5,0.5038954370306881,0.07191392644908183,0.007541387604678052,-0.08988105070915281,2,0.5868380301705332,0.15833333333333335,1.0,1.0,4.0,2400.0
MK14,primary,mean,s2_uniform,3600,5,0.5402313225537048,0.0813333537801902,0.043877273127694794,0.017717447955762022,5,0.6487354889221836,0.18333333333333335,1.0,1.0,6.0,3600.0
MK14,primary,mean,s2_uniform,4800,5,0.5592728514601093,0.06908866987256722,0.06291880203409922,-0.00776777069786716,4,0.6725837819967424,0.19166666666666665,1.0,1.0,8.0,4800.0
MK14,primary,mean,s3_top10,600,5,0.49635404942601,0.09284331464257238,0.0,0.0,0,0.5909408937445264,0.15,1.0,1.0,1.0,600.0
MK14,primary,mean,s3_top10,1200,5,0.4361095613463292,0.10274136985787766,-0.06024448807968077,-0.1542153552074329,2,0.4677472543888195,0.11666666666666665,1.0,1.0,2.0,1200.0
MK14,primary,mean,s3_top10,2400,5,0.42230075325300787,0.10242229370568118,-0.07405329617300219,-0.17773094917286408,2,0.4520222900841146,0.125,1.0,1.0,2.4,1440.0
MK14,primary,mean,s3_top10,3600,5,0.42230075325300787,0.10242229370568118,-0.07405329617300219,-0.17773094917286408,2,0.4520222900841146,0.125,1.0,1.0,2.4,1440.0
MK14,primary,mean,s3_top10,4800,5,0.42230075325300787,0.10242229370568118,-0.07405329617300219,-0.17773094917286408,2,0.4520222900841146,0.125,1.0,1.0,2.4,1440.0
MK14,primary,mean,s3_top25,600,5,0.49635404942601,0.09284331464257238,0.0,0.0,0,0.5909408937445264,0.15,1.0,1.0,1.0,600.0
MK14,primary,mean,s3_top25,1200,5,0.5143927725731345,0.10214010807734449,0.018038723147124534,-0.05421618073286327,3,0.6063928928118081,0.16666666666666669,1.0,1.0,2.02,1200.0
MK14,primary,mean,s3_top25,2400,5,0.4531577995031929,0.09934863376419609,-0.04319624992281712,-0.13399912028640204,2,0.5182689281107364,0.14166666666666666,1.0,1.0,4.0600000000000005,2400.0
MK14,primary,mean,s3_top25,3600,5,0.43952688301185094,0.09289472284909935,-0.05682716641415906,-0.1423021504099592,2,0.49562824691715723,0.13333333333333333,1.0,1.0,4.57,2700.0
MK14,primary,mean,s3_top25,4800,5,0.43952688301185094,0.09289472284909935,-0.05682716641415906,-0.1423021504099592,2,0.49562824691715723,0.13333333333333333,1.0,1.0,4.57,2700.0
MK14,primary,mean,s3_top50,600,5,0.49635404942601,0.09284331464257238,0.0,0.0,0,0.5909408937445264,0.15,1.0,1.0,1.0,600.0
MK14,primary,mean,s3_top50,1200,5,0.5347492612660611,0.07635508459969227,0.03839521184005111,-0.049053117951113556,3,0.6524303016269306,0.17500000000000002,1.0,1.0,2.006666666666667,1200.0
MK14,primary,mean,s3_top50,2400,5,0.5419616922202407,0.09238595635607119,0.045607642794230775,-0.017893513916042658,4,0.6537347167575922,0.19166666666666668,1.0,1.0,4.02,2400.0
MK14,primary,mean,s3_top50,3600,5,0.5323133528452189,0.09388835256101499,0.03595930341920887,-0.09744941382252509,4,0.6447138980975582,0.18333333333333332,1.0,1.0,6.033333333333333,3600.0
MK14,primary,mean,s3_top50,4800,5,0.4888049017547279,0.09509299636831858,-0.007549147671282119,-0.14181138556255873,3,0.5767849121367166,0.15833333333333335,1.0,1.0,8.046666666666667,4800.0
MK14,primary,mean,s4_scaffold25,600,5,0.5292117010424627,0.12500435938763207,0.03285765161645275,-0.08553137224467494,3,0.5940531078068041,0.15833333333333335,0.7223333333333335,0.7183333333333334,1.3742305454659811,600.0
MK14,primary,mean,s4_scaffold25,1200,5,0.5318486644504034,0.09241344183616494,0.03549461502439329,-0.030297425273359435,3,0.601968281963687,0.15833333333333335,0.7223333333333335,0.7183333333333334,2.7166850637608695,1200.0
MK14,primary,mean,s4_scaffold25,2400,5,0.47165682911403406,0.09078858665114867,-0.024697220311976,-0.1533199509815934,2,0.4968901062643649,0.13333333333333333,0.7223333333333335,0.7183333333333334,4.830378476972184,2141.6
MK14,primary,mean,s4_scaffold25,3600,5,0.47165682911403406,0.09078858665114867,-0.024697220311976,-0.1533199509815934,2,0.4968901062643649,0.13333333333333333,0.7223333333333335,0.7183333333333334,4.830378476972184,2141.6
MK14,primary,mean,s4_scaffold25,4800,5,0.47165682911403406,0.09078858665114867,-0.024697220311976,-0.1533199509815934,2,0.4968901062643649,0.13333333333333333,0.7223333333333335,0.7183333333333334,4.830378476972184,2141.6
MK14,primary,mean,s4_scaffold50,600,5,0.573097445541113,0.12915530553355659,0.07674339611510297,-0.010610827522789856,4,0.6634913801467238,0.16666666666666666,0.7356666666666667,0.7316666666666667,1.3554420847236863,600.0
MK14,primary,mean,s4_scaffold50,1200,5,0.5413265907666673,0.0902055745024147,0.0449725413406574,-0.00768896486874715,4,0.6167210941518743,0.15833333333333333,0.751,0.7483333333333333,2.659573924479606,1200.0
MK14,primary,mean,s4_scaffold50,2400,5,0.5517283875654022,0.08522350361663461,0.05537433813939222,-0.04007937142448181,4,0.6439319465814842,0.175,0.751,0.7483333333333333,5.344803273493487,2400.0
MK14,primary,mean,s4_scaffold50,3600,5,0.5083297785509494,0.0883488351559356,0.011975729124939393,-0.09279756202918288,3,0.5769109005163705,0.16666666666666669,0.751,0.7483333333333333,8.014067114276378,3600.0
MK14,primary,mean,s4_scaffold50,4800,5,0.4966972811883415,0.08477797582474259,0.00034323176233144184,-0.09410196081130245,3,0.5640492275119368,0.15833333333333335,0.751,0.7483333333333333,8.51502599731533,3824.4
MK14,primary,mean,s5_score_oracle,600,5,0.5652655265765805,0.0707741318307804,0.06891147715057033,-0.0488517813763123,4,0.7316378922640243,0.2166666666666667,1.0,1.0,1.0,600.0
MK14,primary,mean,s5_score_oracle,1200,5,0.5663117820886192,0.06896191645969041,0.06995773266260923,-0.053832933614848644,4,0.7295485693096451,0.20833333333333334,1.0,1.0,2.0,1200.0
MK14,primary,mean,s5_score_oracle,2400,5,0.5430824498863239,0.058620613848823055,0.04672840046031386,-0.0703426717433045,4,0.6720122514234714,0.175,1.0,1.0,4.0,2400.0
MK14,primary,mean,s5_score_oracle,3600,5,0.5229084695317991,0.06799748900099228,0.026554420105789057,-0.11332931631258464,3,0.6294764385911202,0.175,1.0,1.0,6.0,3600.0
MK14,primary,mean,s5_score_oracle,4800,5,0.5045213643113413,0.07954014356453465,0.00816731488533129,-0.1357701003135941,3,0.5881379991418324,0.15833333333333333,1.0,1.0,8.0,4800.0
MK14,primary,min,s1_width,600,5,0.49635404942601,0.09284331464257238,0.0,0.0,0,0.5909408937445264,0.15,1.0,1.0,1.0,600.0
MK14,primary,min,s1_width,1200,5,0.49635404942601,0.09284331464257238,0.0,0.0,0,0.5909408937445264,0.15,1.0,1.0,1.0,600.0
MK14,primary,min,s1_width,2400,5,0.49635404942601,0.09284331464257238,0.0,0.0,0,0.5909408937445264,0.15,1.0,1.0,1.0,600.0
MK14,primary,min,s1_width,3600,5,0.49635404942601,0.09284331464257238,0.0,0.0,0,0.5909408937445264,0.15,1.0,1.0,1.0,600.0
MK14,primary,min,s1_width,4800,5,0.49635404942601,0.09284331464257238,0.0,0.0,0,0.5909408937445264,0.15,1.0,1.0,1.0,600.0
MK14,primary,min,s2_uniform,600,5,0.49635404942601,0.09284331464257238,0.0,0.0,0,0.5909408937445264,0.15,1.0,1.0,1.0,600.0
MK14,primary,min,s2_uniform,1200,5,0.5310878365416113,0.07931239240754426,0.03473378711560129,-0.005172585544508168,4,0.6713537390883068,0.19166666666666668,1.0,1.0,2.0,1200.0
MK14,primary,min,s2_uniform,2400,5,0.5261562293852484,0.06858957226934885,0.02980217995923843,-0.04872528738563864,4,0.66941777858927,0.19166666666666668,1.0,1.0,4.0,2400.0
MK14,primary,min,s2_uniform,3600,5,0.550100145815043,0.09058973190191383,0.05374609638903301,-0.04343376464820192,4,0.694326082414607,0.20833333333333334,1.0,1.0,6.0,3600.0
MK14,primary,min,s2_uniform,4800,5,0.5777726184204616,0.07898431449260404,0.08141856899445157,-0.04296814718663722,4,0.7349828923685798,0.2166666666666667,1.0,1.0,8.0,4800.0
MK14,primary,min,s3_top10,600,5,0.49635404942601,0.09284331464257238,0.0,0.0,0,0.5909408937445264,0.15,1.0,1.0,1.0,600.0
MK14,primary,min,s3_top10,1200,5,0.5258414832884439,0.07930543052212163,0.02948743386243389,0.0,3,0.6501770309142594,0.19166666666666668,1.0,1.0,2.0,1200.0
MK14,primary,min,s3_top10,2400,5,0.5249422667642274,0.08005487467608427,0.02858821733821737,0.0,3,0.6479141584227184,0.19166666666666668,1.0,1.0,2.4,1440.0
MK14,primary,min,s3_top10,3600,5,0.5249422667642274,0.08005487467608427,0.02858821733821737,0.0,3,0.6479141584227184,0.19166666666666668,1.0,1.0,2.4,1440.0
MK14,primary,min,s3_top10,4800,5,0.5249422667642274,0.08005487467608427,0.02858821733821737,0.0,3,0.6479141584227184,0.19166666666666668,1.0,1.0,2.4,1440.0
MK14,primary,min,s3_top25,600,5,0.49635404942601,0.09284331464257238,0.0,0.0,0,0.5909408937445264,0.15,1.0,1.0,1.0,600.0
MK14,primary,min,s3_top25,1200,5,0.5304134266603203,0.07887296514179164,0.034059377234310316,0.00012740882306105927,5,0.6596113530738328,0.18333333333333332,1.0,1.0,2.02,1200.0
MK14,primary,min,s3_top25,2400,5,0.5510847308282404,0.07500179434507888,0.05473068140223035,-0.0005876941517672929,4,0.6977807609672227,0.20833333333333334,1.0,1.0,4.0600000000000005,2400.0
MK14,primary,min,s3_top25,3600,5,0.5459730929865636,0.07639740658593991,0.049619043560553557,-0.0005876941517672929,4,0.6898762357374328,0.2,1.0,1.0,4.57,2700.0
MK14,primary,min,s3_top25,4800,5,0.5459730929865636,0.07639740658593991,0.049619043560553557,-0.0005876941517672929,4,0.6898762357374328,0.2,1.0,1.0,4.57,2700.0
MK14,primary,min,s3_top50,600,5,0.49635404942601,0.09284331464257238,0.0,0.0,0,0.5909408937445264,0.15,1.0,1.0,1.0,600.0
MK14,primary,min,s3_top50,1200,5,0.5370540785602207,0.08025933707730297,0.040700029134210655,-0.038540707479861824,3,0.6645045244387868,0.19166666666666668,1.0,1.0,2.006666666666667,1200.0
MK14,primary,min,s3_top50,2400,5,0.574250833782709,0.08249179234626211,0.0778967843566989,-0.023352984097547824,4,0.7201729148736413,0.20833333333333334,1.0,1.0,4.02,2400.0
MK14,primary,min,s3_top50,3600,5,0.5827317179705255,0.07515776359583931,0.08637766854451548,-0.027866134910574658,4,0.7371769282172578,0.2166666666666667,1.0,1.0,6.033333333333333,3600.0
MK14,primary,min,s3_top50,4800,5,0.5744304638286791,0.07484952458608948,0.07807641440266908,-0.01484879783562354,4,0.7324033766907794,0.2166666666666667,1.0,1.0,8.046666666666667,4800.0
MK14,primary,min,s4_scaffold25,600,5,0.5653167227076019,0.08577729513098493,0.06896267328159186,0.03467443793724345,5,0.6681066714167463,0.175,0.7223333333333335,0.7183333333333334,1.3742305454659811,600.0
MK14,primary,min,s4_scaffold25,1200,5,0.5677930937750165,0.08386575179648201,0.07143904434900641,0.02930181198451287,5,0.6836676642453118,0.2,0.7223333333333335,0.7183333333333334,2.7166850637608695,1200.0
MK14,primary,min,s4_scaffold25,2400,5,0.560546354315402,0.08755108075410661,0.06419230488939198,0.025851663809300707,5,0.6721763374239325,0.19166666666666668,0.7223333333333335,0.7183333333333334,4.830378476972184,2141.6
MK14,primary,min,s4_scaffold25,3600,5,0.560546354315402,0.08755108075410661,0.06419230488939198,0.025851663809300707,5,0.6721763374239325,0.19166666666666668,0.7223333333333335,0.7183333333333334,4.830378476972184,2141.6
MK14,primary,min,s4_scaffold25,4800,5,0.560546354315402,0.08755108075410661,0.06419230488939198,0.025851663809300707,5,0.6721763374239325,0.19166666666666668,0.7223333333333335,0.7183333333333334,4.830378476972184,2141.6
MK14,primary,min,s4_scaffold50,600,5,0.5715088855670094,0.06987461752150212,0.07515483614099948,0.04220397516139318,5,0.6809961825458293,0.19166666666666668,0.7356666666666667,0.7316666666666667,1.3554420847236863,600.0
MK14,primary,min,s4_scaffold50,1200,5,0.5783175618711692,0.07607063446218636,0.08196351244515915,0.011270846234468612,5,0.7029219580906683,0.20833333333333334,0.751,0.7483333333333333,2.659573924479606,1200.0
MK14,primary,min,s4_scaffold50,2400,5,0.5992608384364353,0.07324564840865685,0.10290678901042519,0.00538055064732057,5,0.7412750636242789,0.2166666666666667,0.751,0.7483333333333333,5.344803273493487,2400.0
MK14,primary,min,s4_scaffold50,3600,5,0.6004469326632141,0.06892460236518752,0.10409288323720414,0.018804892903960813,5,0.7442105165956733,0.2166666666666667,0.751,0.7483333333333333,8.014067114276378,3600.0
MK14,primary,min,s4_scaffold50,4800,5,0.5936103623295212,0.06823109868398664,0.0972563129035112,0.018804892903960813,5,0.7383489699272359,0.2166666666666667,0.751,0.7483333333333333,8.51502599731533,3824.4
MK14,primary,min,s5_score_oracle,600,5,0.5652655265765805,0.0707741318307804,0.06891147715057033,-0.0488517813763123,4,0.7316378922640243,0.2166666666666667,1.0,1.0,1.0,600.0
MK14,primary,min,s5_score_oracle,1200,5,0.5652655265765805,0.0707741318307804,0.06891147715057033,-0.0488517813763123,4,0.7316378922640243,0.2166666666666667,1.0,1.0,2.0,1200.0
MK14,primary,min,s5_score_oracle,2400,5,0.5652655265765805,0.0707741318307804,0.06891147715057033,-0.0488517813763123,4,0.7316378922640243,0.2166666666666667,1.0,1.0,4.0,2400.0
MK14,primary,min,s5_score_oracle,3600,5,0.5652655265765805,0.0707741318307804,0.06891147715057033,-0.0488517813763123,4,0.7316378922640243,0.2166666666666667,1.0,1.0,6.0,3600.0
MK14,primary,min,s5_score_oracle,4800,5,0.5652655265765805,0.0707741318307804,0.06891147715057033,-0.0488517813763123,4,0.7316378922640243,0.2166666666666667,1.0,1.0,8.0,4800.0
MK14_min,sensitivity,mean,s1_width,600,5,0.4910708199822344,0.08615403717644672,0.0,0.0,0,0.5864001012725808,0.15,1.0,1.0,1.0,600.0
MK14_min,sensitivity,mean,s1_width,1200,5,0.4910708199822344,0.08615403717644672,0.0,0.0,0,0.5864001012725808,0.15,1.0,1.0,1.0,600.0
MK14_min,sensitivity,mean,s1_width,2400,5,0.4910708199822344,0.08615403717644672,0.0,0.0,0,0.5864001012725808,0.15,1.0,1.0,1.0,600.0
MK14_min,sensitivity,mean,s1_width,3600,5,0.4910708199822344,0.08615403717644672,0.0,0.0,0,0.5864001012725808,0.15,1.0,1.0,1.0,600.0
MK14_min,sensitivity,mean,s1_width,4800,5,0.4910708199822344,0.08615403717644672,0.0,0.0,0,0.5864001012725808,0.15,1.0,1.0,1.0,600.0
MK14_min,sensitivity,mean,s2_uniform,600,5,0.4910708199822344,0.08615403717644672,0.0,0.0,0,0.5864001012725808,0.15,1.0,1.0,1.0,600.0
MK14_min,sensitivity,mean,s2_uniform,1200,5,0.5990384399848157,0.06285637378889124,0.10796762000258138,0.036460241011249894,5,0.745582301551338,0.225,1.0,1.0,2.0,1200.0
MK14_min,sensitivity,mean,s2_uniform,2400,5,0.5011150687818379,0.0776267444214055,0.010044248799603505,-0.08183883371636969,3,0.5835675821816058,0.15833333333333335,1.0,1.0,4.0,2400.0
MK14_min,sensitivity,mean,s2_uniform,3600,5,0.5275211300191677,0.08005397717001324,0.03645031003693333,2.892781143970513e-05,5,0.6270089837475563,0.17500000000000002,1.0,1.0,6.0,3600.0
MK14_min,sensitivity,mean,s2_uniform,4800,5,0.5426053523065271,0.08906155924056378,0.05153453232429267,-0.026286854152170358,4,0.6484206817014415,0.18333333333333335,1.0,1.0,8.0,4800.0
MK14_min,sensitivity,mean,s3_top10,600,5,0.4910708199822344,0.08615403717644672,0.0,0.0,0,0.5864001012725808,0.15,1.0,1.0,1.0,600.0
MK14_min,sensitivity,mean,s3_top10,1200,5,0.4493859088494087,0.11171928075716776,-0.04168491113282561,-0.16853965167138446,2,0.491252447244808,0.11666666666666667,1.0,1.0,1.95,1200.0
MK14_min,sensitivity,mean,s3_top10,2400,5,0.43102776832705925,0.10865050641838338,-0.060043051655175136,-0.17411878799007274,2,0.4683993615682661,0.11666666666666667,1.0,1.0,2.3300000000000005,1440.0
MK14_min,sensitivity,mean,s3_top10,3600,5,0.43102776832705925,0.10865050641838338,-0.060043051655175136,-0.17411878799007274,2,0.4683993615682661,0.11666666666666667,1.0,1.0,2.3300000000000005,1440.0
MK14_min,sensitivity,mean,s3_top10,4800,5,0.43102776832705925,0.10865050641838338,-0.060043051655175136,-0.17411878799007274,2,0.4683993615682661,0.11666666666666667,1.0,1.0,2.3300000000000005,1440.0
MK14_min,sensitivity,mean,s3_top25,600,5,0.4910708199822344,0.08615403717644672,0.0,0.0,0,0.5864001012725808,0.15,1.0,1.0,1.0,600.0
MK14_min,sensitivity,mean,s3_top25,1200,5,0.5006924409976071,0.10932805065354799,0.00962162101537275,-0.0924244956288196,4,0.5785202451004997,0.16666666666666669,1.0,1.0,2.013333333333333,1200.0
MK14_min,sensitivity,mean,s3_top25,2400,5,0.44255276030291596,0.11140143493803066,-0.048518059679318395,-0.15997919591992465,2,0.47876190569618143,0.11666666666666667,1.0,1.0,4.040000000000001,2400.0
MK14_min,sensitivity,mean,s3_top25,3600,5,0.4278053895195377,0.10082589183671205,-0.06326543046269666,-0.16403669186739922,2,0.45642702373753197,0.11666666666666665,1.0,1.0,4.546666666666667,2700.0
MK14_min,sensitivity,mean,s3_top25,4800,5,0.4278053895195377,0.10082589183671205,-0.06326543046269666,-0.16403669186739922,2,0.45642702373753197,0.11666666666666665,1.0,1.0,4.546666666666667,2700.0
MK14_min,sensitivity,mean,s3_top50,600,5,0.4910708199822344,0.08615403717644672,0.0,0.0,0,0.5864001012725808,0.15,1.0,1.0,1.0,600.0
MK14_min,sensitivity,mean,s3_top50,1200,5,0.5165868214157033,0.07809313552351482,0.025516001433468893,-0.09455397322331266,3,0.6156895334657587,0.175,1.0,1.0,2.003333333333333,1200.0
MK14_min,sensitivity,mean,s3_top50,2400,5,0.5286102647630425,0.09954105674708667,0.03753944478080817,-0.05643677078481002,4,0.6259623127627356,0.17500000000000002,1.0,1.0,4.01,2400.0
MK14_min,sensitivity,mean,s3_top50,3600,5,0.518526396913353,0.08314330269642539,0.027455576931118574,-0.08423190020572097,4,0.6218164031392733,0.175,1.0,1.0,6.016666666666667,3600.0
MK14_min,sensitivity,mean,s3_top50,4800,5,0.48184548008210604,0.08800305064309476,-0.00922533990012835,-0.1227665991190584,2,0.5585127153766228,0.15833333333333335,1.0,1.0,8.023333333333333,4800.0
MK14_min,sensitivity,mean,s4_scaffold25,600,5,0.5164261597997059,0.11987072472813491,0.025355339817471546,-0.04496294167324422,3,0.5610204212144576,0.15,0.7260000000000001,0.7266666666666667,1.3676904106798775,600.0
MK14_min,sensitivity,mean,s4_scaffold25,1200,5,0.5164621218304664,0.11039823873938938,0.025391301848232007,-0.08393748253992228,4,0.5757550402561473,0.15833333333333335,0.7260000000000001,0.7266666666666667,2.744459702946588,1200.0
MK14_min,sensitivity,mean,s4_scaffold25,2400,5,0.4594855802254686,0.09196733575194231,-0.03158523975676576,-0.12143434474139303,2,0.48044297194236085,0.125,0.7260000000000001,0.7266666666666667,4.965237973929395,2172.4
MK14_min,sensitivity,mean,s4_scaffold25,3600,5,0.4594855802254686,0.09196733575194231,-0.03158523975676576,-0.12143434474139303,2,0.48044297194236085,0.125,0.7260000000000001,0.7266666666666667,4.965237973929395,2172.4
MK14_min,sensitivity,mean,s4_scaffold25,4800,5,0.4594855802254686,0.09196733575194231,-0.03158523975676576,-0.12143434474139303,2,0.48044297194236085,0.125,0.7260000000000001,0.7266666666666667,4.965237973929395,2172.4
MK14_min,sensitivity,mean,s4_scaffold50,600,5,0.5640184424943009,0.1110326342921307,0.07294762251206664,0.01744105530143769,5,0.6658112612698013,0.18333333333333332,0.7380000000000001,0.7383333333333334,1.3563117514054144,600.0
MK14_min,sensitivity,mean,s4_scaffold50,1200,5,0.5323865562473276,0.07741206873746474,0.0413157362650932,0.010489138646670504,5,0.6176496673357961,0.16666666666666669,0.7553333333333334,0.7566666666666666,2.6695040756903126,1200.0
MK14_min,sensitivity,mean,s4_scaffold50,2400,5,0.5364068383131473,0.09178685113365141,0.045336018330913,-0.012444276954771294,4,0.6303749190561702,0.175,0.7553333333333334,0.7566666666666666,5.37791608109004,2400.0
MK14_min,sensitivity,mean,s4_scaffold50,3600,5,0.497076238654623,0.07579077743534576,0.006005418672388629,-0.0453616844378375,2,0.5712305572640931,0.15,0.7553333333333334,0.7566666666666666,8.066966300665928,3600.0
MK14_min,sensitivity,mean,s4_scaffold50,4800,5,0.4880421870015817,0.07174474650226878,-0.0030286329806527013,-0.0487502139738919,2,0.5552383159027913,0.15,0.7553333333333334,0.7566666666666666,8.663199978127098,3860.8
MK14_min,sensitivity,mean,s5_score_oracle,600,5,0.5614209343739813,0.06490332708348344,0.07035011439174692,-0.04428135718544568,4,0.7276545697495316,0.2166666666666667,1.0,1.0,1.0,600.0
MK14_min,sensitivity,mean,s5_score_oracle,1200,5,0.5708670805541993,0.060654932785591524,0.07979626057196501,-0.03749482423170991,4,0.738106946051624,0.2166666666666667,1.0,1.0,2.0,1200.0
MK14_min,sensitivity,mean,s5_score_oracle,2400,5,0.5445836564871376,0.056472562173590105,0.053512836504903204,-0.03652115387014421,4,0.6803262403959552,0.18333333333333332,1.0,1.0,4.0,2400.0
MK14_min,sensitivity,mean,s5_score_oracle,3600,5,0.5168828581897729,0.06252459216563831,0.025812038207538513,-0.09802618664008966,4,0.6197982498822286,0.175,1.0,1.0,6.0,3600.0
MK14_min,sensitivity,mean,s5_score_oracle,4800,5,0.5041050042160732,0.0703773922713367,0.013034184233838831,-0.11042616352581941,4,0.5888014781798657,0.15833333333333335,1.0,1.0,8.0,4800.0
MK14_min,sensitivity,min,s1_width,600,5,0.4910708199822344,0.08615403717644672,0.0,0.0,0,0.5864001012725808,0.15,1.0,1.0,1.0,600.0
MK14_min,sensitivity,min,s1_width,1200,5,0.4910708199822344,0.08615403717644672,0.0,0.0,0,0.5864001012725808,0.15,1.0,1.0,1.0,600.0
MK14_min,sensitivity,min,s1_width,2400,5,0.4910708199822344,0.08615403717644672,0.0,0.0,0,0.5864001012725808,0.15,1.0,1.0,1.0,600.0
MK14_min,sensitivity,min,s1_width,3600,5,0.4910708199822344,0.08615403717644672,0.0,0.0,0,0.5864001012725808,0.15,1.0,1.0,1.0,600.0
MK14_min,sensitivity,min,s1_width,4800,5,0.4910708199822344,0.08615403717644672,0.0,0.0,0,0.5864001012725808,0.15,1.0,1.0,1.0,600.0
MK14_min,sensitivity,min,s2_uniform,600,5,0.4910708199822344,0.08615403717644672,0.0,0.0,0,0.5864001012725808,0.15,1.0,1.0,1.0,600.0
MK14_min,sensitivity,min,s2_uniform,1200,5,0.5336134128235628,0.06131045273984478,0.04254259284132841,0.001126408010012625,5,0.6774150732131586,0.2,1.0,1.0,2.0,1200.0
MK14_min,sensitivity,min,s2_uniform,2400,5,0.5251456583301298,0.06272420644986318,0.03407483834789543,-0.04743111730616267,4,0.669789749014717,0.2,1.0,1.0,4.0,2400.0
MK14_min,sensitivity,min,s2_uniform,3600,5,0.5484542547361324,0.08189500772800466,0.05738343475389808,-0.04006002142495002,4,0.6954477327759778,0.2166666666666667,1.0,1.0,6.0,3600.0
MK14_min,sensitivity,min,s2_uniform,4800,5,0.5715030307902322,0.07757759035414137,0.08043221080799783,-0.06265353607935664,4,0.7317753319067382,0.2166666666666667,1.0,1.0,8.0,4800.0
MK14_min,sensitivity,min,s3_top10,600,5,0.4910708199822344,0.08615403717644672,0.0,0.0,0,0.5864001012725808,0.15,1.0,1.0,1.0,600.0
MK14_min,sensitivity,min,s3_top10,1200,5,0.5249019888134032,0.06835798138942266,0.03383116883116886,0.0,4,0.6546873332678915,0.19166666666666668,1.0,1.0,1.95,1200.0
MK14_min,sensitivity,min,s3_top10,2400,5,0.5202527722891868,0.07306415962629643,0.029181952306952343,0.0,4,0.6460717582010773,0.19166666666666668,1.0,1.0,2.3300000000000005,1440.0
MK14_min,sensitivity,min,s3_top10,3600,5,0.5202527722891868,0.07306415962629643,0.029181952306952343,0.0,4,0.6460717582010773,0.19166666666666668,1.0,1.0,2.3300000000000005,1440.0
MK14_min,sensitivity,min,s3_top10,4800,5,0.5202527722891868,0.07306415962629643,0.029181952306952343,0.0,4,0.6460717582010773,0.19166666666666668,1.0,1.0,2.3300000000000005,1440.0
MK14_min,sensitivity,min,s3_top25,600,5,0.4910708199822344,0.08615403717644672,0.0,0.0,0,0.5864001012725808,0.15,1.0,1.0,1.0,600.0
MK14_min,sensitivity,min,s3_top25,1200,5,0.5184451959647349,0.07911242470605452,0.027374375982500587,0.0035714285714285587,5,0.6338976865787006,0.175,1.0,1.0,2.013333333333333,1200.0
MK14_min,sensitivity,min,s3_top25,2400,5,0.5381234683763199,0.07368380745029156,0.04705264839408542,0.0025366325019711145,5,0.6789128691439801,0.20833333333333334,1.0,1.0,4.040000000000001,2400.0
MK14_min,sensitivity,min,s3_top25,3600,5,0.5338368875947246,0.07509209524862485,0.04276606761249019,0.0025366325019711145,5,0.672139921047083,0.2,1.0,1.0,4.546666666666667,2700.0
MK14_min,sensitivity,min,s3_top25,4800,5,0.5338368875947246,0.07509209524862485,0.04276606761249019,0.0025366325019711145,5,0.672139921047083,0.2,1.0,1.0,4.546666666666667,2700.0
MK14_min,sensitivity,min,s3_top50,600,5,0.4910708199822344,0.08615403717644672,0.0,0.0,0,0.5864001012725808,0.15,1.0,1.0,1.0,600.0
MK14_min,sensitivity,min,s3_top50,1200,5,0.5371973807434205,0.07698426417745714,0.046126560761186174,-0.03431819940083658,4,0.6690233764066426,0.2,1.0,1.0,2.003333333333333,1200.0
MK14_min,sensitivity,min,s3_top50,2400,5,0.5685209610082823,0.07331674896338407,0.0774501410260479,-0.026709127620122453,4,0.7175893833979324,0.2166666666666667,1.0,1.0,4.01,2400.0
MK14_min,sensitivity,min,s3_top50,3600,5,0.5781717127537792,0.06636642355690296,0.08710089277154494,-0.015973708153441124,4,0.7326593099718733,0.2166666666666667,1.0,1.0,6.016666666666667,3600.0
MK14_min,sensitivity,min,s3_top50,4800,5,0.5724448432210398,0.06275596138793703,0.08137402323880552,-0.0035942133110619112,4,0.7286076457457055,0.2166666666666667,1.0,1.0,8.023333333333333,4800.0
MK14_min,sensitivity,min,s4_scaffold25,600,5,0.5589673208207194,0.07843712452767526,0.06789650083848502,0.034651393625838134,5,0.6631024232574276,0.18333333333333335,0.7260000000000001,0.7266666666666667,1.3676904106798775,600.0
MK14_min,sensitivity,min,s4_scaffold25,1200,5,0.5522160722183851,0.07746880706559965,0.06114525223615075,0.02702675301627533,5,0.6728032193176778,0.2,0.7260000000000001,0.7266666666666667,2.744459702946588,1200.0
MK14_min,sensitivity,min,s4_scaffold25,2400,5,0.549178952475985,0.08194516421574338,0.0581081324937507,0.028715081522523833,5,0.6675988135060642,0.19166666666666668,0.7260000000000001,0.7266666666666667,4.965237973929395,2172.4
MK14_min,sensitivity,min,s4_scaffold25,3600,5,0.549178952475985,0.08194516421574338,0.0581081324937507,0.028715081522523833,5,0.6675988135060642,0.19166666666666668,0.7260000000000001,0.7266666666666667,4.965237973929395,2172.4
MK14_min,sensitivity,min,s4_scaffold25,4800,5,0.549178952475985,0.08194516421574338,0.0581081324937507,0.028715081522523833,5,0.6675988135060642,0.19166666666666668,0.7260000000000001,0.7266666666666667,4.965237973929395,2172.4
MK14_min,sensitivity,min,s4_scaffold50,600,5,0.5543661212604412,0.06330547193735749,0.06329530127820683,0.04231066452191179,5,0.6583658425245285,0.18333333333333335,0.7380000000000001,0.7383333333333334,1.3563117514054144,600.0
MK14_min,sensitivity,min,s4_scaffold50,1200,5,0.5673954440304667,0.0633275270388216,0.0763246240482323,0.042962224251263226,5,0.6952749862839965,0.2,0.7553333333333334,0.7566666666666666,2.6695040756903126,1200.0
MK14_min,sensitivity,min,s4_scaffold50,2400,5,0.5886078327622454,0.06102169463505381,0.09753701278001108,0.038002550594878115,5,0.7373623009464871,0.2166666666666667,0.7553333333333334,0.7566666666666666,5.37791608109004,2400.0
MK14_min,sensitivity,min,s4_scaffold50,3600,5,0.5846980683096914,0.05708750642612384,0.0936272483274571,0.05557303838595418,5,0.7345754992114332,0.2166666666666667,0.7553333333333334,0.7566666666666666,8.066966300665928,3600.0
MK14_min,sensitivity,min,s4_scaffold50,4800,5,0.5825877449355014,0.05873825064141002,0.09151692495326699,0.05557303838595418,5,0.7336543385982035,0.2166666666666667,0.7553333333333334,0.7566666666666666,8.663199978127098,3860.8
MK14_min,sensitivity,min,s5_score_oracle,600,5,0.5614209343739813,0.06490332708348344,0.07035011439174692,-0.04428135718544568,4,0.7276545697495316,0.2166666666666667,1.0,1.0,1.0,600.0
MK14_min,sensitivity,min,s5_score_oracle,1200,5,0.5614209343739813,0.06490332708348344,0.07035011439174692,-0.04428135718544568,4,0.7276545697495316,0.2166666666666667,1.0,1.0,2.0,1200.0
MK14_min,sensitivity,min,s5_score_oracle,2400,5,0.5614209343739813,0.06490332708348344,0.07035011439174692,-0.04428135718544568,4,0.7276545697495316,0.2166666666666667,1.0,1.0,4.0,2400.0
MK14_min,sensitivity,min,s5_score_oracle,3600,5,0.5614209343739813,0.06490332708348344,0.07035011439174692,-0.04428135718544568,4,0.7276545697495316,0.2166666666666667,1.0,1.0,6.0,3600.0
MK14_min,sensitivity,min,s5_score_oracle,4800,5,0.5614209343739813,0.06490332708348344,0.07035011439174692,-0.04428135718544568,4,0.7276545697495316,0.2166666666666667,1.0,1.0,8.0,4800.0
PPARA,primary,mean,s1_width,600,5,0.5792131740130921,0.20434764160033028,0.0,0.0,0,0.567816126799409,0.13333333333333336,1.0,1.0,1.0,600.0
PPARA,primary,mean,s1_width,1200,5,0.5792131740130921,0.20434764160033028,0.0,0.0,0,0.567816126799409,0.13333333333333336,1.0,1.0,1.0,600.0
PPARA,primary,mean,s1_width,2400,5,0.5792131740130921,0.20434764160033028,0.0,0.0,0,0.567816126799409,0.13333333333333336,1.0,1.0,1.0,600.0
PPARA,primary,mean,s1_width,3600,5,0.5792131740130921,0.20434764160033028,0.0,0.0,0,0.567816126799409,0.13333333333333336,1.0,1.0,1.0,600.0
PPARA,primary,mean,s1_width,4800,5,0.5792131740130921,0.20434764160033028,0.0,0.0,0,0.567816126799409,0.13333333333333336,1.0,1.0,1.0,600.0
PPARA,primary,mean,s2_uniform,600,5,0.5792131740130921,0.20434764160033028,0.0,0.0,0,0.567816126799409,0.13333333333333336,1.0,1.0,1.0,600.0
PPARA,primary,mean,s2_uniform,1200,5,0.663646505174406,0.22738526734820302,0.08443333116131405,-0.0016517759277192567,4,0.6540153052482977,0.15833333333333333,1.0,1.0,2.0,1200.0
PPARA,primary,mean,s2_uniform,2400,5,0.6995108018365872,0.22637849327631046,0.1202976278234951,0.01318757718476804,5,0.7109506852871249,0.17500000000000002,1.0,1.0,4.0,2400.0
PPARA,primary,mean,s2_uniform,3600,5,0.7045799514427781,0.21826306259104905,0.12536677742968594,0.02243825074054584,5,0.7298619793201571,0.18333333333333335,1.0,1.0,6.0,3600.0
PPARA,primary,mean,s2_uniform,4800,5,0.6896153866378769,0.22687856497647033,0.11040221262478485,-0.003177326096497235,4,0.7126733417756558,0.18333333333333335,1.0,1.0,8.0,4800.0
PPARA,primary,mean,s3_top10,600,5,0.5792131740130921,0.20434764160033028,0.0,0.0,0,0.567816126799409,0.13333333333333336,1.0,1.0,1.0,600.0
PPARA,primary,mean,s3_top10,1200,5,0.617346959531554,0.20252553135521567,0.038133785518462006,-0.007122269790072466,4,0.6572037132608113,0.18333333333333335,1.0,1.0,2.1,1200.0
PPARA,primary,mean,s3_top10,2400,5,0.6114028942135906,0.20398713347045475,0.032189720200498526,-0.007994303654603296,4,0.6467511523538306,0.175,1.0,1.0,2.54,1440.0
PPARA,primary,mean,s3_top10,3600,5,0.6114028942135906,0.20398713347045475,0.032189720200498526,-0.007994303654603296,4,0.6467511523538306,0.175,1.0,1.0,2.54,1440.0
PPARA,primary,mean,s3_top10,4800,5,0.6114028942135906,0.20398713347045475,0.032189720200498526,-0.007994303654603296,4,0.6467511523538306,0.175,1.0,1.0,2.54,1440.0
PPARA,primary,mean,s3_top25,600,5,0.5792131740130921,0.20434764160033028,0.0,0.0,0,0.567816126799409,0.13333333333333336,1.0,1.0,1.0,600.0
PPARA,primary,mean,s3_top25,1200,5,0.692417699175542,0.20108083351157563,0.11320452516244991,0.02645221272563847,5,0.7344584302278537,0.18333333333333335,1.0,1.0,2.12,1200.0
PPARA,primary,mean,s3_top25,2400,5,0.6532965602203158,0.20337673193954192,0.07408338620722361,0.007486611714552893,5,0.6855187625336125,0.18333333333333335,1.0,1.0,4.359999999999999,2400.0
PPARA,primary,mean,s3_top25,3600,5,0.6417571279768205,0.20266786013535978,0.06254395396372836,0.001659712956152859,5,0.6698532141204885,0.175,1.0,1.0,4.92,2700.0
PPARA,primary,mean,s3_top25,4800,5,0.6417571279768205,0.20266786013535978,0.06254395396372836,0.001659712956152859,5,0.6698532141204885,0.175,1.0,1.0,4.92,2700.0
PPARA,primary,mean,s3_top50,600,5,0.5792131740130921,0.20434764160033028,0.0,0.0,0,0.567816126799409,0.13333333333333336,1.0,1.0,1.0,600.0
PPARA,primary,mean,s3_top50,1200,5,0.6912766697320717,0.22809943516099576,0.11206349571897956,0.001151897635902288,5,0.6988940543114521,0.17500000000000002,1.0,1.0,2.086666666666667,1200.0
PPARA,primary,mean,s3_top50,2400,5,0.6945910150448005,0.2214964621619652,0.1153778410317083,0.012273051833883941,5,0.7207978123209491,0.18333333333333335,1.0,1.0,4.26,2400.0
PPARA,primary,mean,s3_top50,3600,5,0.6711859813039311,0.22549118245074784,0.09197280729083905,-0.01136016689963526,4,0.6987054171496618,0.18333333333333335,1.0,1.0,6.4333333333333345,3600.0
PPARA,primary,mean,s3_top50,4800,5,0.6393283080675817,0.228946308480035,0.06011513405448961,-0.02580286615719385,4,0.6616978795861628,0.175,1.0,1.0,8.606666666666666,4800.0
PPARA,primary,mean,s4_scaffold25,600,5,0.7173572451464326,0.2062210166310977,0.13814407113334043,0.05923813352786356,5,0.7101725730360713,0.18333333333333335,0.42266666666666663,0.4216666666666667,2.536280919887477,600.0
PPARA,primary,mean,s4_scaffold25,1200,5,0.6942795406697339,0.2030012346941353,0.11506636665664172,0.050441837231567255,5,0.6816652386775616,0.18333333333333335,0.42266666666666663,0.4216666666666667,5.146214928182141,1190.4
PPARA,primary,mean,s4_scaffold25,2400,5,0.6916602543188299,0.2028980024968853,0.11244708030573773,0.050441837231567255,5,0.6770973448430322,0.175,0.42266666666666663,0.4216666666666667,5.27491505688227,1220.4
PPARA,primary,mean,s4_scaffold25,3600,5,0.6916602543188299,0.2028980024968853,0.11244708030573773,0.050441837231567255,5,0.6770973448430322,0.175,0.42266666666666663,0.4216666666666667,5.27491505688227,1220.4
PPARA,primary,mean,s4_scaffold25,4800,5,0.6916602543188299,0.2028980024968853,0.11244708030573773,0.050441837231567255,5,0.6770973448430322,0.175,0.42266666666666663,0.4216666666666667,5.27491505688227,1220.4
PPARA,primary,mean,s4_scaffold50,600,5,0.718400324095368,0.20592735970910545,0.13918715008227586,0.050441837231567255,5,0.7199608682884027,0.17500000000000002,0.4526666666666667,0.475,2.384027649310391,600.0
PPARA,primary,mean,s4_scaffold50,1200,5,0.7234096581388956,0.19964059493108988,0.14419648412580346,0.050441837231567255,5,0.7255682784209213,0.18333333333333335,0.4526666666666667,0.475,4.949623217943588,1200.0
PPARA,primary,mean,s4_scaffold50,2400,5,0.6892996107056688,0.20577197567929467,0.11008643669257667,0.045233503898233884,5,0.6874794105940427,0.18333333333333335,0.4526666666666667,0.475,9.521427328984611,2283.6
PPARA,primary,mean,s4_scaffold50,3600,5,0.6866253080135538,0.20698950312372952,0.10741213400046175,0.045233503898233884,5,0.68344624934557,0.175,0.4526666666666667,0.475,9.668145475702758,2326.4
PPARA,primary,mean,s4_scaffold50,4800,5,0.6866253080135538,0.20698950312372952,0.10741213400046175,0.045233503898233884,5,0.68344624934557,0.175,0.4526666666666667,0.475,9.668145475702758,2326.4
PPARA,primary,mean,s5_score_oracle,600,5,0.5128975229623856,0.2613337242247284,-0.06631565105070661,-0.1290334374462686,1,0.5152535117950453,0.11666666666666665,1.0,1.0,1.0,600.0
PPARA,primary,mean,s5_score_oracle,1200,5,0.5307952914478046,0.26354565664717233,-0.048417882565287604,-0.11897444271772034,2,0.5336992899455287,0.12500000000000003,1.0,1.0,2.0,1200.0
PPARA,primary,mean,s5_score_oracle,2400,5,0.5609502051914128,0.2582756097558939,-0.018262968821679326,-0.09369433756088102,2,0.5747232012786418,0.14166666666666666,1.0,1.0,4.0,2400.0
PPARA,primary,mean,s5_score_oracle,3600,5,0.5785083323836967,0.2520617937139851,-0.0007048416293953918,-0.08094629863567987,3,0.5907545678059068,0.14166666666666666,1.0,1.0,6.0,3600.0
PPARA,primary,mean,s5_score_oracle,4800,5,0.5928540685468856,0.24825839618914058,0.013640894533793458,-0.0662788241349544,3,0.6055521411114929,0.15,1.0,1.0,8.0,4800.0
PPARA,primary,min,s1_width,600,5,0.5792131740130921,0.20434764160033028,0.0,0.0,0,0.567816126799409,0.13333333333333336,1.0,1.0,1.0,600.0
PPARA,primary,min,s1_width,1200,5,0.5792131740130921,0.20434764160033028,0.0,0.0,0,0.567816126799409,0.13333333333333336,1.0,1.0,1.0,600.0
PPARA,primary,min,s1_width,2400,5,0.5792131740130921,0.20434764160033028,0.0,0.0,0,0.567816126799409,0.13333333333333336,1.0,1.0,1.0,600.0
PPARA,primary,min,s1_width,3600,5,0.5792131740130921,0.20434764160033028,0.0,0.0,0,0.567816126799409,0.13333333333333336,1.0,1.0,1.0,600.0
PPARA,primary,min,s1_width,4800,5,0.5792131740130921,0.20434764160033028,0.0,0.0,0,0.567816126799409,0.13333333333333336,1.0,1.0,1.0,600.0
PPARA,primary,min,s2_uniform,600,5,0.5792131740130921,0.20434764160033028,0.0,0.0,0,0.567816126799409,0.13333333333333336,1.0,1.0,1.0,600.0
PPARA,primary,min,s2_uniform,1200,5,0.6039408296947308,0.2234840717729223,0.02472765568163878,-0.04856386548079955,3,0.5866154154226484,0.13333333333333333,1.0,1.0,2.0,1200.0
PPARA,primary,min,s2_uniform,2400,5,0.6237497486415906,0.23943144708079603,0.044536574628498485,-0.057865671530322405,3,0.6322565150855346,0.15833333333333333,1.0,1.0,4.0,2400.0
PPARA,primary,min,s2_uniform,3600,5,0.6135960321135463,0.24353480363129895,0.03438285810045418,-0.06530469648708614,3,0.6364126712918574,0.15833333333333333,1.0,1.0,6.0,3600.0
PPARA,primary,min,s2_uniform,4800,5,0.5815465315548455,0.2470292076800196,0.0023333575417533114,-0.09112838240869775,3,0.5968978412100425,0.13333333333333333,1.0,1.0,8.0,4800.0
PPARA,primary,min,s3_top10,600,5,0.5792131740130921,0.20434764160033028,0.0,0.0,0,0.567816126799409,0.13333333333333336,1.0,1.0,1.0,600.0
PPARA,primary,min,s3_top10,1200,5,0.5961283972702272,0.2080062763689542,0.016915223257135015,-0.006004585692085729,3,0.5988642757256398,0.14166666666666666,1.0,1.0,2.1,1200.0
PPARA,primary,min,s3_top10,2400,5,0.5873122365790664,0.20842535414124308,0.00809906256597429,-0.005317772505272544,2,0.5827262898960187,0.14166666666666666,1.0,1.0,2.54,1440.0
PPARA,primary,min,s3_top10,3600,5,0.5873122365790664,0.20842535414124308,0.00809906256597429,-0.005317772505272544,2,0.5827262898960187,0.14166666666666666,1.0,1.0,2.54,1440.0
PPARA,primary,min,s3_top10,4800,5,0.5873122365790664,0.20842535414124308,0.00809906256597429,-0.005317772505272544,2,0.5827262898960187,0.14166666666666666,1.0,1.0,2.54,1440.0
PPARA,primary,min,s3_top25,600,5,0.5792131740130921,0.20434764160033028,0.0,0.0,0,0.567816126799409,0.13333333333333336,1.0,1.0,1.0,600.0
PPARA,primary,min,s3_top25,1200,5,0.6295028174466213,0.2055681177365105,0.050289643433529096,-0.006166609227070408,4,0.6557639958897148,0.16666666666666669,1.0,1.0,2.12,1200.0
PPARA,primary,min,s3_top25,2400,5,0.5837904122845605,0.2345685986555751,0.004577238271468465,-0.047443924153106776,3,0.5754585302163513,0.14166666666666666,1.0,1.0,4.359999999999999,2400.0
PPARA,primary,min,s3_top25,3600,5,0.5800459732630553,0.23135586710355066,0.000832799249963223,-0.045940059183852744,2,0.5695877066760678,0.14166666666666666,1.0,1.0,4.92,2700.0
PPARA,primary,min,s3_top25,4800,5,0.5800459732630553,0.23135586710355066,0.000832799249963223,-0.045940059183852744,2,0.5695877066760678,0.14166666666666666,1.0,1.0,4.92,2700.0
PPARA,primary,min,s3_top50,600,5,0.5792131740130921,0.20434764160033028,0.0,0.0,0,0.567816126799409,0.13333333333333336,1.0,1.0,1.0,600.0
PPARA,primary,min,s3_top50,1200,5,0.6060937169942289,0.2168329786765056,0.026880542981136724,-0.06339492978890832,3,0.6050982281859019,0.13333333333333333,1.0,1.0,2.086666666666667,1200.0
PPARA,primary,min,s3_top50,2400,5,0.60857787701175,0.25100401632101793,0.029364702998657864,-0.09537007213506005,3,0.6089842558450873,0.14166666666666666,1.0,1.0,4.26,2400.0
PPARA,primary,min,s3_top50,3600,5,0.5732140285417631,0.2518857540212926,-0.005999145471329126,-0.10694025137605168,3,0.5755505747955477,0.13333333333333333,1.0,1.0,6.4333333333333345,3600.0
PPARA,primary,min,s3_top50,4800,5,0.5455205989084978,0.2522222507328633,-0.03369257510459435,-0.11510595272968455,2,0.5334223370058548,0.125,1.0,1.0,8.606666666666666,4800.0
PPARA,primary,min,s4_scaffold25,600,5,0.6792755455495165,0.2140532779649526,0.10006237153642443,0.050441837231567255,5,0.6379651438607683,0.14999999999999997,0.42266666666666663,0.4216666666666667,2.536280919887477,600.0
PPARA,primary,min,s4_scaffold25,1200,5,0.6669449379547836,0.22399770773891398,0.08773176394169148,0.030676035054536532,5,0.6112579836238771,0.15833333333333335,0.42266666666666663,0.4216666666666667,5.146214928182141,1190.4
PPARA,primary,min,s4_scaffold25,2400,5,0.6645883593482049,0.22186601508040613,0.08537518533511285,0.030676035054536532,5,0.6072464007324146,0.15833333333333335,0.42266666666666663,0.4216666666666667,5.27491505688227,1220.4
PPARA,primary,min,s4_scaffold25,3600,5,0.6645883593482049,0.22186601508040613,0.08537518533511285,0.030676035054536532,5,0.6072464007324146,0.15833333333333335,0.42266666666666663,0.4216666666666667,5.27491505688227,1220.4
PPARA,primary,min,s4_scaffold25,4800,5,0.6645883593482049,0.22186601508040613,0.08537518533511285,0.030676035054536532,5,0.6072464007324146,0.15833333333333335,0.42266666666666663,0.4216666666666667,5.27491505688227,1220.4
PPARA,primary,min,s4_scaffold50,600,5,0.6890007533170462,0.199610353568943,0.10978757930395407,0.04795386831976578,5,0.6787116284526633,0.15833333333333333,0.4526666666666667,0.475,2.384027649310391,600.0
PPARA,primary,min,s4_scaffold50,1200,5,0.6784947456248098,0.21833884468671585,0.09928157161171772,0.028963131637556705,5,0.6683219247989101,0.16666666666666669,0.4526666666666667,0.475,4.949623217943588,1200.0
PPARA,primary,min,s4_scaffold50,2400,5,0.6213987032006442,0.25610541967250383,0.04218552918755195,-0.09570288686714684,4,0.5865989833060935,0.15833333333333335,0.4526666666666667,0.475,9.521427328984611,2283.6
PPARA,primary,min,s4_scaffold50,3600,5,0.6207803123306184,0.25675514710211905,0.041567138317526245,-0.09879484121727539,4,0.5861457030515469,0.15833333333333335,0.4526666666666667,0.475,9.668145475702758,2326.4
PPARA,primary,min,s4_scaffold50,4800,5,0.6207803123306184,0.25675514710211905,0.041567138317526245,-0.09879484121727539,4,0.5861457030515469,0.15833333333333335,0.4526666666666667,0.475,9.668145475702758,2326.4
PPARA,primary,min,s5_score_oracle,600,5,0.5128975229623856,0.2613337242247284,-0.06631565105070661,-0.1290334374462686,1,0.5152535117950453,0.11666666666666665,1.0,1.0,1.0,600.0
PPARA,primary,min,s5_score_oracle,1200,5,0.5128975229623856,0.2613337242247284,-0.06631565105070661,-0.1290334374462686,1,0.5152535117950453,0.11666666666666665,1.0,1.0,2.0,1200.0
PPARA,primary,min,s5_score_oracle,2400,5,0.5128975229623856,0.2613337242247284,-0.06631565105070661,-0.1290334374462686,1,0.5152535117950453,0.11666666666666665,1.0,1.0,4.0,2400.0
PPARA,primary,min,s5_score_oracle,3600,5,0.5128975229623856,0.2613337242247284,-0.06631565105070661,-0.1290334374462686,1,0.5152535117950453,0.11666666666666665,1.0,1.0,6.0,3600.0
PPARA,primary,min,s5_score_oracle,4800,5,0.5128975229623856,0.2613337242247284,-0.06631565105070661,-0.1290334374462686,1,0.5152535117950453,0.11666666666666665,1.0,1.0,8.0,4800.0
PPARA_pool30,pool,mean,s1_width,600,5,0.7099773545569319,0.1710372156773743,0.0,0.0,0,0.7932008124297147,0.2166666666666667,1.0,1.0,1.0,600.0
PPARA_pool30,pool,mean,s1_width,1200,5,0.7099773545569319,0.1710372156773743,0.0,0.0,0,0.7932008124297147,0.2166666666666667,1.0,1.0,1.0,600.0
PPARA_pool30,pool,mean,s1_width,2400,5,0.7099773545569319,0.1710372156773743,0.0,0.0,0,0.7932008124297147,0.2166666666666667,1.0,1.0,1.0,600.0
PPARA_pool30,pool,mean,s1_width,3600,5,0.7099773545569319,0.1710372156773743,0.0,0.0,0,0.7932008124297147,0.2166666666666667,1.0,1.0,1.0,600.0
PPARA_pool30,pool,mean,s1_width,4800,5,0.7099773545569319,0.1710372156773743,0.0,0.0,0,0.7932008124297147,0.2166666666666667,1.0,1.0,1.0,600.0
PPARA_pool30,pool,mean,s2_uniform,600,5,0.7099773545569319,0.1710372156773743,0.0,0.0,0,0.7932008124297147,0.2166666666666667,1.0,1.0,1.0,600.0
PPARA_pool30,pool,mean,s2_uniform,1200,5,0.74275149691349,0.22580670813630832,0.03277414235655818,-0.15302300923732037,4,0.7800691501092525,0.19166666666666668,1.0,1.0,2.0,1200.0
PPARA_pool30,pool,mean,s2_uniform,2400,5,0.7488199858632683,0.21322694278774534,0.03884263130633644,-0.13373213619527152,4,0.8019778850404021,0.20833333333333331,1.0,1.0,4.0,2400.0
PPARA_pool30,pool,mean,s2_uniform,3600,5,0.7473612769157902,0.1918109669798295,0.03738392235885838,-0.0793611555287374,4,0.7893190301568934,0.2,1.0,1.0,6.0,3600.0
PPARA_pool30,pool,mean,s2_uniform,4800,5,0.7387421527281672,0.19857168764214594,0.028764798171235395,-0.10639160810194864,3,0.7727190038490191,0.2,1.0,1.0,8.0,4800.0
PPARA_pool30,pool,mean,s3_top10,600,5,0.7099773545569319,0.1710372156773743,0.0,0.0,0,0.7932008124297147,0.2166666666666667,1.0,1.0,1.0,600.0
PPARA_pool30,pool,mean,s3_top10,1200,5,0.6759870715372365,0.19445131913916747,-0.03399028301969541,-0.10940710762692185,1,0.723180832438701,0.18333333333333335,1.0,1.0,2.083333333333333,1200.0
PPARA_pool30,pool,mean,s3_top10,2400,5,0.6717326124464503,0.19445249757603336,-0.038244742110481456,-0.11729158086065983,0,0.7188035631049177,0.17500000000000002,1.0,1.0,4.141666666666667,2340.0
PPARA_pool30,pool,mean,s3_top10,3600,5,0.6717326124464503,0.19445249757603336,-0.038244742110481456,-0.11729158086065983,0,0.7188035631049177,0.17500000000000002,1.0,1.0,4.141666666666667,2340.0
PPARA_pool30,pool,mean,s3_top10,4800,5,0.6717326124464503,0.19445249757603336,-0.038244742110481456,-0.11729158086065983,0,0.7188035631049177,0.17500000000000002,1.0,1.0,4.141666666666667,2340.0
PPARA_pool30,pool,mean,s3_top25,600,5,0.7099773545569319,0.1710372156773743,0.0,0.0,0,0.7932008124297147,0.2166666666666667,1.0,1.0,1.0,600.0
PPARA_pool30,pool,mean,s3_top25,1200,5,0.7125864856160289,0.174696009608922,0.002609131059097125,-0.09414942167457441,3,0.7848208180111922,0.2,1.0,1.0,1.9733333333333332,1200.0
PPARA_pool30,pool,mean,s3_top25,2400,5,0.7007529062377763,0.1918183078874548,-0.009224448319155453,-0.14010675327812683,3,0.7690424097428784,0.2,1.0,1.0,3.9199999999999995,2400.0
PPARA_pool30,pool,mean,s3_top25,3600,5,0.6813459992870154,0.19503148877394588,-0.02863135526991629,-0.15919497688090356,2,0.7442087445227012,0.19166666666666668,1.0,1.0,5.866666666666666,3600.0
PPARA_pool30,pool,mean,s3_top25,4800,5,0.6607528638061282,0.2000328255978291,-0.04922449075080365,-0.18261629759230974,1,0.7136355286794046,0.18333333333333335,1.0,1.0,7.813333333333333,4800.0
PPARA_pool30,pool,mean,s3_top50,600,5,0.7099773545569319,0.1710372156773743,0.0,0.0,0,0.7932008124297147,0.2166666666666667,1.0,1.0,1.0,600.0
PPARA_pool30,pool,mean,s3_top50,1200,5,0.73880909432756,0.19660699722639968,0.02883173977062824,-0.10145566138572476,3,0.801868247237573,0.2,1.0,1.0,1.97,1200.0
PPARA_pool30,pool,mean,s3_top50,2400,5,0.7276750935381058,0.19521412454421988,0.017697738981173917,-0.10257469235266009,3,0.77988368038498,0.2,1.0,1.0,3.91,2400.0
PPARA_pool30,pool,mean,s3_top50,3600,5,0.7292687846489903,0.20332219047523895,0.01929143009205846,-0.13769943215141495,4,0.7784043878113012,0.2,1.0,1.0,5.85,3600.0
PPARA_pool30,pool,mean,s3_top50,4800,5,0.7187851346426751,0.20315736788250216,0.008807780085743299,-0.14802216737045493,3,0.7654976003757965,0.2,1.0,1.0,7.790000000000001,4800.0
PPARA_pool30,pool,mean,s4_scaffold25,600,5,0.7533305330304316,0.18533679323422986,0.04335317847349973,-0.04809115358238636,4,0.7756021019268599,0.19166666666666668,0.41666666666666663,0.41833333333333333,2.596786682952733,600.0
PPARA_pool30,pool,mean,s4_scaffold25,1200,5,0.7465158658348041,0.18367273732971418,0.03653851127787231,-0.04904271184993003,3,0.7670172614973455,0.19166666666666668,0.41666666666666663,0.41833333333333333,5.315564568351453,1200.0
PPARA_pool30,pool,mean,s4_scaffold25,2400,5,0.7313042285267018,0.1866452305030915,0.021326873969769976,-0.06376884712991815,3,0.7440600046603484,0.17500000000000002,0.41666666666666663,0.41833333333333333,9.627291063589317,2160.0
PPARA_pool30,pool,mean,s4_scaffold25,3600,5,0.7313042285267018,0.1866452305030915,0.021326873969769976,-0.06376884712991815,3,0.7440600046603484,0.17500000000000002,0.41666666666666663,0.41833333333333333,9.627291063589317,2160.0
PPARA_pool30,pool,mean,s4_scaffold25,4800,5,0.7313042285267018,0.1866452305030915,0.021326873969769976,-0.06376884712991815,3,0.7440600046603484,0.17500000000000002,0.41666666666666663,0.41833333333333333,9.627291063589317,2160.0
PPARA_pool30,pool,mean,s4_scaffold50,600,5,0.7421672783633279,0.2231353270892615,0.032189923806395924,-0.1539580023432336,4,0.7944084903206751,0.20833333333333331,0.4493333333333333,0.45500000000000007,2.3466343829848886,600.0
PPARA_pool30,pool,mean,s4_scaffold50,1200,5,0.734817626182728,0.2138677523495309,0.024840271625796086,-0.13679388735243297,4,0.7778139845372758,0.2,0.4493333333333333,0.45500000000000007,4.700553025155818,1200.0
PPARA_pool30,pool,mean,s4_scaffold50,2400,5,0.721265380095544,0.21415770165615225,0.011288025538612056,-0.15012491662068594,4,0.7676443068430551,0.2,0.4493333333333333,0.45500000000000007,9.397174766954898,2400.0
PPARA_pool30,pool,mean,s4_scaffold50,3600,5,0.7021374004308603,0.2303745123512978,-0.007839954126071625,-0.1923727112108306,3,0.7405054054175558,0.18333333333333335,0.4493333333333333,0.45500000000000007,14.105315185190005,3600.0
PPARA_pool30,pool,mean,s4_scaffold50,4800,5,0.6844915786517084,0.23356691260985452,-0.025485775905223475,-0.2124803497799692,2,0.7127018428008194,0.18333333333333335,0.4493333333333333,0.45500000000000007,17.584753462028377,4497.4
PPARA_pool30,pool,mean,s5_score_oracle,600,5,0.532175497101671,0.2557711191699705,-0.1778018574552609,-0.30852413466401557,1,0.531826238693905,0.125,1.0,1.0,1.0,600.0
PPARA_pool30,pool,mean,s5_score_oracle,1200,5,0.5222608815972011,0.26507261151646627,-0.18771647295973062,-0.3447752793399002,1,0.5181753552139923,0.125,1.0,1.0,2.0,1200.0
PPARA_pool30,pool,mean,s5_score_oracle,2400,5,0.5306952211848506,0.26388066751972805,-0.17928213337208126,-0.3191611645485724,1,0.5406893799380418,0.14166666666666666,1.0,1.0,4.0,2400.0
PPARA_pool30,pool,mean,s5_score_oracle,3600,5,0.5435128182396465,0.25928718400581613,-0.16646453631728528,-0.3100089450997272,1,0.5542356945343163,0.15,1.0,1.0,6.0,3600.0
PPARA_pool30,pool,mean,s5_score_oracle,4800,5,0.557890382583574,0.2568360370411636,-0.15208697197335783,-0.2972045716863401,1,0.5740799528225827,0.14166666666666666,1.0,1.0,8.0,4800.0
PPARA_pool30,pool,min,s1_width,600,5,0.7099773545569319,0.1710372156773743,0.0,0.0,0,0.7932008124297147,0.2166666666666667,1.0,1.0,1.0,600.0
PPARA_pool30,pool,min,s1_width,1200,5,0.7099773545569319,0.1710372156773743,0.0,0.0,0,0.7932008124297147,0.2166666666666667,1.0,1.0,1.0,600.0
PPARA_pool30,pool,min,s1_width,2400,5,0.7099773545569319,0.1710372156773743,0.0,0.0,0,0.7932008124297147,0.2166666666666667,1.0,1.0,1.0,600.0
PPARA_pool30,pool,min,s1_width,3600,5,0.7099773545569319,0.1710372156773743,0.0,0.0,0,0.7932008124297147,0.2166666666666667,1.0,1.0,1.0,600.0
PPARA_pool30,pool,min,s1_width,4800,5,0.7099773545569319,0.1710372156773743,0.0,0.0,0,0.7932008124297147,0.2166666666666667,1.0,1.0,1.0,600.0
PPARA_pool30,pool,min,s2_uniform,600,5,0.7099773545569319,0.1710372156773743,0.0,0.0,0,0.7932008124297147,0.2166666666666667,1.0,1.0,1.0,600.0
PPARA_pool30,pool,min,s2_uniform,1200,5,0.6964494407249759,0.24512200974771398,-0.013527913831955918,-0.20446788195371263,3,0.6892121043975026,0.175,1.0,1.0,2.0,1200.0
PPARA_pool30,pool,min,s2_uniform,2400,5,0.6735316606000206,0.2526027121563761,-0.036445693956911364,-0.25278170304737885,3,0.6785794361024792,0.175,1.0,1.0,4.0,2400.0
PPARA_pool30,pool,min,s2_uniform,3600,5,0.6661242745387626,0.22382633474924585,-0.04385308001816927,-0.1810259203860185,2,0.6821499854527501,0.175,1.0,1.0,6.0,3600.0
PPARA_pool30,pool,min,s2_uniform,4800,5,0.6617132326404227,0.23109380873439594,-0.04826412191650905,-0.20181732740858777,2,0.6768014961953955,0.16666666666666666,1.0,1.0,8.0,4800.0
PPARA_pool30,pool,min,s3_top10,600,5,0.7099773545569319,0.1710372156773743,0.0,0.0,0,0.7932008124297147,0.2166666666666667,1.0,1.0,1.0,600.0
PPARA_pool30,pool,min,s3_top10,1200,5,0.6663427505701607,0.19875134360793564,-0.04363460398677114,-0.12744454619454615,0,0.7052406855172734,0.18333333333333332,1.0,1.0,2.083333333333333,1200.0
PPARA_pool30,pool,min,s3_top10,2400,5,0.646363354965765,0.1949815089519922,-0.06361399959116673,-0.13403795278795272,0,0.6692089619695099,0.16666666666666669,1.0,1.0,4.141666666666667,2340.0
PPARA_pool30,pool,min,s3_top10,3600,5,0.646363354965765,0.1949815089519922,-0.06361399959116673,-0.13403795278795272,0,0.6692089619695099,0.16666666666666669,1.0,1.0,4.141666666666667,2340.0
PPARA_pool30,pool,min,s3_top10,4800,5,0.646363354965765,0.1949815089519922,-0.06361399959116673,-0.13403795278795272,0,0.6692089619695099,0.16666666666666669,1.0,1.0,4.141666666666667,2340.0
PPARA_pool30,pool,min,s3_top25,600,5,0.7099773545569319,0.1710372156773743,0.0,0.0,0,0.7932008124297147,0.2166666666666667,1.0,1.0,1.0,600.0
PPARA_pool30,pool,min,s3_top25,1200,5,0.646998187448764,0.20349898532379415,-0.06297916710816781,-0.19751087283111973,1,0.6729841776183284,0.175,1.0,1.0,1.9733333333333332,1200.0
PPARA_pool30,pool,min,s3_top25,2400,5,0.6371960318584443,0.2147625829854844,-0.07278132269848754,-0.21633858479512563,0,0.6542333478145913,0.175,1.0,1.0,3.9199999999999995,2400.0
PPARA_pool30,pool,min,s3_top25,3600,5,0.5985765570979303,0.21890828974109905,-0.11140079745900149,-0.24577554571922483,0,0.5767471339690233,0.14166666666666666,1.0,1.0,5.866666666666666,3600.0
PPARA_pool30,pool,min,s3_top25,4800,5,0.5818019084994607,0.21713869776283273,-0.1281754460574712,-0.25121739894874584,0,0.5465847834110662,0.11666666666666665,1.0,1.0,7.813333333333333,4800.0
PPARA_pool30,pool,min,s3_top50,600,5,0.7099773545569319,0.1710372156773743,0.0,0.0,0,0.7932008124297147,0.2166666666666667,1.0,1.0,1.0,600.0
PPARA_pool30,pool,min,s3_top50,1200,5,0.6805629004470035,0.24160662926111806,-0.02941445410992829,-0.22037553480513772,3,0.6836544551151986,0.175,1.0,1.0,1.97,1200.0
PPARA_pool30,pool,min,s3_top50,2400,5,0.6614514641123483,0.21910298177404505,-0.04852589044458348,-0.1881644162066401,1,0.6749664078887645,0.175,1.0,1.0,3.91,2400.0
PPARA_pool30,pool,min,s3_top50,3600,5,0.6634686726938465,0.23185907753005386,-0.04650868186308539,-0.2139401748068861,1,0.6788323460673096,0.18333333333333335,1.0,1.0,5.85,3600.0
PPARA_pool30,pool,min,s3_top50,4800,5,0.6476923248276407,0.23219667889082943,-0.062285029729291085,-0.22562012500128487,1,0.6512847826966925,0.16666666666666669,1.0,1.0,7.790000000000001,4800.0
PPARA_pool30,pool,min,s4_scaffold25,600,5,0.7142435657681796,0.20115019471138237,0.0042662112112477725,-0.07081773263810864,3,0.7080970679727964,0.175,0.41666666666666663,0.41833333333333333,2.596786682952733,600.0
PPARA_pool30,pool,min,s4_scaffold25,1200,5,0.7130331723564247,0.2045433647003403,0.0030558177994928328,-0.08200599858318208,3,0.706609587426244,0.175,0.41666666666666663,0.41833333333333333,5.315564568351453,1200.0
PPARA_pool30,pool,min,s4_scaffold25,2400,5,0.6862961709319233,0.20247070892189958,-0.023681183625008605,-0.09016190517658867,2,0.6553599496360756,0.15,0.41666666666666663,0.41833333333333333,9.627291063589317,2160.0
PPARA_pool30,pool,min,s4_scaffold25,3600,5,0.6862961709319233,0.20247070892189958,-0.023681183625008605,-0.09016190517658867,2,0.6553599496360756,0.15,0.41666666666666663,0.41833333333333333,9.627291063589317,2160.0
PPARA_pool30,pool,min,s4_scaffold25,4800,5,0.6862961709319233,0.20247070892189958,-0.023681183625008605,-0.09016190517658867,2,0.6553599496360756,0.15,0.41666666666666663,0.41833333333333333,9.627291063589317,2160.0
PPARA_pool30,pool,min,s4_scaffold50,600,5,0.6875633891728248,0.24686592161278473,-0.02241396538410696,-0.23325261169181855,3,0.6809324116220694,0.175,0.4493333333333333,0.45500000000000007,2.3466343829848886,600.0
PPARA_pool30,pool,min,s4_scaffold50,1200,5,0.6722997542281379,0.2447797681464279,-0.03767760032879386,-0.2290795728200159,3,0.6638650981820577,0.175,0.4493333333333333,0.45500000000000007,4.700553025155818,1200.0
PPARA_pool30,pool,min,s4_scaffold50,2400,5,0.6572743051487974,0.2467248145954996,-0.052703049408134396,-0.2494979306039704,2,0.6401849051149521,0.16666666666666669,0.4493333333333333,0.45500000000000007,9.397174766954898,2400.0
PPARA_pool30,pool,min,s4_scaffold50,3600,5,0.6305460914917702,0.2591874590723055,-0.07943126306516164,-0.2859465969805181,1,0.5782800156992357,0.13333333333333333,0.4493333333333333,0.45500000000000007,14.105315185190005,3600.0
PPARA_pool30,pool,min,s4_scaffold50,4800,5,0.6149102803284499,0.253313960915748,-0.09506707422848197,-0.2898834842093126,1,0.5488338279227838,0.11666666666666665,0.4493333333333333,0.45500000000000007,17.584753462028377,4497.4
PPARA_pool30,pool,min,s5_score_oracle,600,5,0.532175497101671,0.2557711191699705,-0.1778018574552609,-0.30852413466401557,1,0.531826238693905,0.125,1.0,1.0,1.0,600.0
PPARA_pool30,pool,min,s5_score_oracle,1200,5,0.532175497101671,0.2557711191699705,-0.1778018574552609,-0.30852413466401557,1,0.531826238693905,0.125,1.0,1.0,2.0,1200.0
PPARA_pool30,pool,min,s5_score_oracle,2400,5,0.532175497101671,0.2557711191699705,-0.1778018574552609,-0.30852413466401557,1,0.531826238693905,0.125,1.0,1.0,4.0,2400.0
PPARA_pool30,pool,min,s5_score_oracle,3600,5,0.532175497101671,0.2557711191699705,-0.1778018574552609,-0.30852413466401557,1,0.531826238693905,0.125,1.0,1.0,6.0,3600.0
PPARA_pool30,pool,min,s5_score_oracle,4800,5,0.532175497101671,0.2557711191699705,-0.1778018574552609,-0.30852413466401557,1,0.531826238693905,0.125,1.0,1.0,8.0,4800.0
PPARG,primary,mean,s1_width,600,5,0.447356524936926,0.09340830942584559,0.0,0.0,0,0.5071783034447211,0.14166666666666666,1.0,1.0,1.0,600.0
PPARG,primary,mean,s1_width,1200,5,0.447356524936926,0.09340830942584559,0.0,0.0,0,0.5071783034447211,0.14166666666666666,1.0,1.0,1.0,600.0
PPARG,primary,mean,s1_width,2400,5,0.447356524936926,0.09340830942584559,0.0,0.0,0,0.5071783034447211,0.14166666666666666,1.0,1.0,1.0,600.0
PPARG,primary,mean,s1_width,3600,5,0.447356524936926,0.09340830942584559,0.0,0.0,0,0.5071783034447211,0.14166666666666666,1.0,1.0,1.0,600.0
PPARG,primary,mean,s1_width,4800,5,0.447356524936926,0.09340830942584559,0.0,0.0,0,0.5071783034447211,0.14166666666666666,1.0,1.0,1.0,600.0
PPARG,primary,mean,s2_uniform,600,5,0.447356524936926,0.09340830942584559,0.0,0.0,0,0.5071783034447211,0.14166666666666666,1.0,1.0,1.0,600.0
PPARG,primary,mean,s2_uniform,1200,5,0.49125596335168054,0.06874934617637361,0.04389943841475449,-0.0009183070256922887,4,0.5490464959124497,0.13333333333333333,1.0,1.0,2.0,1200.0
PPARG,primary,mean,s2_uniform,2400,5,0.5154490222376991,0.06978049327594274,0.06809249730077306,0.001660585797852776,5,0.5839211665698396,0.14166666666666666,1.0,1.0,4.0,2400.0
PPARG,primary,mean,s2_uniform,3600,5,0.530436343199023,0.07079910748746317,0.08307981826209698,0.03653701070527504,5,0.6054449110070049,0.15,1.0,1.0,6.0,3600.0
PPARG,primary,mean,s2_uniform,4800,5,0.5079223395275871,0.05678494299242307,0.06056581459066117,0.010683896089130007,5,0.5777451381389683,0.14999999999999997,1.0,1.0,8.0,4800.0
PPARG,primary,mean,s3_top10,600,5,0.447356524936926,0.09340830942584559,0.0,0.0,0,0.5071783034447211,0.14166666666666666,1.0,1.0,1.0,600.0
PPARG,primary,mean,s3_top10,1200,5,0.4625416036108015,0.11477711673678542,0.015185078673875496,-0.021803281276711883,3,0.5462324770376854,0.13333333333333333,1.0,1.0,2.05,1200.0
PPARG,primary,mean,s3_top10,2400,5,0.4510420038273609,0.0996996179690211,0.00368547889043489,-0.01864345262192979,2,0.524799042738621,0.13333333333333333,1.0,1.0,2.575,1500.0
PPARG,primary,mean,s3_top10,3600,5,0.4510420038273609,0.0996996179690211,0.00368547889043489,-0.01864345262192979,2,0.524799042738621,0.13333333333333333,1.0,1.0,2.575,1500.0
PPARG,primary,mean,s3_top10,4800,5,0.4510420038273609,0.0996996179690211,0.00368547889043489,-0.01864345262192979,2,0.524799042738621,0.13333333333333333,1.0,1.0,2.575,1500.0
PPARG,primary,mean,s3_top25,600,5,0.447356524936926,0.09340830942584559,0.0,0.0,0,0.5071783034447211,0.14166666666666666,1.0,1.0,1.0,600.0
PPARG,primary,mean,s3_top25,1200,5,0.5100321799436112,0.09118565686457922,0.0626756550066852,0.027219461553406543,5,0.6119906842478551,0.14166666666666666,1.0,1.0,2.013333333333333,1200.0
PPARG,primary,mean,s3_top25,2400,5,0.46622060243459157,0.06967976457678625,0.01886407749766552,-0.042805389278737116,4,0.5492439889593133,0.14999999999999997,1.0,1.0,4.040000000000001,2400.0
PPARG,primary,mean,s3_top25,3600,5,0.44523831357631793,0.06501064252488582,-0.002118211360608058,-0.0651512717551962,3,0.5221358818453536,0.15833333333333333,1.0,1.0,4.8,2850.0
PPARG,primary,mean,s3_top25,4800,5,0.44523831357631793,0.06501064252488582,-0.002118211360608058,-0.0651512717551962,3,0.5221358818453536,0.15833333333333333,1.0,1.0,4.8,2850.0
PPARG,primary,mean,s3_top50,600,5,0.447356524936926,0.09340830942584559,0.0,0.0,0,0.5071783034447211,0.14166666666666666,1.0,1.0,1.0,600.0
PPARG,primary,mean,s3_top50,1200,5,0.5009396388975209,0.06591821754467585,0.05358311396059492,0.0036199303324008225,5,0.5832154401529582,0.13333333333333333,1.0,1.0,2.0700000000000003,1200.0
PPARG,primary,mean,s3_top50,2400,5,0.49713028260272224,0.0769661339911078,0.04977375766579619,0.01439802387467709,5,0.5898582923900041,0.15833333333333333,1.0,1.0,4.209999999999999,2400.0
PPARG,primary,mean,s3_top50,3600,5,0.4634653337771509,0.06129189609046529,0.01610880884022491,-0.028507174959333414,4,0.5354635454524828,0.15833333333333333,1.0,1.0,6.35,3600.0
PPARG,primary,mean,s3_top50,4800,5,0.44745564223828127,0.05539177954017476,9.91173013553448e-05,-0.05697034708597015,2,0.5173326709921028,0.15,1.0,1.0,8.49,4800.0
PPARG,primary,mean,s4_scaffold25,600,5,0.5956993091869812,0.09574726271775735,0.14834278425005526,0.09064414182659469,5,0.6256822639185151,0.15,0.589,0.5833333333333333,1.6903480548217389,600.0
PPARG,primary,mean,s4_scaffold25,1200,5,0.5648789302789576,0.09086072751999566,0.11752240534203166,0.06196758916059947,5,0.5868562305270582,0.15,0.589,0.5833333333333333,3.2999548420601053,1200.0
PPARG,primary,mean,s4_scaffold25,2400,5,0.5509058279283566,0.09173428467407012,0.10354930299143064,0.05155614205507347,5,0.5698376151065303,0.15833333333333333,0.589,0.5833333333333333,5.0250987829935205,1844.0
PPARG,primary,mean,s4_scaffold25,3600,5,0.5509058279283566,0.09173428467407012,0.10354930299143064,0.05155614205507347,5,0.5698376151065303,0.15833333333333333,0.589,0.5833333333333333,5.0250987829935205,1844.0
PPARG,primary,mean,s4_scaffold25,4800,5,0.5509058279283566,0.09173428467407012,0.10354930299143064,0.05155614205507347,5,0.5698376151065303,0.15833333333333333,0.589,0.5833333333333333,5.0250987829935205,1844.0
PPARG,primary,mean,s4_scaffold50,600,5,0.5649759926534845,0.09372070096650384,0.11761946771655847,0.04753118488965552,5,0.5941301739160824,0.125,0.657,0.6483333333333333,1.5301193180940018,600.0
PPARG,primary,mean,s4_scaffold50,1200,5,0.5720231871149013,0.08577926886159767,0.12466666217797537,0.06389960428899844,5,0.6347536066330112,0.15,0.657,0.6483333333333333,2.9731526560640487,1200.0
PPARG,primary,mean,s4_scaffold50,2400,5,0.5208887398377898,0.07001267098309068,0.07353221490086381,0.020734221730437485,5,0.5558490779167277,0.15833333333333333,0.657,0.6483333333333333,5.9066436376562965,2400.0
PPARG,primary,mean,s4_scaffold50,3600,5,0.4932275942520404,0.06954008799671653,0.04587106931511438,-0.02350001403727353,4,0.5191674648651332,0.14166666666666666,0.657,0.6483333333333333,8.772947867884577,3571.6
PPARG,primary,mean,s4_scaffold50,4800,5,0.4898077609783429,0.07347054042837219,0.04245123604141687,-0.02455164848151259,3,0.5143428746149468,0.14166666666666666,0.657,0.6483333333333333,9.119437489374198,3716.0
PPARG,primary,mean,s5_score_oracle,600,5,0.3549405736365831,0.06979654053240503,-0.09241595130034289,-0.14396637974765958,1,0.3803806747257304,0.09166666666666667,1.0,1.0,1.0,600.0
PPARG,primary,mean,s5_score_oracle,1200,5,0.37201280570064393,0.07101254067037178,-0.07534371923628207,-0.12715074304256152,1,0.4026462872989237,0.09166666666666667,1.0,1.0,2.0,1200.0
PPARG,primary,mean,s5_score_oracle,2400,5,0.3888612811463967,0.06145606571782708,-0.05849524379052932,-0.13120380055325387,1,0.4259524525907533,0.10833333333333332,1.0,1.0,4.0,2400.0
PPARG,primary,mean,s5_score_oracle,3600,5,0.3999370144225357,0.05778302447721973,-0.04741951051439025,-0.131764773697451,1,0.44062542393882065,0.11666666666666665,1.0,1.0,6.0,3600.0
PPARG,primary,mean,s5_score_oracle,4800,5,0.4085366032408976,0.05541951992631932,-0.03881992169602846,-0.12674574748169043,1,0.4543327104216293,0.11666666666666665,1.0,1.0,8.0,4800.0
PPARG,primary,min,s1_width,600,5,0.447356524936926,0.09340830942584559,0.0,0.0,0,0.5071783034447211,0.14166666666666666,1.0,1.0,1.0,600.0
PPARG,primary,min,s1_width,1200,5,0.447356524936926,0.09340830942584559,0.0,0.0,0,0.5071783034447211,0.14166666666666666,1.0,1.0,1.0,600.0
PPARG,primary,min,s1_width,2400,5,0.447356524936926,0.09340830942584559,0.0,0.0,0,0.5071783034447211,0.14166666666666666,1.0,1.0,1.0,600.0
PPARG,primary,min,s1_width,3600,5,0.447356524936926,0.09340830942584559,0.0,0.0,0,0.5071783034447211,0.14166666666666666,1.0,1.0,1.0,600.0
PPARG,primary,min,s1_width,4800,5,0.447356524936926,0.09340830942584559,0.0,0.0,0,0.5071783034447211,0.14166666666666666,1.0,1.0,1.0,600.0
PPARG,primary,min,s2_uniform,600,5,0.447356524936926,0.09340830942584559,0.0,0.0,0,0.5071783034447211,0.14166666666666666,1.0,1.0,1.0,600.0
PPARG,primary,min,s2_uniform,1200,5,0.4385430863623781,0.09139882781511328,-0.008813438574547961,-0.023275817190819503,2,0.49392223064674495,0.14166666666666666,1.0,1.0,2.0,1200.0
PPARG,primary,min,s2_uniform,2400,5,0.4145524669941518,0.07050840347734325,-0.032804057942774155,-0.07200647764054735,1,0.4692211203477516,0.125,1.0,1.0,4.0,2400.0
PPARG,primary,min,s2_uniform,3600,5,0.40008102802415085,0.06441518080625112,-0.047275496912775127,-0.09344612702448968,0,0.4439465229618508,0.125,1.0,1.0,6.0,3600.0
PPARG,primary,min,s2_uniform,4800,5,0.3944843968682174,0.07162706339207872,-0.05287212806870857,-0.09089585550581125,1,0.4381920052516679,0.11666666666666665,1.0,1.0,8.0,4800.0
PPARG,primary,min,s3_top10,600,5,0.447356524936926,0.09340830942584559,0.0,0.0,0,0.5071783034447211,0.14166666666666666,1.0,1.0,1.0,600.0
PPARG,primary,min,s3_top10,1200,5,0.43008193201895073,0.10975902781463467,-0.01727459291797524,-0.058680555555555514,2,0.4678746165135383,0.125,1.0,1.0,2.05,1200.0
PPARG,primary,min,s3_top10,2400,5,0.43156010662212535,0.1088139175349888,-0.015796418314800643,-0.058680555555555514,2,0.4730848991753252,0.125,1.0,1.0,2.575,1500.0
PPARG,primary,min,s3_top10,3600,5,0.43156010662212535,0.1088139175349888,-0.015796418314800643,-0.058680555555555514,2,0.4730848991753252,0.125,1.0,1.0,2.575,1500.0
PPARG,primary,min,s3_top10,4800,5,0.43156010662212535,0.1088139175349888,-0.015796418314800643,-0.058680555555555514,2,0.4730848991753252,0.125,1.0,1.0,2.575,1500.0
PPARG,primary,min,s3_top25,600,5,0.447356524936926,0.09340830942584559,0.0,0.0,0,0.5071783034447211,0.14166666666666666,1.0,1.0,1.0,600.0
PPARG,primary,min,s3_top25,1200,5,0.44386365554700963,0.10510280074682282,-0.003492869389916331,-0.0304941042073395,2,0.5016319308819158,0.13333333333333333,1.0,1.0,2.013333333333333,1200.0
PPARG,primary,min,s3_top25,2400,5,0.41308588628990756,0.09279370078964726,-0.034270638647018445,-0.07770487629749756,1,0.43905384153232385,0.1,1.0,1.0,4.040000000000001,2400.0
PPARG,primary,min,s3_top25,3600,5,0.40902359867498833,0.09453993629438356,-0.03833292626193764,-0.08229083614661531,1,0.43298256513695155,0.10833333333333332,1.0,1.0,4.8,2850.0
PPARG,primary,min,s3_top25,4800,5,0.40902359867498833,0.09453993629438356,-0.03833292626193764,-0.08229083614661531,1,0.43298256513695155,0.10833333333333332,1.0,1.0,4.8,2850.0
PPARG,primary,min,s3_top50,600,5,0.447356524936926,0.09340830942584559,0.0,0.0,0,0.5071783034447211,0.14166666666666666,1.0,1.0,1.0,600.0
PPARG,primary,min,s3_top50,1200,5,0.4375061918866606,0.08632725378630031,-0.009850333050265326,-0.03202061521675259,1,0.49323673508421073,0.13333333333333333,1.0,1.0,2.0700000000000003,1200.0
PPARG,primary,min,s3_top50,2400,5,0.4171816097579148,0.07735861193466734,-0.030174915179011184,-0.05575968239433282,0,0.4571123399944348,0.125,1.0,1.0,4.209999999999999,2400.0
PPARG,primary,min,s3_top50,3600,5,0.38811376088084737,0.08238720090312004,-0.05924276405607863,-0.09181595145946453,1,0.3983346870307828,0.09166666666666667,1.0,1.0,6.35,3600.0
PPARG,primary,min,s3_top50,4800,5,0.386561165222319,0.08389653366843591,-0.06079535971460696,-0.10406240501550068,1,0.3967904067136709,0.09166666666666667,1.0,1.0,8.49,4800.0
PPARG,primary,min,s4_scaffold25,600,5,0.5516302385422212,0.11557000253418934,0.10427371360529518,0.059315558897815535,5,0.5530074950554884,0.13333333333333333,0.589,0.5833333333333333,1.6903480548217389,600.0
PPARG,primary,min,s4_scaffold25,1200,5,0.5281313877165694,0.1344913574605115,0.08077486277964346,0.002126576691676596,5,0.5063976587108782,0.125,0.589,0.5833333333333333,3.2999548420601053,1200.0
PPARG,primary,min,s4_scaffold25,2400,5,0.5257252984354801,0.12983118683281722,0.07836877349855417,-0.0035812571411572014,4,0.5026301298447506,0.11666666666666665,0.589,0.5833333333333333,5.0250987829935205,1844.0
PPARG,primary,min,s4_scaffold25,3600,5,0.5257252984354801,0.12983118683281722,0.07836877349855417,-0.0035812571411572014,4,0.5026301298447506,0.11666666666666665,0.589,0.5833333333333333,5.0250987829935205,1844.0
PPARG,primary,min,s4_scaffold25,4800,5,0.5257252984354801,0.12983118683281722,0.07836877349855417,-0.0035812571411572014,4,0.5026301298447506,0.11666666666666665,0.589,0.5833333333333333,5.0250987829935205,1844.0
PPARG,primary,min,s4_scaffold50,600,5,0.5300781729903756,0.10298607419843814,0.08272164805344956,0.0306058369583877,5,0.5387442679220397,0.14166666666666666,0.657,0.6483333333333333,1.5301193180940018,600.0
PPARG,primary,min,s4_scaffold50,1200,5,0.5035350352826676,0.08310601238863569,0.05617851034574166,-0.00657576094307083,3,0.5175420184420341,0.13333333333333333,0.657,0.6483333333333333,2.9731526560640487,1200.0
PPARG,primary,min,s4_scaffold50,2400,5,0.4539812426692401,0.09811990473926434,0.006624717732314078,-0.0776839574428771,2,0.42157442982274357,0.09166666666666667,0.657,0.6483333333333333,5.9066436376562965,2400.0
PPARG,primary,min,s4_scaffold50,3600,5,0.4477745409471144,0.09999123545915463,0.0004180160101883601,-0.08455897507220628,2,0.41553447488348727,0.09166666666666667,0.657,0.6483333333333333,8.772947867884577,3571.6
PPARG,primary,min,s4_scaffold50,4800,5,0.44470008251720816,0.09980310222397133,-0.0026564424197177638,-0.0887802029855011,2,0.41060171485290387,0.09166666666666667,0.657,0.6483333333333333,9.119437489374198,3716.0
PPARG,primary,min,s5_score_oracle,600,5,0.3549405736365831,0.06979654053240503,-0.09241595130034289,-0.14396637974765958,1,0.3803806747257304,0.09166666666666667,1.0,1.0,1.0,600.0
PPARG,primary,min,s5_score_oracle,1200,5,0.3549405736365831,0.06979654053240503,-0.09241595130034289,-0.14396637974765958,1,0.3803806747257304,0.09166666666666667,1.0,1.0,2.0,1200.0
PPARG,primary,min,s5_score_oracle,2400,5,0.3549405736365831,0.06979654053240503,-0.09241595130034289,-0.14396637974765958,1,0.3803806747257304,0.09166666666666667,1.0,1.0,4.0,2400.0
PPARG,primary,min,s5_score_oracle,3600,5,0.3549405736365831,0.06979654053240503,-0.09241595130034289,-0.14396637974765958,1,0.3803806747257304,0.09166666666666667,1.0,1.0,6.0,3600.0
PPARG,primary,min,s5_score_oracle,4800,5,0.3549405736365831,0.06979654053240503,-0.09241595130034289,-0.14396637974765958,1,0.3803806747257304,0.09166666666666667,1.0,1.0,8.0,4800.0
