bedroc20,budget,coverage,ef1,ef10,ef5,eval_coverage,eval_mean_depth,eval_n,fold,jobs_used,max_depth,mean_depth,n_docked,phi,policy,pr_auc,recall1,recall10,recall5,receptor_usage,ref_pr_auc,role,stages,target_id
0.4066113010382992,600,1.0,2.5,1.6666666666666665,1.6666666666666665,1.0,1.0,120,1,600,1,1.0,600,mean,s1_width,0.3777867443659651,0.041666666666666664,0.16666666666666666,0.08333333333333333,1,0.3777867443659651,primary,width,MK14
0.4066113010382992,1200,1.0,2.5,1.6666666666666665,1.6666666666666665,1.0,1.0,120,1,600,1,1.0,600,mean,s1_width,0.3777867443659651,0.041666666666666664,0.16666666666666666,0.08333333333333333,1,0.3777867443659651,primary,width,MK14
0.4066113010382992,2400,1.0,2.5,1.6666666666666665,1.6666666666666665,1.0,1.0,120,1,600,1,1.0,600,mean,s1_width,0.3777867443659651,0.041666666666666664,0.16666666666666666,0.08333333333333333,1,0.3777867443659651,primary,width,MK14
0.4066113010382992,3600,1.0,2.5,1.6666666666666665,1.6666666666666665,1.0,1.0,120,1,600,1,1.0,600,mean,s1_width,0.3777867443659651,0.041666666666666664,0.16666666666666666,0.08333333333333333,1,0.3777867443659651,primary,width,MK14
0.4066113010382992,4800,1.0,2.5,1.6666666666666665,1.6666666666666665,1.0,1.0,120,1,600,1,1.0,600,mean,s1_width,0.3777867443659651,0.041666666666666664,0.16666666666666666,0.08333333333333333,1,0.3777867443659651,primary,width,MK14
0.4066113010382992,600,1.0,2.5,1.6666666666666665,1.6666666666666665,1.0,1.0,120,1,600,1,1.0,600,mean,s2_uniform,0.3777867443659651,0.041666666666666664,0.16666666666666666,0.08333333333333333,1,0.3777867443659651,primary,uniform,MK14
0.7169525122667243,1200,1.0,5.0,2.9166666666666665,5.0,1.0,2.0,120,1,1200,2,2.0,600,mean,s2_uniform,0.5245910347768702,0.08333333333333333,0.2916666666666667,0.25,2,0.3777867443659651,primary,uniform,MK14
0.6186852279828762,2400,1.0,5.0,2.0833333333333335,4.166666666666667,1.0,4.0,120,1,2400,4,4.0,600,mean,s2_uniform,0.47594802938170977,0.08333333333333333,0.20833333333333334,0.20833333333333334,4,0.3777867443659651,primary,uniform,MK14
0.5168626240139192,3600,1.0,5.0,2.0833333333333335,2.5,1.0,6.0,120,1,3600,6,6.0,600,mean,s2_uniform,0.4375177742786813,0.08333333333333333,0.20833333333333334,0.125,6,0.3777867443659651,primary,uniform,MK14
0.5620681747101187,4800,1.0,5.0,2.0833333333333335,3.333333333333333,1.0,8.0,120,1,4800,8,8.0,600,mean,s2_uniform,0.4665507758228779,0.08333333333333333,0.20833333333333334,0.16666666666666666,8,0.3777867443659651,primary,uniform,MK14
0.4066113010382992,600,1.0,2.5,1.6666666666666665,1.6666666666666665,1.0,1.0,120,1,600,1,1.0,600,mean,s3_top10,0.3777867443659651,0.041666666666666664,0.16666666666666666,0.08333333333333333,1,0.3777867443659651,primary,primary_all|top_up,MK14
0.5713933854618526,1200,1.0,5.0,2.0833333333333335,3.333333333333333,1.0,2.4166666666666665,120,1,1200,11,2.0,600,mean,s3_top10,0.46124992130340675,0.08333333333333333,0.20833333333333334,0.16666666666666666,11,0.3777867443659651,primary,primary_all|top_up,MK14
0.5674869159525148,2400,1.0,5.0,2.5,3.333333333333333,1.0,2.9833333333333334,120,1,1440,15,2.4,600,mean,s3_top10,0.4596244668286876,0.08333333333333333,0.25,0.16666666666666666,15,0.3777867443659651,primary,primary_all|top_up,MK14
0.5674869159525148,3600,1.0,5.0,2.5,3.333333333333333,1.0,2.9833333333333334,120,1,1440,15,2.4,600,mean,s3_top10,0.4596244668286876,0.08333333333333333,0.25,0.16666666666666666,15,0.3777867443659651,primary,primary_all|top_up,MK14
0.5674869159525148,4800,1.0,5.0,2.5,3.333333333333333,1.0,2.9833333333333334,120,1,1440,15,2.4,600,mean,s3_top10,0.4596244668286876,0.08333333333333333,0.25,0.16666666666666666,15,0.3777867443659651,primary,primary_all|top_up,MK14
0.4066113010382992,600,1.0,2.5,1.6666666666666665,1.6666666666666665,1.0,1.0,120,1,600,1,1.0,600,mean,s3_top25,0.3777867443659651,0.041666666666666664,0.16666666666666666,0.08333333333333333,1,0.3777867443659651,primary,primary_all|top_up,MK14
0.5484468334700021,1200,1.0,5.0,2.5,2.5,1.0,2.2,120,1,1200,5,2.0,600,mean,s3_top25,0.44602755244205566,0.08333333333333333,0.25,0.125,5,0.3777867443659651,primary,primary_all|top_up,MK14
0.5172787737639948,2400,1.0,5.0,2.0833333333333335,3.333333333333333,1.0,4.6,120,1,2400,13,4.0,600,mean,s3_top25,0.43125352843275017,0.08333333333333333,0.20833333333333334,0.16666666666666666,13,0.3777867443659651,primary,primary_all|top_up,MK14
0.4889588585475915,3600,1.0,2.5,2.0833333333333335,3.333333333333333,1.0,5.2,120,1,2700,15,4.5,600,mean,s3_top25,0.41385094668467987,0.041666666666666664,0.20833333333333334,0.16666666666666666,15,0.3777867443659651,primary,primary_all|top_up,MK14
0.4889588585475915,4800,1.0,2.5,2.0833333333333335,3.333333333333333,1.0,5.2,120,1,2700,15,4.5,600,mean,s3_top25,0.41385094668467987,0.041666666666666664,0.20833333333333334,0.16666666666666666,15,0.3777867443659651,primary,primary_all|top_up,MK14
0.4066113010382992,600,1.0,2.5,1.6666666666666665,1.6666666666666665,1.0,1.0,120,1,600,1,1.0,600,mean,s3_top50,0.3777867443659651,0.041666666666666664,0.16666666666666666,0.08333333333333333,1,0.3777867443659651,primary,primary_all|top_up,MK14
0.67859358455263,1200,1.0,5.0,3.333333333333333,4.166666666666667,1.0,2.066666666666667,120,1,1200,3,2.0,600,mean,s3_top50,0.5083361267252187,0.08333333333333333,0.3333333333333333,0.20833333333333334,3,0.3777867443659651,primary,primary_all|top_up,MK14
0.5499681073202579,2400,1.0,5.0,2.0833333333333335,3.333333333333333,1.0,4.2,120,1,2400,7,4.0,600,mean,s3_top50,0.456784652869586,0.08333333333333333,0.20833333333333334,0.16666666666666666,7,0.3777867443659651,primary,primary_all|top_up,MK14
0.5686674772062948,3600,1.0,5.0,2.0833333333333335,3.333333333333333,1.0,6.333333333333333,120,1,3600,11,6.0,600,mean,s3_top50,0.4613968146178344,0.08333333333333333,0.20833333333333334,0.16666666666666666,11,0.3777867443659651,primary,primary_all|top_up,MK14
0.48049536380093116,4800,1.0,2.5,1.6666666666666665,3.333333333333333,1.0,8.466666666666667,120,1,4800,15,8.0,600,mean,s3_top50,0.410257470238955,0.041666666666666664,0.16666666666666666,0.16666666666666666,15,0.3777867443659651,primary,primary_all|top_up,MK14
0.5736258658017418,600,0.7233333333333334,5.0,2.0833333333333335,3.333333333333333,0.7083333333333334,1.4823529411764707,120,1,600,3,1.3824884792626728,434,mean,s4_scaffold25,0.4756698027663664,0.08333333333333333,0.20833333333333334,0.16666666666666666,3,0.3777867443659651,primary,scaffold_representatives|expand_top_groups,MK14
0.5726315250180071,1200,0.7233333333333334,5.0,2.0833333333333335,3.333333333333333,0.7083333333333334,3.0941176470588236,120,1,1200,8,2.7649769585253456,434,mean,s4_scaffold25,0.4773022699946908,0.08333333333333333,0.20833333333333334,0.16666666666666666,8,0.3777867443659651,primary,scaffold_representatives|expand_top_groups,MK14
0.5087867561557261,2400,0.7233333333333334,2.5,2.0833333333333335,3.333333333333333,0.7083333333333334,5.729411764705882,120,1,2150,15,4.953917050691245,434,mean,s4_scaffold25,0.44074414146770735,0.041666666666666664,0.20833333333333334,0.16666666666666666,15,0.3777867443659651,primary,scaffold_representatives|expand_top_groups,MK14
0.5087867561557261,3600,0.7233333333333334,2.5,2.0833333333333335,3.333333333333333,0.7083333333333334,5.729411764705882,120,1,2150,15,4.953917050691245,434,mean,s4_scaffold25,0.44074414146770735,0.041666666666666664,0.20833333333333334,0.16666666666666666,15,0.3777867443659651,primary,scaffold_representatives|expand_top_groups,MK14
0.5087867561557261,4800,0.7233333333333334,2.5,2.0833333333333335,3.333333333333333,0.7083333333333334,5.729411764705882,120,1,2150,15,4.953917050691245,434,mean,s4_scaffold25,0.44074414146770735,0.041666666666666664,0.20833333333333334,0.16666666666666666,15,0.3777867443659651,primary,scaffold_representatives|expand_top_groups,MK14
0.584079237099992,600,0.7366666666666667,2.5,2.5,3.333333333333333,0.725,1.4482758620689655,120,1,600,2,1.3574660633484164,442,mean,s4_scaffold50,0.48170860035737323,0.041666666666666664,0.25,0.16666666666666666,2,0.3777867443659651,primary,scaffold_representatives|expand_top_groups,MK14
0.5422017898804484,1200,0.755,5.0,2.5,2.5,0.7416666666666667,2.865168539325843,120,1,1200,5,2.6490066225165565,453,mean,s4_scaffold50,0.4649932149012865,0.08333333333333333,0.25,0.125,5,0.3777867443659651,primary,scaffold_representatives|expand_top_groups,MK14
0.5466362812054248,2400,0.755,5.0,1.6666666666666665,3.333333333333333,0.7416666666666667,5.910112359550562,120,1,2400,10,5.298013245033113,453,mean,s4_scaffold50,0.4682078672078376,0.08333333333333333,0.16666666666666666,0.16666666666666666,10,0.3777867443659651,primary,scaffold_representatives|expand_top_groups,MK14
0.5076465092840023,3600,0.755,5.0,1.6666666666666665,3.333333333333333,0.7416666666666667,8.910112359550562,120,1,3600,14,7.947019867549669,453,mean,s4_scaffold50,0.43832422552293687,0.08333333333333333,0.16666666666666666,0.16666666666666666,14,0.3777867443659651,primary,scaffold_representatives|expand_top_groups,MK14
0.4812592331481122,4800,0.755,2.5,1.6666666666666665,3.333333333333333,0.7416666666666667,9.561797752808989,120,1,3858,15,8.516556291390728,453,mean,s4_scaffold50,0.4227445477941487,0.041666666666666664,0.16666666666666666,0.16666666666666666,15,0.3777867443659651,primary,scaffold_representatives|expand_top_groups,MK14
0.7117350460788598,600,1.0,5.0,3.333333333333333,4.166666666666667,1.0,1.0,120,1,600,1,1.0,600,mean,s5_score_oracle,0.5169640470863937,0.08333333333333333,0.3333333333333333,0.20833333333333334,15,0.3777867443659651,primary,score_oracle,MK14
0.7207963524122379,1200,1.0,5.0,3.333333333333333,4.166666666666667,1.0,2.0,120,1,1200,2,2.0,600,mean,s5_score_oracle,0.5277287659720545,0.08333333333333333,0.3333333333333333,0.20833333333333334,15,0.3777867443659651,primary,score_oracle,MK14
0.6085186303427361,2400,1.0,5.0,2.0833333333333335,3.333333333333333,1.0,4.0,120,1,2400,4,4.0,600,mean,s5_score_oracle,0.47763839823661863,0.08333333333333333,0.20833333333333334,0.16666666666666666,15,0.3777867443659651,primary,score_oracle,MK14
0.576049788207414,3600,1.0,5.0,2.0833333333333335,3.333333333333333,1.0,6.0,120,1,3600,6,6.0,600,mean,s5_score_oracle,0.4632141516916842,0.08333333333333333,0.20833333333333334,0.16666666666666666,15,0.3777867443659651,primary,score_oracle,MK14
0.5304127826539501,4800,1.0,5.0,2.0833333333333335,3.333333333333333,1.0,8.0,120,1,4800,8,8.0,600,mean,s5_score_oracle,0.4421325625174258,0.08333333333333333,0.20833333333333334,0.16666666666666666,15,0.3777867443659651,primary,score_oracle,MK14
0.4066113010382992,600,1.0,2.5,1.6666666666666665,1.6666666666666665,1.0,1.0,120,1,600,1,1.0,600,min,s1_width,0.3777867443659651,0.041666666666666664,0.16666666666666666,0.08333333333333333,1,0.3777867443659651,primary,width,MK14
0.4066113010382992,1200,1.0,2.5,1.6666666666666665,1.6666666666666665,1.0,1.0,120,1,600,1,1.0,600,min,s1_width,0.3777867443659651,0.041666666666666664,0.16666666666666666,0.08333333333333333,1,0.3777867443659651,primary,width,MK14
0.4066113010382992,2400,1.0,2.5,1.6666666666666665,1.6666666666666665,1.0,1.0,120,1,600,1,1.0,600,min,s1_width,0.3777867443659651,0.041666666666666664,0.16666666666666666,0.08333333333333333,1,0.3777867443659651,primary,width,MK14
0.4066113010382992,3600,1.0,2.5,1.6666666666666665,1.6666666666666665,1.0,1.0,120,1,600,1,1.0,600,min,s1_width,0.3777867443659651,0.041666666666666664,0.16666666666666666,0.08333333333333333,1,0.3777867443659651,primary,width,MK14
0.4066113010382992,4800,1.0,2.5,1.6666666666666665,1.6666666666666665,1.0,1.0,120,1,600,1,1.0,600,min,s1_width,0.3777867443659651,0.041666666666666664,0.16666666666666666,0.08333333333333333,1,0.3777867443659651,primary,width,MK14
0.4066113010382992,600,1.0,2.5,1.6666666666666665,1.6666666666666665,1.0,1.0,120,1,600,1,1.0,600,min,s2_uniform,0.3777867443659651,0.041666666666666664,0.16666666666666666,0.08333333333333333,1,0.3777867443659651,primary,uniform,MK14
0.6327365062037994,1200,1.0,5.0,2.5,4.166666666666667,1.0,2.0,120,1,1200,2,2.0,600,min,s2_uniform,0.4739465387318004,0.08333333333333333,0.25,0.20833333333333334,2,0.3777867443659651,primary,uniform,MK14
0.6600671777600061,2400,1.0,5.0,2.5,4.166666666666667,1.0,4.0,120,1,2400,4,4.0,600,min,s2_uniform,0.4863210723219866,0.08333333333333333,0.25,0.20833333333333334,4,0.3777867443659651,primary,uniform,MK14
0.6602184459625288,3600,1.0,5.0,2.5,4.166666666666667,1.0,6.0,120,1,3600,6,6.0,600,min,s2_uniform,0.4920683977563957,0.08333333333333333,0.25,0.20833333333333334,6,0.3777867443659651,primary,uniform,MK14
0.7303749628838083,4800,1.0,5.0,3.333333333333333,4.166666666666667,1.0,8.0,120,1,4800,8,8.0,600,min,s2_uniform,0.5288138161945529,0.08333333333333333,0.3333333333333333,0.20833333333333334,8,0.3777867443659651,primary,uniform,MK14
0.4066113010382992,600,1.0,2.5,1.6666666666666665,1.6666666666666665,1.0,1.0,120,1,600,1,1.0,600,min,s3_top10,0.3777867443659651,0.041666666666666664,0.16666666666666666,0.08333333333333333,1,0.3777867443659651,primary,primary_all|top_up,MK14
0.5973157404876791,1200,1.0,5.0,2.5,3.333333333333333,1.0,2.4166666666666665,120,1,1200,11,2.0,600,min,s3_top10,0.47451293484215556,0.08333333333333333,0.25,0.16666666666666666,11,0.3777867443659651,primary,primary_all|top_up,MK14
0.5860013780299742,2400,1.0,5.0,2.0833333333333335,3.333333333333333,1.0,2.9833333333333334,120,1,1440,15,2.4,600,min,s3_top10,0.470016852221073,0.08333333333333333,0.20833333333333334,0.16666666666666666,15,0.3777867443659651,primary,primary_all|top_up,MK14
0.5860013780299742,3600,1.0,5.0,2.0833333333333335,3.333333333333333,1.0,2.9833333333333334,120,1,1440,15,2.4,600,min,s3_top10,0.470016852221073,0.08333333333333333,0.20833333333333334,0.16666666666666666,15,0.3777867443659651,primary,primary_all|top_up,MK14
0.5860013780299742,4800,1.0,5.0,2.0833333333333335,3.333333333333333,1.0,2.9833333333333334,120,1,1440,15,2.4,600,min,s3_top10,0.470016852221073,0.08333333333333333,0.20833333333333334,0.16666666666666666,15,0.3777867443659651,primary,primary_all|top_up,MK14
0.4066113010382992,600,1.0,2.5,1.6666666666666665,1.6666666666666665,1.0,1.0,120,1,600,1,1.0,600,min,s3_top25,0.3777867443659651,0.041666666666666664,0.16666666666666666,0.08333333333333333,1,0.3777867443659651,primary,primary_all|top_up,MK14
0.5718369678986776,1200,1.0,5.0,2.5,3.333333333333333,1.0,2.2,120,1,1200,5,2.0,600,min,s3_top25,0.456934569787988,0.08333333333333333,0.25,0.16666666666666666,5,0.3777867443659651,primary,primary_all|top_up,MK14
0.6500342365917907,2400,1.0,5.0,2.5,4.166666666666667,1.0,4.6,120,1,2400,13,4.0,600,min,s3_top25,0.4946234228722684,0.08333333333333333,0.25,0.20833333333333334,13,0.3777867443659651,primary,primary_all|top_up,MK14
0.6266681189753099,3600,1.0,5.0,2.5,3.333333333333333,1.0,5.2,120,1,2700,15,4.5,600,min,s3_top25,0.48207290580518397,0.08333333333333333,0.25,0.16666666666666666,15,0.3777867443659651,primary,primary_all|top_up,MK14
0.6266681189753099,4800,1.0,5.0,2.5,3.333333333333333,1.0,5.2,120,1,2700,15,4.5,600,min,s3_top25,0.48207290580518397,0.08333333333333333,0.25,0.16666666666666666,15,0.3777867443659651,primary,primary_all|top_up,MK14
0.4066113010382992,600,1.0,2.5,1.6666666666666665,1.6666666666666665,1.0,1.0,120,1,600,1,1.0,600,min,s3_top50,0.3777867443659651,0.041666666666666664,0.16666666666666666,0.08333333333333333,1,0.3777867443659651,primary,primary_all|top_up,MK14
0.6614557165390277,1200,1.0,5.0,2.5,4.166666666666667,1.0,2.066666666666667,120,1,1200,3,2.0,600,min,s3_top50,0.5018036866500944,0.08333333333333333,0.25,0.20833333333333334,3,0.3777867443659651,primary,primary_all|top_up,MK14
0.6983663982799648,2400,1.0,5.0,2.9166666666666665,4.166666666666667,1.0,4.2,120,1,2400,7,4.0,600,min,s3_top50,0.5185376989579112,0.08333333333333333,0.2916666666666667,0.20833333333333334,7,0.3777867443659651,primary,primary_all|top_up,MK14
0.7381337452720346,3600,1.0,5.0,3.333333333333333,4.166666666666667,1.0,6.333333333333333,120,1,3600,11,6.0,600,min,s3_top50,0.5381735343377844,0.08333333333333333,0.3333333333333333,0.20833333333333334,11,0.3777867443659651,primary,primary_all|top_up,MK14
0.7120405861728029,4800,1.0,5.0,3.333333333333333,4.166666666666667,1.0,8.466666666666667,120,1,4800,15,8.0,600,min,s3_top50,0.5199927533027849,0.08333333333333333,0.3333333333333333,0.20833333333333334,15,0.3777867443659651,primary,primary_all|top_up,MK14
0.5457529758245714,600,0.7233333333333334,5.0,2.0833333333333335,2.5,0.7083333333333334,1.4823529411764707,120,1,600,3,1.3824884792626728,434,min,s4_scaffold25,0.4721724938750958,0.08333333333333333,0.20833333333333334,0.125,3,0.3777867443659651,primary,scaffold_representatives|expand_top_groups,MK14
0.6007612722658127,1200,0.7233333333333334,5.0,2.5,4.166666666666667,0.7083333333333334,3.0941176470588236,120,1,1200,8,2.7649769585253456,434,min,s4_scaffold25,0.4908094904332881,0.08333333333333333,0.25,0.20833333333333334,8,0.3777867443659651,primary,scaffold_representatives|expand_top_groups,MK14
0.5684572055015339,2400,0.7233333333333334,5.0,2.0833333333333335,3.333333333333333,0.7083333333333334,5.729411764705882,120,1,2150,15,4.953917050691245,434,min,s4_scaffold25,0.473208431123708,0.08333333333333333,0.20833333333333334,0.16666666666666666,15,0.3777867443659651,primary,scaffold_representatives|expand_top_groups,MK14
0.5684572055015339,3600,0.7233333333333334,5.0,2.0833333333333335,3.333333333333333,0.7083333333333334,5.729411764705882,120,1,2150,15,4.953917050691245,434,min,s4_scaffold25,0.473208431123708,0.08333333333333333,0.20833333333333334,0.16666666666666666,15,0.3777867443659651,primary,scaffold_representatives|expand_top_groups,MK14
0.5684572055015339,4800,0.7233333333333334,5.0,2.0833333333333335,3.333333333333333,0.7083333333333334,5.729411764705882,120,1,2150,15,4.953917050691245,434,min,s4_scaffold25,0.473208431123708,0.08333333333333333,0.20833333333333334,0.16666666666666666,15,0.3777867443659651,primary,scaffold_representatives|expand_top_groups,MK14
0.644812832227212,600,0.7366666666666667,5.0,2.5,3.333333333333333,0.725,1.4482758620689655,120,1,600,2,1.3574660633484164,442,min,s4_scaffold50,0.5260239919389201,0.08333333333333333,0.25,0.16666666666666666,2,0.3777867443659651,primary,scaffold_representatives|expand_top_groups,MK14
0.6692516500981812,1200,0.755,5.0,2.5,4.166666666666667,0.7416666666666667,2.865168539325843,120,1,1200,5,2.6490066225165565,453,min,s4_scaffold50,0.5254349658715206,0.08333333333333333,0.25,0.20833333333333334,5,0.3777867443659651,primary,scaffold_representatives|expand_top_groups,MK14
0.7344011159532625,2400,0.755,5.0,3.333333333333333,4.166666666666667,0.7416666666666667,5.910112359550562,120,1,2400,10,5.298013245033113,453,min,s4_scaffold50,0.5529383532142002,0.08333333333333333,0.3333333333333333,0.20833333333333334,10,0.3777867443659651,primary,scaffold_representatives|expand_top_groups,MK14
0.7158737805938064,3600,0.755,5.0,3.333333333333333,4.166666666666667,0.7416666666666667,8.910112359550562,120,1,3600,14,7.947019867549669,453,min,s4_scaffold50,0.5433757446940236,0.08333333333333333,0.3333333333333333,0.20833333333333334,14,0.3777867443659651,primary,scaffold_representatives|expand_top_groups,MK14
0.7158737805938064,4800,0.755,5.0,3.333333333333333,4.166666666666667,0.7416666666666667,9.561797752808989,120,1,3858,15,8.516556291390728,453,min,s4_scaffold50,0.5433757446940236,0.08333333333333333,0.3333333333333333,0.20833333333333334,15,0.3777867443659651,primary,scaffold_representatives|expand_top_groups,MK14
0.7117350460788598,600,1.0,5.0,3.333333333333333,4.166666666666667,1.0,1.0,120,1,600,1,1.0,600,min,s5_score_oracle,0.5169640470863937,0.08333333333333333,0.3333333333333333,0.20833333333333334,15,0.3777867443659651,primary,score_oracle,MK14
0.7117350460788598,1200,1.0,5.0,3.333333333333333,4.166666666666667,1.0,2.0,120,1,1200,2,2.0,600,min,s5_score_oracle,0.5169640470863937,0.08333333333333333,0.3333333333333333,0.20833333333333334,15,0.3777867443659651,primary,score_oracle,MK14
0.7117350460788598,2400,1.0,5.0,3.333333333333333,4.166666666666667,1.0,4.0,120,1,2400,4,4.0,600,min,s5_score_oracle,0.5169640470863937,0.08333333333333333,0.3333333333333333,0.20833333333333334,15,0.3777867443659651,primary,score_oracle,MK14
0.7117350460788598,3600,1.0,5.0,3.333333333333333,4.166666666666667,1.0,6.0,120,1,3600,6,6.0,600,min,s5_score_oracle,0.5169640470863937,0.08333333333333333,0.3333333333333333,0.20833333333333334,15,0.3777867443659651,primary,score_oracle,MK14
0.7117350460788598,4800,1.0,5.0,3.333333333333333,4.166666666666667,1.0,8.0,120,1,4800,8,8.0,600,min,s5_score_oracle,0.5169640470863937,0.08333333333333333,0.3333333333333333,0.20833333333333334,15,0.3777867443659651,primary,score_oracle,MK14
0.5253509755883278,600,1.0,5.0,2.0833333333333335,3.333333333333333,1.0,1.0,120,2,600,1,1.0,600,mean,s1_width,0.42670520267132767,0.08333333333333333,0.20833333333333334,0.16666666666666666,1,0.42670520267132767,primary,width,MK14
0.5253509755883278,1200,1.0,5.0,2.0833333333333335,3.333333333333333,1.0,1.0,120,2,600,1,1.0,600,mean,s1_width,0.42670520267132767,0.08333333333333333,0.20833333333333334,0.16666666666666666,1,0.42670520267132767,primary,width,MK14
0.5253509755883278,2400,1.0,5.0,2.0833333333333335,3.333333333333333,1.0,1.0,120,2,600,1,1.0,600,mean,s1_width,0.42670520267132767,0.08333333333333333,0.20833333333333334,0.16666666666666666,1,0.42670520267132767,primary,width,MK14
0.5253509755883278,3600,1.0,5.0,2.0833333333333335,3.333333333333333,1.0,1.0,120,2,600,1,1.0,600,mean,s1_width,0.42670520267132767,0.08333333333333333,0.20833333333333334,0.16666666666666666,1,0.42670520267132767,primary,width,MK14
0.5253509755883278,4800,1.0,5.0,2.0833333333333335,3.333333333333333,1.0,1.0,120,2,600,1,1.0,600,mean,s1_width,0.42670520267132767,0.08333333333333333,0.20833333333333334,0.16666666666666666,1,0.42670520267132767,primary,width,MK14
0.5253509755883278,600,1.0,5.0,2.0833333333333335,3.333333333333333,1.0,1.0,120,2,600,1,1.0,600,mean,s2_uniform,0.42670520267132767,0.08333333333333333,0.20833333333333334,0.16666666666666666,1,0.42670520267132767,primary,uniform,MK14
0.3231872091609584,1200,1.0,2.5,1.25,1.6666666666666665,1.0,2.0,120,2,1200,2,2.0,600,mean,s2_uniform,0.35560336421104716,0.041666666666666664,0.125,0.08333333333333333,2,0.42670520267132767,primary,uniform,MK14
0.38132838423576687,2400,1.0,2.5,1.6666666666666665,1.6666666666666665,1.0,4.0,120,2,2400,4,4.0,600,mean,s2_uniform,0.4129260132985024,0.041666666666666664,0.16666666666666666,0.08333333333333333,4,0.42670520267132767,primary,uniform,MK14
0.5419637231176351,3600,1.0,2.5,2.5,2.5,1.0,6.0,120,2,3600,6,6.0,600,mean,s2_uniform,0.47855387685396905,0.041666666666666664,0.25,0.125,6,0.42670520267132767,primary,uniform,MK14
0.6339250940362017,4800,1.0,5.0,2.5,3.333333333333333,1.0,8.0,120,2,4800,8,8.0,600,mean,s2_uniform,0.5288151938592768,0.08333333333333333,0.25,0.16666666666666666,8,0.42670520267132767,primary,uniform,MK14
0.5253509755883278,600,1.0,5.0,2.0833333333333335,3.333333333333333,1.0,1.0,120,2,600,1,1.0,600,mean,s3_top10,0.42670520267132767,0.08333333333333333,0.20833333333333334,0.16666666666666666,1,0.42670520267132767,primary,primary_all|top_up,MK14
0.11796167547461489,1200,1.0,0.0,0.41666666666666663,0.0,1.0,1.6666666666666667,120,2,1200,11,2.0,600,mean,s3_top10,0.27248984746389476,0.0,0.041666666666666664,0.0,11,0.42670520267132767,primary,primary_all|top_up,MK14
0.11704101116204982,2400,1.0,0.0,0.41666666666666663,0.0,1.0,1.9333333333333333,120,2,1440,15,2.4,600,mean,s3_top10,0.2658915906301223,0.0,0.041666666666666664,0.0,15,0.42670520267132767,primary,primary_all|top_up,MK14
0.11704101116204982,3600,1.0,0.0,0.41666666666666663,0.0,1.0,1.9333333333333333,120,2,1440,15,2.4,600,mean,s3_top10,0.2658915906301223,0.0,0.041666666666666664,0.0,15,0.42670520267132767,primary,primary_all|top_up,MK14
0.11704101116204982,4800,1.0,0.0,0.41666666666666663,0.0,1.0,1.9333333333333333,120,2,1440,15,2.4,600,mean,s3_top10,0.2658915906301223,0.0,0.041666666666666664,0.0,15,0.42670520267132767,primary,primary_all|top_up,MK14
0.5253509755883278,600,1.0,5.0,2.0833333333333335,3.333333333333333,1.0,1.0,120,2,600,1,1.0,600,mean,s3_top25,0.42670520267132767,0.08333333333333333,0.20833333333333334,0.16666666666666666,1,0.42670520267132767,primary,primary_all|top_up,MK14
0.3751365469112592,1200,1.0,2.5,1.6666666666666665,2.5,1.0,2.033333333333333,120,2,1200,5,2.0,600,mean,s3_top25,0.3724890219384644,0.041666666666666664,0.16666666666666666,0.125,5,0.42670520267132767,primary,primary_all|top_up,MK14
0.35922334198468076,2400,1.0,2.5,1.6666666666666665,1.6666666666666665,1.0,4.1,120,2,2400,13,4.0,600,mean,s3_top25,0.3268840097787744,0.041666666666666664,0.16666666666666666,0.08333333333333333,13,0.42670520267132767,primary,primary_all|top_up,MK14
0.353331427679099,3600,1.0,2.5,1.25,1.6666666666666665,1.0,4.616666666666666,120,2,2700,15,4.5,600,mean,s3_top25,0.3217801501598268,0.041666666666666664,0.125,0.08333333333333333,15,0.42670520267132767,primary,primary_all|top_up,MK14
0.353331427679099,4800,1.0,2.5,1.25,1.6666666666666665,1.0,4.616666666666666,120,2,2700,15,4.5,600,mean,s3_top25,0.3217801501598268,0.041666666666666664,0.125,0.08333333333333333,15,0.42670520267132767,primary,primary_all|top_up,MK14
0.5253509755883278,600,1.0,5.0,2.0833333333333335,3.333333333333333,1.0,1.0,120,2,600,1,1.0,600,mean,s3_top50,0.42670520267132767,0.08333333333333333,0.20833333333333334,0.16666666666666666,1,0.42670520267132767,primary,primary_all|top_up,MK14
0.501766899898593,1200,1.0,2.5,2.0833333333333335,2.5,1.0,2.0,120,2,1200,3,2.0,600,mean,s3_top50,0.43162616444179375,0.041666666666666664,0.20833333333333334,0.125,3,0.42670520267132767,primary,primary_all|top_up,MK14
0.5035667467055568,2400,1.0,2.5,2.5,2.5,1.0,4.0,120,2,2400,7,4.0,600,mean,s3_top50,0.4396346587654514,0.041666666666666664,0.25,0.125,7,0.42670520267132767,primary,primary_all|top_up,MK14
0.6026840150270669,3600,1.0,5.0,2.5,3.333333333333333,1.0,6.0,120,2,3600,11,6.0,600,mean,s3_top50,0.4648669195528263,0.08333333333333333,0.25,0.16666666666666666,11,0.42670520267132767,primary,primary_all|top_up,MK14
0.5487238019388967,4800,1.0,5.0,2.5,2.5,1.0,8.0,120,2,4800,15,8.0,600,mean,s3_top50,0.4275533714260524,0.08333333333333333,0.25,0.125,15,0.42670520267132767,primary,primary_all|top_up,MK14
0.27011851064093534,600,0.7216666666666667,0.0,0.8333333333333333,1.6666666666666665,0.725,1.2528735632183907,120,2,600,3,1.3856812933025404,433,mean,s4_scaffold25,0.3411738304266527,0.0,0.08333333333333333,0.08333333333333333,3,0.42670520267132767,primary,scaffold_representatives|expand_top_groups,MK14
0.3728641875010843,1200,0.7216666666666667,0.0,2.0833333333333335,1.6666666666666665,0.725,2.3793103448275863,120,2,1200,8,2.771362586605081,433,mean,s4_scaffold25,0.40080873839952935,0.0,0.20833333333333334,0.08333333333333333,8,0.42670520267132767,primary,scaffold_representatives|expand_top_groups,MK14
0.34006558651139857,2400,0.7216666666666667,0.0,2.0833333333333335,1.6666666666666665,0.725,4.160919540229885,120,2,2136,15,4.933025404157044,433,mean,s4_scaffold25,0.376875720602668,0.0,0.20833333333333334,0.08333333333333333,15,0.42670520267132767,primary,scaffold_representatives|expand_top_groups,MK14
0.34006558651139857,3600,0.7216666666666667,0.0,2.0833333333333335,1.6666666666666665,0.725,4.160919540229885,120,2,2136,15,4.933025404157044,433,mean,s4_scaffold25,0.376875720602668,0.0,0.20833333333333334,0.08333333333333333,15,0.42670520267132767,primary,scaffold_representatives|expand_top_groups,MK14
0.34006558651139857,4800,0.7216666666666667,0.0,2.0833333333333335,1.6666666666666665,0.725,4.160919540229885,120,2,2136,15,4.933025404157044,433,mean,s4_scaffold25,0.376875720602668,0.0,0.20833333333333334,0.08333333333333333,15,0.42670520267132767,primary,scaffold_representatives|expand_top_groups,MK14
0.4146880496911098,600,0.735,2.5,2.0833333333333335,1.6666666666666665,0.75,1.3444444444444446,120,2,600,2,1.3605442176870748,441,mean,s4_scaffold50,0.4160943751485378,0.041666666666666664,0.20833333333333334,0.08333333333333333,2,0.42670520267132767,primary,scaffold_representatives|expand_top_groups,MK14
0.400436676450867,1200,0.7483333333333333,2.5,2.0833333333333335,1.6666666666666665,0.75,2.5555555555555554,120,2,1200,5,2.6726057906458798,449,mean,s4_scaffold50,0.43134513720773054,0.041666666666666664,0.20833333333333334,0.08333333333333333,5,0.42670520267132767,primary,scaffold_representatives|expand_top_groups,MK14
0.5434748007997936,2400,0.7483333333333333,5.0,2.5,2.5,0.75,5.144444444444445,120,2,2400,10,5.3452115812917596,449,mean,s4_scaffold50,0.48141604190356485,0.08333333333333333,0.25,0.125,10,0.42670520267132767,primary,scaffold_representatives|expand_top_groups,MK14
0.4842875507404501,3600,0.7483333333333333,2.5,2.0833333333333335,3.333333333333333,0.75,7.7555555555555555,120,2,3600,15,8.017817371937639,449,mean,s4_scaffold50,0.4325209021888383,0.041666666666666664,0.20833333333333334,0.16666666666666666,15,0.42670520267132767,primary,scaffold_representatives|expand_top_groups,MK14
0.4875634247162526,4800,0.7483333333333333,2.5,2.0833333333333335,2.5,0.75,8.222222222222221,120,2,3802,15,8.46770601336303,449,mean,s4_scaffold50,0.426802815486986,0.041666666666666664,0.20833333333333334,0.125,15,0.42670520267132767,primary,scaffold_representatives|expand_top_groups,MK14
0.6516700567532725,600,1.0,5.0,3.333333333333333,3.333333333333333,1.0,1.0,120,2,600,1,1.0,600,mean,s5_score_oracle,0.5144617151197295,0.08333333333333333,0.3333333333333333,0.16666666666666666,15,0.42670520267132767,primary,score_oracle,MK14
0.6498727341491867,1200,1.0,5.0,3.333333333333333,3.333333333333333,1.0,2.0,120,2,1200,2,2.0,600,mean,s5_score_oracle,0.517695205079463,0.08333333333333333,0.3333333333333333,0.16666666666666666,15,0.42670520267132767,primary,score_oracle,MK14
0.6675539529372184,2400,1.0,5.0,3.333333333333333,3.333333333333333,1.0,4.0,120,2,2400,4,4.0,600,mean,s5_score_oracle,0.5359879942266951,0.08333333333333333,0.3333333333333333,0.16666666666666666,15,0.42670520267132767,primary,score_oracle,MK14
0.6254814290110212,3600,1.0,5.0,2.5,3.333333333333333,1.0,6.0,120,2,3600,6,6.0,600,mean,s5_score_oracle,0.5120726224453201,0.08333333333333333,0.25,0.16666666666666666,15,0.42670520267132767,primary,score_oracle,MK14
0.5471231658377824,4800,1.0,5.0,2.5,2.5,1.0,8.0,120,2,4800,8,8.0,600,mean,s5_score_oracle,0.47080387655250133,0.08333333333333333,0.25,0.125,15,0.42670520267132767,primary,score_oracle,MK14
0.5253509755883278,600,1.0,5.0,2.0833333333333335,3.333333333333333,1.0,1.0,120,2,600,1,1.0,600,min,s1_width,0.42670520267132767,0.08333333333333333,0.20833333333333334,0.16666666666666666,1,0.42670520267132767,primary,width,MK14
0.5253509755883278,1200,1.0,5.0,2.0833333333333335,3.333333333333333,1.0,1.0,120,2,600,1,1.0,600,min,s1_width,0.42670520267132767,0.08333333333333333,0.20833333333333334,0.16666666666666666,1,0.42670520267132767,primary,width,MK14
0.5253509755883278,2400,1.0,5.0,2.0833333333333335,3.333333333333333,1.0,1.0,120,2,600,1,1.0,600,min,s1_width,0.42670520267132767,0.08333333333333333,0.20833333333333334,0.16666666666666666,1,0.42670520267132767,primary,width,MK14
0.5253509755883278,3600,1.0,5.0,2.0833333333333335,3.333333333333333,1.0,1.0,120,2,600,1,1.0,600,min,s1_width,0.42670520267132767,0.08333333333333333,0.20833333333333334,0.16666666666666666,1,0.42670520267132767,primary,width,MK14
0.5253509755883278,4800,1.0,5.0,2.0833333333333335,3.333333333333333,1.0,1.0,120,2,600,1,1.0,600,min,s1_width,0.42670520267132767,0.08333333333333333,0.20833333333333334,0.16666666666666666,1,0.42670520267132767,primary,width,MK14
0.5253509755883278,600,1.0,5.0,2.0833333333333335,3.333333333333333,1.0,1.0,120,2,600,1,1.0,600,min,s2_uniform,0.42670520267132767,0.08333333333333333,0.20833333333333334,0.16666666666666666,1,0.42670520267132767,primary,uniform,MK14
0.5024921219935387,1200,1.0,5.0,2.0833333333333335,2.5,1.0,2.0,120,2,1200,2,2.0,600,min,s2_uniform,0.4215326171268195,0.08333333333333333,0.20833333333333334,0.125,2,0.42670520267132767,primary,uniform,MK14
0.5241029394249633,2400,1.0,5.0,2.5,2.5,1.0,4.0,120,2,2400,4,4.0,600,min,s2_uniform,0.4431249959045254,0.08333333333333333,0.25,0.125,4,0.42670520267132767,primary,uniform,MK14
0.5569967640856076,3600,1.0,5.0,2.9166666666666665,2.5,1.0,6.0,120,2,3600,6,6.0,600,min,s2_uniform,0.4664628014358921,0.08333333333333333,0.2916666666666667,0.125,6,0.42670520267132767,primary,uniform,MK14
0.6446361482985107,4800,1.0,5.0,3.333333333333333,3.333333333333333,1.0,8.0,120,2,4800,8,8.0,600,min,s2_uniform,0.5247546053628233,0.08333333333333333,0.3333333333333333,0.16666666666666666,8,0.42670520267132767,primary,uniform,MK14
0.5253509755883278,600,1.0,5.0,2.0833333333333335,3.333333333333333,1.0,1.0,120,2,600,1,1.0,600,min,s3_top10,0.42670520267132767,0.08333333333333333,0.20833333333333334,0.16666666666666666,1,0.42670520267132767,primary,primary_all|top_up,MK14
0.5253509755883278,1200,1.0,5.0,2.0833333333333335,3.333333333333333,1.0,1.6666666666666667,120,2,1200,11,2.0,600,min,s3_top10,0.42670520267132767,0.08333333333333333,0.20833333333333334,0.16666666666666666,11,0.42670520267132767,primary,primary_all|top_up,MK14
0.5253509755883278,2400,1.0,5.0,2.0833333333333335,3.333333333333333,1.0,1.9333333333333333,120,2,1440,15,2.4,600,min,s3_top10,0.42670520267132767,0.08333333333333333,0.20833333333333334,0.16666666666666666,15,0.42670520267132767,primary,primary_all|top_up,MK14
0.5253509755883278,3600,1.0,5.0,2.0833333333333335,3.333333333333333,1.0,1.9333333333333333,120,2,1440,15,2.4,600,min,s3_top10,0.42670520267132767,0.08333333333333333,0.20833333333333334,0.16666666666666666,15,0.42670520267132767,primary,primary_all|top_up,MK14
0.5253509755883278,4800,1.0,5.0,2.0833333333333335,3.333333333333333,1.0,1.9333333333333333,120,2,1440,15,2.4,600,min,s3_top10,0.42670520267132767,0.08333333333333333,0.20833333333333334,0.16666666666666666,15,0.42670520267132767,primary,primary_all|top_up,MK14
0.5253509755883278,600,1.0,5.0,2.0833333333333335,3.333333333333333,1.0,1.0,120,2,600,1,1.0,600,min,s3_top25,0.42670520267132767,0.08333333333333333,0.20833333333333334,0.16666666666666666,1,0.42670520267132767,primary,primary_all|top_up,MK14
0.5526272471682018,1200,1.0,5.0,2.5,3.333333333333333,1.0,2.033333333333333,120,2,1200,5,2.0,600,min,s3_top25,0.44112818764631606,0.08333333333333333,0.25,0.16666666666666666,5,0.42670520267132767,primary,primary_all|top_up,MK14
0.5881361283332369,2400,1.0,5.0,2.9166666666666665,3.333333333333333,1.0,4.1,120,2,2400,13,4.0,600,min,s3_top25,0.45865951298090124,0.08333333333333333,0.2916666666666667,0.16666666666666666,13,0.42670520267132767,primary,primary_all|top_up,MK14
0.5810224341823151,3600,1.0,5.0,2.9166666666666665,3.333333333333333,1.0,4.616666666666666,120,2,2700,15,4.5,600,min,s3_top25,0.4542448852110102,0.08333333333333333,0.2916666666666667,0.16666666666666666,15,0.42670520267132767,primary,primary_all|top_up,MK14
0.5810224341823151,4800,1.0,5.0,2.9166666666666665,3.333333333333333,1.0,4.616666666666666,120,2,2700,15,4.5,600,min,s3_top25,0.4542448852110102,0.08333333333333333,0.2916666666666667,0.16666666666666666,15,0.42670520267132767,primary,primary_all|top_up,MK14
0.5253509755883278,600,1.0,5.0,2.0833333333333335,3.333333333333333,1.0,1.0,120,2,600,1,1.0,600,min,s3_top50,0.42670520267132767,0.08333333333333333,0.20833333333333334,0.16666666666666666,1,0.42670520267132767,primary,primary_all|top_up,MK14
0.5045982774387409,1200,1.0,5.0,2.0833333333333335,2.5,1.0,2.0,120,2,1200,3,2.0,600,min,s3_top50,0.42663193522941273,0.08333333333333333,0.20833333333333334,0.125,3,0.42670520267132767,primary,primary_all|top_up,MK14
0.6036201284486676,2400,1.0,5.0,3.333333333333333,2.5,1.0,4.0,120,2,2400,7,4.0,600,min,s3_top50,0.48615935381707825,0.08333333333333333,0.3333333333333333,0.125,7,0.42670520267132767,primary,primary_all|top_up,MK14
0.6503517372113025,3600,1.0,5.0,3.333333333333333,3.333333333333333,1.0,6.0,120,2,3600,11,6.0,600,min,s3_top50,0.5093195269772514,0.08333333333333333,0.3333333333333333,0.16666666666666666,11,0.42670520267132767,primary,primary_all|top_up,MK14
0.6432278456211091,4800,1.0,5.0,3.333333333333333,3.333333333333333,1.0,8.0,120,2,4800,15,8.0,600,min,s3_top50,0.4939522151000109,0.08333333333333333,0.3333333333333333,0.16666666666666666,15,0.42670520267132767,primary,primary_all|top_up,MK14
0.5547894744436676,600,0.7216666666666667,5.0,2.5,3.333333333333333,0.725,1.2528735632183907,120,2,600,3,1.3856812933025404,433,min,s4_scaffold25,0.47433347056824554,0.08333333333333333,0.25,0.16666666666666666,3,0.42670520267132767,primary,scaffold_representatives|expand_top_groups,MK14
0.5492676291091177,1200,0.7216666666666667,5.0,2.5,3.333333333333333,0.725,2.3793103448275863,120,2,1200,8,2.771362586605081,433,min,s4_scaffold25,0.4673859703797898,0.08333333333333333,0.25,0.16666666666666666,8,0.42670520267132767,primary,scaffold_representatives|expand_top_groups,MK14
0.5409150270016493,2400,0.7216666666666667,5.0,2.0833333333333335,3.333333333333333,0.725,4.160919540229885,120,2,2136,15,4.933025404157044,433,min,s4_scaffold25,0.46091747898639074,0.08333333333333333,0.20833333333333334,0.16666666666666666,15,0.42670520267132767,primary,scaffold_representatives|expand_top_groups,MK14
0.5409150270016493,3600,0.7216666666666667,5.0,2.0833333333333335,3.333333333333333,0.725,4.160919540229885,120,2,2136,15,4.933025404157044,433,min,s4_scaffold25,0.46091747898639074,0.08333333333333333,0.20833333333333334,0.16666666666666666,15,0.42670520267132767,primary,scaffold_representatives|expand_top_groups,MK14
0.5409150270016493,4800,0.7216666666666667,5.0,2.0833333333333335,3.333333333333333,0.725,4.160919540229885,120,2,2136,15,4.933025404157044,433,min,s4_scaffold25,0.46091747898639074,0.08333333333333333,0.20833333333333334,0.16666666666666666,15,0.42670520267132767,primary,scaffold_representatives|expand_top_groups,MK14
0.5603030277457273,600,0.735,5.0,2.5,3.333333333333333,0.75,1.3444444444444446,120,2,600,2,1.3605442176870748,441,min,s4_scaffold50,0.4734284565490872,0.08333333333333333,0.25,0.16666666666666666,2,0.42670520267132767,primary,scaffold_representatives|expand_top_groups,MK14
0.5821124078418264,1200,0.7483333333333333,5.0,2.5,3.333333333333333,0.75,2.5555555555555554,120,2,1200,5,2.6726057906458798,449,min,s4_scaffold50,0.4826190181435022,0.08333333333333333,0.25,0.16666666666666666,5,0.42670520267132767,primary,scaffold_representatives|expand_top_groups,MK14
0.6524140526384723,2400,0.7483333333333333,5.0,3.333333333333333,3.333333333333333,0.75,5.144444444444445,120,2,2400,10,5.3452115812917596,449,min,s4_scaffold50,0.5188541201524823,0.08333333333333333,0.3333333333333333,0.16666666666666666,10,0.42670520267132767,primary,scaffold_representatives|expand_top_groups,MK14
0.6695181201732854,3600,0.7483333333333333,5.0,3.333333333333333,3.333333333333333,0.75,7.7555555555555555,120,2,3600,15,8.017817371937639,449,min,s4_scaffold50,0.5287805907407176,0.08333333333333333,0.3333333333333333,0.16666666666666666,15,0.42670520267132767,primary,scaffold_representatives|expand_top_groups,MK14
0.6546028615679378,4800,0.7483333333333333,5.0,3.333333333333333,3.333333333333333,0.75,8.222222222222221,120,2,3802,15,8.46770601336303,449,min,s4_scaffold50,0.5136232895062786,0.08333333333333333,0.3333333333333333,0.16666666666666666,15,0.42670520267132767,primary,scaffold_representatives|expand_top_groups,MK14
0.6516700567532725,600,1.0,5.0,3.333333333333333,3.333333333333333,1.0,1.0,120,2,600,1,1.0,600,min,s5_score_oracle,0.5144617151197295,0.08333333333333333,0.3333333333333333,0.16666666666666666,15,0.42670520267132767,primary,score_oracle,MK14
0.6516700567532725,1200,1.0,5.0,3.333333333333333,3.333333333333333,1.0,2.0,120,2,1200,2,2.0,600,min,s5_score_oracle,0.5144617151197295,0.08333333333333333,0.3333333333333333,0.16666666666666666,15,0.42670520267132767,primary,score_oracle,MK14
0.6516700567532725,2400,1.0,5.0,3.333333333333333,3.333333333333333,1.0,4.0,120,2,2400,4,4.0,600,min,s5_score_oracle,0.5144617151197295,0.08333333333333333,0.3333333333333333,0.16666666666666666,15,0.42670520267132767,primary,score_oracle,MK14
0.6516700567532725,3600,1.0,5.0,3.333333333333333,3.333333333333333,1.0,6.0,120,2,3600,6,6.0,600,min,s5_score_oracle,0.5144617151197295,0.08333333333333333,0.3333333333333333,0.16666666666666666,15,0.42670520267132767,primary,score_oracle,MK14
0.6516700567532725,4800,1.0,5.0,3.333333333333333,3.333333333333333,1.0,8.0,120,2,4800,8,8.0,600,min,s5_score_oracle,0.5144617151197295,0.08333333333333333,0.3333333333333333,0.16666666666666666,15,0.42670520267132767,primary,score_oracle,MK14
0.7149673345573841,600,1.0,5.0,3.75,3.333333333333333,1.0,1.0,120,3,600,1,1.0,600,mean,s1_width,0.598329874183151,0.08333333333333333,0.375,0.16666666666666666,1,0.598329874183151,primary,width,MK14
0.7149673345573841,1200,1.0,5.0,3.75,3.333333333333333,1.0,1.0,120,3,600,1,1.0,600,mean,s1_width,0.598329874183151,0.08333333333333333,0.375,0.16666666666666666,1,0.598329874183151,primary,width,MK14
0.7149673345573841,2400,1.0,5.0,3.75,3.333333333333333,1.0,1.0,120,3,600,1,1.0,600,mean,s1_width,0.598329874183151,0.08333333333333333,0.375,0.16666666666666666,1,0.598329874183151,primary,width,MK14
0.7149673345573841,3600,1.0,5.0,3.75,3.333333333333333,1.0,1.0,120,3,600,1,1.0,600,mean,s1_width,0.598329874183151,0.08333333333333333,0.375,0.16666666666666666,1,0.598329874183151,primary,width,MK14
0.7149673345573841,4800,1.0,5.0,3.75,3.333333333333333,1.0,1.0,120,3,600,1,1.0,600,mean,s1_width,0.598329874183151,0.08333333333333333,0.375,0.16666666666666666,1,0.598329874183151,primary,width,MK14
0.7149673345573841,600,1.0,5.0,3.75,3.333333333333333,1.0,1.0,120,3,600,1,1.0,600,mean,s2_uniform,0.598329874183151,0.08333333333333333,0.375,0.16666666666666666,1,0.598329874183151,primary,uniform,MK14
0.8697201297439034,1200,1.0,5.0,4.583333333333333,5.0,1.0,2.0,120,3,1200,2,2.0,600,mean,s2_uniform,0.7023381345931798,0.08333333333333333,0.4583333333333333,0.25,2,0.598329874183151,primary,uniform,MK14
0.7092536505686309,2400,1.0,5.0,3.333333333333333,4.166666666666667,1.0,4.0,120,3,2400,4,4.0,600,mean,s2_uniform,0.5866336608718924,0.08333333333333333,0.3333333333333333,0.20833333333333334,4,0.598329874183151,primary,uniform,MK14
0.7585191564060257,3600,1.0,5.0,3.75,4.166666666666667,1.0,6.0,120,3,3600,6,6.0,600,mean,s2_uniform,0.6386840254137169,0.08333333333333333,0.375,0.20833333333333334,6,0.598329874183151,primary,uniform,MK14
0.7634724031090128,4800,1.0,5.0,3.75,4.166666666666667,1.0,8.0,120,3,4800,8,8.0,600,mean,s2_uniform,0.6520318546503922,0.08333333333333333,0.375,0.20833333333333334,8,0.598329874183151,primary,uniform,MK14
0.7149673345573841,600,1.0,5.0,3.75,3.333333333333333,1.0,1.0,120,3,600,1,1.0,600,mean,s3_top10,0.598329874183151,0.08333333333333333,0.375,0.16666666666666666,1,0.598329874183151,primary,primary_all|top_up,MK14
0.5029255034679132,1200,1.0,5.0,2.0833333333333335,2.5,1.0,2.0,120,3,1200,11,2.0,600,mean,s3_top10,0.4558412224432848,0.08333333333333333,0.20833333333333334,0.125,11,0.598329874183151,primary,primary_all|top_up,MK14
0.4549868578348181,2400,1.0,5.0,2.0833333333333335,2.5,1.0,2.4,120,3,1440,15,2.4,600,mean,s3_top10,0.4205989250102869,0.08333333333333333,0.20833333333333334,0.125,15,0.598329874183151,primary,primary_all|top_up,MK14
0.4549868578348181,3600,1.0,5.0,2.0833333333333335,2.5,1.0,2.4,120,3,1440,15,2.4,600,mean,s3_top10,0.4205989250102869,0.08333333333333333,0.20833333333333334,0.125,15,0.598329874183151,primary,primary_all|top_up,MK14
0.4549868578348181,4800,1.0,5.0,2.0833333333333335,2.5,1.0,2.4,120,3,1440,15,2.4,600,mean,s3_top10,0.4205989250102869,0.08333333333333333,0.20833333333333334,0.125,15,0.598329874183151,primary,primary_all|top_up,MK14
0.7149673345573841,600,1.0,5.0,3.75,3.333333333333333,1.0,1.0,120,3,600,1,1.0,600,mean,s3_top25,0.598329874183151,0.08333333333333333,0.375,0.16666666666666666,1,0.598329874183151,primary,primary_all|top_up,MK14
0.7612860439303557,1200,1.0,5.0,3.333333333333333,4.166666666666667,1.0,2.0,120,3,1200,5,2.0,600,mean,s3_top25,0.6175359847840137,0.08333333333333333,0.3333333333333333,0.20833333333333334,5,0.598329874183151,primary,primary_all|top_up,MK14
0.5065070559275839,2400,1.0,2.5,2.9166666666666665,2.5,1.0,4.0,120,3,2400,13,4.0,600,mean,s3_top25,0.4729586267034535,0.041666666666666664,0.2916666666666667,0.125,13,0.598329874183151,primary,primary_all|top_up,MK14
0.49617360796517107,3600,1.0,2.5,2.5,2.5,1.0,4.5,120,3,2700,15,4.5,600,mean,s3_top25,0.4560277237731918,0.041666666666666664,0.25,0.125,15,0.598329874183151,primary,primary_all|top_up,MK14
0.49617360796517107,4800,1.0,2.5,2.5,2.5,1.0,4.5,120,3,2700,15,4.5,600,mean,s3_top25,0.4560277237731918,0.041666666666666664,0.25,0.125,15,0.598329874183151,primary,primary_all|top_up,MK14
0.7149673345573841,600,1.0,5.0,3.75,3.333333333333333,1.0,1.0,120,3,600,1,1.0,600,mean,s3_top50,0.598329874183151,0.08333333333333333,0.375,0.16666666666666666,1,0.598329874183151,primary,primary_all|top_up,MK14
0.7408536787284923,1200,1.0,5.0,3.75,4.166666666666667,1.0,2.05,120,3,1200,3,2.0,600,mean,s3_top50,0.5870591356293757,0.08333333333333333,0.375,0.20833333333333334,3,0.598329874183151,primary,primary_all|top_up,MK14
0.7631845423900471,2400,1.0,5.0,3.75,4.166666666666667,1.0,4.15,120,3,2400,7,4.0,600,mean,s3_top50,0.6336097294694287,0.08333333333333333,0.375,0.20833333333333334,7,0.598329874183151,primary,primary_all|top_up,MK14
0.7424114796929077,3600,1.0,2.5,3.75,4.166666666666667,1.0,6.25,120,3,3600,11,6.0,600,mean,s3_top50,0.6073926287446302,0.041666666666666664,0.375,0.20833333333333334,11,0.598329874183151,primary,primary_all|top_up,MK14
0.6761679270429973,4800,1.0,2.5,2.9166666666666665,4.166666666666667,1.0,8.35,120,3,4800,15,8.0,600,mean,s3_top50,0.5650864317194224,0.041666666666666664,0.2916666666666667,0.20833333333333334,15,0.598329874183151,primary,primary_all|top_up,MK14
0.7745903133664541,600,0.7216666666666667,5.0,4.166666666666667,4.166666666666667,0.7166666666666667,1.4069767441860466,120,3,600,3,1.3856812933025404,433,mean,s4_scaffold25,0.6528587199228646,0.08333333333333333,0.4166666666666667,0.20833333333333334,3,0.598329874183151,primary,scaffold_representatives|expand_top_groups,MK14
0.6549921087237948,1200,0.7216666666666667,5.0,2.9166666666666665,4.166666666666667,0.7166666666666667,2.8372093023255816,120,3,1200,8,2.771362586605081,433,mean,s4_scaffold25,0.5680324489097915,0.08333333333333333,0.2916666666666667,0.20833333333333334,8,0.598329874183151,primary,scaffold_representatives|expand_top_groups,MK14
0.4354643637428027,2400,0.7216666666666667,2.5,2.0833333333333335,1.6666666666666665,0.7166666666666667,5.034883720930233,120,3,2136,15,4.933025404157044,433,mean,s4_scaffold25,0.4450099232015576,0.041666666666666664,0.20833333333333334,0.08333333333333333,15,0.598329874183151,primary,scaffold_representatives|expand_top_groups,MK14
0.4354643637428027,3600,0.7216666666666667,2.5,2.0833333333333335,1.6666666666666665,0.7166666666666667,5.034883720930233,120,3,2136,15,4.933025404157044,433,mean,s4_scaffold25,0.4450099232015576,0.041666666666666664,0.20833333333333334,0.08333333333333333,15,0.598329874183151,primary,scaffold_representatives|expand_top_groups,MK14
0.4354643637428027,4800,0.7216666666666667,2.5,2.0833333333333335,1.6666666666666665,0.7166666666666667,5.034883720930233,120,3,2136,15,4.933025404157044,433,mean,s4_scaffold25,0.4450099232015576,0.041666666666666664,0.20833333333333334,0.08333333333333333,15,0.598329874183151,primary,scaffold_representatives|expand_top_groups,MK14
0.8931220922618957,600,0.735,5.0,4.583333333333333,5.0,0.725,1.3563218390804597,120,3,600,2,1.3605442176870748,441,mean,s4_scaffold50,0.7462379428322953,0.08333333333333333,0.4583333333333333,0.25,2,0.598329874183151,primary,scaffold_representatives|expand_top_groups,MK14
0.7613776128381067,1200,0.7483333333333333,5.0,3.333333333333333,4.166666666666667,0.75,2.8222222222222224,120,3,1200,5,2.6726057906458798,449,mean,s4_scaffold50,0.6204061150112009,0.08333333333333333,0.3333333333333333,0.20833333333333334,5,0.598329874183151,primary,scaffold_representatives|expand_top_groups,MK14
0.7666940782372021,2400,0.7483333333333333,5.0,4.166666666666667,4.166666666666667,0.75,5.7555555555555555,120,3,2400,10,5.3452115812917596,449,mean,s4_scaffold50,0.6266897646678317,0.08333333333333333,0.4166666666666667,0.20833333333333334,10,0.598329874183151,primary,scaffold_representatives|expand_top_groups,MK14
0.6786901578294724,3600,0.7483333333333333,2.5,2.9166666666666665,4.166666666666667,0.75,8.666666666666666,120,3,3600,15,8.017817371937639,449,mean,s4_scaffold50,0.5593670138729225,0.041666666666666664,0.2916666666666667,0.20833333333333334,15,0.598329874183151,primary,scaffold_representatives|expand_top_groups,MK14
0.656301350686816,4800,0.7483333333333333,2.5,2.9166666666666665,4.166666666666667,0.75,9.166666666666666,120,3,3802,15,8.46770601336303,449,mean,s4_scaffold50,0.5380799700096323,0.041666666666666664,0.2916666666666667,0.20833333333333334,15,0.598329874183151,primary,scaffold_representatives|expand_top_groups,MK14
0.8056571381344447,600,1.0,5.0,3.75,5.0,1.0,1.0,120,3,600,1,1.0,600,mean,s5_score_oracle,0.6708541038924304,0.08333333333333333,0.375,0.25,15,0.598329874183151,primary,score_oracle,MK14
0.805257289070209,1200,1.0,5.0,3.75,4.166666666666667,1.0,2.0,120,3,1200,2,2.0,600,mean,s5_score_oracle,0.6710909948353319,0.08333333333333333,0.375,0.20833333333333334,15,0.598329874183151,primary,score_oracle,MK14
0.699725570670734,2400,1.0,2.5,3.75,3.333333333333333,1.0,4.0,120,3,2400,4,4.0,600,mean,s5_score_oracle,0.6082513296295936,0.041666666666666664,0.375,0.16666666666666666,15,0.598329874183151,primary,score_oracle,MK14
0.6522901551714954,3600,1.0,2.5,3.75,3.333333333333333,1.0,6.0,120,3,3600,6,6.0,600,mean,s5_score_oracle,0.5863108921949798,0.041666666666666664,0.375,0.16666666666666666,15,0.598329874183151,primary,score_oracle,MK14
0.641946118812303,4800,1.0,2.5,3.333333333333333,3.333333333333333,1.0,8.0,120,3,4800,8,8.0,600,mean,s5_score_oracle,0.5758079998026369,0.041666666666666664,0.3333333333333333,0.16666666666666666,15,0.598329874183151,primary,score_oracle,MK14
0.7149673345573841,600,1.0,5.0,3.75,3.333333333333333,1.0,1.0,120,3,600,1,1.0,600,min,s1_width,0.598329874183151,0.08333333333333333,0.375,0.16666666666666666,1,0.598329874183151,primary,width,MK14
0.7149673345573841,1200,1.0,5.0,3.75,3.333333333333333,1.0,1.0,120,3,600,1,1.0,600,min,s1_width,0.598329874183151,0.08333333333333333,0.375,0.16666666666666666,1,0.598329874183151,primary,width,MK14
0.7149673345573841,2400,1.0,5.0,3.75,3.333333333333333,1.0,1.0,120,3,600,1,1.0,600,min,s1_width,0.598329874183151,0.08333333333333333,0.375,0.16666666666666666,1,0.598329874183151,primary,width,MK14
0.7149673345573841,3600,1.0,5.0,3.75,3.333333333333333,1.0,1.0,120,3,600,1,1.0,600,min,s1_width,0.598329874183151,0.08333333333333333,0.375,0.16666666666666666,1,0.598329874183151,primary,width,MK14
0.7149673345573841,4800,1.0,5.0,3.75,3.333333333333333,1.0,1.0,120,3,600,1,1.0,600,min,s1_width,0.598329874183151,0.08333333333333333,0.375,0.16666666666666666,1,0.598329874183151,primary,width,MK14
0.7149673345573841,600,1.0,5.0,3.75,3.333333333333333,1.0,1.0,120,3,600,1,1.0,600,min,s2_uniform,0.598329874183151,0.08333333333333333,0.375,0.16666666666666666,1,0.598329874183151,primary,uniform,MK14
0.7149840759945548,1200,1.0,5.0,3.75,3.333333333333333,1.0,2.0,120,3,1200,2,2.0,600,min,s2_uniform,0.6024026043920543,0.08333333333333333,0.375,0.16666666666666666,2,0.598329874183151,primary,uniform,MK14
0.7573156413831531,2400,1.0,5.0,3.75,3.333333333333333,1.0,4.0,120,3,2400,4,4.0,600,min,s2_uniform,0.6204763902446825,0.08333333333333333,0.375,0.16666666666666666,4,0.598329874183151,primary,uniform,MK14
0.8248297279934456,3600,1.0,5.0,3.75,5.0,1.0,6.0,120,3,3600,6,6.0,600,min,s2_uniform,0.6956655981776775,0.08333333333333333,0.375,0.25,6,0.598329874183151,primary,uniform,MK14
0.8261936454040734,4800,1.0,5.0,3.75,5.0,1.0,8.0,120,3,4800,8,8.0,600,min,s2_uniform,0.7037841906920538,0.08333333333333333,0.375,0.25,8,0.598329874183151,primary,uniform,MK14
0.7149673345573841,600,1.0,5.0,3.75,3.333333333333333,1.0,1.0,120,3,600,1,1.0,600,min,s3_top10,0.598329874183151,0.08333333333333333,0.375,0.16666666666666666,1,0.598329874183151,primary,primary_all|top_up,MK14
0.7784184850272461,1200,1.0,5.0,3.75,4.166666666666667,1.0,2.0,120,3,1200,11,2.0,600,min,s3_top10,0.6308364879397648,0.08333333333333333,0.375,0.20833333333333334,11,0.598329874183151,primary,primary_all|top_up,MK14
0.7784184850272461,2400,1.0,5.0,3.75,4.166666666666667,1.0,2.4,120,3,1440,15,2.4,600,min,s3_top10,0.6308364879397648,0.08333333333333333,0.375,0.20833333333333334,15,0.598329874183151,primary,primary_all|top_up,MK14
0.7784184850272461,3600,1.0,5.0,3.75,4.166666666666667,1.0,2.4,120,3,1440,15,2.4,600,min,s3_top10,0.6308364879397648,0.08333333333333333,0.375,0.20833333333333334,15,0.598329874183151,primary,primary_all|top_up,MK14
0.7784184850272461,4800,1.0,5.0,3.75,4.166666666666667,1.0,2.4,120,3,1440,15,2.4,600,min,s3_top10,0.6308364879397648,0.08333333333333333,0.375,0.20833333333333334,15,0.598329874183151,primary,primary_all|top_up,MK14
0.7149673345573841,600,1.0,5.0,3.75,3.333333333333333,1.0,1.0,120,3,600,1,1.0,600,min,s3_top25,0.598329874183151,0.08333333333333333,0.375,0.16666666666666666,1,0.598329874183151,primary,primary_all|top_up,MK14
0.7768971320551767,1200,1.0,5.0,3.75,4.166666666666667,1.0,2.0,120,3,1200,5,2.0,600,min,s3_top25,0.6268153121293732,0.08333333333333333,0.375,0.20833333333333334,5,0.598329874183151,primary,primary_all|top_up,MK14
0.8038244234676178,2400,1.0,5.0,3.75,5.0,1.0,4.0,120,3,2400,13,4.0,600,min,s3_top25,0.6460545260744696,0.08333333333333333,0.375,0.25,13,0.598329874183151,primary,primary_all|top_up,MK14
0.7953633781177534,3600,1.0,5.0,3.75,5.0,1.0,4.5,120,3,2700,15,4.5,600,min,s3_top25,0.6387386209112348,0.08333333333333333,0.375,0.25,15,0.598329874183151,primary,primary_all|top_up,MK14
0.7953633781177534,4800,1.0,5.0,3.75,5.0,1.0,4.5,120,3,2700,15,4.5,600,min,s3_top25,0.6387386209112348,0.08333333333333333,0.375,0.25,15,0.598329874183151,primary,primary_all|top_up,MK14
0.7149673345573841,600,1.0,5.0,3.75,3.333333333333333,1.0,1.0,120,3,600,1,1.0,600,min,s3_top50,0.598329874183151,0.08333333333333333,0.375,0.16666666666666666,1,0.598329874183151,primary,primary_all|top_up,MK14
0.7459594825833286,1200,1.0,5.0,3.75,3.333333333333333,1.0,2.05,120,3,1200,3,2.0,600,min,s3_top50,0.6031115331702438,0.08333333333333333,0.375,0.16666666666666666,3,0.598329874183151,primary,primary_all|top_up,MK14
0.817722153506396,2400,1.0,5.0,3.75,5.0,1.0,4.15,120,3,2400,7,4.0,600,min,s3_top50,0.6678086224728398,0.08333333333333333,0.375,0.25,7,0.598329874183151,primary,primary_all|top_up,MK14
0.8187425112656401,3600,1.0,5.0,3.75,5.0,1.0,6.25,120,3,3600,11,6.0,600,min,s3_top50,0.6716552861741661,0.08333333333333333,0.375,0.25,11,0.598329874183151,primary,primary_all|top_up,MK14
0.8033980045364164,4800,1.0,5.0,3.75,5.0,1.0,8.35,120,3,4800,15,8.0,600,min,s3_top50,0.6541427414744608,0.08333333333333333,0.375,0.25,15,0.598329874183151,primary,primary_all|top_up,MK14
0.7738867474790125,600,0.7216666666666667,5.0,4.166666666666667,3.333333333333333,0.7166666666666667,1.4069767441860466,120,3,600,3,1.3856812933025404,433,min,s4_scaffold25,0.6493287690861279,0.08333333333333333,0.4166666666666667,0.16666666666666666,3,0.598329874183151,primary,scaffold_representatives|expand_top_groups,MK14
0.7874970968752597,1200,0.7216666666666667,5.0,3.75,4.166666666666667,0.7166666666666667,2.8372093023255816,120,3,1200,8,2.771362586605081,433,min,s4_scaffold25,0.6519219075588224,0.08333333333333333,0.375,0.20833333333333334,8,0.598329874183151,primary,scaffold_representatives|expand_top_groups,MK14
0.7756887568557721,2400,0.7216666666666667,5.0,3.333333333333333,4.166666666666667,0.7166666666666667,5.034883720930233,120,3,2136,15,4.933025404157044,433,min,s4_scaffold25,0.6432079091389415,0.08333333333333333,0.3333333333333333,0.20833333333333334,15,0.598329874183151,primary,scaffold_representatives|expand_top_groups,MK14
0.7756887568557721,3600,0.7216666666666667,5.0,3.333333333333333,4.166666666666667,0.7166666666666667,5.034883720930233,120,3,2136,15,4.933025404157044,433,min,s4_scaffold25,0.6432079091389415,0.08333333333333333,0.3333333333333333,0.20833333333333334,15,0.598329874183151,primary,scaffold_representatives|expand_top_groups,MK14
0.7756887568557721,4800,0.7216666666666667,5.0,3.333333333333333,4.166666666666667,0.7166666666666667,5.034883720930233,120,3,2136,15,4.933025404157044,433,min,s4_scaffold25,0.6432079091389415,0.08333333333333333,0.3333333333333333,0.20833333333333334,15,0.598329874183151,primary,scaffold_representatives|expand_top_groups,MK14
0.7507853519739748,600,0.735,5.0,4.166666666666667,3.333333333333333,0.725,1.3563218390804597,120,3,600,2,1.3605442176870748,441,min,s4_scaffold50,0.6447066721260392,0.08333333333333333,0.4166666666666667,0.16666666666666666,2,0.598329874183151,primary,scaffold_representatives|expand_top_groups,MK14
0.8084479742830629,1200,0.7483333333333333,5.0,4.166666666666667,4.166666666666667,0.75,2.8222222222222224,120,3,1200,5,2.6726057906458798,449,min,s4_scaffold50,0.6584382649365651,0.08333333333333333,0.4166666666666667,0.20833333333333334,5,0.598329874183151,primary,scaffold_representatives|expand_top_groups,MK14
0.8351876037105088,2400,0.7483333333333333,5.0,4.166666666666667,5.0,0.75,5.7555555555555555,120,3,2400,10,5.3452115812917596,449,min,s4_scaffold50,0.6865582824059543,0.08333333333333333,0.4166666666666667,0.25,10,0.598329874183151,primary,scaffold_representatives|expand_top_groups,MK14
0.8251281935364642,3600,0.7483333333333333,5.0,4.166666666666667,5.0,0.75,8.666666666666666,120,3,3600,15,8.017817371937639,449,min,s4_scaffold50,0.675256686238637,0.08333333333333333,0.4166666666666667,0.25,15,0.598329874183151,primary,scaffold_representatives|expand_top_groups,MK14
0.8109673939021051,4800,0.7483333333333333,5.0,4.166666666666667,5.0,0.75,9.166666666666666,120,3,3802,15,8.46770601336303,449,min,s4_scaffold50,0.6593885321642136,0.08333333333333333,0.4166666666666667,0.25,15,0.598329874183151,primary,scaffold_representatives|expand_top_groups,MK14
0.8056571381344447,600,1.0,5.0,3.75,5.0,1.0,1.0,120,3,600,1,1.0,600,min,s5_score_oracle,0.6708541038924304,0.08333333333333333,0.375,0.25,15,0.598329874183151,primary,score_oracle,MK14
0.8056571381344447,1200,1.0,5.0,3.75,5.0,1.0,2.0,120,3,1200,2,2.0,600,min,s5_score_oracle,0.6708541038924304,0.08333333333333333,0.375,0.25,15,0.598329874183151,primary,score_oracle,MK14
0.8056571381344447,2400,1.0,5.0,3.75,5.0,1.0,4.0,120,3,2400,4,4.0,600,min,s5_score_oracle,0.6708541038924304,0.08333333333333333,0.375,0.25,15,0.598329874183151,primary,score_oracle,MK14
0.8056571381344447,3600,1.0,5.0,3.75,5.0,1.0,6.0,120,3,3600,6,6.0,600,min,s5_score_oracle,0.6708541038924304,0.08333333333333333,0.375,0.25,15,0.598329874183151,primary,score_oracle,MK14
0.8056571381344447,4800,1.0,5.0,3.75,5.0,1.0,8.0,120,3,4800,8,8.0,600,min,s5_score_oracle,0.6708541038924304,0.08333333333333333,0.375,0.25,15,0.598329874183151,primary,score_oracle,MK14
0.6884722737250595,600,1.0,5.0,2.5,4.166666666666667,1.0,1.0,120,4,600,1,1.0,600,mean,s1_width,0.5664240809639508,0.08333333333333333,0.25,0.20833333333333334,1,0.5664240809639508,primary,width,MK14
0.6884722737250595,1200,1.0,5.0,2.5,4.166666666666667,1.0,1.0,120,4,600,1,1.0,600,mean,s1_width,0.5664240809639508,0.08333333333333333,0.25,0.20833333333333334,1,0.5664240809639508,primary,width,MK14
0.6884722737250595,2400,1.0,5.0,2.5,4.166666666666667,1.0,1.0,120,4,600,1,1.0,600,mean,s1_width,0.5664240809639508,0.08333333333333333,0.25,0.20833333333333334,1,0.5664240809639508,primary,width,MK14
0.6884722737250595,3600,1.0,5.0,2.5,4.166666666666667,1.0,1.0,120,4,600,1,1.0,600,mean,s1_width,0.5664240809639508,0.08333333333333333,0.25,0.20833333333333334,1,0.5664240809639508,primary,width,MK14
0.6884722737250595,4800,1.0,5.0,2.5,4.166666666666667,1.0,1.0,120,4,600,1,1.0,600,mean,s1_width,0.5664240809639508,0.08333333333333333,0.25,0.20833333333333334,1,0.5664240809639508,primary,width,MK14
0.6884722737250595,600,1.0,5.0,2.5,4.166666666666667,1.0,1.0,120,4,600,1,1.0,600,mean,s2_uniform,0.5664240809639508,0.08333333333333333,0.25,0.20833333333333334,1,0.5664240809639508,primary,uniform,MK14
0.6857465029039417,1200,1.0,5.0,2.9166666666666665,3.333333333333333,1.0,2.0,120,4,1200,2,2.0,600,mean,s2_uniform,0.6042485824435667,0.08333333333333333,0.2916666666666667,0.16666666666666666,2,0.5664240809639508,primary,uniform,MK14
0.4610237122732231,2400,1.0,2.5,2.5,1.6666666666666665,1.0,4.0,120,4,2400,4,4.0,600,mean,s2_uniform,0.476543030254798,0.041666666666666664,0.25,0.08333333333333333,4,0.5664240809639508,primary,uniform,MK14
0.6823227031510625,3600,1.0,5.0,2.9166666666666665,4.166666666666667,1.0,6.0,120,4,3600,6,6.0,600,mean,s2_uniform,0.5841415289197128,0.08333333333333333,0.2916666666666667,0.20833333333333334,6,0.5664240809639508,primary,uniform,MK14
0.6350241066719334,4800,1.0,5.0,2.5,3.333333333333333,1.0,8.0,120,4,4800,8,8.0,600,mean,s2_uniform,0.5586563102660836,0.08333333333333333,0.25,0.16666666666666666,8,0.5664240809639508,primary,uniform,MK14
0.6884722737250595,600,1.0,5.0,2.5,4.166666666666667,1.0,1.0,120,4,600,1,1.0,600,mean,s3_top10,0.5664240809639508,0.08333333333333333,0.25,0.20833333333333334,1,0.5664240809639508,primary,primary_all|top_up,MK14
0.43892698831254845,1200,1.0,2.5,2.5,1.6666666666666665,1.0,2.1666666666666665,120,4,1200,11,2.0,600,mean,s3_top10,0.43473860499653877,0.041666666666666664,0.25,0.08333333333333333,11,0.5664240809639508,primary,primary_all|top_up,MK14
0.42394179852163205,2400,1.0,0.0,2.0833333333333335,2.5,1.0,2.6333333333333333,120,4,1440,15,2.4,600,mean,s3_top10,0.4163364991973471,0.0,0.20833333333333334,0.125,15,0.5664240809639508,primary,primary_all|top_up,MK14
0.42394179852163205,3600,1.0,0.0,2.0833333333333335,2.5,1.0,2.6333333333333333,120,4,1440,15,2.4,600,mean,s3_top10,0.4163364991973471,0.0,0.20833333333333334,0.125,15,0.5664240809639508,primary,primary_all|top_up,MK14
0.42394179852163205,4800,1.0,0.0,2.0833333333333335,2.5,1.0,2.6333333333333333,120,4,1440,15,2.4,600,mean,s3_top10,0.4163364991973471,0.0,0.20833333333333334,0.125,15,0.5664240809639508,primary,primary_all|top_up,MK14
0.6884722737250595,600,1.0,5.0,2.5,4.166666666666667,1.0,1.0,120,4,600,1,1.0,600,mean,s3_top25,0.5664240809639508,0.08333333333333333,0.25,0.20833333333333334,1,0.5664240809639508,primary,primary_all|top_up,MK14
0.6281610073077988,1200,1.0,5.0,2.5,3.333333333333333,1.0,1.8666666666666667,120,4,1200,5,2.0,600,mean,s3_top25,0.5514716801463303,0.08333333333333333,0.25,0.16666666666666666,5,0.5664240809639508,primary,primary_all|top_up,MK14
0.4266508630152443,2400,1.0,2.5,2.0833333333333335,1.6666666666666665,1.0,3.6,120,4,2400,13,4.0,600,mean,s3_top25,0.43242496067754876,0.041666666666666664,0.20833333333333334,0.08333333333333333,13,0.5664240809639508,primary,primary_all|top_up,MK14
0.39761362383514665,3600,1.0,2.5,1.6666666666666665,1.6666666666666665,1.0,4.033333333333333,120,4,2700,15,4.5,600,mean,s3_top25,0.4266094026351879,0.041666666666666664,0.16666666666666666,0.08333333333333333,15,0.5664240809639508,primary,primary_all|top_up,MK14
0.39761362383514665,4800,1.0,2.5,1.6666666666666665,1.6666666666666665,1.0,4.033333333333333,120,4,2700,15,4.5,600,mean,s3_top25,0.4266094026351879,0.041666666666666664,0.16666666666666666,0.08333333333333333,15,0.5664240809639508,primary,primary_all|top_up,MK14
0.6884722737250595,600,1.0,5.0,2.5,4.166666666666667,1.0,1.0,120,4,600,1,1.0,600,mean,s3_top50,0.5664240809639508,0.08333333333333333,0.25,0.20833333333333334,1,0.5664240809639508,primary,primary_all|top_up,MK14
0.5519801865701934,1200,1.0,5.0,2.5,2.5,1.0,1.85,120,4,1200,3,2.0,600,mean,s3_top50,0.5173709630128372,0.08333333333333333,0.25,0.125,3,0.5664240809639508,primary,primary_all|top_up,MK14
0.6752186928189131,2400,1.0,5.0,2.9166666666666665,4.166666666666667,1.0,3.55,120,4,2400,7,4.0,600,mean,s3_top50,0.5485305670479081,0.08333333333333333,0.2916666666666667,0.20833333333333334,7,0.5664240809639508,primary,primary_all|top_up,MK14
0.4918385123521662,3600,1.0,2.5,2.5,2.5,1.0,5.25,120,4,3600,11,6.0,600,mean,s3_top50,0.4689746671414257,0.041666666666666664,0.25,0.125,11,0.5664240809639508,primary,primary_all|top_up,MK14
0.4218778772552673,4800,1.0,2.5,2.5,1.6666666666666665,1.0,6.95,120,4,4800,15,8.0,600,mean,s3_top50,0.42461269540139207,0.041666666666666664,0.25,0.08333333333333333,15,0.5664240809639508,primary,primary_all|top_up,MK14
0.6051318471629356,600,0.7216666666666667,5.0,2.9166666666666665,2.5,0.7166666666666667,1.4186046511627908,120,4,600,3,1.3856812933025404,433,mean,s4_scaffold25,0.5562662305495238,0.08333333333333333,0.2916666666666667,0.125,3,0.5664240809639508,primary,scaffold_representatives|expand_top_groups,MK14
0.6353245123861995,1200,0.7216666666666667,5.0,2.9166666666666665,2.5,0.7166666666666667,2.7325581395348837,120,4,1200,8,2.771362586605081,433,mean,s4_scaffold25,0.5787616218558883,0.08333333333333333,0.2916666666666667,0.125,8,0.5664240809639508,primary,scaffold_representatives|expand_top_groups,MK14
0.44098788078359796,2400,0.7216666666666667,2.5,2.0833333333333335,2.5,0.7166666666666667,4.72093023255814,120,4,2136,15,4.933025404157044,433,mean,s4_scaffold25,0.4746243293577545,0.041666666666666664,0.20833333333333334,0.125,15,0.5664240809639508,primary,scaffold_representatives|expand_top_groups,MK14
0.44098788078359796,3600,0.7216666666666667,2.5,2.0833333333333335,2.5,0.7166666666666667,4.72093023255814,120,4,2136,15,4.933025404157044,433,mean,s4_scaffold25,0.4746243293577545,0.041666666666666664,0.20833333333333334,0.125,15,0.5664240809639508,primary,scaffold_representatives|expand_top_groups,MK14
0.44098788078359796,4800,0.7216666666666667,2.5,2.0833333333333335,2.5,0.7166666666666667,4.72093023255814,120,4,2136,15,4.933025404157044,433,mean,s4_scaffold25,0.4746243293577545,0.041666666666666664,0.20833333333333334,0.125,15,0.5664240809639508,primary,scaffold_representatives|expand_top_groups,MK14
0.7144751861555088,600,0.735,5.0,2.9166666666666665,3.333333333333333,0.7166666666666667,1.302325581395349,120,4,600,2,1.3605442176870748,441,mean,s4_scaffold50,0.6320944774545332,0.08333333333333333,0.2916666666666667,0.16666666666666666,2,0.5664240809639508,primary,scaffold_representatives|expand_top_groups,MK14
0.6091472194242565,1200,0.7483333333333333,5.0,2.9166666666666665,2.5,0.7166666666666667,2.395348837209302,120,4,1200,5,2.6726057906458798,449,mean,s4_scaffold50,0.5587351160952037,0.08333333333333333,0.2916666666666667,0.125,5,0.5664240809639508,primary,scaffold_representatives|expand_top_groups,MK14
0.5594980574734445,2400,0.7483333333333333,2.5,2.9166666666666665,2.5,0.7166666666666667,4.488372093023256,120,4,2400,10,5.3452115812917596,449,mean,s4_scaffold50,0.526344709539469,0.041666666666666664,0.2916666666666667,0.125,10,0.5664240809639508,primary,scaffold_representatives|expand_top_groups,MK14
0.435838729546936,3600,0.7483333333333333,2.5,2.5,1.6666666666666665,0.7166666666666667,6.546511627906977,120,4,3600,15,8.017817371937639,449,mean,s4_scaffold50,0.4736265189347679,0.041666666666666664,0.25,0.08333333333333333,15,0.5664240809639508,primary,scaffold_representatives|expand_top_groups,MK14
0.44129457208377865,4800,0.7483333333333333,2.5,2.5,1.6666666666666665,0.7166666666666667,6.837209302325581,120,4,3802,15,8.46770601336303,449,mean,s4_scaffold50,0.47232212015264835,0.041666666666666664,0.25,0.08333333333333333,15,0.5664240809639508,primary,scaffold_representatives|expand_top_groups,MK14
0.6729598128066284,600,1.0,5.0,2.9166666666666665,4.166666666666667,1.0,1.0,120,4,600,1,1.0,600,mean,s5_score_oracle,0.5175722995876385,0.08333333333333333,0.2916666666666667,0.20833333333333334,15,0.5664240809639508,primary,score_oracle,MK14
0.6560580314542728,1200,1.0,5.0,2.9166666666666665,4.166666666666667,1.0,2.0,120,4,1200,2,2.0,600,mean,s5_score_oracle,0.5125911473491022,0.08333333333333333,0.2916666666666667,0.20833333333333334,15,0.5664240809639508,primary,score_oracle,MK14
0.5841701160023846,2400,1.0,5.0,2.5,2.5,1.0,4.0,120,4,2400,4,4.0,600,mean,s5_score_oracle,0.4960814092206463,0.08333333333333333,0.25,0.125,15,0.5664240809639508,primary,score_oracle,MK14
0.4906046250588248,3600,1.0,2.5,2.5,2.5,1.0,6.0,120,4,3600,6,6.0,600,mean,s5_score_oracle,0.45309476465136617,0.041666666666666664,0.25,0.125,15,0.5664240809639508,primary,score_oracle,MK14
0.41688875047866225,4800,1.0,2.5,2.0833333333333335,1.6666666666666665,1.0,8.0,120,4,4800,8,8.0,600,mean,s5_score_oracle,0.4306539806503567,0.041666666666666664,0.20833333333333334,0.08333333333333333,15,0.5664240809639508,primary,score_oracle,MK14
0.6884722737250595,600,1.0,5.0,2.5,4.166666666666667,1.0,1.0,120,4,600,1,1.0,600,min,s1_width,0.5664240809639508,0.08333333333333333,0.25,0.20833333333333334,1,0.5664240809639508,primary,width,MK14
0.6884722737250595,1200,1.0,5.0,2.5,4.166666666666667,1.0,1.0,120,4,600,1,1.0,600,min,s1_width,0.5664240809639508,0.08333333333333333,0.25,0.20833333333333334,1,0.5664240809639508,primary,width,MK14
0.6884722737250595,2400,1.0,5.0,2.5,4.166666666666667,1.0,1.0,120,4,600,1,1.0,600,min,s1_width,0.5664240809639508,0.08333333333333333,0.25,0.20833333333333334,1,0.5664240809639508,primary,width,MK14
0.6884722737250595,3600,1.0,5.0,2.5,4.166666666666667,1.0,1.0,120,4,600,1,1.0,600,min,s1_width,0.5664240809639508,0.08333333333333333,0.25,0.20833333333333334,1,0.5664240809639508,primary,width,MK14
0.6884722737250595,4800,1.0,5.0,2.5,4.166666666666667,1.0,1.0,120,4,600,1,1.0,600,min,s1_width,0.5664240809639508,0.08333333333333333,0.25,0.20833333333333334,1,0.5664240809639508,primary,width,MK14
0.6884722737250595,600,1.0,5.0,2.5,4.166666666666667,1.0,1.0,120,4,600,1,1.0,600,min,s2_uniform,0.5664240809639508,0.08333333333333333,0.25,0.20833333333333334,1,0.5664240809639508,primary,uniform,MK14
0.6884724213561194,1200,1.0,5.0,2.5,4.166666666666667,1.0,2.0,120,4,1200,2,2.0,600,min,s2_uniform,0.5673832478589905,0.08333333333333333,0.25,0.20833333333333334,2,0.5664240809639508,primary,uniform,MK14
0.6355892689805897,2400,1.0,5.0,2.5,4.166666666666667,1.0,4.0,120,4,2400,4,4.0,600,min,s2_uniform,0.5176987935783122,0.08333333333333333,0.25,0.20833333333333334,4,0.5664240809639508,primary,uniform,MK14
0.6533828407842004,3600,1.0,5.0,2.5,4.166666666666667,1.0,6.0,120,4,3600,6,6.0,600,min,s2_uniform,0.5229903163157489,0.08333333333333333,0.25,0.20833333333333334,6,0.5664240809639508,primary,uniform,MK14
0.6573954218334453,4800,1.0,5.0,2.5,4.166666666666667,1.0,8.0,120,4,4800,8,8.0,600,min,s2_uniform,0.5234559337773136,0.08333333333333333,0.25,0.20833333333333334,8,0.5664240809639508,primary,uniform,MK14
0.6884722737250595,600,1.0,5.0,2.5,4.166666666666667,1.0,1.0,120,4,600,1,1.0,600,min,s3_top10,0.5664240809639508,0.08333333333333333,0.25,0.20833333333333334,1,0.5664240809639508,primary,primary_all|top_up,MK14
0.6884722737250595,1200,1.0,5.0,2.5,4.166666666666667,1.0,2.1666666666666665,120,4,1200,11,2.0,600,min,s3_top10,0.5664240809639508,0.08333333333333333,0.25,0.20833333333333334,11,0.5664240809639508,primary,primary_all|top_up,MK14
0.6884722737250595,2400,1.0,5.0,2.5,4.166666666666667,1.0,2.6333333333333333,120,4,1440,15,2.4,600,min,s3_top10,0.5664240809639508,0.08333333333333333,0.25,0.20833333333333334,15,0.5664240809639508,primary,primary_all|top_up,MK14
0.6884722737250595,3600,1.0,5.0,2.5,4.166666666666667,1.0,2.6333333333333333,120,4,1440,15,2.4,600,min,s3_top10,0.5664240809639508,0.08333333333333333,0.25,0.20833333333333334,15,0.5664240809639508,primary,primary_all|top_up,MK14
0.6884722737250595,4800,1.0,5.0,2.5,4.166666666666667,1.0,2.6333333333333333,120,4,1440,15,2.4,600,min,s3_top10,0.5664240809639508,0.08333333333333333,0.25,0.20833333333333334,15,0.5664240809639508,primary,primary_all|top_up,MK14
0.6884722737250595,600,1.0,5.0,2.5,4.166666666666667,1.0,1.0,120,4,600,1,1.0,600,min,s3_top25,0.5664240809639508,0.08333333333333333,0.25,0.20833333333333334,1,0.5664240809639508,primary,primary_all|top_up,MK14
0.6862830672683751,1200,1.0,5.0,2.5,4.166666666666667,1.0,1.8666666666666667,120,4,1200,5,2.0,600,min,s3_top25,0.5665514897870119,0.08333333333333333,0.25,0.20833333333333334,5,0.5664240809639508,primary,primary_all|top_up,MK14
0.6863564717575266,2400,1.0,5.0,2.5,4.166666666666667,1.0,3.6,120,4,2400,13,4.0,600,min,s3_top25,0.5658363868121835,0.08333333333333333,0.25,0.20833333333333334,13,0.5664240809639508,primary,primary_all|top_up,MK14
0.6863564717575266,3600,1.0,5.0,2.5,4.166666666666667,1.0,4.033333333333333,120,4,2700,15,4.5,600,min,s3_top25,0.5658363868121835,0.08333333333333333,0.25,0.20833333333333334,15,0.5664240809639508,primary,primary_all|top_up,MK14
0.6863564717575266,4800,1.0,5.0,2.5,4.166666666666667,1.0,4.033333333333333,120,4,2700,15,4.5,600,min,s3_top25,0.5658363868121835,0.08333333333333333,0.25,0.20833333333333334,15,0.5664240809639508,primary,primary_all|top_up,MK14
0.6884722737250595,600,1.0,5.0,2.5,4.166666666666667,1.0,1.0,120,4,600,1,1.0,600,min,s3_top50,0.5664240809639508,0.08333333333333333,0.25,0.20833333333333334,1,0.5664240809639508,primary,primary_all|top_up,MK14
0.6262960288176956,1200,1.0,5.0,2.5,4.166666666666667,1.0,1.85,120,4,1200,3,2.0,600,min,s3_top50,0.527883373484089,0.08333333333333333,0.25,0.20833333333333334,3,0.5664240809639508,primary,primary_all|top_up,MK14
0.6540121100102618,2400,1.0,5.0,2.5,4.166666666666667,1.0,3.55,120,4,2400,7,4.0,600,min,s3_top50,0.543071096866403,0.08333333333333333,0.25,0.20833333333333334,7,0.5664240809639508,primary,primary_all|top_up,MK14
0.651468054715223,3600,1.0,5.0,2.5,4.166666666666667,1.0,5.25,120,4,3600,11,6.0,600,min,s3_top50,0.5385579460533761,0.08333333333333333,0.25,0.20833333333333334,11,0.5664240809639508,primary,primary_all|top_up,MK14
0.676520385026982,4800,1.0,5.0,2.9166666666666665,4.166666666666667,1.0,6.95,120,4,4800,15,8.0,600,min,s3_top50,0.5515752831283273,0.08333333333333333,0.2916666666666667,0.20833333333333334,15,0.5664240809639508,primary,primary_all|top_up,MK14
0.7020142139614217,600,0.7216666666666667,5.0,2.5,4.166666666666667,0.7166666666666667,1.4186046511627908,120,4,600,3,1.3856812933025404,433,min,s4_scaffold25,0.6010985189011943,0.08333333333333333,0.25,0.20833333333333334,3,0.5664240809639508,primary,scaffold_representatives|expand_top_groups,MK14
0.6976861812540487,1200,0.7216666666666667,5.0,2.5,4.166666666666667,0.7166666666666667,2.7325581395348837,120,4,1200,8,2.771362586605081,433,min,s4_scaffold25,0.5957258929484637,0.08333333333333333,0.25,0.20833333333333334,8,0.5664240809639508,primary,scaffold_representatives|expand_top_groups,MK14
0.6926945560383866,2400,0.7216666666666667,5.0,2.5,4.166666666666667,0.7166666666666667,4.72093023255814,120,4,2136,15,4.933025404157044,433,min,s4_scaffold25,0.5922757447732515,0.08333333333333333,0.25,0.20833333333333334,15,0.5664240809639508,primary,scaffold_representatives|expand_top_groups,MK14
0.6926945560383866,3600,0.7216666666666667,5.0,2.5,4.166666666666667,0.7166666666666667,4.72093023255814,120,4,2136,15,4.933025404157044,433,min,s4_scaffold25,0.5922757447732515,0.08333333333333333,0.25,0.20833333333333334,15,0.5664240809639508,primary,scaffold_representatives|expand_top_groups,MK14
0.6926945560383866,4800,0.7216666666666667,5.0,2.5,4.166666666666667,0.7166666666666667,4.72093023255814,120,4,2136,15,4.933025404157044,433,min,s4_scaffold25,0.5922757447732515,0.08333333333333333,0.25,0.20833333333333334,15,0.5664240809639508,primary,scaffold_representatives|expand_top_groups,MK14
0.7035193652391595,600,0.735,5.0,2.5,4.166666666666667,0.7166666666666667,1.302325581395349,120,4,600,2,1.3605442176870748,441,min,s4_scaffold50,0.608628056125344,0.08333333333333333,0.25,0.20833333333333334,2,0.5664240809639508,primary,scaffold_representatives|expand_top_groups,MK14
0.6623214413895677,1200,0.7483333333333333,5.0,2.5,4.166666666666667,0.7166666666666667,2.395348837209302,120,4,1200,5,2.6726057906458798,449,min,s4_scaffold50,0.5776949271984194,0.08333333333333333,0.25,0.20833333333333334,5,0.5664240809639508,primary,scaffold_representatives|expand_top_groups,MK14
0.6567631696855125,2400,0.7483333333333333,5.0,2.5,4.166666666666667,0.7166666666666667,4.488372093023256,120,4,2400,10,5.3452115812917596,449,min,s4_scaffold50,0.5718046316112714,0.08333333333333333,0.25,0.20833333333333334,10,0.5664240809639508,primary,scaffold_representatives|expand_top_groups,MK14
0.6827074358924533,3600,0.7483333333333333,5.0,2.9166666666666665,4.166666666666667,0.7166666666666667,6.546511627906977,120,4,3600,15,8.017817371937639,449,min,s4_scaffold50,0.5852289738679116,0.08333333333333333,0.2916666666666667,0.20833333333333334,15,0.5664240809639508,primary,scaffold_representatives|expand_top_groups,MK14
0.6827074358924533,4800,0.7483333333333333,5.0,2.9166666666666665,4.166666666666667,0.7166666666666667,6.837209302325581,120,4,3802,15,8.46770601336303,449,min,s4_scaffold50,0.5852289738679116,0.08333333333333333,0.2916666666666667,0.20833333333333334,15,0.5664240809639508,primary,scaffold_representatives|expand_top_groups,MK14
0.6729598128066284,600,1.0,5.0,2.9166666666666665,4.166666666666667,1.0,1.0,120,4,600,1,1.0,600,min,s5_score_oracle,0.5175722995876385,0.08333333333333333,0.2916666666666667,0.20833333333333334,15,0.5664240809639508,primary,score_oracle,MK14
0.6729598128066284,1200,1.0,5.0,2.9166666666666665,4.166666666666667,1.0,2.0,120,4,1200,2,2.0,600,min,s5_score_oracle,0.5175722995876385,0.08333333333333333,0.2916666666666667,0.20833333333333334,15,0.5664240809639508,primary,score_oracle,MK14
0.6729598128066284,2400,1.0,5.0,2.9166666666666665,4.166666666666667,1.0,4.0,120,4,2400,4,4.0,600,min,s5_score_oracle,0.5175722995876385,0.08333333333333333,0.2916666666666667,0.20833333333333334,15,0.5664240809639508,primary,score_oracle,MK14
0.6729598128066284,3600,1.0,5.0,2.9166666666666665,4.166666666666667,1.0,6.0,120,4,3600,6,6.0,600,min,s5_score_oracle,0.5175722995876385,0.08333333333333333,0.2916666666666667,0.20833333333333334,15,0.5664240809639508,primary,score_oracle,MK14
0.6729598128066284,4800,1.0,5.0,2.9166666666666665,4.166666666666667,1.0,8.0,120,4,4800,8,8.0,600,min,s5_score_oracle,0.5175722995876385,0.08333333333333333,0.2916666666666667,0.20833333333333334,15,0.5664240809639508,primary,score_oracle,MK14
0.6193025838135613,600,1.0,5.0,2.9166666666666665,2.5,1.0,1.0,120,5,600,1,1.0,600,mean,s1_width,0.5125243449456556,0.08333333333333333,0.2916666666666667,0.125,1,0.5125243449456556,primary,width,MK14
0.6193025838135613,1200,1.0,5.0,2.9166666666666665,2.5,1.0,1.0,120,5,600,1,1.0,600,mean,s1_width,0.5125243449456556,0.08333333333333333,0.2916666666666667,0.125,1,0.5125243449456556,primary,width,MK14
0.6193025838135613,2400,1.0,5.0,2.9166666666666665,2.5,1.0,1.0,120,5,600,1,1.0,600,mean,s1_width,0.5125243449456556,0.08333333333333333,0.2916666666666667,0.125,1,0.5125243449456556,primary,width,MK14
0.6193025838135613,3600,1.0,5.0,2.9166666666666665,2.5,1.0,1.0,120,5,600,1,1.0,600,mean,s1_width,0.5125243449456556,0.08333333333333333,0.2916666666666667,0.125,1,0.5125243449456556,primary,width,MK14
0.6193025838135613,4800,1.0,5.0,2.9166666666666665,2.5,1.0,1.0,120,5,600,1,1.0,600,mean,s1_width,0.5125243449456556,0.08333333333333333,0.2916666666666667,0.125,1,0.5125243449456556,primary,width,MK14
0.6193025838135613,600,1.0,5.0,2.9166666666666665,2.5,1.0,1.0,120,5,600,1,1.0,600,mean,s2_uniform,0.5125243449456556,0.08333333333333333,0.2916666666666667,0.125,1,0.5125243449456556,primary,uniform,MK14
0.8406137333203146,1200,1.0,5.0,4.166666666666667,5.0,1.0,2.0,120,5,1200,2,2.0,600,mean,s2_uniform,0.6488394517483903,0.08333333333333333,0.4166666666666667,0.25,2,0.5125243449456556,primary,uniform,MK14
0.7638991757921689,2400,1.0,5.0,3.75,4.166666666666667,1.0,4.0,120,5,2400,4,4.0,600,mean,s2_uniform,0.5674264513465378,0.08333333333333333,0.375,0.20833333333333334,4,0.5125243449456556,primary,uniform,MK14
0.7440092379222755,3600,1.0,5.0,2.9166666666666665,5.0,1.0,6.0,120,5,3600,6,6.0,600,mean,s2_uniform,0.562259407302444,0.08333333333333333,0.2916666666666667,0.25,6,0.5125243449456556,primary,uniform,MK14
0.7684291314564458,4800,1.0,5.0,3.333333333333333,5.0,1.0,8.0,120,5,4800,8,8.0,600,mean,s2_uniform,0.5903101227019157,0.08333333333333333,0.3333333333333333,0.25,8,0.5125243449456556,primary,uniform,MK14
0.6193025838135613,600,1.0,5.0,2.9166666666666665,2.5,1.0,1.0,120,5,600,1,1.0,600,mean,s3_top10,0.5125243449456556,0.08333333333333333,0.2916666666666667,0.125,1,0.5125243449456556,primary,primary_all|top_up,MK14
0.707528719227168,1200,1.0,5.0,3.333333333333333,4.166666666666667,1.0,1.75,120,5,1200,11,2.0,600,mean,s3_top10,0.5562282105245212,0.08333333333333333,0.3333333333333333,0.20833333333333334,11,0.5125243449456556,primary,primary_all|top_up,MK14
0.6966548669495582,2400,1.0,5.0,3.333333333333333,4.166666666666667,1.0,2.05,120,5,1440,15,2.4,600,mean,s3_top10,0.5490522845985953,0.08333333333333333,0.3333333333333333,0.20833333333333334,15,0.5125243449456556,primary,primary_all|top_up,MK14
0.6966548669495582,3600,1.0,5.0,3.333333333333333,4.166666666666667,1.0,2.05,120,5,1440,15,2.4,600,mean,s3_top10,0.5490522845985953,0.08333333333333333,0.3333333333333333,0.20833333333333334,15,0.5125243449456556,primary,primary_all|top_up,MK14
0.6966548669495582,4800,1.0,5.0,3.333333333333333,4.166666666666667,1.0,2.05,120,5,1440,15,2.4,600,mean,s3_top10,0.5490522845985953,0.08333333333333333,0.3333333333333333,0.20833333333333334,15,0.5125243449456556,primary,primary_all|top_up,MK14
0.6193025838135613,600,1.0,5.0,2.9166666666666665,2.5,1.0,1.0,120,5,600,1,1.0,600,mean,s3_top25,0.5125243449456556,0.08333333333333333,0.2916666666666667,0.125,1,0.5125243449456556,primary,primary_all|top_up,MK14
0.7189340324396247,1200,1.0,5.0,3.333333333333333,4.166666666666667,1.0,2.0,120,5,1200,5,2.0,600,mean,s3_top25,0.5844396235548087,0.08333333333333333,0.3333333333333333,0.20833333333333334,5,0.5125243449456556,primary,primary_all|top_up,MK14
0.7816846058621785,2400,1.0,5.0,3.75,5.0,1.0,4.0,120,5,2400,13,4.0,600,mean,s3_top25,0.6022678719234377,0.08333333333333333,0.375,0.25,13,0.5125243449456556,primary,primary_all|top_up,MK14
0.7420637165587782,3600,1.0,5.0,3.75,4.166666666666667,1.0,4.5,120,5,2700,15,4.5,600,mean,s3_top25,0.5793661918063685,0.08333333333333333,0.375,0.20833333333333334,15,0.5125243449456556,primary,primary_all|top_up,MK14
0.7420637165587782,4800,1.0,5.0,3.75,4.166666666666667,1.0,4.5,120,5,2700,15,4.5,600,mean,s3_top25,0.5793661918063685,0.08333333333333333,0.375,0.20833333333333334,15,0.5125243449456556,primary,primary_all|top_up,MK14
0.6193025838135613,600,1.0,5.0,2.9166666666666665,2.5,1.0,1.0,120,5,600,1,1.0,600,mean,s3_top50,0.5125243449456556,0.08333333333333333,0.2916666666666667,0.125,1,0.5125243449456556,primary,primary_all|top_up,MK14
0.7889571583847441,1200,1.0,5.0,4.166666666666667,4.166666666666667,1.0,2.066666666666667,120,5,1200,3,2.0,600,mean,s3_top50,0.6293539165210803,0.08333333333333333,0.4166666666666667,0.20833333333333334,3,0.5125243449456556,primary,primary_all|top_up,MK14
0.7767354945531859,2400,1.0,5.0,3.333333333333333,5.0,1.0,4.2,120,5,2400,7,4.0,600,mean,s3_top50,0.6312488529488297,0.08333333333333333,0.3333333333333333,0.25,7,0.5125243449456556,primary,primary_all|top_up,MK14
0.817968006209356,3600,1.0,5.0,3.75,5.0,1.0,6.333333333333333,120,5,3600,11,6.0,600,mean,s3_top50,0.6589357341693779,0.08333333333333333,0.375,0.25,11,0.5125243449456556,primary,primary_all|top_up,MK14
0.7566595906454896,4800,1.0,5.0,3.333333333333333,4.166666666666667,1.0,8.466666666666667,120,5,4800,15,8.0,600,mean,s3_top50,0.6165145399878177,0.08333333333333333,0.3333333333333333,0.20833333333333334,15,0.5125243449456556,primary,primary_all|top_up,MK14
0.7467990020619537,600,0.7233333333333334,5.0,3.333333333333333,4.166666666666667,0.725,1.3103448275862069,120,5,600,3,1.3824884792626728,434,mean,s4_scaffold25,0.6200899215469063,0.08333333333333333,0.3333333333333333,0.20833333333333334,3,0.5125243449456556,primary,scaffold_representatives|expand_top_groups,MK14
0.7740290761893496,1200,0.7233333333333334,5.0,4.166666666666667,4.166666666666667,0.725,2.5402298850574714,120,5,1200,8,2.7649769585253456,434,mean,s4_scaffold25,0.6343382430921166,0.08333333333333333,0.4166666666666667,0.20833333333333334,8,0.5125243449456556,primary,scaffold_representatives|expand_top_groups,MK14
0.7591459441282992,2400,0.7233333333333334,5.0,3.75,4.166666666666667,0.725,4.505747126436781,120,5,2150,15,4.953917050691245,434,mean,s4_scaffold25,0.6210300309404827,0.08333333333333333,0.375,0.20833333333333334,15,0.5125243449456556,primary,scaffold_representatives|expand_top_groups,MK14
0.7591459441282992,3600,0.7233333333333334,5.0,3.75,4.166666666666667,0.725,4.505747126436781,120,5,2150,15,4.953917050691245,434,mean,s4_scaffold25,0.6210300309404827,0.08333333333333333,0.375,0.20833333333333334,15,0.5125243449456556,primary,scaffold_representatives|expand_top_groups,MK14
0.7591459441282992,4800,0.7233333333333334,5.0,3.75,4.166666666666667,0.725,4.505747126436781,120,5,2150,15,4.953917050691245,434,mean,s4_scaffold25,0.6210300309404827,0.08333333333333333,0.375,0.20833333333333334,15,0.5125243449456556,primary,scaffold_representatives|expand_top_groups,MK14
0.7110923355251132,600,0.7366666666666667,5.0,3.333333333333333,3.333333333333333,0.7416666666666667,1.3258426966292134,120,5,600,2,1.3574660633484164,442,mean,s4_scaffold50,0.5893518319128255,0.08333333333333333,0.3333333333333333,0.16666666666666666,2,0.5125243449456556,primary,scaffold_representatives|expand_top_groups,MK14
0.7704421721656931,1200,0.755,5.0,3.75,5.0,0.7833333333333333,2.6595744680851063,120,5,1200,5,2.6490066225165565,453,mean,s4_scaffold50,0.6311533706179155,0.08333333333333333,0.375,0.25,5,0.5125243449456556,primary,scaffold_representatives|expand_top_groups,MK14
0.803356515191556,2400,0.755,5.0,3.75,5.0,0.7833333333333333,5.425531914893617,120,5,2400,10,5.298013245033113,453,mean,s4_scaffold50,0.6559835545083081,0.08333333333333333,0.375,0.25,10,0.5125243449456556,primary,scaffold_representatives|expand_top_groups,MK14
0.7780915551809916,3600,0.755,5.0,3.75,4.166666666666667,0.7833333333333333,8.191489361702128,120,5,3600,14,7.947019867549669,453,mean,s4_scaffold50,0.6378102322352814,0.08333333333333333,0.375,0.20833333333333334,14,0.5125243449456556,primary,scaffold_representatives|expand_top_groups,MK14
0.7538275569247241,4800,0.755,5.0,3.333333333333333,4.166666666666667,0.7833333333333333,8.787234042553191,120,5,3858,15,8.516556291390728,453,mean,s4_scaffold50,0.623536952498292,0.08333333333333333,0.3333333333333333,0.20833333333333334,15,0.5125243449456556,primary,scaffold_representatives|expand_top_groups,MK14
0.8161674075469159,600,1.0,5.0,3.75,5.0,1.0,1.0,120,5,600,1,1.0,600,mean,s5_score_oracle,0.6064754671967097,0.08333333333333333,0.375,0.25,15,0.5125243449456556,primary,score_oracle,MK14
0.8157584394623186,1200,1.0,5.0,4.166666666666667,5.0,1.0,2.0,120,5,1200,2,2.0,600,mean,s5_score_oracle,0.6024527972071447,0.08333333333333333,0.4166666666666667,0.25,15,0.5125243449456556,primary,score_oracle,MK14
0.800092987164284,2400,1.0,5.0,3.75,5.0,1.0,4.0,120,5,2400,4,4.0,600,mean,s5_score_oracle,0.5974531181180658,0.08333333333333333,0.375,0.25,15,0.5125243449456556,primary,score_oracle,MK14
0.8029561955068454,3600,1.0,5.0,3.75,5.0,1.0,6.0,120,5,3600,6,6.0,600,mean,s5_score_oracle,0.5998499166756451,0.08333333333333333,0.375,0.25,15,0.5125243449456556,primary,score_oracle,MK14
0.8043191779264642,4800,1.0,5.0,3.75,5.0,1.0,8.0,120,5,4800,8,8.0,600,mean,s5_score_oracle,0.6032084020337859,0.08333333333333333,0.375,0.25,15,0.5125243449456556,primary,score_oracle,MK14
0.6193025838135613,600,1.0,5.0,2.9166666666666665,2.5,1.0,1.0,120,5,600,1,1.0,600,min,s1_width,0.5125243449456556,0.08333333333333333,0.2916666666666667,0.125,1,0.5125243449456556,primary,width,MK14
0.6193025838135613,1200,1.0,5.0,2.9166666666666665,2.5,1.0,1.0,120,5,600,1,1.0,600,min,s1_width,0.5125243449456556,0.08333333333333333,0.2916666666666667,0.125,1,0.5125243449456556,primary,width,MK14
0.6193025838135613,2400,1.0,5.0,2.9166666666666665,2.5,1.0,1.0,120,5,600,1,1.0,600,min,s1_width,0.5125243449456556,0.08333333333333333,0.2916666666666667,0.125,1,0.5125243449456556,primary,width,MK14
0.6193025838135613,3600,1.0,5.0,2.9166666666666665,2.5,1.0,1.0,120,5,600,1,1.0,600,min,s1_width,0.5125243449456556,0.08333333333333333,0.2916666666666667,0.125,1,0.5125243449456556,primary,width,MK14
0.6193025838135613,4800,1.0,5.0,2.9166666666666665,2.5,1.0,1.0,120,5,600,1,1.0,600,min,s1_width,0.5125243449456556,0.08333333333333333,0.2916666666666667,0.125,1,0.5125243449456556,primary,width,MK14
0.6193025838135613,600,1.0,5.0,2.9166666666666665,2.5,1.0,1.0,120,5,600,1,1.0,600,min,s2_uniform,0.5125243449456556,0.08333333333333333,0.2916666666666667,0.125,1,0.5125243449456556,primary,uniform,MK14
0.8180835698935217,1200,1.0,5.0,3.75,5.0,1.0,2.0,120,5,1200,2,2.0,600,min,s2_uniform,0.5901741745983918,0.08333333333333333,0.375,0.25,2,0.5125243449456556,primary,uniform,MK14
0.7700138653976375,2400,1.0,5.0,3.333333333333333,5.0,1.0,4.0,120,5,2400,4,4.0,600,min,s2_uniform,0.5631598948767356,0.08333333333333333,0.3333333333333333,0.25,4,0.5125243449456556,primary,uniform,MK14
0.7762026332472529,3600,1.0,5.0,3.333333333333333,5.0,1.0,6.0,120,5,3600,6,6.0,600,min,s2_uniform,0.573313615389501,0.08333333333333333,0.3333333333333333,0.25,6,0.5125243449456556,primary,uniform,MK14
0.8163142834230614,4800,1.0,5.0,3.75,5.0,1.0,8.0,120,5,4800,8,8.0,600,min,s2_uniform,0.6080545460755644,0.08333333333333333,0.375,0.25,8,0.5125243449456556,primary,uniform,MK14
0.6193025838135613,600,1.0,5.0,2.9166666666666665,2.5,1.0,1.0,120,5,600,1,1.0,600,min,s3_top10,0.5125243449456556,0.08333333333333333,0.2916666666666667,0.125,1,0.5125243449456556,primary,primary_all|top_up,MK14
0.6613276797429845,1200,1.0,5.0,2.9166666666666665,4.166666666666667,1.0,1.75,120,5,1200,11,2.0,600,min,s3_top10,0.5307287100250208,0.08333333333333333,0.2916666666666667,0.20833333333333334,11,0.5125243449456556,primary,primary_all|top_up,MK14
0.6613276797429845,2400,1.0,5.0,2.9166666666666665,4.166666666666667,1.0,2.05,120,5,1440,15,2.4,600,min,s3_top10,0.5307287100250208,0.08333333333333333,0.2916666666666667,0.20833333333333334,15,0.5125243449456556,primary,primary_all|top_up,MK14
0.6613276797429845,3600,1.0,5.0,2.9166666666666665,4.166666666666667,1.0,2.05,120,5,1440,15,2.4,600,min,s3_top10,0.5307287100250208,0.08333333333333333,0.2916666666666667,0.20833333333333334,15,0.5125243449456556,primary,primary_all|top_up,MK14
0.6613276797429845,4800,1.0,5.0,2.9166666666666665,4.166666666666667,1.0,2.05,120,5,1440,15,2.4,600,min,s3_top10,0.5307287100250208,0.08333333333333333,0.2916666666666667,0.20833333333333334,15,0.5125243449456556,primary,primary_all|top_up,MK14
0.6193025838135613,600,1.0,5.0,2.9166666666666665,2.5,1.0,1.0,120,5,600,1,1.0,600,min,s3_top25,0.5125243449456556,0.08333333333333333,0.2916666666666667,0.125,1,0.5125243449456556,primary,primary_all|top_up,MK14
0.7104123509787327,1200,1.0,5.0,3.333333333333333,3.333333333333333,1.0,2.0,120,5,1200,5,2.0,600,min,s3_top25,0.5606375739509125,0.08333333333333333,0.3333333333333333,0.16666666666666666,5,0.5125243449456556,primary,primary_all|top_up,MK14
0.7605525446859415,2400,1.0,5.0,3.75,4.166666666666667,1.0,4.0,120,5,2400,13,4.0,600,min,s3_top25,0.5902498054013792,0.08333333333333333,0.375,0.20833333333333334,13,0.5125243449456556,primary,primary_all|top_up,MK14
0.7599707756542602,3600,1.0,5.0,3.75,4.166666666666667,1.0,4.5,120,5,2700,15,4.5,600,min,s3_top25,0.5889726661932054,0.08333333333333333,0.375,0.20833333333333334,15,0.5125243449456556,primary,primary_all|top_up,MK14
0.7599707756542602,4800,1.0,5.0,3.75,4.166666666666667,1.0,4.5,120,5,2700,15,4.5,600,min,s3_top25,0.5889726661932054,0.08333333333333333,0.375,0.20833333333333334,15,0.5125243449456556,primary,primary_all|top_up,MK14
0.6193025838135613,600,1.0,5.0,2.9166666666666665,2.5,1.0,1.0,120,5,600,1,1.0,600,min,s3_top50,0.5125243449456556,0.08333333333333333,0.2916666666666667,0.125,1,0.5125243449456556,primary,primary_all|top_up,MK14
0.7842131168151413,1200,1.0,5.0,3.75,5.0,1.0,2.066666666666667,120,5,1200,3,2.0,600,min,s3_top50,0.6258398642672635,0.08333333333333333,0.375,0.25,3,0.5125243449456556,primary,primary_all|top_up,MK14
0.8271437841229158,2400,1.0,5.0,3.75,5.0,1.0,4.2,120,5,2400,7,4.0,600,min,s3_top50,0.6556773967993124,0.08333333333333333,0.375,0.25,7,0.5125243449456556,primary,primary_all|top_up,MK14
0.8271885926220888,3600,1.0,5.0,3.75,5.0,1.0,6.333333333333333,120,5,3600,11,6.0,600,min,s3_top50,0.6559522963100495,0.08333333333333333,0.375,0.25,11,0.5125243449456556,primary,primary_all|top_up,MK14
0.8268300620965868,4800,1.0,5.0,3.75,5.0,1.0,8.466666666666667,120,5,4800,15,8.0,600,min,s3_top50,0.6524893261378115,0.08333333333333333,0.375,0.25,15,0.5125243449456556,primary,primary_all|top_up,MK14
0.7640899453750579,600,0.7233333333333334,5.0,3.333333333333333,4.166666666666667,0.725,1.3103448275862069,120,5,600,3,1.3824884792626728,434,min,s4_scaffold25,0.629650361107346,0.08333333333333333,0.3333333333333333,0.20833333333333334,3,0.5125243449456556,primary,scaffold_representatives|expand_top_groups,MK14
0.7831261417223199,1200,0.7233333333333334,5.0,4.166666666666667,4.166666666666667,0.725,2.5402298850574714,120,5,1200,8,2.7649769585253456,434,min,s4_scaffold25,0.6331222075547183,0.08333333333333333,0.4166666666666667,0.20833333333333334,8,0.5125243449456556,primary,scaffold_representatives|expand_top_groups,MK14
0.7831261417223199,2400,0.7233333333333334,5.0,4.166666666666667,4.166666666666667,0.725,4.505747126436781,120,5,2150,15,4.953917050691245,434,min,s4_scaffold25,0.6331222075547183,0.08333333333333333,0.4166666666666667,0.20833333333333334,15,0.5125243449456556,primary,scaffold_representatives|expand_top_groups,MK14
0.7831261417223199,3600,0.7233333333333334,5.0,4.166666666666667,4.166666666666667,0.725,4.505747126436781,120,5,2150,15,4.953917050691245,434,min,s4_scaffold25,0.6331222075547183,0.08333333333333333,0.4166666666666667,0.20833333333333334,15,0.5125243449456556,primary,scaffold_representatives|expand_top_groups,MK14
0.7831261417223199,4800,0.7233333333333334,5.0,4.166666666666667,4.166666666666667,0.725,4.505747126436781,120,5,2150,15,4.953917050691245,434,min,s4_scaffold25,0.6331222075547183,0.08333333333333333,0.4166666666666667,0.20833333333333334,15,0.5125243449456556,primary,scaffold_representatives|expand_top_groups,MK14
0.7455603355430729,600,0.7366666666666667,5.0,3.333333333333333,5.0,0.7416666666666667,1.3258426966292134,120,5,600,2,1.3574660633484164,442,min,s4_scaffold50,0.604757251095657,0.08333333333333333,0.3333333333333333,0.25,2,0.5125243449456556,primary,scaffold_representatives|expand_top_groups,MK14
0.792476316840703,1200,0.755,5.0,3.75,5.0,0.7833333333333333,2.6595744680851063,120,5,1200,5,2.6490066225165565,453,min,s4_scaffold50,0.6474006332058385,0.08333333333333333,0.375,0.25,5,0.5125243449456556,primary,scaffold_representatives|expand_top_groups,MK14
0.8276093761336384,2400,0.755,5.0,3.75,5.0,0.7833333333333333,5.425531914893617,120,5,2400,10,5.298013245033113,453,min,s4_scaffold50,0.6661488047982679,0.08333333333333333,0.375,0.25,10,0.5125243449456556,primary,scaffold_representatives|expand_top_groups,MK14
0.8278250527823569,3600,0.755,5.0,3.75,5.0,0.7833333333333333,8.191489361702128,120,5,3600,14,7.947019867549669,453,min,s4_scaffold50,0.669592667774781,0.08333333333333333,0.375,0.25,14,0.5125243449456556,primary,scaffold_representatives|expand_top_groups,MK14
0.827593377679876,4800,0.755,5.0,3.75,5.0,0.7833333333333333,8.787234042553191,120,5,3858,15,8.516556291390728,453,min,s4_scaffold50,0.6664352714151788,0.08333333333333333,0.375,0.25,15,0.5125243449456556,primary,scaffold_representatives|expand_top_groups,MK14
0.8161674075469159,600,1.0,5.0,3.75,5.0,1.0,1.0,120,5,600,1,1.0,600,min,s5_score_oracle,0.6064754671967097,0.08333333333333333,0.375,0.25,15,0.5125243449456556,primary,score_oracle,MK14
0.8161674075469159,1200,1.0,5.0,3.75,5.0,1.0,2.0,120,5,1200,2,2.0,600,min,s5_score_oracle,0.6064754671967097,0.08333333333333333,0.375,0.25,15,0.5125243449456556,primary,score_oracle,MK14
0.8161674075469159,2400,1.0,5.0,3.75,5.0,1.0,4.0,120,5,2400,4,4.0,600,min,s5_score_oracle,0.6064754671967097,0.08333333333333333,0.375,0.25,15,0.5125243449456556,primary,score_oracle,MK14
0.8161674075469159,3600,1.0,5.0,3.75,5.0,1.0,6.0,120,5,3600,6,6.0,600,min,s5_score_oracle,0.6064754671967097,0.08333333333333333,0.375,0.25,15,0.5125243449456556,primary,score_oracle,MK14
0.8161674075469159,4800,1.0,5.0,3.75,5.0,1.0,8.0,120,5,4800,8,8.0,600,min,s5_score_oracle,0.6064754671967097,0.08333333333333333,0.375,0.25,15,0.5125243449456556,primary,score_oracle,MK14
0.47147592289500145,600,1.0,2.5,1.6666666666666665,3.333333333333333,1.0,1.0,120,1,600,1,1.0,600,mean,s1_width,0.34968871508994726,0.041666666666666664,0.16666666666666666,0.16666666666666666,1,0.34968871508994726,primary,width,PPARG
0.47147592289500145,1200,1.0,2.5,1.6666666666666665,3.333333333333333,1.0,1.0,120,1,600,1,1.0,600,mean,s1_width,0.34968871508994726,0.041666666666666664,0.16666666666666666,0.16666666666666666,1,0.34968871508994726,primary,width,PPARG
0.47147592289500145,2400,1.0,2.5,1.6666666666666665,3.333333333333333,1.0,1.0,120,1,600,1,1.0,600,mean,s1_width,0.34968871508994726,0.041666666666666664,0.16666666666666666,0.16666666666666666,1,0.34968871508994726,primary,width,PPARG
0.47147592289500145,3600,1.0,2.5,1.6666666666666665,3.333333333333333,1.0,1.0,120,1,600,1,1.0,600,mean,s1_width,0.34968871508994726,0.041666666666666664,0.16666666666666666,0.16666666666666666,1,0.34968871508994726,primary,width,PPARG
0.47147592289500145,4800,1.0,2.5,1.6666666666666665,3.333333333333333,1.0,1.0,120,1,600,1,1.0,600,mean,s1_width,0.34968871508994726,0.041666666666666664,0.16666666666666666,0.16666666666666666,1,0.34968871508994726,primary,width,PPARG
0.47147592289500145,600,1.0,2.5,1.6666666666666665,3.333333333333333,1.0,1.0,120,1,600,1,1.0,600,mean,s2_uniform,0.34968871508994726,0.041666666666666664,0.16666666666666666,0.16666666666666666,1,0.34968871508994726,primary,uniform,PPARG
0.5829337219901093,1200,1.0,5.0,2.5,2.5,1.0,2.0,120,1,1200,2,2.0,600,mean,s2_uniform,0.5025840122352365,0.08333333333333333,0.25,0.125,2,0.34968871508994726,primary,uniform,PPARG
0.5905956102110302,2400,1.0,5.0,3.333333333333333,2.5,1.0,4.0,120,1,2400,4,4.0,600,mean,s2_uniform,0.5655160534992153,0.08333333333333333,0.3333333333333333,0.125,4,0.34968871508994726,primary,uniform,PPARG
0.5459068982824682,3600,1.0,2.5,2.9166666666666665,2.5,1.0,6.0,120,1,3600,6,6.0,600,mean,s2_uniform,0.5392970743374654,0.041666666666666664,0.2916666666666667,0.125,6,0.34968871508994726,primary,uniform,PPARG
0.5198471620406633,4800,1.0,2.5,2.5,2.5,1.0,8.0,120,1,4800,8,8.0,600,mean,s2_uniform,0.5188868022716535,0.041666666666666664,0.25,0.125,8,0.34968871508994726,primary,uniform,PPARG
0.47147592289500145,600,1.0,2.5,1.6666666666666665,3.333333333333333,1.0,1.0,120,1,600,1,1.0,600,mean,s3_top10,0.34968871508994726,0.041666666666666664,0.16666666666666666,0.16666666666666666,1,0.34968871508994726,primary,primary_all|top_up,PPARG
0.406356796438728,1200,1.0,2.5,1.6666666666666665,2.5,1.0,1.75,120,1,1200,11,2.0,600,mean,s3_top10,0.32788543381323537,0.041666666666666664,0.16666666666666666,0.125,11,0.34968871508994726,primary,primary_all|top_up,PPARG
0.4179482174653934,2400,1.0,2.5,1.6666666666666665,2.5,1.0,2.125,120,1,1500,16,2.5,600,mean,s3_top10,0.33104526246801746,0.041666666666666664,0.16666666666666666,0.125,16,0.34968871508994726,primary,primary_all|top_up,PPARG
0.4179482174653934,3600,1.0,2.5,1.6666666666666665,2.5,1.0,2.125,120,1,1500,16,2.5,600,mean,s3_top10,0.33104526246801746,0.041666666666666664,0.16666666666666666,0.125,16,0.34968871508994726,primary,primary_all|top_up,PPARG
0.4179482174653934,4800,1.0,2.5,1.6666666666666665,2.5,1.0,2.125,120,1,1500,16,2.5,600,mean,s3_top10,0.33104526246801746,0.041666666666666664,0.16666666666666666,0.125,16,0.34968871508994726,primary,primary_all|top_up,PPARG
0.47147592289500145,600,1.0,2.5,1.6666666666666665,3.333333333333333,1.0,1.0,120,1,600,1,1.0,600,mean,s3_top25,0.34968871508994726,0.041666666666666664,0.16666666666666666,0.16666666666666666,1,0.34968871508994726,primary,primary_all|top_up,PPARG
0.5006953224071347,1200,1.0,2.5,2.0833333333333335,2.5,1.0,1.9333333333333333,120,1,1200,5,2.0,600,mean,s3_top25,0.4177708314945597,0.041666666666666664,0.20833333333333334,0.125,5,0.34968871508994726,primary,primary_all|top_up,PPARG
0.4635671295472273,2400,1.0,2.5,2.0833333333333335,2.5,1.0,3.8,120,1,2400,13,4.0,600,mean,s3_top25,0.3786791762307539,0.041666666666666664,0.20833333333333334,0.125,13,0.34968871508994726,primary,primary_all|top_up,PPARG
0.43549837259224705,3600,1.0,2.5,2.0833333333333335,2.5,1.0,4.5,120,1,2850,16,4.75,600,mean,s3_top25,0.3672230624026058,0.041666666666666664,0.20833333333333334,0.125,16,0.34968871508994726,primary,primary_all|top_up,PPARG
0.43549837259224705,4800,1.0,2.5,2.0833333333333335,2.5,1.0,4.5,120,1,2850,16,4.75,600,mean,s3_top25,0.3672230624026058,0.041666666666666664,0.20833333333333334,0.125,16,0.34968871508994726,primary,primary_all|top_up,PPARG
0.47147592289500145,600,1.0,2.5,1.6666666666666665,3.333333333333333,1.0,1.0,120,1,600,1,1.0,600,mean,s3_top50,0.34968871508994726,0.041666666666666664,0.16666666666666666,0.16666666666666666,1,0.34968871508994726,primary,primary_all|top_up,PPARG
0.5996084342116607,1200,1.0,5.0,2.9166666666666665,2.5,1.0,2.066666666666667,120,1,1200,3,2.0,600,mean,s3_top50,0.47610930920608546,0.08333333333333333,0.2916666666666667,0.125,3,0.34968871508994726,primary,primary_all|top_up,PPARG
0.52241166848664,2400,1.0,2.5,2.9166666666666665,2.5,1.0,4.2,120,1,2400,7,4.0,600,mean,s3_top50,0.4207941793575618,0.041666666666666664,0.2916666666666667,0.125,7,0.34968871508994726,primary,primary_all|top_up,PPARG
0.48841051828565174,3600,1.0,2.5,2.5,2.5,1.0,6.333333333333333,120,1,3600,11,6.0,600,mean,s3_top50,0.42013990771915033,0.041666666666666664,0.25,0.125,11,0.34968871508994726,primary,primary_all|top_up,PPARG
0.4983816316355545,4800,1.0,2.5,2.0833333333333335,2.5,1.0,8.466666666666667,120,1,4800,15,8.0,600,mean,s3_top50,0.42368783499344914,0.041666666666666664,0.20833333333333334,0.125,15,0.34968871508994726,primary,primary_all|top_up,PPARG
0.5876981042302686,600,0.605,5.0,2.9166666666666665,2.5,0.4666666666666667,1.5892857142857142,120,1,600,4,1.6528925619834711,363,mean,s4_scaffold25,0.5775650270264013,0.08333333333333333,0.2916666666666667,0.125,4,0.34968871508994726,primary,scaffold_representatives|expand_top_groups,PPARG
0.5052271959078827,1200,0.605,2.5,2.5,2.5,0.4666666666666667,2.9285714285714284,120,1,1200,9,3.3057851239669422,363,mean,s4_scaffold25,0.5322796140626948,0.041666666666666664,0.25,0.125,9,0.34968871508994726,primary,scaffold_representatives|expand_top_groups,PPARG
0.4960853440881504,2400,0.605,2.5,2.5,2.5,0.4666666666666667,4.75,120,1,1988,16,5.476584022038567,363,mean,s4_scaffold25,0.525525662714411,0.041666666666666664,0.25,0.125,16,0.34968871508994726,primary,scaffold_representatives|expand_top_groups,PPARG
0.4960853440881504,3600,0.605,2.5,2.5,2.5,0.4666666666666667,4.75,120,1,1988,16,5.476584022038567,363,mean,s4_scaffold25,0.525525662714411,0.041666666666666664,0.25,0.125,16,0.34968871508994726,primary,scaffold_representatives|expand_top_groups,PPARG
0.4960853440881504,4800,0.605,2.5,2.5,2.5,0.4666666666666667,4.75,120,1,1988,16,5.476584022038567,363,mean,s4_scaffold25,0.525525662714411,0.041666666666666664,0.25,0.125,16,0.34968871508994726,primary,scaffold_representatives|expand_top_groups,PPARG
0.5796472239217564,600,0.6516666666666666,5.0,2.5,2.5,0.4666666666666667,1.5357142857142858,120,1,600,3,1.5345268542199488,391,mean,s4_scaffold50,0.5733433643097787,0.08333333333333333,0.25,0.125,3,0.34968871508994726,primary,scaffold_representatives|expand_top_groups,PPARG
0.5765053658665819,1200,0.6516666666666666,2.5,3.333333333333333,2.5,0.4666666666666667,2.732142857142857,120,1,1200,5,3.0690537084398977,391,mean,s4_scaffold50,0.5551482722761024,0.041666666666666664,0.3333333333333333,0.125,5,0.34968871508994726,primary,scaffold_representatives|expand_top_groups,PPARG
0.5059237090604239,2400,0.6516666666666666,2.5,2.5,2.5,0.4666666666666667,5.178571428571429,120,1,2400,11,6.138107416879795,391,mean,s4_scaffold50,0.52175185574571,0.041666666666666664,0.25,0.125,11,0.34968871508994726,primary,scaffold_representatives|expand_top_groups,PPARG
0.5017918688184518,3600,0.6516666666666666,2.5,2.5,2.5,0.4666666666666667,7.553571428571429,120,1,3600,16,9.207161125319693,391,mean,s4_scaffold50,0.5155146122957309,0.041666666666666664,0.25,0.125,16,0.34968871508994726,primary,scaffold_representatives|expand_top_groups,PPARG
0.5014196588506007,4800,0.6516666666666666,2.5,2.5,2.5,0.4666666666666667,7.696428571428571,120,1,3668,16,9.381074168797953,391,mean,s4_scaffold50,0.5146836531314384,0.041666666666666664,0.25,0.125,16,0.34968871508994726,primary,scaffold_representatives|expand_top_groups,PPARG
0.4492371416620919,600,1.0,2.5,1.6666666666666665,2.5,1.0,1.0,120,1,600,1,1.0,600,mean,s5_score_oracle,0.3690846213091876,0.041666666666666664,0.16666666666666666,0.125,16,0.34968871508994726,primary,score_oracle,PPARG
0.46566955106756813,1200,1.0,2.5,2.0833333333333335,2.5,1.0,2.0,120,1,1200,2,2.0,600,mean,s5_score_oracle,0.3830324353740106,0.041666666666666664,0.20833333333333334,0.125,16,0.34968871508994726,primary,score_oracle,PPARG
0.4808594631694472,2400,1.0,2.5,2.0833333333333335,2.5,1.0,4.0,120,1,2400,4,4.0,600,mean,s5_score_oracle,0.41023977912391557,0.041666666666666664,0.20833333333333334,0.125,16,0.34968871508994726,primary,score_oracle,PPARG
0.4867716940514239,3600,1.0,2.5,2.0833333333333335,2.5,1.0,6.0,120,1,3600,6,6.0,600,mean,s5_score_oracle,0.4304049329919695,0.041666666666666664,0.20833333333333334,0.125,16,0.34968871508994726,primary,score_oracle,PPARG
0.4884819259751085,4800,1.0,2.5,2.0833333333333335,2.5,1.0,8.0,120,1,4800,8,8.0,600,mean,s5_score_oracle,0.4465729080983632,0.041666666666666664,0.20833333333333334,0.125,16,0.34968871508994726,primary,score_oracle,PPARG
0.47147592289500145,600,1.0,2.5,1.6666666666666665,3.333333333333333,1.0,1.0,120,1,600,1,1.0,600,min,s1_width,0.34968871508994726,0.041666666666666664,0.16666666666666666,0.16666666666666666,1,0.34968871508994726,primary,width,PPARG
0.47147592289500145,1200,1.0,2.5,1.6666666666666665,3.333333333333333,1.0,1.0,120,1,600,1,1.0,600,min,s1_width,0.34968871508994726,0.041666666666666664,0.16666666666666666,0.16666666666666666,1,0.34968871508994726,primary,width,PPARG
0.47147592289500145,2400,1.0,2.5,1.6666666666666665,3.333333333333333,1.0,1.0,120,1,600,1,1.0,600,min,s1_width,0.34968871508994726,0.041666666666666664,0.16666666666666666,0.16666666666666666,1,0.34968871508994726,primary,width,PPARG
0.47147592289500145,3600,1.0,2.5,1.6666666666666665,3.333333333333333,1.0,1.0,120,1,600,1,1.0,600,min,s1_width,0.34968871508994726,0.041666666666666664,0.16666666666666666,0.16666666666666666,1,0.34968871508994726,primary,width,PPARG
0.47147592289500145,4800,1.0,2.5,1.6666666666666665,3.333333333333333,1.0,1.0,120,1,600,1,1.0,600,min,s1_width,0.34968871508994726,0.041666666666666664,0.16666666666666666,0.16666666666666666,1,0.34968871508994726,primary,width,PPARG
0.47147592289500145,600,1.0,2.5,1.6666666666666665,3.333333333333333,1.0,1.0,120,1,600,1,1.0,600,min,s2_uniform,0.34968871508994726,0.041666666666666664,0.16666666666666666,0.16666666666666666,1,0.34968871508994726,primary,uniform,PPARG
0.4384997230857387,1200,1.0,2.5,1.6666666666666665,2.5,1.0,2.0,120,1,1200,2,2.0,600,min,s2_uniform,0.3546549201657523,0.041666666666666664,0.16666666666666666,0.125,2,0.34968871508994726,primary,uniform,PPARG
0.44662859133088856,2400,1.0,2.5,1.6666666666666665,2.5,1.0,4.0,120,1,2400,4,4.0,600,min,s2_uniform,0.35593167009934645,0.041666666666666664,0.16666666666666666,0.125,4,0.34968871508994726,primary,uniform,PPARG
0.42202774417160027,3600,1.0,2.5,1.6666666666666665,2.5,1.0,6.0,120,1,3600,6,6.0,600,min,s2_uniform,0.3447496992629739,0.041666666666666664,0.16666666666666666,0.125,6,0.34968871508994726,primary,uniform,PPARG
0.4403922274772236,4800,1.0,2.5,1.6666666666666665,2.5,1.0,8.0,120,1,4800,8,8.0,600,min,s2_uniform,0.35163371829152973,0.041666666666666664,0.16666666666666666,0.125,8,0.34968871508994726,primary,uniform,PPARG
0.47147592289500145,600,1.0,2.5,1.6666666666666665,3.333333333333333,1.0,1.0,120,1,600,1,1.0,600,min,s3_top10,0.34968871508994726,0.041666666666666664,0.16666666666666666,0.16666666666666666,1,0.34968871508994726,primary,primary_all|top_up,PPARG
0.4522103784753084,1200,1.0,2.5,1.6666666666666665,2.5,1.0,1.75,120,1,1200,11,2.0,600,min,s3_top10,0.3427442706455029,0.041666666666666664,0.16666666666666666,0.125,11,0.34968871508994726,primary,primary_all|top_up,PPARG
0.4522103784753084,2400,1.0,2.5,1.6666666666666665,2.5,1.0,2.125,120,1,1500,16,2.5,600,min,s3_top10,0.3427442706455029,0.041666666666666664,0.16666666666666666,0.125,16,0.34968871508994726,primary,primary_all|top_up,PPARG
0.4522103784753084,3600,1.0,2.5,1.6666666666666665,2.5,1.0,2.125,120,1,1500,16,2.5,600,min,s3_top10,0.3427442706455029,0.041666666666666664,0.16666666666666666,0.125,16,0.34968871508994726,primary,primary_all|top_up,PPARG
0.4522103784753084,4800,1.0,2.5,1.6666666666666665,2.5,1.0,2.125,120,1,1500,16,2.5,600,min,s3_top10,0.3427442706455029,0.041666666666666664,0.16666666666666666,0.125,16,0.34968871508994726,primary,primary_all|top_up,PPARG
0.47147592289500145,600,1.0,2.5,1.6666666666666665,3.333333333333333,1.0,1.0,120,1,600,1,1.0,600,min,s3_top25,0.34968871508994726,0.041666666666666664,0.16666666666666666,0.16666666666666666,1,0.34968871508994726,primary,primary_all|top_up,PPARG
0.4514829160491012,1200,1.0,2.5,2.0833333333333335,2.5,1.0,1.9333333333333333,120,1,1200,5,2.0,600,min,s3_top25,0.34269844569158964,0.041666666666666664,0.20833333333333334,0.125,5,0.34968871508994726,primary,primary_all|top_up,PPARG
0.47027381020273884,2400,1.0,2.5,2.0833333333333335,2.5,1.0,3.8,120,1,2400,13,4.0,600,min,s3_top25,0.3539663894083825,0.041666666666666664,0.20833333333333334,0.125,13,0.34968871508994726,primary,primary_all|top_up,PPARG
0.4705340872015169,3600,1.0,2.5,2.5,2.5,1.0,4.5,120,1,2850,16,4.75,600,min,s3_top25,0.35510599054798364,0.041666666666666664,0.25,0.125,16,0.34968871508994726,primary,primary_all|top_up,PPARG
0.4705340872015169,4800,1.0,2.5,2.5,2.5,1.0,4.5,120,1,2850,16,4.75,600,min,s3_top25,0.35510599054798364,0.041666666666666664,0.25,0.125,16,0.34968871508994726,primary,primary_all|top_up,PPARG
0.47147592289500145,600,1.0,2.5,1.6666666666666665,3.333333333333333,1.0,1.0,120,1,600,1,1.0,600,min,s3_top50,0.34968871508994726,0.041666666666666664,0.16666666666666666,0.16666666666666666,1,0.34968871508994726,primary,primary_all|top_up,PPARG
0.4466633343611009,1200,1.0,2.5,1.6666666666666665,2.5,1.0,2.066666666666667,120,1,1200,3,2.0,600,min,s3_top50,0.34685609309750715,0.041666666666666664,0.16666666666666666,0.125,3,0.34968871508994726,primary,primary_all|top_up,PPARG
0.4459542405258434,2400,1.0,2.5,1.6666666666666665,2.5,1.0,4.2,120,1,2400,7,4.0,600,min,s3_top50,0.34811839283159385,0.041666666666666664,0.16666666666666666,0.125,7,0.34968871508994726,primary,primary_all|top_up,PPARG
0.46490017267969597,3600,1.0,2.5,2.0833333333333335,2.5,1.0,6.333333333333333,120,1,3600,11,6.0,600,min,s3_top50,0.3685175163960146,0.041666666666666664,0.20833333333333334,0.125,11,0.34968871508994726,primary,primary_all|top_up,PPARG
0.46470271365036797,4800,1.0,2.5,2.0833333333333335,2.5,1.0,8.466666666666667,120,1,4800,15,8.0,600,min,s3_top50,0.3720560664148427,0.041666666666666664,0.20833333333333334,0.125,15,0.34968871508994726,primary,primary_all|top_up,PPARG
0.49150241515152177,600,0.605,2.5,2.0833333333333335,2.5,0.4666666666666667,1.5892857142857142,120,1,600,4,1.6528925619834711,363,min,s4_scaffold25,0.512538838513091,0.041666666666666664,0.20833333333333334,0.125,4,0.34968871508994726,primary,scaffold_representatives|expand_top_groups,PPARG
0.5105981926962319,1200,0.605,2.5,2.0833333333333335,2.5,0.4666666666666667,2.9285714285714284,120,1,1200,9,3.3057851239669422,363,min,s4_scaffold25,0.5203671213413738,0.041666666666666664,0.20833333333333334,0.125,9,0.34968871508994726,primary,scaffold_representatives|expand_top_groups,PPARG
0.5123172956761227,2400,0.605,2.5,2.5,2.5,0.4666666666666667,4.75,120,1,1988,16,5.476584022038567,363,min,s4_scaffold25,0.5215488100230625,0.041666666666666664,0.25,0.125,16,0.34968871508994726,primary,scaffold_representatives|expand_top_groups,PPARG
0.5123172956761227,3600,0.605,2.5,2.5,2.5,0.4666666666666667,4.75,120,1,1988,16,5.476584022038567,363,min,s4_scaffold25,0.5215488100230625,0.041666666666666664,0.25,0.125,16,0.34968871508994726,primary,scaffold_representatives|expand_top_groups,PPARG
0.5123172956761227,4800,0.605,2.5,2.5,2.5,0.4666666666666667,4.75,120,1,1988,16,5.476584022038567,363,min,s4_scaffold25,0.5215488100230625,0.041666666666666664,0.25,0.125,16,0.34968871508994726,primary,scaffold_representatives|expand_top_groups,PPARG
0.49763019680710946,600,0.6516666666666666,2.5,2.0833333333333335,2.5,0.4666666666666667,1.5357142857142858,120,1,600,3,1.5345268542199488,391,min,s4_scaffold50,0.5182917941344677,0.041666666666666664,0.20833333333333334,0.125,3,0.34968871508994726,primary,scaffold_representatives|expand_top_groups,PPARG
0.49908139792270934,1200,0.6516666666666666,2.5,2.0833333333333335,2.5,0.4666666666666667,2.732142857142857,120,1,1200,5,3.0690537084398977,391,min,s4_scaffold50,0.5186982483828337,0.041666666666666664,0.20833333333333334,0.125,5,0.34968871508994726,primary,scaffold_representatives|expand_top_groups,PPARG
0.508609452900863,2400,0.6516666666666666,2.5,2.0833333333333335,2.5,0.4666666666666667,5.178571428571429,120,1,2400,11,6.138107416879795,391,min,s4_scaffold50,0.523840767578178,0.041666666666666664,0.20833333333333334,0.125,11,0.34968871508994726,primary,scaffold_representatives|expand_top_groups,PPARG
0.50657929385249,3600,0.6516666666666666,2.5,2.5,2.5,0.4666666666666667,7.553571428571429,120,1,3600,16,9.207161125319693,391,min,s4_scaffold50,0.5227076414450519,0.041666666666666664,0.25,0.125,16,0.34968871508994726,primary,scaffold_representatives|expand_top_groups,PPARG
0.50657929385249,4800,0.6516666666666666,2.5,2.5,2.5,0.4666666666666667,7.696428571428571,120,1,3668,16,9.381074168797953,391,min,s4_scaffold50,0.5227076414450519,0.041666666666666664,0.25,0.125,16,0.34968871508994726,primary,scaffold_representatives|expand_top_groups,PPARG
0.4492371416620919,600,1.0,2.5,1.6666666666666665,2.5,1.0,1.0,120,1,600,1,1.0,600,min,s5_score_oracle,0.3690846213091876,0.041666666666666664,0.16666666666666666,0.125,16,0.34968871508994726,primary,score_oracle,PPARG
0.4492371416620919,1200,1.0,2.5,1.6666666666666665,2.5,1.0,2.0,120,1,1200,2,2.0,600,min,s5_score_oracle,0.3690846213091876,0.041666666666666664,0.16666666666666666,0.125,16,0.34968871508994726,primary,score_oracle,PPARG
0.4492371416620919,2400,1.0,2.5,1.6666666666666665,2.5,1.0,4.0,120,1,2400,4,4.0,600,min,s5_score_oracle,0.3690846213091876,0.041666666666666664,0.16666666666666666,0.125,16,0.34968871508994726,primary,score_oracle,PPARG
0.4492371416620919,3600,1.0,2.5,1.6666666666666665,2.5,1.0,6.0,120,1,3600,6,6.0,600,min,s5_score_oracle,0.3690846213091876,0.041666666666666664,0.16666666666666666,0.125,16,0.34968871508994726,primary,score_oracle,PPARG
0.4492371416620919,4800,1.0,2.5,1.6666666666666665,2.5,1.0,8.0,120,1,4800,8,8.0,600,min,s5_score_oracle,0.3690846213091876,0.041666666666666664,0.16666666666666666,0.125,16,0.34968871508994726,primary,score_oracle,PPARG
0.5330528924895155,600,1.0,2.5,2.5,3.333333333333333,1.0,1.0,120,2,600,1,1.0,600,mean,s1_width,0.4723151803490914,0.041666666666666664,0.25,0.16666666666666666,1,0.4723151803490914,primary,width,PPARG
0.5330528924895155,1200,1.0,2.5,2.5,3.333333333333333,1.0,1.0,120,2,600,1,1.0,600,mean,s1_width,0.4723151803490914,0.041666666666666664,0.25,0.16666666666666666,1,0.4723151803490914,primary,width,PPARG
0.5330528924895155,2400,1.0,2.5,2.5,3.333333333333333,1.0,1.0,120,2,600,1,1.0,600,mean,s1_width,0.4723151803490914,0.041666666666666664,0.25,0.16666666666666666,1,0.4723151803490914,primary,width,PPARG
0.5330528924895155,3600,1.0,2.5,2.5,3.333333333333333,1.0,1.0,120,2,600,1,1.0,600,mean,s1_width,0.4723151803490914,0.041666666666666664,0.25,0.16666666666666666,1,0.4723151803490914,primary,width,PPARG
0.5330528924895155,4800,1.0,2.5,2.5,3.333333333333333,1.0,1.0,120,2,600,1,1.0,600,mean,s1_width,0.4723151803490914,0.041666666666666664,0.25,0.16666666666666666,1,0.4723151803490914,primary,width,PPARG
0.5330528924895155,600,1.0,2.5,2.5,3.333333333333333,1.0,1.0,120,2,600,1,1.0,600,mean,s2_uniform,0.4723151803490914,0.041666666666666664,0.25,0.16666666666666666,1,0.4723151803490914,primary,uniform,PPARG
0.5293424970714409,1200,1.0,2.5,2.5,2.5,1.0,2.0,120,2,1200,2,2.0,600,mean,s2_uniform,0.4826636109176066,0.041666666666666664,0.25,0.125,2,0.4723151803490914,primary,uniform,PPARG
0.5510099381789346,2400,1.0,5.0,2.5,2.5,1.0,4.0,120,2,2400,4,4.0,600,mean,s2_uniform,0.496896536921367,0.08333333333333333,0.25,0.125,4,0.4723151803490914,primary,uniform,PPARG
0.584545501292797,3600,1.0,5.0,2.5,2.5,1.0,6.0,120,2,3600,6,6.0,600,mean,s2_uniform,0.5241561184159104,0.08333333333333333,0.25,0.125,6,0.4723151803490914,primary,uniform,PPARG
0.5364606550264517,4800,1.0,2.5,2.9166666666666665,2.5,1.0,8.0,120,2,4800,8,8.0,600,mean,s2_uniform,0.4923345846699599,0.041666666666666664,0.2916666666666667,0.125,8,0.4723151803490914,primary,uniform,PPARG
0.5330528924895155,600,1.0,2.5,2.5,3.333333333333333,1.0,1.0,120,2,600,1,1.0,600,mean,s3_top10,0.4723151803490914,0.041666666666666664,0.25,0.16666666666666666,1,0.4723151803490914,primary,primary_all|top_up,PPARG
0.5331931377750333,1200,1.0,2.5,2.5,2.5,1.0,2.5833333333333335,120,2,1200,11,2.0,600,mean,s3_top10,0.4612370049953843,0.041666666666666664,0.25,0.125,11,0.4723151803490914,primary,primary_all|top_up,PPARG
0.527993205522467,2400,1.0,2.5,2.5,2.5,1.0,3.375,120,2,1500,16,2.5,600,mean,s3_top10,0.4564861572878803,0.041666666666666664,0.25,0.125,16,0.4723151803490914,primary,primary_all|top_up,PPARG
0.527993205522467,3600,1.0,2.5,2.5,2.5,1.0,3.375,120,2,1500,16,2.5,600,mean,s3_top10,0.4564861572878803,0.041666666666666664,0.25,0.125,16,0.4723151803490914,primary,primary_all|top_up,PPARG
0.527993205522467,4800,1.0,2.5,2.5,2.5,1.0,3.375,120,2,1500,16,2.5,600,mean,s3_top10,0.4564861572878803,0.041666666666666664,0.25,0.125,16,0.4723151803490914,primary,primary_all|top_up,PPARG
0.5330528924895155,600,1.0,2.5,2.5,3.333333333333333,1.0,1.0,120,2,600,1,1.0,600,mean,s3_top25,0.4723151803490914,0.041666666666666664,0.25,0.16666666666666666,1,0.4723151803490914,primary,primary_all|top_up,PPARG
0.6034809155395094,1200,1.0,5.0,2.9166666666666665,2.5,1.0,2.0,120,2,1200,5,2.0,600,mean,s3_top25,0.49953464190249797,0.08333333333333333,0.2916666666666667,0.125,5,0.4723151803490914,primary,primary_all|top_up,PPARG
0.5659092412027092,2400,1.0,5.0,2.5,2.5,1.0,4.0,120,2,2400,13,4.0,600,mean,s3_top25,0.4951641155217847,0.08333333333333333,0.25,0.125,13,0.4723151803490914,primary,primary_all|top_up,PPARG
0.5174087879942767,3600,1.0,2.5,2.5,2.5,1.0,4.75,120,2,2850,16,4.75,600,mean,s3_top25,0.4544827709974242,0.041666666666666664,0.25,0.125,16,0.4723151803490914,primary,primary_all|top_up,PPARG
0.5174087879942767,4800,1.0,2.5,2.5,2.5,1.0,4.75,120,2,2850,16,4.75,600,mean,s3_top25,0.4544827709974242,0.041666666666666664,0.25,0.125,16,0.4723151803490914,primary,primary_all|top_up,PPARG
0.5330528924895155,600,1.0,2.5,2.5,3.333333333333333,1.0,1.0,120,2,600,1,1.0,600,mean,s3_top50,0.4723151803490914,0.041666666666666664,0.25,0.16666666666666666,1,0.4723151803490914,primary,primary_all|top_up,PPARG
0.558744142730629,1200,1.0,2.5,2.9166666666666665,2.5,1.0,1.9833333333333334,120,2,1200,3,2.0,600,mean,s3_top50,0.49903841121666775,0.041666666666666664,0.2916666666666667,0.125,3,0.4723151803490914,primary,primary_all|top_up,PPARG
0.5334845629247166,2400,1.0,2.5,2.5,2.5,1.0,3.95,120,2,2400,7,4.0,600,mean,s3_top50,0.4867132042237685,0.041666666666666664,0.25,0.125,7,0.4723151803490914,primary,primary_all|top_up,PPARG
0.5221615248654127,3600,1.0,2.5,2.5,2.5,1.0,5.916666666666667,120,2,3600,11,6.0,600,mean,s3_top50,0.47601090858910206,0.041666666666666664,0.25,0.125,11,0.4723151803490914,primary,primary_all|top_up,PPARG
0.5229897128271094,4800,1.0,2.5,2.5,2.5,1.0,7.883333333333334,120,2,4800,15,8.0,600,mean,s3_top50,0.47227773454547867,0.041666666666666664,0.25,0.125,15,0.4723151803490914,primary,primary_all|top_up,PPARG
0.571896256794197,600,0.5816666666666667,5.0,2.9166666666666665,2.5,0.6,1.9305555555555556,120,2,600,4,1.7191977077363896,349,mean,s4_scaffold25,0.5629593221756861,0.08333333333333333,0.2916666666666667,0.125,4,0.4723151803490914,primary,scaffold_representatives|expand_top_groups,PPARG
0.5428633840903688,1200,0.5816666666666667,2.5,2.5,2.5,0.6,3.9305555555555554,120,2,1200,10,3.438395415472779,349,mean,s4_scaffold25,0.5342827695096909,0.041666666666666664,0.25,0.125,10,0.4723151803490914,primary,scaffold_representatives|expand_top_groups,PPARG
0.526386513385193,2400,0.5816666666666667,2.5,2.5,2.5,0.6,5.930555555555555,120,2,1778,16,5.0945558739255015,349,mean,s4_scaffold25,0.5238713224041649,0.041666666666666664,0.25,0.125,16,0.4723151803490914,primary,scaffold_representatives|expand_top_groups,PPARG
0.526386513385193,3600,0.5816666666666667,2.5,2.5,2.5,0.6,5.930555555555555,120,2,1778,16,5.0945558739255015,349,mean,s4_scaffold25,0.5238713224041649,0.041666666666666664,0.25,0.125,16,0.4723151803490914,primary,scaffold_representatives|expand_top_groups,PPARG
0.526386513385193,4800,0.5816666666666667,2.5,2.5,2.5,0.6,5.930555555555555,120,2,1778,16,5.0945558739255015,349,mean,s4_scaffold25,0.5238713224041649,0.041666666666666664,0.25,0.125,16,0.4723151803490914,primary,scaffold_representatives|expand_top_groups,PPARG
0.5551285146480648,600,0.6683333333333333,2.5,2.5,2.5,0.6,1.5555555555555556,120,2,600,3,1.4962593516209477,401,mean,s4_scaffold50,0.5496238475751543,0.041666666666666664,0.25,0.125,3,0.4723151803490914,primary,scaffold_representatives|expand_top_groups,PPARG
0.6283542199579358,1200,0.6683333333333333,5.0,2.9166666666666665,2.5,0.6,2.763888888888889,120,2,1200,5,2.9925187032418954,401,mean,s4_scaffold50,0.5919127665246436,0.08333333333333333,0.2916666666666667,0.125,5,0.4723151803490914,primary,scaffold_representatives|expand_top_groups,PPARG
0.5434306478418898,2400,0.6683333333333333,2.5,2.5,2.5,0.6,5.222222222222222,120,2,2400,10,5.985037406483791,401,mean,s4_scaffold50,0.5386539476374556,0.041666666666666664,0.25,0.125,10,0.4723151803490914,primary,scaffold_representatives|expand_top_groups,PPARG
0.5350395073221381,3600,0.6683333333333333,2.5,2.5,2.5,0.6,7.819444444444445,120,2,3600,16,8.977556109725686,401,mean,s4_scaffold50,0.5327193610228349,0.041666666666666664,0.25,0.125,16,0.4723151803490914,primary,scaffold_representatives|expand_top_groups,PPARG
0.5272849453073982,4800,0.6683333333333333,2.5,2.5,2.5,0.6,8.222222222222221,120,2,3818,16,9.521197007481296,401,mean,s4_scaffold50,0.5293128636336674,0.041666666666666664,0.25,0.125,16,0.4723151803490914,primary,scaffold_representatives|expand_top_groups,PPARG
0.43907741824446606,600,1.0,2.5,2.0833333333333335,2.5,1.0,1.0,120,2,600,1,1.0,600,mean,s5_score_oracle,0.37395812676484913,0.041666666666666664,0.20833333333333334,0.125,16,0.4723151803490914,primary,score_oracle,PPARG
0.4916694522694145,1200,1.0,2.5,2.5,2.5,1.0,2.0,120,2,1200,2,2.0,600,mean,s5_score_oracle,0.40615435234920977,0.041666666666666664,0.25,0.125,16,0.4723151803490914,primary,score_oracle,PPARG
0.49796522868563525,2400,1.0,2.5,2.5,2.5,1.0,4.0,120,2,2400,4,4.0,600,mean,s5_score_oracle,0.419595912467092,0.041666666666666664,0.25,0.125,16,0.4723151803490914,primary,score_oracle,PPARG
0.501348313306975,3600,1.0,2.5,2.0833333333333335,2.5,1.0,6.0,120,2,3600,6,6.0,600,mean,s5_score_oracle,0.4304429319911216,0.041666666666666664,0.20833333333333334,0.125,16,0.4723151803490914,primary,score_oracle,PPARG
0.48758244192821504,4800,1.0,2.5,2.0833333333333335,2.5,1.0,8.0,120,2,4800,8,8.0,600,mean,s5_score_oracle,0.4306685333313167,0.041666666666666664,0.20833333333333334,0.125,16,0.4723151803490914,primary,score_oracle,PPARG
0.5330528924895155,600,1.0,2.5,2.5,3.333333333333333,1.0,1.0,120,2,600,1,1.0,600,min,s1_width,0.4723151803490914,0.041666666666666664,0.25,0.16666666666666666,1,0.4723151803490914,primary,width,PPARG
0.5330528924895155,1200,1.0,2.5,2.5,3.333333333333333,1.0,1.0,120,2,600,1,1.0,600,min,s1_width,0.4723151803490914,0.041666666666666664,0.25,0.16666666666666666,1,0.4723151803490914,primary,width,PPARG
0.5330528924895155,2400,1.0,2.5,2.5,3.333333333333333,1.0,1.0,120,2,600,1,1.0,600,min,s1_width,0.4723151803490914,0.041666666666666664,0.25,0.16666666666666666,1,0.4723151803490914,primary,width,PPARG
0.5330528924895155,3600,1.0,2.5,2.5,3.333333333333333,1.0,1.0,120,2,600,1,1.0,600,min,s1_width,0.4723151803490914,0.041666666666666664,0.25,0.16666666666666666,1,0.4723151803490914,primary,width,PPARG
0.5330528924895155,4800,1.0,2.5,2.5,3.333333333333333,1.0,1.0,120,2,600,1,1.0,600,min,s1_width,0.4723151803490914,0.041666666666666664,0.25,0.16666666666666666,1,0.4723151803490914,primary,width,PPARG
0.5330528924895155,600,1.0,2.5,2.5,3.333333333333333,1.0,1.0,120,2,600,1,1.0,600,min,s2_uniform,0.4723151803490914,0.041666666666666664,0.25,0.16666666666666666,1,0.4723151803490914,primary,uniform,PPARG
0.5410854613199474,1200,1.0,2.5,2.5,3.333333333333333,1.0,2.0,120,2,1200,2,2.0,600,min,s2_uniform,0.47798106661627804,0.041666666666666664,0.25,0.16666666666666666,2,0.4723151803490914,primary,uniform,PPARG
0.510752809255366,2400,1.0,2.5,2.0833333333333335,2.5,1.0,4.0,120,2,2400,4,4.0,600,min,s2_uniform,0.45314513984379917,0.041666666666666664,0.20833333333333334,0.125,4,0.4723151803490914,primary,uniform,PPARG
0.46262400917589336,3600,1.0,2.5,2.0833333333333335,2.5,1.0,6.0,120,2,3600,6,6.0,600,min,s2_uniform,0.4291373439004678,0.041666666666666664,0.20833333333333334,0.125,6,0.4723151803490914,primary,uniform,PPARG
0.515931215256124,4800,1.0,2.5,2.5,3.333333333333333,1.0,8.0,120,2,4800,8,8.0,600,min,s2_uniform,0.4394910629657418,0.041666666666666664,0.25,0.16666666666666666,8,0.4723151803490914,primary,uniform,PPARG
0.5330528924895155,600,1.0,2.5,2.5,3.333333333333333,1.0,1.0,120,2,600,1,1.0,600,min,s3_top10,0.4723151803490914,0.041666666666666664,0.25,0.16666666666666666,1,0.4723151803490914,primary,primary_all|top_up,PPARG
0.4655885230027716,1200,1.0,0.0,2.9166666666666665,2.5,1.0,2.5833333333333335,120,2,1200,11,2.0,600,min,s3_top10,0.4411670834840828,0.0,0.2916666666666667,0.125,11,0.4723151803490914,primary,primary_all|top_up,PPARG
0.5004718305305915,2400,1.0,2.5,2.9166666666666665,2.5,1.0,3.375,120,2,1500,16,2.5,600,min,s3_top10,0.4522781945951939,0.041666666666666664,0.2916666666666667,0.125,16,0.4723151803490914,primary,primary_all|top_up,PPARG
0.5004718305305915,3600,1.0,2.5,2.9166666666666665,2.5,1.0,3.375,120,2,1500,16,2.5,600,min,s3_top10,0.4522781945951939,0.041666666666666664,0.2916666666666667,0.125,16,0.4723151803490914,primary,primary_all|top_up,PPARG
0.5004718305305915,4800,1.0,2.5,2.9166666666666665,2.5,1.0,3.375,120,2,1500,16,2.5,600,min,s3_top10,0.4522781945951939,0.041666666666666664,0.2916666666666667,0.125,16,0.4723151803490914,primary,primary_all|top_up,PPARG
0.5330528924895155,600,1.0,2.5,2.5,3.333333333333333,1.0,1.0,120,2,600,1,1.0,600,min,s3_top25,0.4723151803490914,0.041666666666666664,0.25,0.16666666666666666,1,0.4723151803490914,primary,primary_all|top_up,PPARG
0.5127488863030373,1200,1.0,2.5,2.0833333333333335,2.5,1.0,2.0,120,2,1200,5,2.0,600,min,s3_top25,0.4542504889331809,0.041666666666666664,0.20833333333333334,0.125,5,0.4723151803490914,primary,primary_all|top_up,PPARG
0.4697869548684955,2400,1.0,2.5,2.0833333333333335,2.5,1.0,4.0,120,2,2400,13,4.0,600,min,s3_top25,0.43760518396226855,0.041666666666666664,0.20833333333333334,0.125,13,0.4723151803490914,primary,primary_all|top_up,PPARG
0.4457793773024274,3600,1.0,2.5,2.0833333333333335,2.5,1.0,4.75,120,2,2850,16,4.75,600,min,s3_top25,0.41677185062893524,0.041666666666666664,0.20833333333333334,0.125,16,0.4723151803490914,primary,primary_all|top_up,PPARG
0.4457793773024274,4800,1.0,2.5,2.0833333333333335,2.5,1.0,4.75,120,2,2850,16,4.75,600,min,s3_top25,0.41677185062893524,0.041666666666666664,0.20833333333333334,0.125,16,0.4723151803490914,primary,primary_all|top_up,PPARG
0.5330528924895155,600,1.0,2.5,2.5,3.333333333333333,1.0,1.0,120,2,600,1,1.0,600,min,s3_top50,0.4723151803490914,0.041666666666666664,0.25,0.16666666666666666,1,0.4723151803490914,primary,primary_all|top_up,PPARG
0.56816204810866,1200,1.0,2.5,2.5,3.333333333333333,1.0,1.9833333333333334,120,2,1200,3,2.0,600,min,s3_top50,0.4843564721143432,0.041666666666666664,0.25,0.16666666666666666,3,0.4723151803490914,primary,primary_all|top_up,PPARG
0.46505673188101126,2400,1.0,2.5,2.0833333333333335,2.5,1.0,3.95,120,2,2400,7,4.0,600,min,s3_top50,0.439693844872681,0.041666666666666664,0.20833333333333334,0.125,7,0.4723151803490914,primary,primary_all|top_up,PPARG
0.41747789614354214,3600,1.0,0.0,2.5,2.5,1.0,5.916666666666667,120,2,3600,11,6.0,600,min,s3_top50,0.41026587441872103,0.0,0.25,0.125,11,0.4723151803490914,primary,primary_all|top_up,PPARG
0.4654111051982884,4800,1.0,2.5,2.0833333333333335,2.5,1.0,7.883333333333334,120,2,4800,15,8.0,600,min,s3_top50,0.429936958737063,0.041666666666666664,0.20833333333333334,0.125,15,0.4723151803490914,primary,primary_all|top_up,PPARG
0.5655729206215098,600,0.5816666666666667,2.5,2.5,2.5,0.6,1.9305555555555556,120,2,600,4,1.7191977077363896,349,min,s4_scaffold25,0.5519593289485257,0.041666666666666664,0.25,0.125,4,0.4723151803490914,primary,scaffold_representatives|expand_top_groups,PPARG
0.44189634775949965,1200,0.5816666666666667,0.0,2.5,2.5,0.6,3.9305555555555554,120,2,1200,10,3.438395415472779,349,min,s4_scaffold25,0.4918587916980524,0.0,0.25,0.125,10,0.4723151803490914,primary,scaffold_representatives|expand_top_groups,PPARG
0.47353058297759093,2400,0.5816666666666667,2.5,2.5,2.5,0.6,5.930555555555555,120,2,1778,16,5.0945558739255015,349,min,s4_scaffold25,0.5013673387065994,0.041666666666666664,0.25,0.125,16,0.4723151803490914,primary,scaffold_representatives|expand_top_groups,PPARG
0.47353058297759093,3600,0.5816666666666667,2.5,2.5,2.5,0.6,5.930555555555555,120,2,1778,16,5.0945558739255015,349,min,s4_scaffold25,0.5013673387065994,0.041666666666666664,0.25,0.125,16,0.4723151803490914,primary,scaffold_representatives|expand_top_groups,PPARG
0.47353058297759093,4800,0.5816666666666667,2.5,2.5,2.5,0.6,5.930555555555555,120,2,1778,16,5.0945558739255015,349,min,s4_scaffold25,0.5013673387065994,0.041666666666666664,0.25,0.125,16,0.4723151803490914,primary,scaffold_representatives|expand_top_groups,PPARG
0.5515556206136193,600,0.6683333333333333,2.5,2.0833333333333335,3.333333333333333,0.6,1.5555555555555556,120,2,600,3,1.4962593516209477,401,min,s4_scaffold50,0.5498419397450371,0.041666666666666664,0.20833333333333334,0.16666666666666666,3,0.4723151803490914,primary,scaffold_representatives|expand_top_groups,PPARG
0.5623720815260911,1200,0.6683333333333333,2.5,2.5,2.5,0.6,2.763888888888889,120,2,1200,5,2.9925187032418954,401,min,s4_scaffold50,0.5501565686359942,0.041666666666666664,0.25,0.125,5,0.4723151803490914,primary,scaffold_representatives|expand_top_groups,PPARG
0.4405555767666011,2400,0.6683333333333333,0.0,2.5,2.5,0.6,5.222222222222222,120,2,2400,10,5.985037406483791,401,min,s4_scaffold50,0.49207137709612425,0.0,0.25,0.125,10,0.4723151803490914,primary,scaffold_representatives|expand_top_groups,PPARG
0.46296356675334166,3600,0.6683333333333333,2.5,2.0833333333333335,2.5,0.6,7.819444444444445,120,2,3600,16,8.977556109725686,401,min,s4_scaffold50,0.497278587914123,0.041666666666666664,0.20833333333333334,0.125,16,0.4723151803490914,primary,scaffold_representatives|expand_top_groups,PPARG
0.46296356675334166,4800,0.6683333333333333,2.5,2.0833333333333335,2.5,0.6,8.222222222222221,120,2,3818,16,9.521197007481296,401,min,s4_scaffold50,0.497278587914123,0.041666666666666664,0.20833333333333334,0.125,16,0.4723151803490914,primary,scaffold_representatives|expand_top_groups,PPARG
0.43907741824446606,600,1.0,2.5,2.0833333333333335,2.5,1.0,1.0,120,2,600,1,1.0,600,min,s5_score_oracle,0.37395812676484913,0.041666666666666664,0.20833333333333334,0.125,16,0.4723151803490914,primary,score_oracle,PPARG
0.43907741824446606,1200,1.0,2.5,2.0833333333333335,2.5,1.0,2.0,120,2,1200,2,2.0,600,min,s5_score_oracle,0.37395812676484913,0.041666666666666664,0.20833333333333334,0.125,16,0.4723151803490914,primary,score_oracle,PPARG
0.43907741824446606,2400,1.0,2.5,2.0833333333333335,2.5,1.0,4.0,120,2,2400,4,4.0,600,min,s5_score_oracle,0.37395812676484913,0.041666666666666664,0.20833333333333334,0.125,16,0.4723151803490914,primary,score_oracle,PPARG
0.43907741824446606,3600,1.0,2.5,2.0833333333333335,2.5,1.0,6.0,120,2,3600,6,6.0,600,min,s5_score_oracle,0.37395812676484913,0.041666666666666664,0.20833333333333334,0.125,16,0.4723151803490914,primary,score_oracle,PPARG
0.43907741824446606,4800,1.0,2.5,2.0833333333333335,2.5,1.0,8.0,120,2,4800,8,8.0,600,min,s5_score_oracle,0.37395812676484913,0.041666666666666664,0.20833333333333334,0.125,16,0.4723151803490914,primary,score_oracle,PPARG
0.41259556653570767,600,1.0,5.0,1.6666666666666665,1.6666666666666665,1.0,1.0,120,3,600,1,1.0,600,mean,s1_width,0.3726079752395835,0.08333333333333333,0.16666666666666666,0.08333333333333333,1,0.3726079752395835,primary,width,PPARG
0.41259556653570767,1200,1.0,5.0,1.6666666666666665,1.6666666666666665,1.0,1.0,120,3,600,1,1.0,600,mean,s1_width,0.3726079752395835,0.08333333333333333,0.16666666666666666,0.08333333333333333,1,0.3726079752395835,primary,width,PPARG
0.41259556653570767,2400,1.0,5.0,1.6666666666666665,1.6666666666666665,1.0,1.0,120,3,600,1,1.0,600,mean,s1_width,0.3726079752395835,0.08333333333333333,0.16666666666666666,0.08333333333333333,1,0.3726079752395835,primary,width,PPARG
0.41259556653570767,3600,1.0,5.0,1.6666666666666665,1.6666666666666665,1.0,1.0,120,3,600,1,1.0,600,mean,s1_width,0.3726079752395835,0.08333333333333333,0.16666666666666666,0.08333333333333333,1,0.3726079752395835,primary,width,PPARG
0.41259556653570767,4800,1.0,5.0,1.6666666666666665,1.6666666666666665,1.0,1.0,120,3,600,1,1.0,600,mean,s1_width,0.3726079752395835,0.08333333333333333,0.16666666666666666,0.08333333333333333,1,0.3726079752395835,primary,width,PPARG
0.41259556653570767,600,1.0,5.0,1.6666666666666665,1.6666666666666665,1.0,1.0,120,3,600,1,1.0,600,mean,s2_uniform,0.3726079752395835,0.08333333333333333,0.16666666666666666,0.08333333333333333,1,0.3726079752395835,primary,uniform,PPARG
0.426462655056794,1200,1.0,2.5,2.0833333333333335,1.6666666666666665,1.0,2.0,120,3,1200,2,2.0,600,mean,s2_uniform,0.39129512678136996,0.041666666666666664,0.20833333333333334,0.08333333333333333,2,0.3726079752395835,primary,uniform,PPARG
0.4603949987197519,2400,1.0,2.5,2.5,2.5,1.0,4.0,120,3,2400,4,4.0,600,mean,s2_uniform,0.4083107202502047,0.041666666666666664,0.25,0.125,4,0.3726079752395835,primary,uniform,PPARG
0.5026613038694839,3600,1.0,2.5,2.5,2.5,1.0,6.0,120,3,3600,6,6.0,600,mean,s2_uniform,0.4236877720095625,0.041666666666666664,0.25,0.125,6,0.3726079752395835,primary,uniform,PPARG
0.5430185625306778,4800,1.0,2.5,2.9166666666666665,3.333333333333333,1.0,8.0,120,3,4800,8,8.0,600,mean,s2_uniform,0.44097568741011833,0.041666666666666664,0.2916666666666667,0.16666666666666666,8,0.3726079752395835,primary,uniform,PPARG
0.41259556653570767,600,1.0,5.0,1.6666666666666665,1.6666666666666665,1.0,1.0,120,3,600,1,1.0,600,mean,s3_top10,0.3726079752395835,0.08333333333333333,0.16666666666666666,0.08333333333333333,1,0.3726079752395835,primary,primary_all|top_up,PPARG
0.4660056258829426,1200,1.0,2.5,2.9166666666666665,2.5,1.0,2.0,120,3,1200,11,2.0,600,mean,s3_top10,0.3764229690553553,0.041666666666666664,0.2916666666666667,0.125,11,0.3726079752395835,primary,primary_all|top_up,PPARG
0.46533579838405487,2400,1.0,0.0,2.9166666666666665,2.5,1.0,2.5,120,3,1500,16,2.5,600,mean,s3_top10,0.3777758118485588,0.0,0.2916666666666667,0.125,16,0.3726079752395835,primary,primary_all|top_up,PPARG
0.46533579838405487,3600,1.0,0.0,2.9166666666666665,2.5,1.0,2.5,120,3,1500,16,2.5,600,mean,s3_top10,0.3777758118485588,0.0,0.2916666666666667,0.125,16,0.3726079752395835,primary,primary_all|top_up,PPARG
0.46533579838405487,4800,1.0,0.0,2.9166666666666665,2.5,1.0,2.5,120,3,1500,16,2.5,600,mean,s3_top10,0.3777758118485588,0.0,0.2916666666666667,0.125,16,0.3726079752395835,primary,primary_all|top_up,PPARG
0.41259556653570767,600,1.0,5.0,1.6666666666666665,1.6666666666666665,1.0,1.0,120,3,600,1,1.0,600,mean,s3_top25,0.3726079752395835,0.08333333333333333,0.16666666666666666,0.08333333333333333,1,0.3726079752395835,primary,primary_all|top_up,PPARG
0.4940458018404862,1200,1.0,5.0,2.5,2.5,1.0,2.066666666666667,120,3,1200,5,2.0,600,mean,s3_top25,0.42971176481429,0.08333333333333333,0.25,0.125,5,0.3726079752395835,primary,primary_all|top_up,PPARG
0.46756771506229516,2400,1.0,2.5,2.0833333333333335,3.333333333333333,1.0,4.2,120,3,2400,13,4.0,600,mean,s3_top25,0.40769862475618474,0.041666666666666664,0.20833333333333334,0.16666666666666666,13,0.3726079752395835,primary,primary_all|top_up,PPARG
0.436560441952278,3600,1.0,0.0,2.0833333333333335,3.333333333333333,1.0,5.0,120,3,2850,16,4.75,600,mean,s3_top25,0.3916890614366475,0.0,0.20833333333333334,0.16666666666666666,16,0.3726079752395835,primary,primary_all|top_up,PPARG
0.436560441952278,4800,1.0,0.0,2.0833333333333335,3.333333333333333,1.0,5.0,120,3,2850,16,4.75,600,mean,s3_top25,0.3916890614366475,0.0,0.20833333333333334,0.16666666666666666,16,0.3726079752395835,primary,primary_all|top_up,PPARG
0.41259556653570767,600,1.0,5.0,1.6666666666666665,1.6666666666666665,1.0,1.0,120,3,600,1,1.0,600,mean,s3_top50,0.3726079752395835,0.08333333333333333,0.16666666666666666,0.08333333333333333,1,0.3726079752395835,primary,primary_all|top_up,PPARG
0.4423655213609018,1200,1.0,2.5,2.0833333333333335,1.6666666666666665,1.0,2.183333333333333,120,3,1200,3,2.0,600,mean,s3_top50,0.4106091352781281,0.041666666666666664,0.20833333333333334,0.08333333333333333,3,0.3726079752395835,primary,primary_all|top_up,PPARG
0.5421390115323462,2400,1.0,2.5,2.5,3.333333333333333,1.0,4.55,120,3,2400,7,4.0,600,mean,s3_top50,0.44933074843520043,0.041666666666666664,0.25,0.16666666666666666,7,0.3726079752395835,primary,primary_all|top_up,PPARG
0.48258778891289605,3600,1.0,2.5,2.0833333333333335,3.333333333333333,1.0,6.916666666666667,120,3,3600,11,6.0,600,mean,s3_top50,0.3982547690647624,0.041666666666666664,0.20833333333333334,0.16666666666666666,11,0.3726079752395835,primary,primary_all|top_up,PPARG
0.45963113528667654,4800,1.0,2.5,2.0833333333333335,3.333333333333333,1.0,9.283333333333333,120,3,4800,15,8.0,600,mean,s3_top50,0.38229748299679817,0.041666666666666664,0.20833333333333334,0.16666666666666666,15,0.3726079752395835,primary,primary_all|top_up,PPARG
0.501581410940936,600,0.5816666666666667,2.5,2.5,2.5,0.6333333333333333,1.644736842105263,120,3,600,4,1.7191977077363896,349,mean,s4_scaffold25,0.4814249273122116,0.041666666666666664,0.25,0.125,4,0.3726079752395835,primary,scaffold_representatives|expand_top_groups,PPARG
0.49507465982020465,1200,0.5816666666666667,2.5,2.5,3.333333333333333,0.6333333333333333,3.4210526315789473,120,3,1200,10,3.438395415472779,349,mean,s4_scaffold25,0.45910849960755024,0.041666666666666664,0.25,0.16666666666666666,10,0.3726079752395835,primary,scaffold_representatives|expand_top_groups,PPARG
0.4476993736581048,2400,0.5816666666666667,0.0,2.0833333333333335,3.333333333333333,0.6333333333333333,5.078947368421052,120,3,1778,16,5.0945558739255015,349,mean,s4_scaffold25,0.4354791038600186,0.0,0.20833333333333334,0.16666666666666666,16,0.3726079752395835,primary,scaffold_representatives|expand_top_groups,PPARG
0.4476993736581048,3600,0.5816666666666667,0.0,2.0833333333333335,3.333333333333333,0.6333333333333333,5.078947368421052,120,3,1778,16,5.0945558739255015,349,mean,s4_scaffold25,0.4354791038600186,0.0,0.20833333333333334,0.16666666666666666,16,0.3726079752395835,primary,scaffold_representatives|expand_top_groups,PPARG
0.4476993736581048,4800,0.5816666666666667,0.0,2.0833333333333335,3.333333333333333,0.6333333333333333,5.078947368421052,120,3,1778,16,5.0945558739255015,349,mean,s4_scaffold25,0.4354791038600186,0.0,0.20833333333333334,0.16666666666666666,16,0.3726079752395835,primary,scaffold_representatives|expand_top_groups,PPARG
0.42736506306311617,600,0.6683333333333333,2.5,2.0833333333333335,1.6666666666666665,0.7583333333333333,1.4945054945054945,120,3,600,3,1.4962593516209477,401,mean,s4_scaffold50,0.420139160129239,0.041666666666666664,0.20833333333333334,0.08333333333333333,3,0.3726079752395835,primary,scaffold_representatives|expand_top_groups,PPARG
0.5097249839701601,1200,0.6683333333333333,5.0,2.5,2.5,0.7583333333333333,3.230769230769231,120,3,1200,5,2.9925187032418954,401,mean,s4_scaffold50,0.43650757952858193,0.08333333333333333,0.25,0.125,5,0.3726079752395835,primary,scaffold_representatives|expand_top_groups,PPARG
0.48119921927258846,2400,0.6683333333333333,2.5,2.0833333333333335,3.333333333333333,0.7583333333333333,6.714285714285714,120,3,2400,10,5.985037406483791,401,mean,s4_scaffold50,0.41139740909471983,0.041666666666666664,0.20833333333333334,0.16666666666666666,10,0.3726079752395835,primary,scaffold_representatives|expand_top_groups,PPARG
0.44287280147448777,3600,0.6683333333333333,2.5,2.0833333333333335,2.5,0.7583333333333333,10.186813186813186,120,3,3600,16,8.977556109725686,401,mean,s4_scaffold50,0.3829586106364998,0.041666666666666664,0.20833333333333334,0.125,16,0.3726079752395835,primary,scaffold_representatives|expand_top_groups,PPARG
0.4187462922282845,4800,0.6683333333333333,0.0,2.0833333333333335,2.5,0.7583333333333333,10.835164835164836,120,3,3818,16,9.521197007481296,401,mean,s4_scaffold50,0.3711485352657114,0.0,0.20833333333333334,0.125,16,0.3726079752395835,primary,scaffold_representatives|expand_top_groups,PPARG
0.20209023822896324,600,1.0,0.0,0.8333333333333333,0.8333333333333333,1.0,1.0,120,3,600,1,1.0,600,mean,s5_score_oracle,0.26695705365300176,0.0,0.08333333333333333,0.041666666666666664,16,0.3726079752395835,primary,score_oracle,PPARG
0.21642600452826738,1200,1.0,0.0,0.8333333333333333,0.8333333333333333,1.0,2.0,120,3,1200,2,2.0,600,mean,s5_score_oracle,0.2782265502001837,0.0,0.08333333333333333,0.041666666666666664,16,0.3726079752395835,primary,score_oracle,PPARG
0.25819844454998264,2400,1.0,0.0,1.6666666666666665,0.8333333333333333,1.0,4.0,120,3,2400,4,4.0,600,mean,s5_score_oracle,0.29453133271566984,0.0,0.16666666666666666,0.041666666666666664,16,0.3726079752395835,primary,score_oracle,PPARG
0.30998726922734693,3600,1.0,0.0,1.6666666666666665,1.6666666666666665,1.0,6.0,120,3,3600,6,6.0,600,mean,s5_score_oracle,0.3107086283563843,0.0,0.16666666666666666,0.08333333333333333,16,0.3726079752395835,primary,score_oracle,PPARG
0.3433199505849824,4800,1.0,0.0,1.6666666666666665,1.6666666666666665,1.0,8.0,120,3,4800,8,8.0,600,mean,s5_score_oracle,0.32379977795755227,0.0,0.16666666666666666,0.08333333333333333,16,0.3726079752395835,primary,score_oracle,PPARG
0.41259556653570767,600,1.0,5.0,1.6666666666666665,1.6666666666666665,1.0,1.0,120,3,600,1,1.0,600,min,s1_width,0.3726079752395835,0.08333333333333333,0.16666666666666666,0.08333333333333333,1,0.3726079752395835,primary,width,PPARG
0.41259556653570767,1200,1.0,5.0,1.6666666666666665,1.6666666666666665,1.0,1.0,120,3,600,1,1.0,600,min,s1_width,0.3726079752395835,0.08333333333333333,0.16666666666666666,0.08333333333333333,1,0.3726079752395835,primary,width,PPARG
0.41259556653570767,2400,1.0,5.0,1.6666666666666665,1.6666666666666665,1.0,1.0,120,3,600,1,1.0,600,min,s1_width,0.3726079752395835,0.08333333333333333,0.16666666666666666,0.08333333333333333,1,0.3726079752395835,primary,width,PPARG
0.41259556653570767,3600,1.0,5.0,1.6666666666666665,1.6666666666666665,1.0,1.0,120,3,600,1,1.0,600,min,s1_width,0.3726079752395835,0.08333333333333333,0.16666666666666666,0.08333333333333333,1,0.3726079752395835,primary,width,PPARG
0.41259556653570767,4800,1.0,5.0,1.6666666666666665,1.6666666666666665,1.0,1.0,120,3,600,1,1.0,600,min,s1_width,0.3726079752395835,0.08333333333333333,0.16666666666666666,0.08333333333333333,1,0.3726079752395835,primary,width,PPARG
0.41259556653570767,600,1.0,5.0,1.6666666666666665,1.6666666666666665,1.0,1.0,120,3,600,1,1.0,600,min,s2_uniform,0.3726079752395835,0.08333333333333333,0.16666666666666666,0.08333333333333333,1,0.3726079752395835,primary,uniform,PPARG
0.37727564972246014,1200,1.0,2.5,1.25,1.6666666666666665,1.0,2.0,120,3,1200,2,2.0,600,min,s2_uniform,0.349332158048764,0.041666666666666664,0.125,0.08333333333333333,2,0.3726079752395835,primary,uniform,PPARG
0.33965460257153685,2400,1.0,2.5,1.25,1.6666666666666665,1.0,4.0,120,3,2400,4,4.0,600,min,s2_uniform,0.3429026674367022,0.041666666666666664,0.125,0.08333333333333333,4,0.3726079752395835,primary,uniform,PPARG
0.3386226462335084,3600,1.0,2.5,1.25,1.6666666666666665,1.0,6.0,120,3,3600,6,6.0,600,min,s2_uniform,0.3349202046346524,0.041666666666666664,0.125,0.08333333333333333,6,0.3726079752395835,primary,uniform,PPARG
0.3081087447106283,4800,1.0,2.5,1.25,1.6666666666666665,1.0,8.0,120,3,4800,8,8.0,600,min,s2_uniform,0.3166593717049453,0.041666666666666664,0.125,0.08333333333333333,8,0.3726079752395835,primary,uniform,PPARG
0.41259556653570767,600,1.0,5.0,1.6666666666666665,1.6666666666666665,1.0,1.0,120,3,600,1,1.0,600,min,s3_top10,0.3726079752395835,0.08333333333333333,0.16666666666666666,0.08333333333333333,1,0.3726079752395835,primary,primary_all|top_up,PPARG
0.2900502576552499,1200,1.0,0.0,1.6666666666666665,1.6666666666666665,1.0,2.0,120,3,1200,11,2.0,600,min,s3_top10,0.313927419684028,0.0,0.16666666666666666,0.08333333333333333,11,0.3726079752395835,primary,primary_all|top_up,PPARG
0.2900502576552499,2400,1.0,0.0,1.6666666666666665,1.6666666666666665,1.0,2.5,120,3,1500,16,2.5,600,min,s3_top10,0.313927419684028,0.0,0.16666666666666666,0.08333333333333333,16,0.3726079752395835,primary,primary_all|top_up,PPARG
0.2900502576552499,3600,1.0,0.0,1.6666666666666665,1.6666666666666665,1.0,2.5,120,3,1500,16,2.5,600,min,s3_top10,0.313927419684028,0.0,0.16666666666666666,0.08333333333333333,16,0.3726079752395835,primary,primary_all|top_up,PPARG
0.2900502576552499,4800,1.0,0.0,1.6666666666666665,1.6666666666666665,1.0,2.5,120,3,1500,16,2.5,600,min,s3_top10,0.313927419684028,0.0,0.16666666666666666,0.08333333333333333,16,0.3726079752395835,primary,primary_all|top_up,PPARG
0.41259556653570767,600,1.0,5.0,1.6666666666666665,1.6666666666666665,1.0,1.0,120,3,600,1,1.0,600,min,s3_top25,0.3726079752395835,0.08333333333333333,0.16666666666666666,0.08333333333333333,1,0.3726079752395835,primary,primary_all|top_up,PPARG
0.3517570121619471,1200,1.0,2.5,1.25,1.6666666666666665,1.0,2.066666666666667,120,3,1200,5,2.0,600,min,s3_top25,0.342113871032244,0.041666666666666664,0.125,0.08333333333333333,5,0.3726079752395835,primary,primary_all|top_up,PPARG
0.25269255329326284,2400,1.0,0.0,1.25,0.8333333333333333,1.0,4.2,120,3,2400,13,4.0,600,min,s3_top25,0.29490309894208594,0.0,0.125,0.041666666666666664,13,0.3726079752395835,primary,primary_all|top_up,PPARG
0.23564982168288306,3600,1.0,0.0,1.25,0.8333333333333333,1.0,5.0,120,3,2850,16,4.75,600,min,s3_top25,0.2903171390929682,0.0,0.125,0.041666666666666664,16,0.3726079752395835,primary,primary_all|top_up,PPARG
0.23564982168288306,4800,1.0,0.0,1.25,0.8333333333333333,1.0,5.0,120,3,2850,16,4.75,600,min,s3_top25,0.2903171390929682,0.0,0.125,0.041666666666666664,16,0.3726079752395835,primary,primary_all|top_up,PPARG
0.41259556653570767,600,1.0,5.0,1.6666666666666665,1.6666666666666665,1.0,1.0,120,3,600,1,1.0,600,min,s3_top50,0.3726079752395835,0.08333333333333333,0.16666666666666666,0.08333333333333333,1,0.3726079752395835,primary,primary_all|top_up,PPARG
0.3575505452967475,1200,1.0,2.5,1.25,1.6666666666666665,1.0,2.183333333333333,120,3,1200,3,2.0,600,min,s3_top50,0.3604349424688232,0.041666666666666664,0.125,0.08333333333333333,3,0.3726079752395835,primary,primary_all|top_up,PPARG
0.33921248353202527,2400,1.0,2.5,1.25,1.6666666666666665,1.0,4.55,120,3,2400,7,4.0,600,min,s3_top50,0.34042792026508595,0.041666666666666664,0.125,0.08333333333333333,7,0.3726079752395835,primary,primary_all|top_up,PPARG
0.22808325983761626,3600,1.0,0.0,1.25,0.8333333333333333,1.0,6.916666666666667,120,3,3600,11,6.0,600,min,s3_top50,0.28545546713593506,0.0,0.125,0.041666666666666664,11,0.3726079752395835,primary,primary_all|top_up,PPARG
0.21098427585265925,4800,1.0,0.0,0.8333333333333333,0.8333333333333333,1.0,9.283333333333333,120,3,4800,15,8.0,600,min,s3_top50,0.2774800234729361,0.0,0.08333333333333333,0.041666666666666664,15,0.3726079752395835,primary,primary_all|top_up,PPARG
0.4139587276894716,600,0.5816666666666667,2.5,2.0833333333333335,1.6666666666666665,0.6333333333333333,1.644736842105263,120,3,600,4,1.7191977077363896,349,min,s4_scaffold25,0.43192353413739903,0.041666666666666664,0.20833333333333334,0.08333333333333333,4,0.3726079752395835,primary,scaffold_representatives|expand_top_groups,PPARG
0.32523487246916166,1200,0.5816666666666667,0.0,2.0833333333333335,1.6666666666666665,0.6333333333333333,3.4210526315789473,120,3,1200,10,3.438395415472779,349,min,s4_scaffold25,0.3747345519312601,0.0,0.20833333333333334,0.08333333333333333,10,0.3726079752395835,primary,scaffold_representatives|expand_top_groups,PPARG
0.3061369920162673,2400,0.5816666666666667,0.0,1.6666666666666665,1.6666666666666665,0.6333333333333333,5.078947368421052,120,3,1778,16,5.0945558739255015,349,min,s4_scaffold25,0.3690267180984263,0.0,0.16666666666666666,0.08333333333333333,16,0.3726079752395835,primary,scaffold_representatives|expand_top_groups,PPARG
0.3061369920162673,3600,0.5816666666666667,0.0,1.6666666666666665,1.6666666666666665,0.6333333333333333,5.078947368421052,120,3,1778,16,5.0945558739255015,349,min,s4_scaffold25,0.3690267180984263,0.0,0.16666666666666666,0.08333333333333333,16,0.3726079752395835,primary,scaffold_representatives|expand_top_groups,PPARG
0.3061369920162673,4800,0.5816666666666667,0.0,1.6666666666666665,1.6666666666666665,0.6333333333333333,5.078947368421052,120,3,1778,16,5.0945558739255015,349,min,s4_scaffold25,0.3690267180984263,0.0,0.16666666666666666,0.08333333333333333,16,0.3726079752395835,primary,scaffold_representatives|expand_top_groups,PPARG
0.40730858935643965,600,0.6683333333333333,2.5,1.6666666666666665,1.6666666666666665,0.7583333333333333,1.4945054945054945,120,3,600,3,1.4962593516209477,401,min,s4_scaffold50,0.4069794259735357,0.041666666666666664,0.16666666666666666,0.08333333333333333,3,0.3726079752395835,primary,scaffold_representatives|expand_top_groups,PPARG
0.36093034600194335,1200,0.6683333333333333,2.5,1.6666666666666665,1.6666666666666665,0.7583333333333333,3.230769230769231,120,3,1200,5,2.9925187032418954,401,min,s4_scaffold50,0.36603221429651267,0.041666666666666664,0.16666666666666666,0.08333333333333333,5,0.3726079752395835,primary,scaffold_representatives|expand_top_groups,PPARG
0.22605269870329533,2400,0.6683333333333333,0.0,1.25,0.8333333333333333,0.7583333333333333,6.714285714285714,120,3,2400,10,5.985037406483791,401,min,s4_scaffold50,0.2949240177967064,0.0,0.125,0.041666666666666664,10,0.3726079752395835,primary,scaffold_representatives|expand_top_groups,PPARG
0.21414495796035116,3600,0.6683333333333333,0.0,0.8333333333333333,0.8333333333333333,0.7583333333333333,10.186813186813186,120,3,3600,16,8.977556109725686,401,min,s4_scaffold50,0.2880490001673772,0.0,0.08333333333333333,0.041666666666666664,16,0.3726079752395835,primary,scaffold_representatives|expand_top_groups,PPARG
0.2050766530974348,4800,0.6683333333333333,0.0,0.8333333333333333,0.8333333333333333,0.7583333333333333,10.835164835164836,120,3,3818,16,9.521197007481296,401,min,s4_scaffold50,0.2838277722540824,0.0,0.08333333333333333,0.041666666666666664,16,0.3726079752395835,primary,scaffold_representatives|expand_top_groups,PPARG
0.20209023822896324,600,1.0,0.0,0.8333333333333333,0.8333333333333333,1.0,1.0,120,3,600,1,1.0,600,min,s5_score_oracle,0.26695705365300176,0.0,0.08333333333333333,0.041666666666666664,16,0.3726079752395835,primary,score_oracle,PPARG
0.20209023822896324,1200,1.0,0.0,0.8333333333333333,0.8333333333333333,1.0,2.0,120,3,1200,2,2.0,600,min,s5_score_oracle,0.26695705365300176,0.0,0.08333333333333333,0.041666666666666664,16,0.3726079752395835,primary,score_oracle,PPARG
0.20209023822896324,2400,1.0,0.0,0.8333333333333333,0.8333333333333333,1.0,4.0,120,3,2400,4,4.0,600,min,s5_score_oracle,0.26695705365300176,0.0,0.08333333333333333,0.041666666666666664,16,0.3726079752395835,primary,score_oracle,PPARG
0.20209023822896324,3600,1.0,0.0,0.8333333333333333,0.8333333333333333,1.0,6.0,120,3,3600,6,6.0,600,min,s5_score_oracle,0.26695705365300176,0.0,0.08333333333333333,0.041666666666666664,16,0.3726079752395835,primary,score_oracle,PPARG
0.20209023822896324,4800,1.0,0.0,0.8333333333333333,0.8333333333333333,1.0,8.0,120,3,4800,8,8.0,600,min,s5_score_oracle,0.26695705365300176,0.0,0.08333333333333333,0.041666666666666664,16,0.3726079752395835,primary,score_oracle,PPARG
0.45917878682304153,600,1.0,2.5,2.0833333333333335,2.5,1.0,1.0,120,4,600,1,1.0,600,mean,s1_width,0.4567453405440853,0.041666666666666664,0.20833333333333334,0.125,1,0.4567453405440853,primary,width,PPARG
0.45917878682304153,1200,1.0,2.5,2.0833333333333335,2.5,1.0,1.0,120,4,600,1,1.0,600,mean,s1_width,0.4567453405440853,0.041666666666666664,0.20833333333333334,0.125,1,0.4567453405440853,primary,width,PPARG
0.45917878682304153,2400,1.0,2.5,2.0833333333333335,2.5,1.0,1.0,120,4,600,1,1.0,600,mean,s1_width,0.4567453405440853,0.041666666666666664,0.20833333333333334,0.125,1,0.4567453405440853,primary,width,PPARG
0.45917878682304153,3600,1.0,2.5,2.0833333333333335,2.5,1.0,1.0,120,4,600,1,1.0,600,mean,s1_width,0.4567453405440853,0.041666666666666664,0.20833333333333334,0.125,1,0.4567453405440853,primary,width,PPARG
0.45917878682304153,4800,1.0,2.5,2.0833333333333335,2.5,1.0,1.0,120,4,600,1,1.0,600,mean,s1_width,0.4567453405440853,0.041666666666666664,0.20833333333333334,0.125,1,0.4567453405440853,primary,width,PPARG
0.45917878682304153,600,1.0,2.5,2.0833333333333335,2.5,1.0,1.0,120,4,600,1,1.0,600,mean,s2_uniform,0.4567453405440853,0.041666666666666664,0.20833333333333334,0.125,1,0.4567453405440853,primary,uniform,PPARG
0.5335690181274441,1200,1.0,2.5,2.0833333333333335,3.333333333333333,1.0,2.0,120,4,1200,2,2.0,600,mean,s2_uniform,0.4952299603879591,0.041666666666666664,0.20833333333333334,0.16666666666666666,2,0.4567453405440853,primary,uniform,PPARG
0.6182567746981547,2400,1.0,5.0,2.9166666666666665,3.333333333333333,1.0,4.0,120,4,2400,4,4.0,600,mean,s2_uniform,0.519435801257933,0.08333333333333333,0.2916666666666667,0.16666666666666666,4,0.4567453405440853,primary,uniform,PPARG
0.6522569099098405,3600,1.0,5.0,2.9166666666666665,3.333333333333333,1.0,6.0,120,4,3600,6,6.0,600,mean,s2_uniform,0.543078327064979,0.08333333333333333,0.2916666666666667,0.16666666666666666,6,0.4567453405440853,primary,uniform,PPARG
0.593004500758884,4800,1.0,5.0,2.9166666666666665,3.333333333333333,1.0,8.0,120,4,4800,8,8.0,600,mean,s2_uniform,0.49130531373515157,0.08333333333333333,0.2916666666666667,0.16666666666666666,8,0.4567453405440853,primary,uniform,PPARG
0.45917878682304153,600,1.0,2.5,2.0833333333333335,2.5,1.0,1.0,120,4,600,1,1.0,600,mean,s3_top10,0.4567453405440853,0.041666666666666664,0.20833333333333334,0.125,1,0.4567453405440853,primary,primary_all|top_up,PPARG
0.6081293148565694,1200,1.0,5.0,2.9166666666666665,2.5,1.0,2.1666666666666665,120,4,1200,11,2.0,600,mean,s3_top10,0.5383314098154638,0.08333333333333333,0.2916666666666667,0.125,11,0.4567453405440853,primary,primary_all|top_up,PPARG
0.5459702416586362,2400,1.0,2.5,2.9166666666666665,2.5,1.0,2.75,120,4,1500,16,2.5,600,mean,s3_top10,0.5108536179994366,0.041666666666666664,0.2916666666666667,0.125,16,0.4567453405440853,primary,primary_all|top_up,PPARG
0.5459702416586362,3600,1.0,2.5,2.9166666666666665,2.5,1.0,2.75,120,4,1500,16,2.5,600,mean,s3_top10,0.5108536179994366,0.041666666666666664,0.2916666666666667,0.125,16,0.4567453405440853,primary,primary_all|top_up,PPARG
0.5459702416586362,4800,1.0,2.5,2.9166666666666665,2.5,1.0,2.75,120,4,1500,16,2.5,600,mean,s3_top10,0.5108536179994366,0.041666666666666664,0.2916666666666667,0.125,16,0.4567453405440853,primary,primary_all|top_up,PPARG
0.45917878682304153,600,1.0,2.5,2.0833333333333335,2.5,1.0,1.0,120,4,600,1,1.0,600,mean,s3_top25,0.4567453405440853,0.041666666666666664,0.20833333333333334,0.125,1,0.4567453405440853,primary,primary_all|top_up,PPARG
0.6959268245278281,1200,1.0,5.0,3.333333333333333,3.333333333333333,1.0,2.033333333333333,120,4,1200,5,2.0,600,mean,s3_top25,0.5748645571986523,0.08333333333333333,0.3333333333333333,0.16666666666666666,5,0.4567453405440853,primary,primary_all|top_up,PPARG
0.6174906424898918,2400,1.0,2.5,2.9166666666666665,3.333333333333333,1.0,4.1,120,4,2400,13,4.0,600,mean,s3_top25,0.5069410714810488,0.041666666666666664,0.2916666666666667,0.16666666666666666,13,0.4567453405440853,primary,primary_all|top_up,PPARG
0.6033633330326306,3600,1.0,2.5,2.9166666666666665,3.333333333333333,1.0,4.875,120,4,2850,16,4.75,600,mean,s3_top25,0.49252253133818585,0.041666666666666664,0.2916666666666667,0.16666666666666666,16,0.4567453405440853,primary,primary_all|top_up,PPARG
0.6033633330326306,4800,1.0,2.5,2.9166666666666665,3.333333333333333,1.0,4.875,120,4,2850,16,4.75,600,mean,s3_top25,0.49252253133818585,0.041666666666666664,0.2916666666666667,0.16666666666666666,16,0.4567453405440853,primary,primary_all|top_up,PPARG
0.45917878682304153,600,1.0,2.5,2.0833333333333335,2.5,1.0,1.0,120,4,600,1,1.0,600,mean,s3_top50,0.4567453405440853,0.041666666666666664,0.20833333333333334,0.125,1,0.4567453405440853,primary,primary_all|top_up,PPARG
0.6335871080547796,1200,1.0,5.0,2.5,3.333333333333333,1.0,2.066666666666667,120,4,1200,3,2.0,600,mean,s3_top50,0.5298959949923999,0.08333333333333333,0.25,0.16666666666666666,3,0.4567453405440853,primary,primary_all|top_up,PPARG
0.6229425988114958,2400,1.0,5.0,2.9166666666666665,3.333333333333333,1.0,4.2,120,4,2400,7,4.0,600,mean,s3_top50,0.5077391241622159,0.08333333333333333,0.2916666666666667,0.16666666666666666,7,0.4567453405440853,primary,primary_all|top_up,PPARG
0.5426489021712763,3600,1.0,5.0,2.5,3.333333333333333,1.0,6.333333333333333,120,4,3600,11,6.0,600,mean,s3_top50,0.4660028450101506,0.08333333333333333,0.25,0.16666666666666666,11,0.4567453405440853,primary,primary_all|top_up,PPARG
0.4931777033038667,4800,1.0,2.5,2.5,2.5,1.0,8.466666666666667,120,4,4800,15,8.0,600,mean,s3_top50,0.43056009227972836,0.041666666666666664,0.25,0.125,15,0.4567453405440853,primary,primary_all|top_up,PPARG
0.6543242163081455,600,0.595,5.0,2.9166666666666665,3.333333333333333,0.6166666666666667,1.662162162162162,120,4,600,4,1.680672268907563,357,mean,s4_scaffold25,0.6127995119262991,0.08333333333333333,0.2916666666666667,0.16666666666666666,4,0.4567453405440853,primary,scaffold_representatives|expand_top_groups,PPARG
0.636023758310574,1200,0.595,5.0,3.333333333333333,2.5,0.6166666666666667,3.0945945945945947,120,4,1200,10,3.361344537815126,357,mean,s4_scaffold25,0.5966280061413428,0.08333333333333333,0.3333333333333333,0.125,10,0.4567453405440853,primary,scaffold_representatives|expand_top_groups,PPARG
0.6405627785242057,2400,0.595,2.5,3.333333333333333,3.333333333333333,0.6166666666666667,4.824324324324325,120,4,1898,16,5.3165266106442575,357,mean,s4_scaffold25,0.5854453389900898,0.041666666666666664,0.3333333333333333,0.16666666666666666,16,0.4567453405440853,primary,scaffold_representatives|expand_top_groups,PPARG
0.6405627785242057,3600,0.595,2.5,3.333333333333333,3.333333333333333,0.6166666666666667,4.824324324324325,120,4,1898,16,5.3165266106442575,357,mean,s4_scaffold25,0.5854453389900898,0.041666666666666664,0.3333333333333333,0.16666666666666666,16,0.4567453405440853,primary,scaffold_representatives|expand_top_groups,PPARG
0.6405627785242057,4800,0.595,2.5,3.333333333333333,3.333333333333333,0.6166666666666667,4.824324324324325,120,4,1898,16,5.3165266106442575,357,mean,s4_scaffold25,0.5854453389900898,0.041666666666666664,0.3333333333333333,0.16666666666666666,16,0.4567453405440853,primary,scaffold_representatives|expand_top_groups,PPARG
0.6671165236543343,600,0.6283333333333333,2.5,3.75,2.5,0.6583333333333333,1.6582278481012658,120,4,600,3,1.5915119363395225,377,mean,s4_scaffold50,0.6067842310605961,0.041666666666666664,0.375,0.125,3,0.4567453405440853,primary,scaffold_representatives|expand_top_groups,PPARG
0.6995418898138906,1200,0.6283333333333333,5.0,3.333333333333333,3.333333333333333,0.6583333333333333,3.3037974683544302,120,4,1200,6,3.183023872679045,377,mean,s4_scaffold50,0.609907799774878,0.08333333333333333,0.3333333333333333,0.16666666666666666,6,0.4567453405440853,primary,scaffold_representatives|expand_top_groups,PPARG
0.5709757882079715,2400,0.6283333333333333,5.0,2.9166666666666665,3.333333333333333,0.6583333333333333,6.670886075949367,120,4,2400,11,6.36604774535809,377,mean,s4_scaffold50,0.5264808515187036,0.08333333333333333,0.2916666666666667,0.16666666666666666,11,0.4567453405440853,primary,scaffold_representatives|expand_top_groups,PPARG
0.48970770168579847,3600,0.6283333333333333,2.5,2.5,2.5,0.6583333333333333,9.645569620253164,120,4,3458,16,9.172413793103448,377,mean,s4_scaffold50,0.47301998788048727,0.041666666666666664,0.25,0.125,16,0.4567453405440853,primary,scaffold_representatives|expand_top_groups,PPARG
0.48970770168579847,4800,0.6283333333333333,2.5,2.5,2.5,0.6583333333333333,9.645569620253164,120,4,3458,16,9.172413793103448,377,mean,s4_scaffold50,0.47301998788048727,0.041666666666666664,0.25,0.125,16,0.4567453405440853,primary,scaffold_representatives|expand_top_groups,PPARG
0.27796241808394717,600,1.0,2.5,1.6666666666666665,0.8333333333333333,1.0,1.0,120,4,600,1,1.0,600,mean,s5_score_oracle,0.3127789607964257,0.041666666666666664,0.16666666666666666,0.041666666666666664,16,0.4567453405440853,primary,score_oracle,PPARG
0.3038929936386977,1200,1.0,2.5,1.6666666666666665,0.8333333333333333,1.0,2.0,120,4,1200,2,2.0,600,mean,s5_score_oracle,0.32959459750152376,0.041666666666666664,0.16666666666666666,0.041666666666666664,16,0.4567453405440853,primary,score_oracle,PPARG
0.3742755011803443,2400,1.0,2.5,1.6666666666666665,1.6666666666666665,1.0,4.0,120,4,2400,4,4.0,600,mean,s5_score_oracle,0.36571776851663734,0.041666666666666664,0.16666666666666666,0.08333333333333333,16,0.4567453405440853,primary,score_oracle,PPARG
0.38744755461797076,3600,1.0,2.5,2.0833333333333335,1.6666666666666665,1.0,6.0,120,4,3600,6,6.0,600,mean,s5_score_oracle,0.37446793900873176,0.041666666666666664,0.20833333333333334,0.08333333333333333,16,0.4567453405440853,primary,score_oracle,PPARG
0.41587538100049354,4800,1.0,2.5,2.0833333333333335,1.6666666666666665,1.0,8.0,120,4,4800,8,8.0,600,mean,s5_score_oracle,0.3829621308370234,0.041666666666666664,0.20833333333333334,0.08333333333333333,16,0.4567453405440853,primary,score_oracle,PPARG
0.45917878682304153,600,1.0,2.5,2.0833333333333335,2.5,1.0,1.0,120,4,600,1,1.0,600,min,s1_width,0.4567453405440853,0.041666666666666664,0.20833333333333334,0.125,1,0.4567453405440853,primary,width,PPARG
0.45917878682304153,1200,1.0,2.5,2.0833333333333335,2.5,1.0,1.0,120,4,600,1,1.0,600,min,s1_width,0.4567453405440853,0.041666666666666664,0.20833333333333334,0.125,1,0.4567453405440853,primary,width,PPARG
0.45917878682304153,2400,1.0,2.5,2.0833333333333335,2.5,1.0,1.0,120,4,600,1,1.0,600,min,s1_width,0.4567453405440853,0.041666666666666664,0.20833333333333334,0.125,1,0.4567453405440853,primary,width,PPARG
0.45917878682304153,3600,1.0,2.5,2.0833333333333335,2.5,1.0,1.0,120,4,600,1,1.0,600,min,s1_width,0.4567453405440853,0.041666666666666664,0.20833333333333334,0.125,1,0.4567453405440853,primary,width,PPARG
0.45917878682304153,4800,1.0,2.5,2.0833333333333335,2.5,1.0,1.0,120,4,600,1,1.0,600,min,s1_width,0.4567453405440853,0.041666666666666664,0.20833333333333334,0.125,1,0.4567453405440853,primary,width,PPARG
0.45917878682304153,600,1.0,2.5,2.0833333333333335,2.5,1.0,1.0,120,4,600,1,1.0,600,min,s2_uniform,0.4567453405440853,0.041666666666666664,0.20833333333333334,0.125,1,0.4567453405440853,primary,uniform,PPARG
0.46173233676025044,1200,1.0,2.5,1.6666666666666665,2.5,1.0,2.0,120,4,1200,2,2.0,600,min,s2_uniform,0.4424007615219289,0.041666666666666664,0.16666666666666666,0.125,2,0.4567453405440853,primary,uniform,PPARG
0.4381599096962495,2400,1.0,2.5,1.6666666666666665,2.5,1.0,4.0,120,4,2400,4,4.0,600,min,s2_uniform,0.4073639217695362,0.041666666666666664,0.16666666666666666,0.125,4,0.4567453405440853,primary,uniform,PPARG
0.4222575445119888,3600,1.0,2.5,2.0833333333333335,2.5,1.0,6.0,120,4,3600,6,6.0,600,min,s2_uniform,0.3996186058852274,0.041666666666666664,0.20833333333333334,0.125,6,0.4567453405440853,primary,uniform,PPARG
0.36658479594936466,4800,1.0,2.5,2.0833333333333335,1.6666666666666665,1.0,8.0,120,4,4800,8,8.0,600,min,s2_uniform,0.37010827342275904,0.041666666666666664,0.20833333333333334,0.08333333333333333,8,0.4567453405440853,primary,uniform,PPARG
0.45917878682304153,600,1.0,2.5,2.0833333333333335,2.5,1.0,1.0,120,4,600,1,1.0,600,min,s3_top10,0.4567453405440853,0.041666666666666664,0.20833333333333334,0.125,1,0.4567453405440853,primary,primary_all|top_up,PPARG
0.4696689382347374,1200,1.0,2.5,2.0833333333333335,2.5,1.0,2.1666666666666665,120,4,1200,11,2.0,600,min,s3_top10,0.4613419013906461,0.041666666666666664,0.20833333333333334,0.125,11,0.4567453405440853,primary,primary_all|top_up,PPARG
0.4696689382347374,2400,1.0,2.5,2.0833333333333335,2.5,1.0,2.75,120,4,1500,16,2.5,600,min,s3_top10,0.4613419013906461,0.041666666666666664,0.20833333333333334,0.125,16,0.4567453405440853,primary,primary_all|top_up,PPARG
0.4696689382347374,3600,1.0,2.5,2.0833333333333335,2.5,1.0,2.75,120,4,1500,16,2.5,600,min,s3_top10,0.4613419013906461,0.041666666666666664,0.20833333333333334,0.125,16,0.4567453405440853,primary,primary_all|top_up,PPARG
0.4696689382347374,4800,1.0,2.5,2.0833333333333335,2.5,1.0,2.75,120,4,1500,16,2.5,600,min,s3_top10,0.4613419013906461,0.041666666666666664,0.20833333333333334,0.125,16,0.4567453405440853,primary,primary_all|top_up,PPARG
0.45917878682304153,600,1.0,2.5,2.0833333333333335,2.5,1.0,1.0,120,4,600,1,1.0,600,min,s3_top25,0.4567453405440853,0.041666666666666664,0.20833333333333334,0.125,1,0.4567453405440853,primary,primary_all|top_up,PPARG
0.52709346574359,1200,1.0,2.5,2.0833333333333335,3.333333333333333,1.0,2.033333333333333,120,4,1200,5,2.0,600,min,s3_top25,0.4903404692347548,0.041666666666666664,0.20833333333333334,0.16666666666666666,5,0.4567453405440853,primary,primary_all|top_up,PPARG
0.41589674775918845,2400,1.0,2.5,2.0833333333333335,1.6666666666666665,1.0,4.1,120,4,2400,13,4.0,600,min,s3_top25,0.4409599546617374,0.041666666666666664,0.20833333333333334,0.08333333333333333,13,0.4567453405440853,primary,primary_all|top_up,PPARG
0.41589674775918845,3600,1.0,2.5,2.0833333333333335,1.6666666666666665,1.0,4.875,120,4,2850,16,4.75,600,min,s3_top25,0.4409599546617374,0.041666666666666664,0.20833333333333334,0.08333333333333333,16,0.4567453405440853,primary,primary_all|top_up,PPARG
0.41589674775918845,4800,1.0,2.5,2.0833333333333335,1.6666666666666665,1.0,4.875,120,4,2850,16,4.75,600,min,s3_top25,0.4409599546617374,0.041666666666666664,0.20833333333333334,0.08333333333333333,16,0.4567453405440853,primary,primary_all|top_up,PPARG
0.45917878682304153,600,1.0,2.5,2.0833333333333335,2.5,1.0,1.0,120,4,600,1,1.0,600,min,s3_top50,0.4567453405440853,0.041666666666666664,0.20833333333333334,0.125,1,0.4567453405440853,primary,primary_all|top_up,PPARG
0.4631002667686836,1200,1.0,2.5,1.6666666666666665,2.5,1.0,2.066666666666667,120,4,1200,3,2.0,600,min,s3_top50,0.4424786535074599,0.041666666666666664,0.16666666666666666,0.125,3,0.4567453405440853,primary,primary_all|top_up,PPARG
0.44244419876525726,2400,1.0,2.5,2.0833333333333335,2.5,1.0,4.2,120,4,2400,7,4.0,600,min,s3_top50,0.42800215975262357,0.041666666666666664,0.20833333333333334,0.125,7,0.4567453405440853,primary,primary_all|top_up,PPARG
0.31864133650271753,3600,1.0,2.5,1.6666666666666665,0.8333333333333333,1.0,6.333333333333333,120,4,3600,11,6.0,600,min,s3_top50,0.36492938908462075,0.041666666666666664,0.16666666666666666,0.041666666666666664,11,0.4567453405440853,primary,primary_all|top_up,PPARG
0.286460527548388,4800,1.0,2.5,1.6666666666666665,0.8333333333333333,1.0,8.466666666666667,120,4,4800,15,8.0,600,min,s3_top50,0.3526829355285846,0.041666666666666664,0.16666666666666666,0.041666666666666664,15,0.4567453405440853,primary,primary_all|top_up,PPARG
0.5006173432545448,600,0.595,2.5,2.0833333333333335,2.5,0.6166666666666667,1.662162162162162,120,4,600,4,1.680672268907563,357,min,s4_scaffold25,0.5190355302244373,0.041666666666666664,0.20833333333333334,0.125,4,0.4567453405440853,primary,scaffold_representatives|expand_top_groups,PPARG
0.4581225317360701,1200,0.595,2.5,2.0833333333333335,1.6666666666666665,0.6166666666666667,3.0945945945945947,120,4,1200,10,3.361344537815126,357,min,s4_scaffold25,0.5086215603435558,0.041666666666666664,0.20833333333333334,0.08333333333333333,10,0.4567453405440853,primary,scaffold_representatives|expand_top_groups,PPARG
0.45179420299656325,2400,0.595,2.5,2.0833333333333335,1.6666666666666665,0.6166666666666667,4.824324324324325,120,4,1898,16,5.3165266106442575,357,min,s4_scaffold25,0.5063067455287409,0.041666666666666664,0.20833333333333334,0.08333333333333333,16,0.4567453405440853,primary,scaffold_representatives|expand_top_groups,PPARG
0.45179420299656325,3600,0.595,2.5,2.0833333333333335,1.6666666666666665,0.6166666666666667,4.824324324324325,120,4,1898,16,5.3165266106442575,357,min,s4_scaffold25,0.5063067455287409,0.041666666666666664,0.20833333333333334,0.08333333333333333,16,0.4567453405440853,primary,scaffold_representatives|expand_top_groups,PPARG
0.45179420299656325,4800,0.595,2.5,2.0833333333333335,1.6666666666666665,0.6166666666666667,4.824324324324325,120,4,1898,16,5.3165266106442575,357,min,s4_scaffold25,0.5063067455287409,0.041666666666666664,0.20833333333333334,0.08333333333333333,16,0.4567453405440853,primary,scaffold_representatives|expand_top_groups,PPARG
0.48922834957658884,600,0.6283333333333333,2.5,2.0833333333333335,2.5,0.6583333333333333,1.6582278481012658,120,4,600,3,1.5915119363395225,377,min,s4_scaffold50,0.487351177502473,0.041666666666666664,0.20833333333333334,0.125,3,0.4567453405440853,primary,scaffold_representatives|expand_top_groups,PPARG
0.5209271571760357,1200,0.6283333333333333,2.5,2.0833333333333335,3.333333333333333,0.6583333333333333,3.3037974683544302,120,4,1200,6,3.183023872679045,377,min,s4_scaffold50,0.4998651212486928,0.041666666666666664,0.20833333333333334,0.16666666666666666,6,0.4567453405440853,primary,scaffold_representatives|expand_top_groups,PPARG
0.36260802221517,2400,0.6283333333333333,2.5,2.0833333333333335,0.8333333333333333,0.6583333333333333,6.670886075949367,120,4,2400,11,6.36604774535809,377,min,s4_scaffold50,0.42674459613780596,0.041666666666666664,0.20833333333333334,0.041666666666666664,11,0.4567453405440853,primary,scaffold_representatives|expand_top_groups,PPARG
0.32251768734855774,3600,0.6283333333333333,2.5,1.6666666666666665,0.8333333333333333,0.6583333333333333,9.645569620253164,120,4,3458,16,9.172413793103448,377,min,s4_scaffold50,0.41160198960958994,0.041666666666666664,0.16666666666666666,0.041666666666666664,16,0.4567453405440853,primary,scaffold_representatives|expand_top_groups,PPARG
0.32251768734855774,4800,0.6283333333333333,2.5,1.6666666666666665,0.8333333333333333,0.6583333333333333,9.645569620253164,120,4,3458,16,9.172413793103448,377,min,s4_scaffold50,0.41160198960958994,0.041666666666666664,0.16666666666666666,0.041666666666666664,16,0.4567453405440853,primary,scaffold_representatives|expand_top_groups,PPARG
0.27796241808394717,600,1.0,2.5,1.6666666666666665,0.8333333333333333,1.0,1.0,120,4,600,1,1.0,600,min,s5_score_oracle,0.3127789607964257,0.041666666666666664,0.16666666666666666,0.041666666666666664,16,0.4567453405440853,primary,score_oracle,PPARG
0.27796241808394717,1200,1.0,2.5,1.6666666666666665,0.8333333333333333,1.0,2.0,120,4,1200,2,2.0,600,min,s5_score_oracle,0.3127789607964257,0.041666666666666664,0.16666666666666666,0.041666666666666664,16,0.4567453405440853,primary,score_oracle,PPARG
0.27796241808394717,2400,1.0,2.5,1.6666666666666665,0.8333333333333333,1.0,4.0,120,4,2400,4,4.0,600,min,s5_score_oracle,0.3127789607964257,0.041666666666666664,0.16666666666666666,0.041666666666666664,16,0.4567453405440853,primary,score_oracle,PPARG
0.27796241808394717,3600,1.0,2.5,1.6666666666666665,0.8333333333333333,1.0,6.0,120,4,3600,6,6.0,600,min,s5_score_oracle,0.3127789607964257,0.041666666666666664,0.16666666666666666,0.041666666666666664,16,0.4567453405440853,primary,score_oracle,PPARG
0.27796241808394717,4800,1.0,2.5,1.6666666666666665,0.8333333333333333,1.0,8.0,120,4,4800,8,8.0,600,min,s5_score_oracle,0.3127789607964257,0.041666666666666664,0.16666666666666666,0.041666666666666664,16,0.4567453405440853,primary,score_oracle,PPARG
0.6595883484803398,600,1.0,2.5,3.333333333333333,3.333333333333333,1.0,1.0,120,5,600,1,1.0,600,mean,s1_width,0.5854254134619226,0.041666666666666664,0.3333333333333333,0.16666666666666666,1,0.5854254134619226,primary,width,PPARG
0.6595883484803398,1200,1.0,2.5,3.333333333333333,3.333333333333333,1.0,1.0,120,5,600,1,1.0,600,mean,s1_width,0.5854254134619226,0.041666666666666664,0.3333333333333333,0.16666666666666666,1,0.5854254134619226,primary,width,PPARG
0.6595883484803398,2400,1.0,2.5,3.333333333333333,3.333333333333333,1.0,1.0,120,5,600,1,1.0,600,mean,s1_width,0.5854254134619226,0.041666666666666664,0.3333333333333333,0.16666666666666666,1,0.5854254134619226,primary,width,PPARG
0.6595883484803398,3600,1.0,2.5,3.333333333333333,3.333333333333333,1.0,1.0,120,5,600,1,1.0,600,mean,s1_width,0.5854254134619226,0.041666666666666664,0.3333333333333333,0.16666666666666666,1,0.5854254134619226,primary,width,PPARG
0.6595883484803398,4800,1.0,2.5,3.333333333333333,3.333333333333333,1.0,1.0,120,5,600,1,1.0,600,mean,s1_width,0.5854254134619226,0.041666666666666664,0.3333333333333333,0.16666666666666666,1,0.5854254134619226,primary,width,PPARG
0.6595883484803398,600,1.0,2.5,3.333333333333333,3.333333333333333,1.0,1.0,120,5,600,1,1.0,600,mean,s2_uniform,0.5854254134619226,0.041666666666666664,0.3333333333333333,0.16666666666666666,1,0.5854254134619226,primary,uniform,PPARG
0.6729245873164604,1200,1.0,2.5,3.333333333333333,3.333333333333333,1.0,2.0,120,5,1200,2,2.0,600,mean,s2_uniform,0.5845071064362303,0.041666666666666664,0.3333333333333333,0.16666666666666666,2,0.5854254134619226,primary,uniform,PPARG
0.6993485110413273,2400,1.0,5.0,3.333333333333333,3.333333333333333,1.0,4.0,120,5,2400,4,4.0,600,mean,s2_uniform,0.5870859992597753,0.08333333333333333,0.3333333333333333,0.16666666666666666,4,0.5854254134619226,primary,uniform,PPARG
0.7418539416804346,3600,1.0,5.0,3.333333333333333,4.166666666666667,1.0,6.0,120,5,3600,6,6.0,600,mean,s2_uniform,0.6219624241671976,0.08333333333333333,0.3333333333333333,0.20833333333333334,6,0.5854254134619226,primary,uniform,PPARG
0.6963948103381652,4800,1.0,5.0,3.333333333333333,3.333333333333333,1.0,8.0,120,5,4800,8,8.0,600,mean,s2_uniform,0.5961093095510526,0.08333333333333333,0.3333333333333333,0.16666666666666666,8,0.5854254134619226,primary,uniform,PPARG
0.6595883484803398,600,1.0,2.5,3.333333333333333,3.333333333333333,1.0,1.0,120,5,600,1,1.0,600,mean,s3_top10,0.5854254134619226,0.041666666666666664,0.3333333333333333,0.16666666666666666,1,0.5854254134619226,primary,primary_all|top_up,PPARG
0.7174775102351544,1200,1.0,5.0,3.333333333333333,3.333333333333333,1.0,1.75,120,5,1200,11,2.0,600,mean,s3_top10,0.6088312003745687,0.08333333333333333,0.3333333333333333,0.16666666666666666,11,0.5854254134619226,primary,primary_all|top_up,PPARG
0.6667477506625534,2400,1.0,5.0,3.333333333333333,3.333333333333333,1.0,2.125,120,5,1500,16,2.5,600,mean,s3_top10,0.5790491695329113,0.08333333333333333,0.3333333333333333,0.16666666666666666,16,0.5854254134619226,primary,primary_all|top_up,PPARG
0.6667477506625534,3600,1.0,5.0,3.333333333333333,3.333333333333333,1.0,2.125,120,5,1500,16,2.5,600,mean,s3_top10,0.5790491695329113,0.08333333333333333,0.3333333333333333,0.16666666666666666,16,0.5854254134619226,primary,primary_all|top_up,PPARG
0.6667477506625534,4800,1.0,5.0,3.333333333333333,3.333333333333333,1.0,2.125,120,5,1500,16,2.5,600,mean,s3_top10,0.5790491695329113,0.08333333333333333,0.3333333333333333,0.16666666666666666,16,0.5854254134619226,primary,primary_all|top_up,PPARG
0.6595883484803398,600,1.0,2.5,3.333333333333333,3.333333333333333,1.0,1.0,120,5,600,1,1.0,600,mean,s3_top25,0.5854254134619226,0.041666666666666664,0.3333333333333333,0.16666666666666666,1,0.5854254134619226,primary,primary_all|top_up,PPARG
0.7658045569243176,1200,1.0,5.0,4.166666666666667,3.333333333333333,1.0,2.033333333333333,120,5,1200,5,2.0,600,mean,s3_top25,0.6282791043080561,0.08333333333333333,0.4166666666666667,0.16666666666666666,5,0.5854254134619226,primary,primary_all|top_up,PPARG
0.6316852164944428,2400,1.0,5.0,2.5,3.333333333333333,1.0,4.1,120,5,2400,13,4.0,600,mean,s3_top25,0.5426200241831854,0.08333333333333333,0.25,0.16666666666666666,13,0.5854254134619226,primary,primary_all|top_up,PPARG
0.617848473655336,3600,1.0,5.0,2.0833333333333335,4.166666666666667,1.0,4.875,120,5,2850,16,4.75,600,mean,s3_top25,0.5202741417067264,0.08333333333333333,0.20833333333333334,0.20833333333333334,16,0.5854254134619226,primary,primary_all|top_up,PPARG
0.617848473655336,4800,1.0,5.0,2.0833333333333335,4.166666666666667,1.0,4.875,120,5,2850,16,4.75,600,mean,s3_top25,0.5202741417067264,0.08333333333333333,0.20833333333333334,0.20833333333333334,16,0.5854254134619226,primary,primary_all|top_up,PPARG
0.6595883484803398,600,1.0,2.5,3.333333333333333,3.333333333333333,1.0,1.0,120,5,600,1,1.0,600,mean,s3_top50,0.5854254134619226,0.041666666666666664,0.3333333333333333,0.16666666666666666,1,0.5854254134619226,primary,primary_all|top_up,PPARG
0.6817719944068198,1200,1.0,5.0,3.333333333333333,3.333333333333333,1.0,2.05,120,5,1200,3,2.0,600,mean,s3_top50,0.5890453437943234,0.08333333333333333,0.3333333333333333,0.16666666666666666,3,0.5854254134619226,primary,primary_all|top_up,PPARG
0.7283136201948223,2400,1.0,5.0,2.9166666666666665,4.166666666666667,1.0,4.15,120,5,2400,7,4.0,600,mean,s3_top50,0.6210741568348643,0.08333333333333333,0.2916666666666667,0.20833333333333334,7,0.5854254134619226,primary,primary_all|top_up,PPARG
0.6415089930271775,3600,1.0,5.0,2.0833333333333335,4.166666666666667,1.0,6.25,120,5,3600,11,6.0,600,mean,s3_top50,0.5569182385025891,0.08333333333333333,0.20833333333333334,0.20833333333333334,11,0.5854254134619226,primary,primary_all|top_up,PPARG
0.6124831719073072,4800,1.0,5.0,2.0833333333333335,4.166666666666667,1.0,8.35,120,5,4800,15,8.0,600,mean,s3_top50,0.5284550663759524,0.08333333333333333,0.20833333333333334,0.20833333333333334,15,0.5854254134619226,primary,primary_all|top_up,PPARG
0.812911331319028,600,0.5816666666666667,5.0,4.166666666666667,4.166666666666667,0.6,1.625,120,5,600,4,1.7191977077363896,349,mean,s4_scaffold25,0.7437477574943081,0.08333333333333333,0.4166666666666667,0.20833333333333334,4,0.5854254134619226,primary,scaffold_representatives|expand_top_groups,PPARG
0.7550921545062605,1200,0.5816666666666667,5.0,2.9166666666666665,4.166666666666667,0.6,3.125,120,5,1200,10,3.438395415472779,349,mean,s4_scaffold25,0.7020957620735097,0.08333333333333333,0.2916666666666667,0.20833333333333334,10,0.5854254134619226,primary,scaffold_representatives|expand_top_groups,PPARG
0.7384540658769975,2400,0.5816666666666667,5.0,2.9166666666666665,4.166666666666667,0.6,4.541666666666667,120,5,1778,16,5.0945558739255015,349,mean,s4_scaffold25,0.6842077116730989,0.08333333333333333,0.2916666666666667,0.20833333333333334,16,0.5854254134619226,primary,scaffold_representatives|expand_top_groups,PPARG
0.7384540658769975,3600,0.5816666666666667,5.0,2.9166666666666665,4.166666666666667,0.6,4.541666666666667,120,5,1778,16,5.0945558739255015,349,mean,s4_scaffold25,0.6842077116730989,0.08333333333333333,0.2916666666666667,0.20833333333333334,16,0.5854254134619226,primary,scaffold_representatives|expand_top_groups,PPARG
0.7384540658769975,4800,0.5816666666666667,5.0,2.9166666666666665,4.166666666666667,0.6,4.541666666666667,120,5,1778,16,5.0945558739255015,349,mean,s4_scaffold25,0.6842077116730989,0.08333333333333333,0.2916666666666667,0.20833333333333334,16,0.5854254134619226,primary,scaffold_representatives|expand_top_groups,PPARG
0.7413935442931402,600,0.6683333333333333,5.0,3.75,3.333333333333333,0.7583333333333333,1.4065934065934067,120,5,600,3,1.4962593516209477,401,mean,s4_scaffold50,0.6749893601926543,0.08333333333333333,0.375,0.16666666666666666,3,0.5854254134619226,primary,scaffold_representatives|expand_top_groups,PPARG
0.7596415735564874,1200,0.6683333333333333,5.0,3.75,4.166666666666667,0.7583333333333333,2.8351648351648353,120,5,1200,5,2.9925187032418954,401,mean,s4_scaffold50,0.6666395174703009,0.08333333333333333,0.375,0.20833333333333334,5,0.5854254134619226,primary,scaffold_representatives|expand_top_groups,PPARG
0.6777160252007649,2400,0.6683333333333333,5.0,2.5,4.166666666666667,0.7583333333333333,5.747252747252747,120,5,2400,10,5.985037406483791,401,mean,s4_scaffold50,0.60615963519236,0.08333333333333333,0.25,0.20833333333333334,10,0.5854254134619226,primary,scaffold_representatives|expand_top_groups,PPARG
0.6264254450247894,3600,0.6683333333333333,5.0,2.0833333333333335,4.166666666666667,0.7583333333333333,8.659340659340659,120,5,3600,16,8.977556109725686,401,mean,s4_scaffold50,0.561925399424649,0.08333333333333333,0.20833333333333334,0.20833333333333334,16,0.5854254134619226,primary,scaffold_representatives|expand_top_groups,PPARG
0.6345557750026517,4800,0.6683333333333333,5.0,2.0833333333333335,4.166666666666667,0.7583333333333333,9.197802197802197,120,5,3818,16,9.521197007481296,401,mean,s4_scaffold50,0.56087376498041,0.08333333333333333,0.20833333333333334,0.20833333333333334,16,0.5854254134619226,primary,scaffold_representatives|expand_top_groups,PPARG
0.5335361574091836,600,1.0,5.0,2.0833333333333335,2.5,1.0,1.0,120,5,600,1,1.0,600,mean,s5_score_oracle,0.4519241056594514,0.08333333333333333,0.20833333333333334,0.125,16,0.5854254134619226,primary,score_oracle,PPARG
0.5355734349906709,1200,1.0,5.0,2.0833333333333335,2.5,1.0,2.0,120,5,1200,2,2.0,600,mean,s5_score_oracle,0.4630560930782918,0.08333333333333333,0.20833333333333334,0.125,16,0.5854254134619226,primary,score_oracle,PPARG
0.5184636253683573,2400,1.0,5.0,2.0833333333333335,3.333333333333333,1.0,4.0,120,5,2400,4,4.0,600,mean,s5_score_oracle,0.4542216129086687,0.08333333333333333,0.20833333333333334,0.16666666666666666,16,0.5854254134619226,primary,score_oracle,PPARG
0.5175722884903867,3600,1.0,5.0,2.0833333333333335,3.333333333333333,1.0,6.0,120,5,3600,6,6.0,600,mean,s5_score_oracle,0.4536606397644716,0.08333333333333333,0.20833333333333334,0.16666666666666666,16,0.5854254134619226,primary,score_oracle,PPARG
0.536403852619347,4800,1.0,5.0,2.0833333333333335,3.333333333333333,1.0,8.0,120,5,4800,8,8.0,600,mean,s5_score_oracle,0.45867966598023213,0.08333333333333333,0.20833333333333334,0.16666666666666666,16,0.5854254134619226,primary,score_oracle,PPARG
0.6595883484803398,600,1.0,2.5,3.333333333333333,3.333333333333333,1.0,1.0,120,5,600,1,1.0,600,min,s1_width,0.5854254134619226,0.041666666666666664,0.3333333333333333,0.16666666666666666,1,0.5854254134619226,primary,width,PPARG
0.6595883484803398,1200,1.0,2.5,3.333333333333333,3.333333333333333,1.0,1.0,120,5,600,1,1.0,600,min,s1_width,0.5854254134619226,0.041666666666666664,0.3333333333333333,0.16666666666666666,1,0.5854254134619226,primary,width,PPARG
0.6595883484803398,2400,1.0,2.5,3.333333333333333,3.333333333333333,1.0,1.0,120,5,600,1,1.0,600,min,s1_width,0.5854254134619226,0.041666666666666664,0.3333333333333333,0.16666666666666666,1,0.5854254134619226,primary,width,PPARG
0.6595883484803398,3600,1.0,2.5,3.333333333333333,3.333333333333333,1.0,1.0,120,5,600,1,1.0,600,min,s1_width,0.5854254134619226,0.041666666666666664,0.3333333333333333,0.16666666666666666,1,0.5854254134619226,primary,width,PPARG
0.6595883484803398,4800,1.0,2.5,3.333333333333333,3.333333333333333,1.0,1.0,120,5,600,1,1.0,600,min,s1_width,0.5854254134619226,0.041666666666666664,0.3333333333333333,0.16666666666666666,1,0.5854254134619226,primary,width,PPARG
0.6595883484803398,600,1.0,2.5,3.333333333333333,3.333333333333333,1.0,1.0,120,5,600,1,1.0,600,min,s2_uniform,0.5854254134619226,0.041666666666666664,0.3333333333333333,0.16666666666666666,1,0.5854254134619226,primary,uniform,PPARG
0.6510179823453282,1200,1.0,5.0,2.5,4.166666666666667,1.0,2.0,120,5,1200,2,2.0,600,min,s2_uniform,0.568346525459167,0.08333333333333333,0.25,0.20833333333333334,2,0.5854254134619226,primary,uniform,PPARG
0.610909688884717,2400,1.0,5.0,2.5,3.333333333333333,1.0,4.0,120,5,2400,4,4.0,600,min,s2_uniform,0.5134189358213752,0.08333333333333333,0.25,0.16666666666666666,4,0.5854254134619226,primary,uniform,PPARG
0.5742006707162627,3600,1.0,5.0,2.5,3.333333333333333,1.0,6.0,120,5,3600,6,6.0,600,min,s2_uniform,0.4919792864374329,0.08333333333333333,0.25,0.16666666666666666,6,0.5854254134619226,primary,uniform,PPARG
0.5599430428649989,4800,1.0,5.0,2.5,2.5,1.0,8.0,120,5,4800,8,8.0,600,min,s2_uniform,0.4945295579561113,0.08333333333333333,0.25,0.125,8,0.5854254134619226,primary,uniform,PPARG
0.6595883484803398,600,1.0,2.5,3.333333333333333,3.333333333333333,1.0,1.0,120,5,600,1,1.0,600,min,s3_top10,0.5854254134619226,0.041666666666666664,0.3333333333333333,0.16666666666666666,1,0.5854254134619226,primary,primary_all|top_up,PPARG
0.6618549851996238,1200,1.0,5.0,3.333333333333333,3.333333333333333,1.0,1.75,120,5,1200,11,2.0,600,min,s3_top10,0.591228984890494,0.08333333333333333,0.3333333333333333,0.16666666666666666,11,0.5854254134619226,primary,primary_all|top_up,PPARG
0.6530230909807386,2400,1.0,5.0,3.333333333333333,3.333333333333333,1.0,2.125,120,5,1500,16,2.5,600,min,s3_top10,0.5875087467952559,0.08333333333333333,0.3333333333333333,0.16666666666666666,16,0.5854254134619226,primary,primary_all|top_up,PPARG
0.6530230909807386,3600,1.0,5.0,3.333333333333333,3.333333333333333,1.0,2.125,120,5,1500,16,2.5,600,min,s3_top10,0.5875087467952559,0.08333333333333333,0.3333333333333333,0.16666666666666666,16,0.5854254134619226,primary,primary_all|top_up,PPARG
0.6530230909807386,4800,1.0,5.0,3.333333333333333,3.333333333333333,1.0,2.125,120,5,1500,16,2.5,600,min,s3_top10,0.5875087467952559,0.08333333333333333,0.3333333333333333,0.16666666666666666,16,0.5854254134619226,primary,primary_all|top_up,PPARG
0.6595883484803398,600,1.0,2.5,3.333333333333333,3.333333333333333,1.0,1.0,120,5,600,1,1.0,600,min,s3_top25,0.5854254134619226,0.041666666666666664,0.3333333333333333,0.16666666666666666,1,0.5854254134619226,primary,primary_all|top_up,PPARG
0.6650773741519035,1200,1.0,5.0,3.333333333333333,3.333333333333333,1.0,2.033333333333333,120,5,1200,5,2.0,600,min,s3_top25,0.589915002843279,0.08333333333333333,0.3333333333333333,0.16666666666666666,5,0.5854254134619226,primary,primary_all|top_up,PPARG
0.5866191415379338,2400,1.0,5.0,2.5,2.5,1.0,4.1,120,5,2400,13,4.0,600,min,s3_top25,0.5379948044750634,0.08333333333333333,0.25,0.125,13,0.5854254134619226,primary,primary_all|top_up,PPARG
0.5970527917387417,3600,1.0,5.0,2.5,3.333333333333333,1.0,4.875,120,5,2850,16,4.75,600,min,s3_top25,0.5419630584433174,0.08333333333333333,0.25,0.16666666666666666,16,0.5854254134619226,primary,primary_all|top_up,PPARG
0.5970527917387417,4800,1.0,5.0,2.5,3.333333333333333,1.0,4.875,120,5,2850,16,4.75,600,min,s3_top25,0.5419630584433174,0.08333333333333333,0.25,0.16666666666666666,16,0.5854254134619226,primary,primary_all|top_up,PPARG
0.6595883484803398,600,1.0,2.5,3.333333333333333,3.333333333333333,1.0,1.0,120,5,600,1,1.0,600,min,s3_top50,0.5854254134619226,0.041666666666666664,0.3333333333333333,0.16666666666666666,1,0.5854254134619226,primary,primary_all|top_up,PPARG
0.6307074808858618,1200,1.0,5.0,2.9166666666666665,3.333333333333333,1.0,2.05,120,5,1200,3,2.0,600,min,s3_top50,0.55340479824517,0.08333333333333333,0.2916666666666667,0.16666666666666666,3,0.5854254134619226,primary,primary_all|top_up,PPARG
0.5928940452680369,2400,1.0,5.0,2.5,3.333333333333333,1.0,4.15,120,5,2400,7,4.0,600,min,s3_top50,0.5296657310675897,0.08333333333333333,0.25,0.16666666666666666,7,0.5854254134619226,primary,primary_all|top_up,PPARG
0.5625707699903416,3600,1.0,5.0,2.9166666666666665,2.5,1.0,6.25,120,5,3600,11,6.0,600,min,s3_top50,0.5114005573689454,0.08333333333333333,0.2916666666666667,0.125,11,0.5854254134619226,primary,primary_all|top_up,PPARG
0.5563934113186508,4800,1.0,5.0,2.0833333333333335,2.5,1.0,8.35,120,5,4800,15,8.0,600,min,s3_top50,0.5006498419581689,0.08333333333333333,0.20833333333333334,0.125,15,0.5854254134619226,primary,primary_all|top_up,PPARG
0.7933860685603936,600,0.5816666666666667,5.0,4.166666666666667,4.166666666666667,0.6,1.625,120,5,600,4,1.7191977077363896,349,min,s4_scaffold25,0.7426939608876529,0.08333333333333333,0.4166666666666667,0.20833333333333334,4,0.5854254134619226,primary,scaffold_representatives|expand_top_groups,PPARG
0.7961363488934274,1200,0.5816666666666667,5.0,4.166666666666667,4.166666666666667,0.6,3.125,120,5,1200,10,3.438395415472779,349,min,s4_scaffold25,0.7450749132686053,0.08333333333333333,0.4166666666666667,0.20833333333333334,10,0.5854254134619226,primary,scaffold_representatives|expand_top_groups,PPARG
0.7693715755572088,2400,0.5816666666666667,5.0,3.75,3.333333333333333,0.6,4.541666666666667,120,5,1778,16,5.0945558739255015,349,min,s4_scaffold25,0.7303768798205718,0.08333333333333333,0.375,0.16666666666666666,16,0.5854254134619226,primary,scaffold_representatives|expand_top_groups,PPARG
0.7693715755572088,3600,0.5816666666666667,5.0,3.75,3.333333333333333,0.6,4.541666666666667,120,5,1778,16,5.0945558739255015,349,min,s4_scaffold25,0.7303768798205718,0.08333333333333333,0.375,0.16666666666666666,16,0.5854254134619226,primary,scaffold_representatives|expand_top_groups,PPARG
0.7693715755572088,4800,0.5816666666666667,5.0,3.75,3.333333333333333,0.6,4.541666666666667,120,5,1778,16,5.0945558739255015,349,min,s4_scaffold25,0.7303768798205718,0.08333333333333333,0.375,0.16666666666666666,16,0.5854254134619226,primary,scaffold_representatives|expand_top_groups,PPARG
0.7479985832564412,600,0.6683333333333333,5.0,3.75,4.166666666666667,0.7583333333333333,1.4065934065934067,120,5,600,3,1.4962593516209477,401,min,s4_scaffold50,0.6879265275963643,0.08333333333333333,0.375,0.20833333333333334,3,0.5854254134619226,primary,scaffold_representatives|expand_top_groups,PPARG
0.6443991095833913,1200,0.6683333333333333,5.0,2.9166666666666665,3.333333333333333,0.7583333333333333,2.8351648351648353,120,5,1200,5,2.9925187032418954,401,min,s4_scaffold50,0.5829230238493049,0.08333333333333333,0.2916666666666667,0.16666666666666666,5,0.5854254134619226,primary,scaffold_representatives|expand_top_groups,PPARG
0.5700463985277884,2400,0.6683333333333333,5.0,2.9166666666666665,2.5,0.7583333333333333,5.747252747252747,120,5,2400,10,5.985037406483791,401,min,s4_scaffold50,0.5323254547373858,0.08333333333333333,0.2916666666666667,0.125,10,0.5854254134619226,primary,scaffold_representatives|expand_top_groups,PPARG
0.5714668685026957,3600,0.6683333333333333,5.0,2.5,2.5,0.7583333333333333,8.659340659340659,120,5,3600,16,8.977556109725686,401,min,s4_scaffold50,0.5192354855994298,0.08333333333333333,0.25,0.125,16,0.5854254134619226,primary,scaffold_representatives|expand_top_groups,PPARG
0.555871373212695,4800,0.6683333333333333,5.0,2.0833333333333335,2.5,0.7583333333333333,9.197802197802197,120,5,3818,16,9.521197007481296,401,min,s4_scaffold50,0.508084421363194,0.08333333333333333,0.20833333333333334,0.125,16,0.5854254134619226,primary,scaffold_representatives|expand_top_groups,PPARG
0.5335361574091836,600,1.0,5.0,2.0833333333333335,2.5,1.0,1.0,120,5,600,1,1.0,600,min,s5_score_oracle,0.4519241056594514,0.08333333333333333,0.20833333333333334,0.125,16,0.5854254134619226,primary,score_oracle,PPARG
0.5335361574091836,1200,1.0,5.0,2.0833333333333335,2.5,1.0,2.0,120,5,1200,2,2.0,600,min,s5_score_oracle,0.4519241056594514,0.08333333333333333,0.20833333333333334,0.125,16,0.5854254134619226,primary,score_oracle,PPARG
0.5335361574091836,2400,1.0,5.0,2.0833333333333335,2.5,1.0,4.0,120,5,2400,4,4.0,600,min,s5_score_oracle,0.4519241056594514,0.08333333333333333,0.20833333333333334,0.125,16,0.5854254134619226,primary,score_oracle,PPARG
0.5335361574091836,3600,1.0,5.0,2.0833333333333335,2.5,1.0,6.0,120,5,3600,6,6.0,600,min,s5_score_oracle,0.4519241056594514,0.08333333333333333,0.20833333333333334,0.125,16,0.5854254134619226,primary,score_oracle,PPARG
0.5335361574091836,4800,1.0,5.0,2.0833333333333335,2.5,1.0,8.0,120,5,4800,8,8.0,600,min,s5_score_oracle,0.4519241056594514,0.08333333333333333,0.20833333333333334,0.125,16,0.5854254134619226,primary,score_oracle,PPARG
0.6277756969916075,600,1.0,2.5,2.9166666666666665,3.333333333333333,1.0,1.0,120,1,600,1,1.0,600,mean,s1_width,0.4677589480260374,0.041666666666666664,0.2916666666666667,0.16666666666666666,1,0.4677589480260374,primary,width,BACE1
0.6277756969916075,1200,1.0,2.5,2.9166666666666665,3.333333333333333,1.0,1.0,120,1,600,1,1.0,600,mean,s1_width,0.4677589480260374,0.041666666666666664,0.2916666666666667,0.16666666666666666,1,0.4677589480260374,primary,width,BACE1
0.6277756969916075,2400,1.0,2.5,2.9166666666666665,3.333333333333333,1.0,1.0,120,1,600,1,1.0,600,mean,s1_width,0.4677589480260374,0.041666666666666664,0.2916666666666667,0.16666666666666666,1,0.4677589480260374,primary,width,BACE1
0.6277756969916075,3600,1.0,2.5,2.9166666666666665,3.333333333333333,1.0,1.0,120,1,600,1,1.0,600,mean,s1_width,0.4677589480260374,0.041666666666666664,0.2916666666666667,0.16666666666666666,1,0.4677589480260374,primary,width,BACE1
0.6277756969916075,4800,1.0,2.5,2.9166666666666665,3.333333333333333,1.0,1.0,120,1,600,1,1.0,600,mean,s1_width,0.4677589480260374,0.041666666666666664,0.2916666666666667,0.16666666666666666,1,0.4677589480260374,primary,width,BACE1
0.6277756969916075,600,1.0,2.5,2.9166666666666665,3.333333333333333,1.0,1.0,120,1,600,1,1.0,600,mean,s2_uniform,0.4677589480260374,0.041666666666666664,0.2916666666666667,0.16666666666666666,1,0.4677589480260374,primary,uniform,BACE1
0.5900357990870897,1200,1.0,2.5,2.9166666666666665,3.333333333333333,1.0,2.0,120,1,1200,2,2.0,600,mean,s2_uniform,0.44600280740469705,0.041666666666666664,0.2916666666666667,0.16666666666666666,2,0.4677589480260374,primary,uniform,BACE1
0.6182574914365793,2400,1.0,2.5,2.9166666666666665,4.166666666666667,1.0,4.0,120,1,2400,4,4.0,600,mean,s2_uniform,0.46868373620556314,0.041666666666666664,0.2916666666666667,0.20833333333333334,4,0.4677589480260374,primary,uniform,BACE1
0.6376958089714515,3600,1.0,2.5,2.9166666666666665,4.166666666666667,1.0,6.0,120,1,3600,6,6.0,600,mean,s2_uniform,0.48963661323537927,0.041666666666666664,0.2916666666666667,0.20833333333333334,6,0.4677589480260374,primary,uniform,BACE1
0.6410708282642632,4800,1.0,2.5,2.9166666666666665,4.166666666666667,1.0,8.0,120,1,4800,8,8.0,600,mean,s2_uniform,0.49904901417291,0.041666666666666664,0.2916666666666667,0.20833333333333334,8,0.4677589480260374,primary,uniform,BACE1
0.6277756969916075,600,1.0,2.5,2.9166666666666665,3.333333333333333,1.0,1.0,120,1,600,1,1.0,600,mean,s3_top10,0.4677589480260374,0.041666666666666664,0.2916666666666667,0.16666666666666666,1,0.4677589480260374,primary,primary_all|top_up,BACE1
0.5222645882573022,1200,1.0,2.5,2.9166666666666665,2.5,1.0,1.75,120,1,1200,11,2.0,600,mean,s3_top10,0.3999208825277427,0.041666666666666664,0.2916666666666667,0.125,11,0.4677589480260374,primary,primary_all|top_up,BACE1
0.4165781322269114,2400,1.0,2.5,2.0833333333333335,1.6666666666666665,1.0,2.05,120,1,1440,15,2.4,600,mean,s3_top10,0.3706741230275625,0.041666666666666664,0.20833333333333334,0.08333333333333333,15,0.4677589480260374,primary,primary_all|top_up,BACE1
0.4165781322269114,3600,1.0,2.5,2.0833333333333335,1.6666666666666665,1.0,2.05,120,1,1440,15,2.4,600,mean,s3_top10,0.3706741230275625,0.041666666666666664,0.20833333333333334,0.08333333333333333,15,0.4677589480260374,primary,primary_all|top_up,BACE1
0.4165781322269114,4800,1.0,2.5,2.0833333333333335,1.6666666666666665,1.0,2.05,120,1,1440,15,2.4,600,mean,s3_top10,0.3706741230275625,0.041666666666666664,0.20833333333333334,0.08333333333333333,15,0.4677589480260374,primary,primary_all|top_up,BACE1
0.6277756969916075,600,1.0,2.5,2.9166666666666665,3.333333333333333,1.0,1.0,120,1,600,1,1.0,600,mean,s3_top25,0.4677589480260374,0.041666666666666664,0.2916666666666667,0.16666666666666666,1,0.4677589480260374,primary,primary_all|top_up,BACE1
0.653135226076793,1200,1.0,2.5,2.9166666666666665,4.166666666666667,1.0,2.2,120,1,1200,5,2.0,600,mean,s3_top25,0.49058555234825657,0.041666666666666664,0.2916666666666667,0.20833333333333334,5,0.4677589480260374,primary,primary_all|top_up,BACE1
0.5658739324627577,2400,1.0,2.5,2.9166666666666665,2.5,1.0,4.6,120,1,2400,13,4.0,600,mean,s3_top25,0.4531700239864865,0.041666666666666664,0.2916666666666667,0.125,13,0.4677589480260374,primary,primary_all|top_up,BACE1
0.5191219483944852,3600,1.0,2.5,2.5,2.5,1.0,5.2,120,1,2700,15,4.5,600,mean,s3_top25,0.4400379307849865,0.041666666666666664,0.25,0.125,15,0.4677589480260374,primary,primary_all|top_up,BACE1
0.5191219483944852,4800,1.0,2.5,2.5,2.5,1.0,5.2,120,1,2700,15,4.5,600,mean,s3_top25,0.4400379307849865,0.041666666666666664,0.25,0.125,15,0.4677589480260374,primary,primary_all|top_up,BACE1
0.6277756969916075,600,1.0,2.5,2.9166666666666665,3.333333333333333,1.0,1.0,120,1,600,1,1.0,600,mean,s3_top50,0.4677589480260374,0.041666666666666664,0.2916666666666667,0.16666666666666666,1,0.4677589480260374,primary,primary_all|top_up,BACE1
0.6210180930677411,1200,1.0,2.5,2.9166666666666665,4.166666666666667,1.0,1.9833333333333334,120,1,1200,3,2.0,600,mean,s3_top50,0.45154772775464885,0.041666666666666664,0.2916666666666667,0.20833333333333334,3,0.4677589480260374,primary,primary_all|top_up,BACE1
0.6171699382895323,2400,1.0,2.5,2.9166666666666665,4.166666666666667,1.0,3.95,120,1,2400,7,4.0,600,mean,s3_top50,0.4616848838739734,0.041666666666666664,0.2916666666666667,0.20833333333333334,7,0.4677589480260374,primary,primary_all|top_up,BACE1
0.5745703078350318,3600,1.0,2.5,2.9166666666666665,3.333333333333333,1.0,5.916666666666667,120,1,3600,11,6.0,600,mean,s3_top50,0.44802868448977584,0.041666666666666664,0.2916666666666667,0.16666666666666666,11,0.4677589480260374,primary,primary_all|top_up,BACE1
0.5241630798948204,4800,1.0,2.5,2.5,2.5,1.0,7.883333333333334,120,1,4800,15,8.0,600,mean,s3_top50,0.44226932665250746,0.041666666666666664,0.25,0.125,15,0.4677589480260374,primary,primary_all|top_up,BACE1
0.6754580553713598,600,0.6216666666666667,2.5,3.333333333333333,4.166666666666667,0.5583333333333333,1.492537313432836,120,1,600,4,1.6085790884718498,373,mean,s4_scaffold25,0.5804110438749822,0.041666666666666664,0.3333333333333333,0.20833333333333334,4,0.4677589480260374,primary,scaffold_representatives|expand_top_groups,BACE1
0.63478284300204,1200,0.6216666666666667,2.5,2.9166666666666665,4.166666666666667,0.5583333333333333,2.8955223880597014,120,1,1200,10,3.2171581769436997,373,mean,s4_scaffold25,0.5613160593388212,0.041666666666666664,0.2916666666666667,0.20833333333333334,10,0.4677589480260374,primary,scaffold_representatives|expand_top_groups,BACE1
0.586099688462626,2400,0.6216666666666667,2.5,2.9166666666666665,2.5,0.5583333333333333,4.3283582089552235,120,1,1828,15,4.900804289544236,373,mean,s4_scaffold25,0.5353561723110868,0.041666666666666664,0.2916666666666667,0.125,15,0.4677589480260374,primary,scaffold_representatives|expand_top_groups,BACE1
0.586099688462626,3600,0.6216666666666667,2.5,2.9166666666666665,2.5,0.5583333333333333,4.3283582089552235,120,1,1828,15,4.900804289544236,373,mean,s4_scaffold25,0.5353561723110868,0.041666666666666664,0.2916666666666667,0.125,15,0.4677589480260374,primary,scaffold_representatives|expand_top_groups,BACE1
0.586099688462626,4800,0.6216666666666667,2.5,2.9166666666666665,2.5,0.5583333333333333,4.3283582089552235,120,1,1828,15,4.900804289544236,373,mean,s4_scaffold25,0.5353561723110868,0.041666666666666664,0.2916666666666667,0.125,15,0.4677589480260374,primary,scaffold_representatives|expand_top_groups,BACE1
0.6777079719220193,600,0.68,2.5,3.75,4.166666666666667,0.575,1.4782608695652173,120,1,600,3,1.4705882352941178,408,mean,s4_scaffold50,0.5663074940659606,0.041666666666666664,0.375,0.20833333333333334,3,0.4677589480260374,primary,scaffold_representatives|expand_top_groups,BACE1
0.6698662693736642,1200,0.68,2.5,2.9166666666666665,4.166666666666667,0.575,2.927536231884058,120,1,1200,5,2.9411764705882355,408,mean,s4_scaffold50,0.5703196713033498,0.041666666666666664,0.2916666666666667,0.20833333333333334,5,0.4677589480260374,primary,scaffold_representatives|expand_top_groups,BACE1
0.6113732970265647,2400,0.68,2.5,2.9166666666666665,4.166666666666667,0.575,5.521739130434782,120,1,2400,10,5.882352941176471,408,mean,s4_scaffold50,0.5282154661389739,0.041666666666666664,0.2916666666666667,0.20833333333333334,10,0.4677589480260374,primary,scaffold_representatives|expand_top_groups,BACE1
0.5247408205732493,3600,0.68,2.5,2.5,2.5,0.575,8.057971014492754,120,1,3564,15,8.735294117647058,408,mean,s4_scaffold50,0.5033888891061306,0.041666666666666664,0.25,0.125,15,0.4677589480260374,primary,scaffold_representatives|expand_top_groups,BACE1
0.5247408205732493,4800,0.68,2.5,2.5,2.5,0.575,8.057971014492754,120,1,3564,15,8.735294117647058,408,mean,s4_scaffold50,0.5033888891061306,0.041666666666666664,0.25,0.125,15,0.4677589480260374,primary,scaffold_representatives|expand_top_groups,BACE1
0.6258166983694411,600,1.0,2.5,2.9166666666666665,3.333333333333333,1.0,1.0,120,1,600,1,1.0,600,mean,s5_score_oracle,0.4796268617058668,0.041666666666666664,0.2916666666666667,0.16666666666666666,15,0.4677589480260374,primary,score_oracle,BACE1
0.5935531362540627,1200,1.0,2.5,2.5,4.166666666666667,1.0,2.0,120,1,1200,2,2.0,600,mean,s5_score_oracle,0.4630371434728556,0.041666666666666664,0.25,0.20833333333333334,15,0.4677589480260374,primary,score_oracle,BACE1
0.5967828290921209,2400,1.0,2.5,2.9166666666666665,3.333333333333333,1.0,4.0,120,1,2400,4,4.0,600,mean,s5_score_oracle,0.4666755766890122,0.041666666666666664,0.2916666666666667,0.16666666666666666,15,0.4677589480260374,primary,score_oracle,BACE1
0.5955672542366458,3600,1.0,2.5,2.9166666666666665,3.333333333333333,1.0,6.0,120,1,3600,6,6.0,600,mean,s5_score_oracle,0.47060561449409005,0.041666666666666664,0.2916666666666667,0.16666666666666666,15,0.4677589480260374,primary,score_oracle,BACE1
0.5920873531993349,4800,1.0,2.5,2.9166666666666665,3.333333333333333,1.0,8.0,120,1,4800,8,8.0,600,mean,s5_score_oracle,0.4674940666426198,0.041666666666666664,0.2916666666666667,0.16666666666666666,15,0.4677589480260374,primary,score_oracle,BACE1
0.6277756969916075,600,1.0,2.5,2.9166666666666665,3.333333333333333,1.0,1.0,120,1,600,1,1.0,600,min,s1_width,0.4677589480260374,0.041666666666666664,0.2916666666666667,0.16666666666666666,1,0.4677589480260374,primary,width,BACE1
0.6277756969916075,1200,1.0,2.5,2.9166666666666665,3.333333333333333,1.0,1.0,120,1,600,1,1.0,600,min,s1_width,0.4677589480260374,0.041666666666666664,0.2916666666666667,0.16666666666666666,1,0.4677589480260374,primary,width,BACE1
0.6277756969916075,2400,1.0,2.5,2.9166666666666665,3.333333333333333,1.0,1.0,120,1,600,1,1.0,600,min,s1_width,0.4677589480260374,0.041666666666666664,0.2916666666666667,0.16666666666666666,1,0.4677589480260374,primary,width,BACE1
0.6277756969916075,3600,1.0,2.5,2.9166666666666665,3.333333333333333,1.0,1.0,120,1,600,1,1.0,600,min,s1_width,0.4677589480260374,0.041666666666666664,0.2916666666666667,0.16666666666666666,1,0.4677589480260374,primary,width,BACE1
0.6277756969916075,4800,1.0,2.5,2.9166666666666665,3.333333333333333,1.0,1.0,120,1,600,1,1.0,600,min,s1_width,0.4677589480260374,0.041666666666666664,0.2916666666666667,0.16666666666666666,1,0.4677589480260374,primary,width,BACE1
0.6277756969916075,600,1.0,2.5,2.9166666666666665,3.333333333333333,1.0,1.0,120,1,600,1,1.0,600,min,s2_uniform,0.4677589480260374,0.041666666666666664,0.2916666666666667,0.16666666666666666,1,0.4677589480260374,primary,uniform,BACE1
0.5643898648683289,1200,1.0,2.5,2.9166666666666665,3.333333333333333,1.0,2.0,120,1,1200,2,2.0,600,min,s2_uniform,0.4366518738370042,0.041666666666666664,0.2916666666666667,0.16666666666666666,2,0.4677589480260374,primary,uniform,BACE1
0.6265564428411402,2400,1.0,2.5,2.9166666666666665,4.166666666666667,1.0,4.0,120,1,2400,4,4.0,600,min,s2_uniform,0.49091171384611476,0.041666666666666664,0.2916666666666667,0.20833333333333334,4,0.4677589480260374,primary,uniform,BACE1
0.5655735368858532,3600,1.0,2.5,2.5,3.333333333333333,1.0,6.0,120,1,3600,6,6.0,600,min,s2_uniform,0.4472103656856943,0.041666666666666664,0.25,0.16666666666666666,6,0.4677589480260374,primary,uniform,BACE1
0.5803617418387963,4800,1.0,2.5,2.5,3.333333333333333,1.0,8.0,120,1,4800,8,8.0,600,min,s2_uniform,0.44079461251845925,0.041666666666666664,0.25,0.16666666666666666,8,0.4677589480260374,primary,uniform,BACE1
0.6277756969916075,600,1.0,2.5,2.9166666666666665,3.333333333333333,1.0,1.0,120,1,600,1,1.0,600,min,s3_top10,0.4677589480260374,0.041666666666666664,0.2916666666666667,0.16666666666666666,1,0.4677589480260374,primary,primary_all|top_up,BACE1
0.6505352485013375,1200,1.0,2.5,2.9166666666666665,4.166666666666667,1.0,1.75,120,1,1200,11,2.0,600,min,s3_top10,0.4782748210419104,0.041666666666666664,0.2916666666666667,0.20833333333333334,11,0.4677589480260374,primary,primary_all|top_up,BACE1
0.6505352485013375,2400,1.0,2.5,2.9166666666666665,4.166666666666667,1.0,2.05,120,1,1440,15,2.4,600,min,s3_top10,0.4782748210419104,0.041666666666666664,0.2916666666666667,0.20833333333333334,15,0.4677589480260374,primary,primary_all|top_up,BACE1
0.6505352485013375,3600,1.0,2.5,2.9166666666666665,4.166666666666667,1.0,2.05,120,1,1440,15,2.4,600,min,s3_top10,0.4782748210419104,0.041666666666666664,0.2916666666666667,0.20833333333333334,15,0.4677589480260374,primary,primary_all|top_up,BACE1
0.6505352485013375,4800,1.0,2.5,2.9166666666666665,4.166666666666667,1.0,2.05,120,1,1440,15,2.4,600,min,s3_top10,0.4782748210419104,0.041666666666666664,0.2916666666666667,0.20833333333333334,15,0.4677589480260374,primary,primary_all|top_up,BACE1
0.6277756969916075,600,1.0,2.5,2.9166666666666665,3.333333333333333,1.0,1.0,120,1,600,1,1.0,600,min,s3_top25,0.4677589480260374,0.041666666666666664,0.2916666666666667,0.16666666666666666,1,0.4677589480260374,primary,primary_all|top_up,BACE1
0.6009139970741331,1200,1.0,2.5,2.9166666666666665,4.166666666666667,1.0,2.2,120,1,1200,5,2.0,600,min,s3_top25,0.44793002057053677,0.041666666666666664,0.2916666666666667,0.20833333333333334,5,0.4677589480260374,primary,primary_all|top_up,BACE1
0.5980569522144475,2400,1.0,2.5,2.5,4.166666666666667,1.0,4.6,120,1,2400,13,4.0,600,min,s3_top25,0.44698016514056116,0.041666666666666664,0.25,0.20833333333333334,13,0.4677589480260374,primary,primary_all|top_up,BACE1
0.596688065151376,3600,1.0,2.5,2.5,4.166666666666667,1.0,5.2,120,1,2700,15,4.5,600,min,s3_top25,0.4472339044568005,0.041666666666666664,0.25,0.20833333333333334,15,0.4677589480260374,primary,primary_all|top_up,BACE1
0.596688065151376,4800,1.0,2.5,2.5,4.166666666666667,1.0,5.2,120,1,2700,15,4.5,600,min,s3_top25,0.4472339044568005,0.041666666666666664,0.25,0.20833333333333334,15,0.4677589480260374,primary,primary_all|top_up,BACE1
0.6277756969916075,600,1.0,2.5,2.9166666666666665,3.333333333333333,1.0,1.0,120,1,600,1,1.0,600,min,s3_top50,0.4677589480260374,0.041666666666666664,0.2916666666666667,0.16666666666666666,1,0.4677589480260374,primary,primary_all|top_up,BACE1
0.579115489112521,1200,1.0,2.5,2.9166666666666665,3.333333333333333,1.0,1.9833333333333334,120,1,1200,3,2.0,600,min,s3_top50,0.4343489799973908,0.041666666666666664,0.2916666666666667,0.16666666666666666,3,0.4677589480260374,primary,primary_all|top_up,BACE1
0.5650476847382373,2400,1.0,2.5,2.5,3.333333333333333,1.0,3.95,120,1,2400,7,4.0,600,min,s3_top50,0.4344944972505767,0.041666666666666664,0.25,0.16666666666666666,7,0.4677589480260374,primary,primary_all|top_up,BACE1
0.5949664347162428,3600,1.0,2.5,2.5,4.166666666666667,1.0,5.916666666666667,120,1,3600,11,6.0,600,min,s3_top50,0.44306842143058806,0.041666666666666664,0.25,0.20833333333333334,11,0.4677589480260374,primary,primary_all|top_up,BACE1
0.5995101259897531,4800,1.0,2.5,2.5,4.166666666666667,1.0,7.883333333333334,120,1,4800,15,8.0,600,min,s3_top50,0.452643357548645,0.041666666666666664,0.25,0.20833333333333334,15,0.4677589480260374,primary,primary_all|top_up,BACE1
0.5911796130823418,600,0.6216666666666667,2.5,3.333333333333333,3.333333333333333,0.5583333333333333,1.492537313432836,120,1,600,4,1.6085790884718498,373,min,s4_scaffold25,0.5381367536227508,0.041666666666666664,0.3333333333333333,0.16666666666666666,4,0.4677589480260374,primary,scaffold_representatives|expand_top_groups,BACE1
0.6263741761273028,1200,0.6216666666666667,2.5,2.9166666666666665,3.333333333333333,0.5583333333333333,2.8955223880597014,120,1,1200,10,3.2171581769436997,373,min,s4_scaffold25,0.5626247043974663,0.041666666666666664,0.2916666666666667,0.16666666666666666,10,0.4677589480260374,primary,scaffold_representatives|expand_top_groups,BACE1
0.6236238957942694,2400,0.6216666666666667,2.5,2.9166666666666665,3.333333333333333,0.5583333333333333,4.3283582089552235,120,1,1828,15,4.900804289544236,373,min,s4_scaffold25,0.5608389901117521,0.041666666666666664,0.2916666666666667,0.16666666666666666,15,0.4677589480260374,primary,scaffold_representatives|expand_top_groups,BACE1
0.6236238957942694,3600,0.6216666666666667,2.5,2.9166666666666665,3.333333333333333,0.5583333333333333,4.3283582089552235,120,1,1828,15,4.900804289544236,373,min,s4_scaffold25,0.5608389901117521,0.041666666666666664,0.2916666666666667,0.16666666666666666,15,0.4677589480260374,primary,scaffold_representatives|expand_top_groups,BACE1
0.6236238957942694,4800,0.6216666666666667,2.5,2.9166666666666665,3.333333333333333,0.5583333333333333,4.3283582089552235,120,1,1828,15,4.900804289544236,373,min,s4_scaffold25,0.5608389901117521,0.041666666666666664,0.2916666666666667,0.16666666666666666,15,0.4677589480260374,primary,scaffold_representatives|expand_top_groups,BACE1
0.5998249609609315,600,0.68,2.5,2.9166666666666665,3.333333333333333,0.575,1.4782608695652173,120,1,600,3,1.4705882352941178,408,min,s4_scaffold50,0.521170636201721,0.041666666666666664,0.2916666666666667,0.16666666666666666,3,0.4677589480260374,primary,scaffold_representatives|expand_top_groups,BACE1
0.6345676569497887,1200,0.68,2.5,2.9166666666666665,4.166666666666667,0.575,2.927536231884058,120,1,1200,5,2.9411764705882355,408,min,s4_scaffold50,0.5519446535874556,0.041666666666666664,0.2916666666666667,0.20833333333333334,5,0.4677589480260374,primary,scaffold_representatives|expand_top_groups,BACE1
0.618020304123903,2400,0.68,2.5,2.5,4.166666666666667,0.575,5.521739130434782,120,1,2400,10,5.882352941176471,408,min,s4_scaffold50,0.5437628737491608,0.041666666666666664,0.25,0.20833333333333334,10,0.4677589480260374,primary,scaffold_representatives|expand_top_groups,BACE1
0.6181083001024581,3600,0.68,2.5,2.5,4.166666666666667,0.575,8.057971014492754,120,1,3564,15,8.735294117647058,408,min,s4_scaffold50,0.5475806340404118,0.041666666666666664,0.25,0.20833333333333334,15,0.4677589480260374,primary,scaffold_representatives|expand_top_groups,BACE1
0.6181083001024581,4800,0.68,2.5,2.5,4.166666666666667,0.575,8.057971014492754,120,1,3564,15,8.735294117647058,408,min,s4_scaffold50,0.5475806340404118,0.041666666666666664,0.25,0.20833333333333334,15,0.4677589480260374,primary,scaffold_representatives|expand_top_groups,BACE1
0.6258166983694411,600,1.0,2.5,2.9166666666666665,3.333333333333333,1.0,1.0,120,1,600,1,1.0,600,min,s5_score_oracle,0.4796268617058668,0.041666666666666664,0.2916666666666667,0.16666666666666666,15,0.4677589480260374,primary,score_oracle,BACE1
0.6258166983694411,1200,1.0,2.5,2.9166666666666665,3.333333333333333,1.0,2.0,120,1,1200,2,2.0,600,min,s5_score_oracle,0.4796268617058668,0.041666666666666664,0.2916666666666667,0.16666666666666666,15,0.4677589480260374,primary,score_oracle,BACE1
0.6258166983694411,2400,1.0,2.5,2.9166666666666665,3.333333333333333,1.0,4.0,120,1,2400,4,4.0,600,min,s5_score_oracle,0.4796268617058668,0.041666666666666664,0.2916666666666667,0.16666666666666666,15,0.4677589480260374,primary,score_oracle,BACE1
0.6258166983694411,3600,1.0,2.5,2.9166666666666665,3.333333333333333,1.0,6.0,120,1,3600,6,6.0,600,min,s5_score_oracle,0.4796268617058668,0.041666666666666664,0.2916666666666667,0.16666666666666666,15,0.4677589480260374,primary,score_oracle,BACE1
0.6258166983694411,4800,1.0,2.5,2.9166666666666665,3.333333333333333,1.0,8.0,120,1,4800,8,8.0,600,min,s5_score_oracle,0.4796268617058668,0.041666666666666664,0.2916666666666667,0.16666666666666666,15,0.4677589480260374,primary,score_oracle,BACE1
0.736072920166482,600,1.0,2.5,3.333333333333333,4.166666666666667,1.0,1.0,120,2,600,1,1.0,600,mean,s1_width,0.5944392141928151,0.041666666666666664,0.3333333333333333,0.20833333333333334,1,0.5944392141928151,primary,width,BACE1
0.736072920166482,1200,1.0,2.5,3.333333333333333,4.166666666666667,1.0,1.0,120,2,600,1,1.0,600,mean,s1_width,0.5944392141928151,0.041666666666666664,0.3333333333333333,0.20833333333333334,1,0.5944392141928151,primary,width,BACE1
0.736072920166482,2400,1.0,2.5,3.333333333333333,4.166666666666667,1.0,1.0,120,2,600,1,1.0,600,mean,s1_width,0.5944392141928151,0.041666666666666664,0.3333333333333333,0.20833333333333334,1,0.5944392141928151,primary,width,BACE1
0.736072920166482,3600,1.0,2.5,3.333333333333333,4.166666666666667,1.0,1.0,120,2,600,1,1.0,600,mean,s1_width,0.5944392141928151,0.041666666666666664,0.3333333333333333,0.20833333333333334,1,0.5944392141928151,primary,width,BACE1
0.736072920166482,4800,1.0,2.5,3.333333333333333,4.166666666666667,1.0,1.0,120,2,600,1,1.0,600,mean,s1_width,0.5944392141928151,0.041666666666666664,0.3333333333333333,0.20833333333333334,1,0.5944392141928151,primary,width,BACE1
0.736072920166482,600,1.0,2.5,3.333333333333333,4.166666666666667,1.0,1.0,120,2,600,1,1.0,600,mean,s2_uniform,0.5944392141928151,0.041666666666666664,0.3333333333333333,0.20833333333333334,1,0.5944392141928151,primary,uniform,BACE1
0.7356843216562324,1200,1.0,2.5,3.333333333333333,4.166666666666667,1.0,2.0,120,2,1200,2,2.0,600,mean,s2_uniform,0.5983164907613495,0.041666666666666664,0.3333333333333333,0.20833333333333334,2,0.5944392141928151,primary,uniform,BACE1
0.7699278226494821,2400,1.0,5.0,3.333333333333333,4.166666666666667,1.0,4.0,120,2,2400,4,4.0,600,mean,s2_uniform,0.6277903477771546,0.08333333333333333,0.3333333333333333,0.20833333333333334,4,0.5944392141928151,primary,uniform,BACE1
0.8275492533464947,3600,1.0,5.0,3.75,5.0,1.0,6.0,120,2,3600,6,6.0,600,mean,s2_uniform,0.6452795302936627,0.08333333333333333,0.375,0.25,6,0.5944392141928151,primary,uniform,BACE1
0.821150518178659,4800,1.0,5.0,3.75,5.0,1.0,8.0,120,2,4800,8,8.0,600,mean,s2_uniform,0.6365847420201626,0.08333333333333333,0.375,0.25,8,0.5944392141928151,primary,uniform,BACE1
0.736072920166482,600,1.0,2.5,3.333333333333333,4.166666666666667,1.0,1.0,120,2,600,1,1.0,600,mean,s3_top10,0.5944392141928151,0.041666666666666664,0.3333333333333333,0.20833333333333334,1,0.5944392141928151,primary,primary_all|top_up,BACE1
0.7346395349448157,1200,1.0,5.0,3.333333333333333,4.166666666666667,1.0,2.5833333333333335,120,2,1200,11,2.0,600,mean,s3_top10,0.5618232726730724,0.08333333333333333,0.3333333333333333,0.20833333333333334,11,0.5944392141928151,primary,primary_all|top_up,BACE1
0.617190851362044,2400,1.0,2.5,2.9166666666666665,3.333333333333333,1.0,3.216666666666667,120,2,1440,15,2.4,600,mean,s3_top10,0.4848919131327765,0.041666666666666664,0.2916666666666667,0.16666666666666666,15,0.5944392141928151,primary,primary_all|top_up,BACE1
0.617190851362044,3600,1.0,2.5,2.9166666666666665,3.333333333333333,1.0,3.216666666666667,120,2,1440,15,2.4,600,mean,s3_top10,0.4848919131327765,0.041666666666666664,0.2916666666666667,0.16666666666666666,15,0.5944392141928151,primary,primary_all|top_up,BACE1
0.617190851362044,4800,1.0,2.5,2.9166666666666665,3.333333333333333,1.0,3.216666666666667,120,2,1440,15,2.4,600,mean,s3_top10,0.4848919131327765,0.041666666666666664,0.2916666666666667,0.16666666666666666,15,0.5944392141928151,primary,primary_all|top_up,BACE1
0.736072920166482,600,1.0,2.5,3.333333333333333,4.166666666666667,1.0,1.0,120,2,600,1,1.0,600,mean,s3_top25,0.5944392141928151,0.041666666666666664,0.3333333333333333,0.20833333333333334,1,0.5944392141928151,primary,primary_all|top_up,BACE1
0.780947425582143,1200,1.0,5.0,3.75,4.166666666666667,1.0,2.1666666666666665,120,2,1200,5,2.0,600,mean,s3_top25,0.6204332603770596,0.08333333333333333,0.375,0.20833333333333334,5,0.5944392141928151,primary,primary_all|top_up,BACE1
0.7430405666513126,2400,1.0,5.0,3.75,4.166666666666667,1.0,4.5,120,2,2400,13,4.0,600,mean,s3_top25,0.5864682528477356,0.08333333333333333,0.375,0.20833333333333334,13,0.5944392141928151,primary,primary_all|top_up,BACE1
0.7109660167705125,3600,1.0,2.5,3.333333333333333,4.166666666666667,1.0,5.083333333333333,120,2,2700,15,4.5,600,mean,s3_top25,0.5570984341839369,0.041666666666666664,0.3333333333333333,0.20833333333333334,15,0.5944392141928151,primary,primary_all|top_up,BACE1
0.7109660167705125,4800,1.0,2.5,3.333333333333333,4.166666666666667,1.0,5.083333333333333,120,2,2700,15,4.5,600,mean,s3_top25,0.5570984341839369,0.041666666666666664,0.3333333333333333,0.20833333333333334,15,0.5944392141928151,primary,primary_all|top_up,BACE1
0.736072920166482,600,1.0,2.5,3.333333333333333,4.166666666666667,1.0,1.0,120,2,600,1,1.0,600,mean,s3_top50,0.5944392141928151,0.041666666666666664,0.3333333333333333,0.20833333333333334,1,0.5944392141928151,primary,primary_all|top_up,BACE1
0.773616028080678,1200,1.0,5.0,3.333333333333333,4.166666666666667,1.0,2.2,120,2,1200,3,2.0,600,mean,s3_top50,0.6274654621805691,0.08333333333333333,0.3333333333333333,0.20833333333333334,3,0.5944392141928151,primary,primary_all|top_up,BACE1
0.7857862855042216,2400,1.0,5.0,3.333333333333333,4.166666666666667,1.0,4.6,120,2,2400,7,4.0,600,mean,s3_top50,0.6212811516224698,0.08333333333333333,0.3333333333333333,0.20833333333333334,7,0.5944392141928151,primary,primary_all|top_up,BACE1
0.7608464098450716,3600,1.0,5.0,3.333333333333333,4.166666666666667,1.0,7.0,120,2,3600,11,6.0,600,mean,s3_top50,0.5955716087983051,0.08333333333333333,0.3333333333333333,0.20833333333333334,11,0.5944392141928151,primary,primary_all|top_up,BACE1
0.7152824207037644,4800,1.0,2.5,3.333333333333333,4.166666666666667,1.0,9.4,120,2,4800,15,8.0,600,mean,s3_top50,0.5712917267673358,0.041666666666666664,0.3333333333333333,0.20833333333333334,15,0.5944392141928151,primary,primary_all|top_up,BACE1
0.7662113185838404,600,0.6216666666666667,5.0,3.333333333333333,4.166666666666667,0.6333333333333333,1.8026315789473684,120,2,600,4,1.6085790884718498,373,mean,s4_scaffold25,0.6549967474619177,0.08333333333333333,0.3333333333333333,0.20833333333333334,4,0.5944392141928151,primary,scaffold_representatives|expand_top_groups,BACE1
0.7952962821008795,1200,0.6216666666666667,5.0,4.166666666666667,4.166666666666667,0.6333333333333333,3.9210526315789473,120,2,1200,10,3.2171581769436997,373,mean,s4_scaffold25,0.6593034275474291,0.08333333333333333,0.4166666666666667,0.20833333333333334,10,0.5944392141928151,primary,scaffold_representatives|expand_top_groups,BACE1
0.7134430257280436,2400,0.6216666666666667,2.5,3.333333333333333,4.166666666666667,0.6333333333333333,6.118421052631579,120,2,1828,15,4.900804289544236,373,mean,s4_scaffold25,0.6051213051794542,0.041666666666666664,0.3333333333333333,0.20833333333333334,15,0.5944392141928151,primary,scaffold_representatives|expand_top_groups,BACE1
0.7134430257280436,3600,0.6216666666666667,2.5,3.333333333333333,4.166666666666667,0.6333333333333333,6.118421052631579,120,2,1828,15,4.900804289544236,373,mean,s4_scaffold25,0.6051213051794542,0.041666666666666664,0.3333333333333333,0.20833333333333334,15,0.5944392141928151,primary,scaffold_representatives|expand_top_groups,BACE1
0.7134430257280436,4800,0.6216666666666667,2.5,3.333333333333333,4.166666666666667,0.6333333333333333,6.118421052631579,120,2,1828,15,4.900804289544236,373,mean,s4_scaffold25,0.6051213051794542,0.041666666666666664,0.3333333333333333,0.20833333333333334,15,0.5944392141928151,primary,scaffold_representatives|expand_top_groups,BACE1
0.7788304926587858,600,0.68,5.0,3.333333333333333,4.166666666666667,0.7166666666666667,1.558139534883721,120,2,600,3,1.4705882352941178,408,mean,s4_scaffold50,0.6394309067624684,0.08333333333333333,0.3333333333333333,0.20833333333333334,3,0.5944392141928151,primary,scaffold_representatives|expand_top_groups,BACE1
0.7823687052621996,1200,0.68,5.0,3.75,4.166666666666667,0.7166666666666667,3.313953488372093,120,2,1200,5,2.9411764705882355,408,mean,s4_scaffold50,0.6505290927733908,0.08333333333333333,0.375,0.20833333333333334,5,0.5944392141928151,primary,scaffold_representatives|expand_top_groups,BACE1
0.7886818926475548,2400,0.68,5.0,4.166666666666667,4.166666666666667,0.7166666666666667,6.767441860465116,120,2,2400,10,5.882352941176471,408,mean,s4_scaffold50,0.6345898890705601,0.08333333333333333,0.4166666666666667,0.20833333333333334,10,0.5944392141928151,primary,scaffold_representatives|expand_top_groups,BACE1
0.7169904742246428,3600,0.68,2.5,3.333333333333333,4.166666666666667,0.7166666666666667,10.127906976744185,120,2,3564,15,8.735294117647058,408,mean,s4_scaffold50,0.5949166855335232,0.041666666666666664,0.3333333333333333,0.20833333333333334,15,0.5944392141928151,primary,scaffold_representatives|expand_top_groups,BACE1
0.7169904742246428,4800,0.68,2.5,3.333333333333333,4.166666666666667,0.7166666666666667,10.127906976744185,120,2,3564,15,8.735294117647058,408,mean,s4_scaffold50,0.5949166855335232,0.041666666666666664,0.3333333333333333,0.20833333333333334,15,0.5944392141928151,primary,scaffold_representatives|expand_top_groups,BACE1
0.7791757492992085,600,1.0,5.0,3.333333333333333,4.166666666666667,1.0,1.0,120,2,600,1,1.0,600,mean,s5_score_oracle,0.6384667505154845,0.08333333333333333,0.3333333333333333,0.20833333333333334,15,0.5944392141928151,primary,score_oracle,BACE1
0.7773275150335789,1200,1.0,5.0,3.333333333333333,4.166666666666667,1.0,2.0,120,2,1200,2,2.0,600,mean,s5_score_oracle,0.6239600439375964,0.08333333333333333,0.3333333333333333,0.20833333333333334,15,0.5944392141928151,primary,score_oracle,BACE1
0.7844517453572865,2400,1.0,5.0,3.333333333333333,4.166666666666667,1.0,4.0,120,2,2400,4,4.0,600,mean,s5_score_oracle,0.6234680661704761,0.08333333333333333,0.3333333333333333,0.20833333333333334,15,0.5944392141928151,primary,score_oracle,BACE1
0.7699927032356175,3600,1.0,5.0,3.333333333333333,4.166666666666667,1.0,6.0,120,2,3600,6,6.0,600,mean,s5_score_oracle,0.6137157037501652,0.08333333333333333,0.3333333333333333,0.20833333333333334,15,0.5944392141928151,primary,score_oracle,BACE1
0.7629395224869081,4800,1.0,5.0,3.333333333333333,4.166666666666667,1.0,8.0,120,2,4800,8,8.0,600,mean,s5_score_oracle,0.6123787803561448,0.08333333333333333,0.3333333333333333,0.20833333333333334,15,0.5944392141928151,primary,score_oracle,BACE1
0.736072920166482,600,1.0,2.5,3.333333333333333,4.166666666666667,1.0,1.0,120,2,600,1,1.0,600,min,s1_width,0.5944392141928151,0.041666666666666664,0.3333333333333333,0.20833333333333334,1,0.5944392141928151,primary,width,BACE1
0.736072920166482,1200,1.0,2.5,3.333333333333333,4.166666666666667,1.0,1.0,120,2,600,1,1.0,600,min,s1_width,0.5944392141928151,0.041666666666666664,0.3333333333333333,0.20833333333333334,1,0.5944392141928151,primary,width,BACE1
0.736072920166482,2400,1.0,2.5,3.333333333333333,4.166666666666667,1.0,1.0,120,2,600,1,1.0,600,min,s1_width,0.5944392141928151,0.041666666666666664,0.3333333333333333,0.20833333333333334,1,0.5944392141928151,primary,width,BACE1
0.736072920166482,3600,1.0,2.5,3.333333333333333,4.166666666666667,1.0,1.0,120,2,600,1,1.0,600,min,s1_width,0.5944392141928151,0.041666666666666664,0.3333333333333333,0.20833333333333334,1,0.5944392141928151,primary,width,BACE1
0.736072920166482,4800,1.0,2.5,3.333333333333333,4.166666666666667,1.0,1.0,120,2,600,1,1.0,600,min,s1_width,0.5944392141928151,0.041666666666666664,0.3333333333333333,0.20833333333333334,1,0.5944392141928151,primary,width,BACE1
0.736072920166482,600,1.0,2.5,3.333333333333333,4.166666666666667,1.0,1.0,120,2,600,1,1.0,600,min,s2_uniform,0.5944392141928151,0.041666666666666664,0.3333333333333333,0.20833333333333334,1,0.5944392141928151,primary,uniform,BACE1
0.7685876412424741,1200,1.0,5.0,3.75,4.166666666666667,1.0,2.0,120,2,1200,2,2.0,600,min,s2_uniform,0.6173778670225364,0.08333333333333333,0.375,0.20833333333333334,2,0.5944392141928151,primary,uniform,BACE1
0.7932547410181453,2400,1.0,5.0,3.75,4.166666666666667,1.0,4.0,120,2,2400,4,4.0,600,min,s2_uniform,0.6501187667693533,0.08333333333333333,0.375,0.20833333333333334,4,0.5944392141928151,primary,uniform,BACE1
0.7790473451990557,3600,1.0,5.0,3.333333333333333,4.166666666666667,1.0,6.0,120,2,3600,6,6.0,600,min,s2_uniform,0.6273649838558587,0.08333333333333333,0.3333333333333333,0.20833333333333334,6,0.5944392141928151,primary,uniform,BACE1
0.8019790909622211,4800,1.0,5.0,3.333333333333333,5.0,1.0,8.0,120,2,4800,8,8.0,600,min,s2_uniform,0.6390293763783731,0.08333333333333333,0.3333333333333333,0.25,8,0.5944392141928151,primary,uniform,BACE1
0.736072920166482,600,1.0,2.5,3.333333333333333,4.166666666666667,1.0,1.0,120,2,600,1,1.0,600,min,s3_top10,0.5944392141928151,0.041666666666666664,0.3333333333333333,0.20833333333333334,1,0.5944392141928151,primary,primary_all|top_up,BACE1
0.8132471019304492,1200,1.0,5.0,3.75,5.0,1.0,2.5833333333333335,120,2,1200,11,2.0,600,min,s3_top10,0.6438459587282361,0.08333333333333333,0.375,0.25,11,0.5944392141928151,primary,primary_all|top_up,BACE1
0.7904875504207192,2400,1.0,5.0,3.75,4.166666666666667,1.0,3.216666666666667,120,2,1440,15,2.4,600,min,s3_top10,0.6309491333314107,0.08333333333333333,0.375,0.20833333333333334,15,0.5944392141928151,primary,primary_all|top_up,BACE1
0.7904875504207192,3600,1.0,5.0,3.75,4.166666666666667,1.0,3.216666666666667,120,2,1440,15,2.4,600,min,s3_top10,0.6309491333314107,0.08333333333333333,0.375,0.20833333333333334,15,0.5944392141928151,primary,primary_all|top_up,BACE1
0.7904875504207192,4800,1.0,5.0,3.75,4.166666666666667,1.0,3.216666666666667,120,2,1440,15,2.4,600,min,s3_top10,0.6309491333314107,0.08333333333333333,0.375,0.20833333333333334,15,0.5944392141928151,primary,primary_all|top_up,BACE1
0.736072920166482,600,1.0,2.5,3.333333333333333,4.166666666666667,1.0,1.0,120,2,600,1,1.0,600,min,s3_top25,0.5944392141928151,0.041666666666666664,0.3333333333333333,0.20833333333333334,1,0.5944392141928151,primary,primary_all|top_up,BACE1
0.7635989026366589,1200,1.0,5.0,3.75,4.166666666666667,1.0,2.1666666666666665,120,2,1200,5,2.0,600,min,s3_top25,0.6153754630073535,0.08333333333333333,0.375,0.20833333333333334,5,0.5944392141928151,primary,primary_all|top_up,BACE1
0.780825741269303,2400,1.0,5.0,3.333333333333333,4.166666666666667,1.0,4.5,120,2,2400,13,4.0,600,min,s3_top25,0.6238595136789041,0.08333333333333333,0.3333333333333333,0.20833333333333334,13,0.5944392141928151,primary,primary_all|top_up,BACE1
0.780825741269303,3600,1.0,5.0,3.333333333333333,4.166666666666667,1.0,5.083333333333333,120,2,2700,15,4.5,600,min,s3_top25,0.6238595136789041,0.08333333333333333,0.3333333333333333,0.20833333333333334,15,0.5944392141928151,primary,primary_all|top_up,BACE1
0.780825741269303,4800,1.0,5.0,3.333333333333333,4.166666666666667,1.0,5.083333333333333,120,2,2700,15,4.5,600,min,s3_top25,0.6238595136789041,0.08333333333333333,0.3333333333333333,0.20833333333333334,15,0.5944392141928151,primary,primary_all|top_up,BACE1
0.736072920166482,600,1.0,2.5,3.333333333333333,4.166666666666667,1.0,1.0,120,2,600,1,1.0,600,min,s3_top50,0.5944392141928151,0.041666666666666664,0.3333333333333333,0.20833333333333334,1,0.5944392141928151,primary,primary_all|top_up,BACE1
0.7650686670639176,1200,1.0,5.0,3.75,3.333333333333333,1.0,2.2,120,2,1200,3,2.0,600,min,s3_top50,0.631282623094661,0.08333333333333333,0.375,0.16666666666666666,3,0.5944392141928151,primary,primary_all|top_up,BACE1
0.7800595091481584,2400,1.0,5.0,3.333333333333333,4.166666666666667,1.0,4.6,120,2,2400,7,4.0,600,min,s3_top50,0.637822659494797,0.08333333333333333,0.3333333333333333,0.20833333333333334,7,0.5944392141928151,primary,primary_all|top_up,BACE1
0.8011015781833086,3600,1.0,5.0,3.333333333333333,5.0,1.0,7.0,120,2,3600,11,6.0,600,min,s3_top50,0.6425000654228595,0.08333333333333333,0.3333333333333333,0.25,11,0.5944392141928151,primary,primary_all|top_up,BACE1
0.7796005803764036,4800,1.0,5.0,3.333333333333333,4.166666666666667,1.0,9.4,120,2,4800,15,8.0,600,min,s3_top50,0.6363521999557921,0.08333333333333333,0.3333333333333333,0.20833333333333334,15,0.5944392141928151,primary,primary_all|top_up,BACE1
0.7881864250657926,600,0.6216666666666667,5.0,3.75,4.166666666666667,0.6333333333333333,1.8026315789473684,120,2,600,4,1.6085790884718498,373,min,s4_scaffold25,0.6687367203301801,0.08333333333333333,0.375,0.20833333333333334,4,0.5944392141928151,primary,scaffold_representatives|expand_top_groups,BACE1
0.8049046615427232,1200,0.6216666666666667,5.0,3.333333333333333,5.0,0.6333333333333333,3.9210526315789473,120,2,1200,10,3.2171581769436997,373,min,s4_scaffold25,0.6792379667689267,0.08333333333333333,0.3333333333333333,0.25,10,0.5944392141928151,primary,scaffold_representatives|expand_top_groups,BACE1
0.782145110032993,2400,0.6216666666666667,5.0,3.333333333333333,4.166666666666667,0.6333333333333333,6.118421052631579,120,2,1828,15,4.900804289544236,373,min,s4_scaffold25,0.6663411413721012,0.08333333333333333,0.3333333333333333,0.20833333333333334,15,0.5944392141928151,primary,scaffold_representatives|expand_top_groups,BACE1
0.782145110032993,3600,0.6216666666666667,5.0,3.333333333333333,4.166666666666667,0.6333333333333333,6.118421052631579,120,2,1828,15,4.900804289544236,373,min,s4_scaffold25,0.6663411413721012,0.08333333333333333,0.3333333333333333,0.20833333333333334,15,0.5944392141928151,primary,scaffold_representatives|expand_top_groups,BACE1
0.782145110032993,4800,0.6216666666666667,5.0,3.333333333333333,4.166666666666667,0.6333333333333333,6.118421052631579,120,2,1828,15,4.900804289544236,373,min,s4_scaffold25,0.6663411413721012,0.08333333333333333,0.3333333333333333,0.20833333333333334,15,0.5944392141928151,primary,scaffold_representatives|expand_top_groups,BACE1
0.7843485269937995,600,0.68,5.0,3.75,4.166666666666667,0.7166666666666667,1.558139534883721,120,2,600,3,1.4705882352941178,408,min,s4_scaffold50,0.6441447219662454,0.08333333333333333,0.375,0.20833333333333334,3,0.5944392141928151,primary,scaffold_representatives|expand_top_groups,BACE1
0.7650004781759301,1200,0.68,5.0,3.75,4.166666666666667,0.7166666666666667,3.313953488372093,120,2,1200,5,2.9411764705882355,408,min,s4_scaffold50,0.6468384188534843,0.08333333333333333,0.375,0.20833333333333334,5,0.5944392141928151,primary,scaffold_representatives|expand_top_groups,BACE1
0.8020482820588907,2400,0.68,5.0,3.333333333333333,5.0,0.7166666666666667,6.767441860465116,120,2,2400,10,5.882352941176471,408,min,s4_scaffold50,0.6586486641119657,0.08333333333333333,0.3333333333333333,0.25,10,0.5944392141928151,primary,scaffold_representatives|expand_top_groups,BACE1
0.7806274584552316,3600,0.68,5.0,3.333333333333333,4.166666666666667,0.7166666666666667,10.127906976744185,120,2,3564,15,8.735294117647058,408,min,s4_scaffold50,0.6513111909048228,0.08333333333333333,0.3333333333333333,0.20833333333333334,15,0.5944392141928151,primary,scaffold_representatives|expand_top_groups,BACE1
0.7806274584552316,4800,0.68,5.0,3.333333333333333,4.166666666666667,0.7166666666666667,10.127906976744185,120,2,3564,15,8.735294117647058,408,min,s4_scaffold50,0.6513111909048228,0.08333333333333333,0.3333333333333333,0.20833333333333334,15,0.5944392141928151,primary,scaffold_representatives|expand_top_groups,BACE1
0.7791757492992085,600,1.0,5.0,3.333333333333333,4.166666666666667,1.0,1.0,120,2,600,1,1.0,600,min,s5_score_oracle,0.6384667505154845,0.08333333333333333,0.3333333333333333,0.20833333333333334,15,0.5944392141928151,primary,score_oracle,BACE1
0.7791757492992085,1200,1.0,5.0,3.333333333333333,4.166666666666667,1.0,2.0,120,2,1200,2,2.0,600,min,s5_score_oracle,0.6384667505154845,0.08333333333333333,0.3333333333333333,0.20833333333333334,15,0.5944392141928151,primary,score_oracle,BACE1
0.7791757492992085,2400,1.0,5.0,3.333333333333333,4.166666666666667,1.0,4.0,120,2,2400,4,4.0,600,min,s5_score_oracle,0.6384667505154845,0.08333333333333333,0.3333333333333333,0.20833333333333334,15,0.5944392141928151,primary,score_oracle,BACE1
0.7791757492992085,3600,1.0,5.0,3.333333333333333,4.166666666666667,1.0,6.0,120,2,3600,6,6.0,600,min,s5_score_oracle,0.6384667505154845,0.08333333333333333,0.3333333333333333,0.20833333333333334,15,0.5944392141928151,primary,score_oracle,BACE1
0.7791757492992085,4800,1.0,5.0,3.333333333333333,4.166666666666667,1.0,8.0,120,2,4800,8,8.0,600,min,s5_score_oracle,0.6384667505154845,0.08333333333333333,0.3333333333333333,0.20833333333333334,15,0.5944392141928151,primary,score_oracle,BACE1
0.9382353619618987,600,1.0,5.0,5.0,5.0,1.0,1.0,120,3,600,1,1.0,600,mean,s1_width,0.8039317412691238,0.08333333333333333,0.5,0.25,1,0.8039317412691238,primary,width,BACE1
0.9382353619618987,1200,1.0,5.0,5.0,5.0,1.0,1.0,120,3,600,1,1.0,600,mean,s1_width,0.8039317412691238,0.08333333333333333,0.5,0.25,1,0.8039317412691238,primary,width,BACE1
0.9382353619618987,2400,1.0,5.0,5.0,5.0,1.0,1.0,120,3,600,1,1.0,600,mean,s1_width,0.8039317412691238,0.08333333333333333,0.5,0.25,1,0.8039317412691238,primary,width,BACE1
0.9382353619618987,3600,1.0,5.0,5.0,5.0,1.0,1.0,120,3,600,1,1.0,600,mean,s1_width,0.8039317412691238,0.08333333333333333,0.5,0.25,1,0.8039317412691238,primary,width,BACE1
0.9382353619618987,4800,1.0,5.0,5.0,5.0,1.0,1.0,120,3,600,1,1.0,600,mean,s1_width,0.8039317412691238,0.08333333333333333,0.5,0.25,1,0.8039317412691238,primary,width,BACE1
0.9382353619618987,600,1.0,5.0,5.0,5.0,1.0,1.0,120,3,600,1,1.0,600,mean,s2_uniform,0.8039317412691238,0.08333333333333333,0.5,0.25,1,0.8039317412691238,primary,uniform,BACE1
0.935694151694232,1200,1.0,5.0,5.0,5.0,1.0,2.0,120,3,1200,2,2.0,600,mean,s2_uniform,0.7927319268420963,0.08333333333333333,0.5,0.25,2,0.8039317412691238,primary,uniform,BACE1
0.9257539357777523,2400,1.0,5.0,5.0,5.0,1.0,4.0,120,3,2400,4,4.0,600,mean,s2_uniform,0.7917994264038395,0.08333333333333333,0.5,0.25,4,0.8039317412691238,primary,uniform,BACE1
0.9079549899101728,3600,1.0,5.0,4.583333333333333,5.0,1.0,6.0,120,3,3600,6,6.0,600,mean,s2_uniform,0.7491985160431943,0.08333333333333333,0.4583333333333333,0.25,6,0.8039317412691238,primary,uniform,BACE1
0.8967728527449955,4800,1.0,5.0,4.583333333333333,5.0,1.0,8.0,120,3,4800,8,8.0,600,mean,s2_uniform,0.7425842229299441,0.08333333333333333,0.4583333333333333,0.25,8,0.8039317412691238,primary,uniform,BACE1
0.9382353619618987,600,1.0,5.0,5.0,5.0,1.0,1.0,120,3,600,1,1.0,600,mean,s3_top10,0.8039317412691238,0.08333333333333333,0.5,0.25,1,0.8039317412691238,primary,primary_all|top_up,BACE1
0.9125656518276446,1200,1.0,5.0,4.583333333333333,5.0,1.0,1.8333333333333333,120,3,1200,11,2.0,600,mean,s3_top10,0.77594982734971,0.08333333333333333,0.4583333333333333,0.25,11,0.8039317412691238,primary,primary_all|top_up,BACE1
0.891487859457659,2400,1.0,5.0,4.583333333333333,5.0,1.0,2.1666666666666665,120,3,1440,15,2.4,600,mean,s3_top10,0.7484907286964931,0.08333333333333333,0.4583333333333333,0.25,15,0.8039317412691238,primary,primary_all|top_up,BACE1
0.891487859457659,3600,1.0,5.0,4.583333333333333,5.0,1.0,2.1666666666666665,120,3,1440,15,2.4,600,mean,s3_top10,0.7484907286964931,0.08333333333333333,0.4583333333333333,0.25,15,0.8039317412691238,primary,primary_all|top_up,BACE1
0.891487859457659,4800,1.0,5.0,4.583333333333333,5.0,1.0,2.1666666666666665,120,3,1440,15,2.4,600,mean,s3_top10,0.7484907286964931,0.08333333333333333,0.4583333333333333,0.25,15,0.8039317412691238,primary,primary_all|top_up,BACE1
0.9382353619618987,600,1.0,5.0,5.0,5.0,1.0,1.0,120,3,600,1,1.0,600,mean,s3_top25,0.8039317412691238,0.08333333333333333,0.5,0.25,1,0.8039317412691238,primary,primary_all|top_up,BACE1
0.9011656977762618,1200,1.0,5.0,4.166666666666667,5.0,1.0,1.8,120,3,1200,5,2.0,600,mean,s3_top25,0.7648075153677395,0.08333333333333333,0.4166666666666667,0.25,5,0.8039317412691238,primary,primary_all|top_up,BACE1
0.877743681119148,2400,1.0,5.0,4.166666666666667,5.0,1.0,3.4,120,3,2400,13,4.0,600,mean,s3_top25,0.7519450796015509,0.08333333333333333,0.4166666666666667,0.25,13,0.8039317412691238,primary,primary_all|top_up,BACE1
0.8492700903284438,3600,1.0,5.0,4.166666666666667,5.0,1.0,3.8,120,3,2700,15,4.5,600,mean,s3_top25,0.7231472258738053,0.08333333333333333,0.4166666666666667,0.25,15,0.8039317412691238,primary,primary_all|top_up,BACE1
0.8492700903284438,4800,1.0,5.0,4.166666666666667,5.0,1.0,3.8,120,3,2700,15,4.5,600,mean,s3_top25,0.7231472258738053,0.08333333333333333,0.4166666666666667,0.25,15,0.8039317412691238,primary,primary_all|top_up,BACE1
0.9382353619618987,600,1.0,5.0,5.0,5.0,1.0,1.0,120,3,600,1,1.0,600,mean,s3_top50,0.8039317412691238,0.08333333333333333,0.5,0.25,1,0.8039317412691238,primary,primary_all|top_up,BACE1
0.9258127015338652,1200,1.0,5.0,5.0,5.0,1.0,1.95,120,3,1200,3,2.0,600,mean,s3_top50,0.7878630827671564,0.08333333333333333,0.5,0.25,3,0.8039317412691238,primary,primary_all|top_up,BACE1
0.9081740268414948,2400,1.0,5.0,4.583333333333333,5.0,1.0,3.85,120,3,2400,7,4.0,600,mean,s3_top50,0.7671664904033225,0.08333333333333333,0.4583333333333333,0.25,7,0.8039317412691238,primary,primary_all|top_up,BACE1
0.8796844454115886,3600,1.0,5.0,4.166666666666667,5.0,1.0,5.75,120,3,3600,11,6.0,600,mean,s3_top50,0.731623589011837,0.08333333333333333,0.4166666666666667,0.25,11,0.8039317412691238,primary,primary_all|top_up,BACE1
0.8395226711406009,4800,1.0,5.0,3.75,5.0,1.0,7.65,120,3,4800,15,8.0,600,mean,s3_top50,0.6962338519740158,0.08333333333333333,0.375,0.25,15,0.8039317412691238,primary,primary_all|top_up,BACE1
0.9310016130679802,600,0.6216666666666667,5.0,5.0,5.0,0.65,1.6025641025641026,120,3,600,4,1.6085790884718498,373,mean,s4_scaffold25,0.8198969401861455,0.08333333333333333,0.5,0.25,4,0.8039317412691238,primary,scaffold_representatives|expand_top_groups,BACE1
0.9205038982376892,1200,0.6216666666666667,5.0,4.583333333333333,5.0,0.65,3.2948717948717947,120,3,1200,10,3.2171581769436997,373,mean,s4_scaffold25,0.8120834249977404,0.08333333333333333,0.4583333333333333,0.25,10,0.8039317412691238,primary,scaffold_representatives|expand_top_groups,BACE1
0.8751984952318796,2400,0.6216666666666667,5.0,4.166666666666667,5.0,0.65,5.064102564102564,120,3,1828,15,4.900804289544236,373,mean,s4_scaffold25,0.7626362935900654,0.08333333333333333,0.4166666666666667,0.25,15,0.8039317412691238,primary,scaffold_representatives|expand_top_groups,BACE1
0.8751984952318796,3600,0.6216666666666667,5.0,4.166666666666667,5.0,0.65,5.064102564102564,120,3,1828,15,4.900804289544236,373,mean,s4_scaffold25,0.7626362935900654,0.08333333333333333,0.4166666666666667,0.25,15,0.8039317412691238,primary,scaffold_representatives|expand_top_groups,BACE1
0.8751984952318796,4800,0.6216666666666667,5.0,4.166666666666667,5.0,0.65,5.064102564102564,120,3,1828,15,4.900804289544236,373,mean,s4_scaffold25,0.7626362935900654,0.08333333333333333,0.4166666666666667,0.25,15,0.8039317412691238,primary,scaffold_representatives|expand_top_groups,BACE1
0.9261381672343207,600,0.68,5.0,5.0,5.0,0.7666666666666667,1.423913043478261,120,3,600,3,1.4705882352941178,408,mean,s4_scaffold50,0.7924302315674566,0.08333333333333333,0.5,0.25,3,0.8039317412691238,primary,scaffold_representatives|expand_top_groups,BACE1
0.9015563815203212,1200,0.68,5.0,4.166666666666667,5.0,0.7666666666666667,3.010869565217391,120,3,1200,5,2.9411764705882355,408,mean,s4_scaffold50,0.7731020261042376,0.08333333333333333,0.4166666666666667,0.25,5,0.8039317412691238,primary,scaffold_representatives|expand_top_groups,BACE1
0.8872630109856978,2400,0.68,5.0,4.583333333333333,5.0,0.7666666666666667,6.239130434782608,120,3,2400,10,5.882352941176471,408,mean,s4_scaffold50,0.7414669677538024,0.08333333333333333,0.4583333333333333,0.25,10,0.8039317412691238,primary,scaffold_representatives|expand_top_groups,BACE1
0.8401590028205799,3600,0.68,5.0,3.75,5.0,0.7666666666666667,9.467391304347826,120,3,3564,15,8.735294117647058,408,mean,s4_scaffold50,0.7060083736897632,0.08333333333333333,0.375,0.25,15,0.8039317412691238,primary,scaffold_representatives|expand_top_groups,BACE1
0.8401590028205799,4800,0.68,5.0,3.75,5.0,0.7666666666666667,9.467391304347826,120,3,3564,15,8.735294117647058,408,mean,s4_scaffold50,0.7060083736897632,0.08333333333333333,0.375,0.25,15,0.8039317412691238,primary,scaffold_representatives|expand_top_groups,BACE1
0.8842484296387871,600,1.0,5.0,4.166666666666667,5.0,1.0,1.0,120,3,600,1,1.0,600,mean,s5_score_oracle,0.7446736663064791,0.08333333333333333,0.4166666666666667,0.25,15,0.8039317412691238,primary,score_oracle,BACE1
0.8993770813261459,1200,1.0,5.0,4.583333333333333,5.0,1.0,2.0,120,3,1200,2,2.0,600,mean,s5_score_oracle,0.7599577419337956,0.08333333333333333,0.4583333333333333,0.25,15,0.8039317412691238,primary,score_oracle,BACE1
0.900417293155166,2400,1.0,5.0,4.583333333333333,5.0,1.0,4.0,120,3,2400,4,4.0,600,mean,s5_score_oracle,0.7578823127871641,0.08333333333333333,0.4583333333333333,0.25,15,0.8039317412691238,primary,score_oracle,BACE1
0.8736152878317882,3600,1.0,5.0,4.166666666666667,5.0,1.0,6.0,120,3,3600,6,6.0,600,mean,s5_score_oracle,0.734086137242266,0.08333333333333333,0.4166666666666667,0.25,15,0.8039317412691238,primary,score_oracle,BACE1
0.877399949648333,4800,1.0,5.0,4.166666666666667,5.0,1.0,8.0,120,3,4800,8,8.0,600,mean,s5_score_oracle,0.7369813286110795,0.08333333333333333,0.4166666666666667,0.25,15,0.8039317412691238,primary,score_oracle,BACE1
0.9382353619618987,600,1.0,5.0,5.0,5.0,1.0,1.0,120,3,600,1,1.0,600,min,s1_width,0.8039317412691238,0.08333333333333333,0.5,0.25,1,0.8039317412691238,primary,width,BACE1
0.9382353619618987,1200,1.0,5.0,5.0,5.0,1.0,1.0,120,3,600,1,1.0,600,min,s1_width,0.8039317412691238,0.08333333333333333,0.5,0.25,1,0.8039317412691238,primary,width,BACE1
0.9382353619618987,2400,1.0,5.0,5.0,5.0,1.0,1.0,120,3,600,1,1.0,600,min,s1_width,0.8039317412691238,0.08333333333333333,0.5,0.25,1,0.8039317412691238,primary,width,BACE1
0.9382353619618987,3600,1.0,5.0,5.0,5.0,1.0,1.0,120,3,600,1,1.0,600,min,s1_width,0.8039317412691238,0.08333333333333333,0.5,0.25,1,0.8039317412691238,primary,width,BACE1
0.9382353619618987,4800,1.0,5.0,5.0,5.0,1.0,1.0,120,3,600,1,1.0,600,min,s1_width,0.8039317412691238,0.08333333333333333,0.5,0.25,1,0.8039317412691238,primary,width,BACE1
0.9382353619618987,600,1.0,5.0,5.0,5.0,1.0,1.0,120,3,600,1,1.0,600,min,s2_uniform,0.8039317412691238,0.08333333333333333,0.5,0.25,1,0.8039317412691238,primary,uniform,BACE1
0.9355231871525292,1200,1.0,5.0,5.0,5.0,1.0,2.0,120,3,1200,2,2.0,600,min,s2_uniform,0.7953935875481698,0.08333333333333333,0.5,0.25,2,0.8039317412691238,primary,uniform,BACE1
0.9192548266772071,2400,1.0,5.0,4.583333333333333,5.0,1.0,4.0,120,3,2400,4,4.0,600,min,s2_uniform,0.7893639780330757,0.08333333333333333,0.4583333333333333,0.25,4,0.8039317412691238,primary,uniform,BACE1
0.9011534351490291,3600,1.0,5.0,4.166666666666667,5.0,1.0,6.0,120,3,3600,6,6.0,600,min,s2_uniform,0.754859565389824,0.08333333333333333,0.4166666666666667,0.25,6,0.8039317412691238,primary,uniform,BACE1
0.9152410758400457,4800,1.0,5.0,4.583333333333333,5.0,1.0,8.0,120,3,4800,8,8.0,600,min,s2_uniform,0.7710114113073967,0.08333333333333333,0.4583333333333333,0.25,8,0.8039317412691238,primary,uniform,BACE1
0.9382353619618987,600,1.0,5.0,5.0,5.0,1.0,1.0,120,3,600,1,1.0,600,min,s3_top10,0.8039317412691238,0.08333333333333333,0.5,0.25,1,0.8039317412691238,primary,primary_all|top_up,BACE1
0.9382353619618987,1200,1.0,5.0,5.0,5.0,1.0,1.8333333333333333,120,3,1200,11,2.0,600,min,s3_top10,0.8039317412691238,0.08333333333333333,0.5,0.25,11,0.8039317412691238,primary,primary_all|top_up,BACE1
0.9382353619618987,2400,1.0,5.0,5.0,5.0,1.0,2.1666666666666665,120,3,1440,15,2.4,600,min,s3_top10,0.8039317412691238,0.08333333333333333,0.5,0.25,15,0.8039317412691238,primary,primary_all|top_up,BACE1
0.9382353619618987,3600,1.0,5.0,5.0,5.0,1.0,2.1666666666666665,120,3,1440,15,2.4,600,min,s3_top10,0.8039317412691238,0.08333333333333333,0.5,0.25,15,0.8039317412691238,primary,primary_all|top_up,BACE1
0.9382353619618987,4800,1.0,5.0,5.0,5.0,1.0,2.1666666666666665,120,3,1440,15,2.4,600,min,s3_top10,0.8039317412691238,0.08333333333333333,0.5,0.25,15,0.8039317412691238,primary,primary_all|top_up,BACE1
0.9382353619618987,600,1.0,5.0,5.0,5.0,1.0,1.0,120,3,600,1,1.0,600,min,s3_top25,0.8039317412691238,0.08333333333333333,0.5,0.25,1,0.8039317412691238,primary,primary_all|top_up,BACE1
0.8938687224996418,1200,1.0,5.0,4.166666666666667,5.0,1.0,1.8,120,3,1200,5,2.0,600,min,s3_top25,0.7651189405077936,0.08333333333333333,0.4166666666666667,0.25,5,0.8039317412691238,primary,primary_all|top_up,BACE1
0.8893236451924327,2400,1.0,5.0,4.166666666666667,5.0,1.0,3.4,120,3,2400,13,4.0,600,min,s3_top25,0.7596424353021862,0.08333333333333333,0.4166666666666667,0.25,13,0.8039317412691238,primary,primary_all|top_up,BACE1
0.8822746408476865,3600,1.0,5.0,4.166666666666667,5.0,1.0,3.8,120,3,2700,15,4.5,600,min,s3_top25,0.7533851407176858,0.08333333333333333,0.4166666666666667,0.25,15,0.8039317412691238,primary,primary_all|top_up,BACE1
0.8822746408476865,4800,1.0,5.0,4.166666666666667,5.0,1.0,3.8,120,3,2700,15,4.5,600,min,s3_top25,0.7533851407176858,0.08333333333333333,0.4166666666666667,0.25,15,0.8039317412691238,primary,primary_all|top_up,BACE1
0.9382353619618987,600,1.0,5.0,5.0,5.0,1.0,1.0,120,3,600,1,1.0,600,min,s3_top50,0.8039317412691238,0.08333333333333333,0.5,0.25,1,0.8039317412691238,primary,primary_all|top_up,BACE1
0.9148633987308937,1200,1.0,5.0,4.583333333333333,5.0,1.0,1.95,120,3,1200,3,2.0,600,min,s3_top50,0.7833717316064334,0.08333333333333333,0.4583333333333333,0.25,3,0.8039317412691238,primary,primary_all|top_up,BACE1
0.9219184277152771,2400,1.0,5.0,4.583333333333333,5.0,1.0,3.85,120,3,2400,7,4.0,600,min,s3_top50,0.7946102686561763,0.08333333333333333,0.4583333333333333,0.25,7,0.8039317412691238,primary,primary_all|top_up,BACE1
0.9104555433669453,3600,1.0,5.0,4.583333333333333,5.0,1.0,5.75,120,3,3600,11,6.0,600,min,s3_top50,0.7786627963182816,0.08333333333333333,0.4583333333333333,0.25,11,0.8039317412691238,primary,primary_all|top_up,BACE1
0.884476271109918,4800,1.0,5.0,4.166666666666667,5.0,1.0,7.65,120,3,4800,15,8.0,600,min,s3_top50,0.7543485643530268,0.08333333333333333,0.4166666666666667,0.25,15,0.8039317412691238,primary,primary_all|top_up,BACE1
0.9368600367386838,600,0.6216666666666667,5.0,5.0,5.0,0.65,1.6025641025641026,120,3,600,4,1.6085790884718498,373,min,s4_scaffold25,0.8268962167341035,0.08333333333333333,0.5,0.25,4,0.8039317412691238,primary,scaffold_representatives|expand_top_groups,BACE1
0.9270531740652571,1200,0.6216666666666667,5.0,4.583333333333333,5.0,0.65,3.2948717948717947,120,3,1200,10,3.2171581769436997,373,min,s4_scaffold25,0.816937443547121,0.08333333333333333,0.4583333333333333,0.25,10,0.8039317412691238,primary,scaffold_representatives|expand_top_groups,BACE1
0.9261656344611232,2400,0.6216666666666667,5.0,4.583333333333333,5.0,0.65,5.064102564102564,120,3,1828,15,4.900804289544236,373,min,s4_scaffold25,0.8134883871131405,0.08333333333333333,0.4583333333333333,0.25,15,0.8039317412691238,primary,scaffold_representatives|expand_top_groups,BACE1
0.9261656344611232,3600,0.6216666666666667,5.0,4.583333333333333,5.0,0.65,5.064102564102564,120,3,1828,15,4.900804289544236,373,min,s4_scaffold25,0.8134883871131405,0.08333333333333333,0.4583333333333333,0.25,15,0.8039317412691238,primary,scaffold_representatives|expand_top_groups,BACE1
0.9261656344611232,4800,0.6216666666666667,5.0,4.583333333333333,5.0,0.65,5.064102564102564,120,3,1828,15,4.900804289544236,373,min,s4_scaffold25,0.8134883871131405,0.08333333333333333,0.4583333333333333,0.25,15,0.8039317412691238,primary,scaffold_representatives|expand_top_groups,BACE1
0.9371643649237442,600,0.68,5.0,5.0,5.0,0.7666666666666667,1.423913043478261,120,3,600,3,1.4705882352941178,408,min,s4_scaffold50,0.8129873747345705,0.08333333333333333,0.5,0.25,3,0.8039317412691238,primary,scaffold_representatives|expand_top_groups,BACE1
0.9001409966752584,1200,0.68,5.0,4.166666666666667,5.0,0.7666666666666667,3.010869565217391,120,3,1200,5,2.9411764705882355,408,min,s4_scaffold50,0.7843562071337362,0.08333333333333333,0.4166666666666667,0.25,5,0.8039317412691238,primary,scaffold_representatives|expand_top_groups,BACE1
0.9155215160299354,2400,0.68,5.0,4.583333333333333,5.0,0.7666666666666667,6.239130434782608,120,3,2400,10,5.882352941176471,408,min,s4_scaffold50,0.781701066611491,0.08333333333333333,0.4583333333333333,0.25,10,0.8039317412691238,primary,scaffold_representatives|expand_top_groups,BACE1
0.8844255380250126,3600,0.68,5.0,4.166666666666667,5.0,0.7666666666666667,9.467391304347826,120,3,3564,15,8.735294117647058,408,min,s4_scaffold50,0.752159840022081,0.08333333333333333,0.4166666666666667,0.25,15,0.8039317412691238,primary,scaffold_representatives|expand_top_groups,BACE1
0.8844255380250126,4800,0.68,5.0,4.166666666666667,5.0,0.7666666666666667,9.467391304347826,120,3,3564,15,8.735294117647058,408,min,s4_scaffold50,0.752159840022081,0.08333333333333333,0.4166666666666667,0.25,15,0.8039317412691238,primary,scaffold_representatives|expand_top_groups,BACE1
0.8842484296387871,600,1.0,5.0,4.166666666666667,5.0,1.0,1.0,120,3,600,1,1.0,600,min,s5_score_oracle,0.7446736663064791,0.08333333333333333,0.4166666666666667,0.25,15,0.8039317412691238,primary,score_oracle,BACE1
0.8842484296387871,1200,1.0,5.0,4.166666666666667,5.0,1.0,2.0,120,3,1200,2,2.0,600,min,s5_score_oracle,0.7446736663064791,0.08333333333333333,0.4166666666666667,0.25,15,0.8039317412691238,primary,score_oracle,BACE1
0.8842484296387871,2400,1.0,5.0,4.166666666666667,5.0,1.0,4.0,120,3,2400,4,4.0,600,min,s5_score_oracle,0.7446736663064791,0.08333333333333333,0.4166666666666667,0.25,15,0.8039317412691238,primary,score_oracle,BACE1
0.8842484296387871,3600,1.0,5.0,4.166666666666667,5.0,1.0,6.0,120,3,3600,6,6.0,600,min,s5_score_oracle,0.7446736663064791,0.08333333333333333,0.4166666666666667,0.25,15,0.8039317412691238,primary,score_oracle,BACE1
0.8842484296387871,4800,1.0,5.0,4.166666666666667,5.0,1.0,8.0,120,3,4800,8,8.0,600,min,s5_score_oracle,0.7446736663064791,0.08333333333333333,0.4166666666666667,0.25,15,0.8039317412691238,primary,score_oracle,BACE1
0.8744726605914287,600,1.0,5.0,4.583333333333333,4.166666666666667,1.0,1.0,120,4,600,1,1.0,600,mean,s1_width,0.7493313505761906,0.08333333333333333,0.4583333333333333,0.20833333333333334,1,0.7493313505761906,primary,width,BACE1
0.8744726605914287,1200,1.0,5.0,4.583333333333333,4.166666666666667,1.0,1.0,120,4,600,1,1.0,600,mean,s1_width,0.7493313505761906,0.08333333333333333,0.4583333333333333,0.20833333333333334,1,0.7493313505761906,primary,width,BACE1
0.8744726605914287,2400,1.0,5.0,4.583333333333333,4.166666666666667,1.0,1.0,120,4,600,1,1.0,600,mean,s1_width,0.7493313505761906,0.08333333333333333,0.4583333333333333,0.20833333333333334,1,0.7493313505761906,primary,width,BACE1
0.8744726605914287,3600,1.0,5.0,4.583333333333333,4.166666666666667,1.0,1.0,120,4,600,1,1.0,600,mean,s1_width,0.7493313505761906,0.08333333333333333,0.4583333333333333,0.20833333333333334,1,0.7493313505761906,primary,width,BACE1
0.8744726605914287,4800,1.0,5.0,4.583333333333333,4.166666666666667,1.0,1.0,120,4,600,1,1.0,600,mean,s1_width,0.7493313505761906,0.08333333333333333,0.4583333333333333,0.20833333333333334,1,0.7493313505761906,primary,width,BACE1
0.8744726605914287,600,1.0,5.0,4.583333333333333,4.166666666666667,1.0,1.0,120,4,600,1,1.0,600,mean,s2_uniform,0.7493313505761906,0.08333333333333333,0.4583333333333333,0.20833333333333334,1,0.7493313505761906,primary,uniform,BACE1
0.8969153086406926,1200,1.0,5.0,4.166666666666667,5.0,1.0,2.0,120,4,1200,2,2.0,600,mean,s2_uniform,0.7615560243562088,0.08333333333333333,0.4166666666666667,0.25,2,0.7493313505761906,primary,uniform,BACE1
0.8994419358515288,2400,1.0,5.0,4.583333333333333,5.0,1.0,4.0,120,4,2400,4,4.0,600,mean,s2_uniform,0.7550926193029017,0.08333333333333333,0.4583333333333333,0.25,4,0.7493313505761906,primary,uniform,BACE1
0.9054262595242205,3600,1.0,5.0,4.166666666666667,5.0,1.0,6.0,120,4,3600,6,6.0,600,mean,s2_uniform,0.7578265290559223,0.08333333333333333,0.4166666666666667,0.25,6,0.7493313505761906,primary,uniform,BACE1
0.9231679992191221,4800,1.0,5.0,5.0,5.0,1.0,8.0,120,4,4800,8,8.0,600,mean,s2_uniform,0.7754795281531077,0.08333333333333333,0.5,0.25,8,0.7493313505761906,primary,uniform,BACE1
0.8744726605914287,600,1.0,5.0,4.583333333333333,4.166666666666667,1.0,1.0,120,4,600,1,1.0,600,mean,s3_top10,0.7493313505761906,0.08333333333333333,0.4583333333333333,0.20833333333333334,1,0.7493313505761906,primary,primary_all|top_up,BACE1
0.8832725836680078,1200,1.0,5.0,4.583333333333333,5.0,1.0,2.0,120,4,1200,11,2.0,600,mean,s3_top10,0.7331061617822469,0.08333333333333333,0.4583333333333333,0.25,11,0.7493313505761906,primary,primary_all|top_up,BACE1
0.8749889802724147,2400,1.0,5.0,4.166666666666667,5.0,1.0,2.4,120,4,1440,15,2.4,600,mean,s3_top10,0.7189385634387131,0.08333333333333333,0.4166666666666667,0.25,15,0.7493313505761906,primary,primary_all|top_up,BACE1
0.8749889802724147,3600,1.0,5.0,4.166666666666667,5.0,1.0,2.4,120,4,1440,15,2.4,600,mean,s3_top10,0.7189385634387131,0.08333333333333333,0.4166666666666667,0.25,15,0.7493313505761906,primary,primary_all|top_up,BACE1
0.8749889802724147,4800,1.0,5.0,4.166666666666667,5.0,1.0,2.4,120,4,1440,15,2.4,600,mean,s3_top10,0.7189385634387131,0.08333333333333333,0.4166666666666667,0.25,15,0.7493313505761906,primary,primary_all|top_up,BACE1
0.8744726605914287,600,1.0,5.0,4.583333333333333,4.166666666666667,1.0,1.0,120,4,600,1,1.0,600,mean,s3_top25,0.7493313505761906,0.08333333333333333,0.4583333333333333,0.20833333333333334,1,0.7493313505761906,primary,primary_all|top_up,BACE1
0.9190700088688675,1200,1.0,5.0,4.583333333333333,5.0,1.0,1.8666666666666667,120,4,1200,5,2.0,600,mean,s3_top25,0.776609961404,0.08333333333333333,0.4583333333333333,0.25,5,0.7493313505761906,primary,primary_all|top_up,BACE1
0.9277152641869274,2400,1.0,5.0,5.0,5.0,1.0,3.6,120,4,2400,13,4.0,600,mean,s3_top25,0.7776093165186303,0.08333333333333333,0.5,0.25,13,0.7493313505761906,primary,primary_all|top_up,BACE1
0.9113512264257512,3600,1.0,5.0,4.583333333333333,5.0,1.0,4.033333333333333,120,4,2700,15,4.5,600,mean,s3_top25,0.7624302246766067,0.08333333333333333,0.4583333333333333,0.25,15,0.7493313505761906,primary,primary_all|top_up,BACE1
0.9113512264257512,4800,1.0,5.0,4.583333333333333,5.0,1.0,4.033333333333333,120,4,2700,15,4.5,600,mean,s3_top25,0.7624302246766067,0.08333333333333333,0.4583333333333333,0.25,15,0.7493313505761906,primary,primary_all|top_up,BACE1
0.8744726605914287,600,1.0,5.0,4.583333333333333,4.166666666666667,1.0,1.0,120,4,600,1,1.0,600,mean,s3_top50,0.7493313505761906,0.08333333333333333,0.4583333333333333,0.20833333333333334,1,0.7493313505761906,primary,primary_all|top_up,BACE1
0.9158268392963328,1200,1.0,5.0,5.0,5.0,1.0,1.9166666666666667,120,4,1200,3,2.0,600,mean,s3_top50,0.7650819767710154,0.08333333333333333,0.5,0.25,3,0.7493313505761906,primary,primary_all|top_up,BACE1
0.9128834907483538,2400,1.0,5.0,4.583333333333333,5.0,1.0,3.75,120,4,2400,7,4.0,600,mean,s3_top50,0.7614090628311919,0.08333333333333333,0.4583333333333333,0.25,7,0.7493313505761906,primary,primary_all|top_up,BACE1
0.9255347288734144,3600,1.0,5.0,5.0,5.0,1.0,5.583333333333333,120,4,3600,11,6.0,600,mean,s3_top50,0.771523977379462,0.08333333333333333,0.5,0.25,11,0.7493313505761906,primary,primary_all|top_up,BACE1
0.9060935412184647,4800,1.0,5.0,4.583333333333333,5.0,1.0,7.416666666666667,120,4,4800,15,8.0,600,mean,s3_top50,0.7553942537272834,0.08333333333333333,0.4583333333333333,0.25,15,0.7493313505761906,primary,primary_all|top_up,BACE1
0.9408747183266474,600,0.6216666666666667,5.0,5.0,5.0,0.6166666666666667,1.6216216216216217,120,4,600,4,1.6085790884718498,373,mean,s4_scaffold25,0.8288411042877378,0.08333333333333333,0.5,0.25,4,0.7493313505761906,primary,scaffold_representatives|expand_top_groups,BACE1
0.9469005773240489,1200,0.6216666666666667,5.0,5.0,5.0,0.6166666666666667,3.0405405405405403,120,4,1200,10,3.2171581769436997,373,mean,s4_scaffold25,0.8343121122887381,0.08333333333333333,0.5,0.25,10,0.7493313505761906,primary,scaffold_representatives|expand_top_groups,BACE1
0.9279535875637245,2400,0.6216666666666667,5.0,4.583333333333333,5.0,0.6166666666666667,4.581081081081081,120,4,1828,15,4.900804289544236,373,mean,s4_scaffold25,0.8130655080429747,0.08333333333333333,0.4583333333333333,0.25,15,0.7493313505761906,primary,scaffold_representatives|expand_top_groups,BACE1
0.9279535875637245,3600,0.6216666666666667,5.0,4.583333333333333,5.0,0.6166666666666667,4.581081081081081,120,4,1828,15,4.900804289544236,373,mean,s4_scaffold25,0.8130655080429747,0.08333333333333333,0.4583333333333333,0.25,15,0.7493313505761906,primary,scaffold_representatives|expand_top_groups,BACE1
0.9279535875637245,4800,0.6216666666666667,5.0,4.583333333333333,5.0,0.6166666666666667,4.581081081081081,120,4,1828,15,4.900804289544236,373,mean,s4_scaffold25,0.8130655080429747,0.08333333333333333,0.4583333333333333,0.25,15,0.7493313505761906,primary,scaffold_representatives|expand_top_groups,BACE1
0.8787251624122753,600,0.68,5.0,4.166666666666667,5.0,0.6666666666666666,1.475,120,4,600,3,1.4705882352941178,408,mean,s4_scaffold50,0.7617040999456554,0.08333333333333333,0.4166666666666667,0.25,3,0.7493313505761906,primary,scaffold_representatives|expand_top_groups,BACE1
0.9026330393629867,1200,0.68,5.0,4.166666666666667,5.0,0.6666666666666666,2.7375,120,4,1200,5,2.9411764705882355,408,mean,s4_scaffold50,0.7777068285685242,0.08333333333333333,0.4166666666666667,0.25,5,0.7493313505761906,primary,scaffold_representatives|expand_top_groups,BACE1
0.9277185164301358,2400,0.68,5.0,5.0,5.0,0.6666666666666666,5.5,120,4,2400,10,5.882352941176471,408,mean,s4_scaffold50,0.7938418470597549,0.08333333333333333,0.5,0.25,10,0.7493313505761906,primary,scaffold_representatives|expand_top_groups,BACE1
0.9061785654310155,3600,0.68,5.0,4.166666666666667,5.0,0.6666666666666666,8.0875,120,4,3564,15,8.735294117647058,408,mean,s4_scaffold50,0.7720627181623018,0.08333333333333333,0.4166666666666667,0.25,15,0.7493313505761906,primary,scaffold_representatives|expand_top_groups,BACE1
0.9061785654310155,4800,0.68,5.0,4.166666666666667,5.0,0.6666666666666666,8.0875,120,4,3564,15,8.735294117647058,408,mean,s4_scaffold50,0.7720627181623018,0.08333333333333333,0.4166666666666667,0.25,15,0.7493313505761906,primary,scaffold_representatives|expand_top_groups,BACE1
0.867918698119606,600,1.0,5.0,3.75,5.0,1.0,1.0,120,4,600,1,1.0,600,mean,s5_score_oracle,0.755407049583038,0.08333333333333333,0.375,0.25,15,0.7493313505761906,primary,score_oracle,BACE1
0.869789837198244,1200,1.0,5.0,4.166666666666667,5.0,1.0,2.0,120,4,1200,2,2.0,600,mean,s5_score_oracle,0.7508529871205175,0.08333333333333333,0.4166666666666667,0.25,15,0.7493313505761906,primary,score_oracle,BACE1
0.8962066836003533,2400,1.0,5.0,4.166666666666667,5.0,1.0,4.0,120,4,2400,4,4.0,600,mean,s5_score_oracle,0.7668771785971803,0.08333333333333333,0.4166666666666667,0.25,15,0.7493313505761906,primary,score_oracle,BACE1
0.8974609214654311,3600,1.0,5.0,4.583333333333333,5.0,1.0,6.0,120,4,3600,6,6.0,600,mean,s5_score_oracle,0.7604406057279042,0.08333333333333333,0.4583333333333333,0.25,15,0.7493313505761906,primary,score_oracle,BACE1
0.9176790951923712,4800,1.0,5.0,4.583333333333333,5.0,1.0,8.0,120,4,4800,8,8.0,600,mean,s5_score_oracle,0.7734137127665566,0.08333333333333333,0.4583333333333333,0.25,15,0.7493313505761906,primary,score_oracle,BACE1
0.8744726605914287,600,1.0,5.0,4.583333333333333,4.166666666666667,1.0,1.0,120,4,600,1,1.0,600,min,s1_width,0.7493313505761906,0.08333333333333333,0.4583333333333333,0.20833333333333334,1,0.7493313505761906,primary,width,BACE1
0.8744726605914287,1200,1.0,5.0,4.583333333333333,4.166666666666667,1.0,1.0,120,4,600,1,1.0,600,min,s1_width,0.7493313505761906,0.08333333333333333,0.4583333333333333,0.20833333333333334,1,0.7493313505761906,primary,width,BACE1
0.8744726605914287,2400,1.0,5.0,4.583333333333333,4.166666666666667,1.0,1.0,120,4,600,1,1.0,600,min,s1_width,0.7493313505761906,0.08333333333333333,0.4583333333333333,0.20833333333333334,1,0.7493313505761906,primary,width,BACE1
0.8744726605914287,3600,1.0,5.0,4.583333333333333,4.166666666666667,1.0,1.0,120,4,600,1,1.0,600,min,s1_width,0.7493313505761906,0.08333333333333333,0.4583333333333333,0.20833333333333334,1,0.7493313505761906,primary,width,BACE1
0.8744726605914287,4800,1.0,5.0,4.583333333333333,4.166666666666667,1.0,1.0,120,4,600,1,1.0,600,min,s1_width,0.7493313505761906,0.08333333333333333,0.4583333333333333,0.20833333333333334,1,0.7493313505761906,primary,width,BACE1
0.8744726605914287,600,1.0,5.0,4.583333333333333,4.166666666666667,1.0,1.0,120,4,600,1,1.0,600,min,s2_uniform,0.7493313505761906,0.08333333333333333,0.4583333333333333,0.20833333333333334,1,0.7493313505761906,primary,uniform,BACE1
0.8523252041634934,1200,1.0,5.0,4.166666666666667,4.166666666666667,1.0,2.0,120,4,1200,2,2.0,600,min,s2_uniform,0.7323438533723475,0.08333333333333333,0.4166666666666667,0.20833333333333334,2,0.7493313505761906,primary,uniform,BACE1
0.8317300389971133,2400,1.0,5.0,4.166666666666667,4.166666666666667,1.0,4.0,120,4,2400,4,4.0,600,min,s2_uniform,0.7051402925759626,0.08333333333333333,0.4166666666666667,0.20833333333333334,4,0.7493313505761906,primary,uniform,BACE1
0.8519918102223959,3600,1.0,5.0,4.166666666666667,5.0,1.0,6.0,120,4,3600,6,6.0,600,min,s2_uniform,0.73581834667627,0.08333333333333333,0.4166666666666667,0.25,6,0.7493313505761906,primary,uniform,BACE1
0.8887409582501307,4800,1.0,5.0,4.166666666666667,5.0,1.0,8.0,120,4,4800,8,8.0,600,min,s2_uniform,0.761443227618237,0.08333333333333333,0.4166666666666667,0.25,8,0.7493313505761906,primary,uniform,BACE1
0.8744726605914287,600,1.0,5.0,4.583333333333333,4.166666666666667,1.0,1.0,120,4,600,1,1.0,600,min,s3_top10,0.7493313505761906,0.08333333333333333,0.4583333333333333,0.20833333333333334,1,0.7493313505761906,primary,primary_all|top_up,BACE1
0.8972322121011588,1200,1.0,5.0,4.583333333333333,5.0,1.0,2.0,120,4,1200,11,2.0,600,min,s3_top10,0.7622281759730161,0.08333333333333333,0.4583333333333333,0.25,11,0.7493313505761906,primary,primary_all|top_up,BACE1
0.8972322121011588,2400,1.0,5.0,4.583333333333333,5.0,1.0,2.4,120,4,1440,15,2.4,600,min,s3_top10,0.7622281759730161,0.08333333333333333,0.4583333333333333,0.25,15,0.7493313505761906,primary,primary_all|top_up,BACE1
0.8972322121011588,3600,1.0,5.0,4.583333333333333,5.0,1.0,2.4,120,4,1440,15,2.4,600,min,s3_top10,0.7622281759730161,0.08333333333333333,0.4583333333333333,0.25,15,0.7493313505761906,primary,primary_all|top_up,BACE1
0.8972322121011588,4800,1.0,5.0,4.583333333333333,5.0,1.0,2.4,120,4,1440,15,2.4,600,min,s3_top10,0.7622281759730161,0.08333333333333333,0.4583333333333333,0.25,15,0.7493313505761906,primary,primary_all|top_up,BACE1
0.8744726605914287,600,1.0,5.0,4.583333333333333,4.166666666666667,1.0,1.0,120,4,600,1,1.0,600,min,s3_top25,0.7493313505761906,0.08333333333333333,0.4583333333333333,0.20833333333333334,1,0.7493313505761906,primary,primary_all|top_up,BACE1
0.8916405277474874,1200,1.0,5.0,4.583333333333333,4.166666666666667,1.0,1.8666666666666667,120,4,1200,5,2.0,600,min,s3_top25,0.7602418222209888,0.08333333333333333,0.4583333333333333,0.20833333333333334,5,0.7493313505761906,primary,primary_all|top_up,BACE1
0.9229443520423477,2400,1.0,5.0,4.583333333333333,5.0,1.0,3.6,120,4,2400,13,4.0,600,min,s3_top25,0.7821019524171166,0.08333333333333333,0.4583333333333333,0.25,13,0.7493313505761906,primary,primary_all|top_up,BACE1
0.9229443520423477,3600,1.0,5.0,4.583333333333333,5.0,1.0,4.033333333333333,120,4,2700,15,4.5,600,min,s3_top25,0.7821019524171166,0.08333333333333333,0.4583333333333333,0.25,15,0.7493313505761906,primary,primary_all|top_up,BACE1
0.9229443520423477,4800,1.0,5.0,4.583333333333333,5.0,1.0,4.033333333333333,120,4,2700,15,4.5,600,min,s3_top25,0.7821019524171166,0.08333333333333333,0.4583333333333333,0.25,15,0.7493313505761906,primary,primary_all|top_up,BACE1
0.8744726605914287,600,1.0,5.0,4.583333333333333,4.166666666666667,1.0,1.0,120,4,600,1,1.0,600,min,s3_top50,0.7493313505761906,0.08333333333333333,0.4583333333333333,0.20833333333333334,1,0.7493313505761906,primary,primary_all|top_up,BACE1
0.8278152530095958,1200,1.0,5.0,4.166666666666667,4.166666666666667,1.0,1.9166666666666667,120,4,1200,3,2.0,600,min,s3_top50,0.7104942580926293,0.08333333333333333,0.4166666666666667,0.20833333333333334,3,0.7493313505761906,primary,primary_all|top_up,BACE1
0.8575631513193488,2400,1.0,5.0,4.166666666666667,5.0,1.0,3.75,120,4,2400,7,4.0,600,min,s3_top50,0.7322642175744601,0.08333333333333333,0.4166666666666667,0.25,7,0.7493313505761906,primary,primary_all|top_up,BACE1
0.863224213439832,3600,1.0,5.0,3.75,5.0,1.0,5.583333333333333,120,4,3600,11,6.0,600,min,s3_top50,0.7221813770833378,0.08333333333333333,0.375,0.25,11,0.7493313505761906,primary,primary_all|top_up,BACE1
0.863043034518509,4800,1.0,5.0,3.75,5.0,1.0,7.416666666666667,120,4,4800,15,8.0,600,min,s3_top50,0.7201500750520359,0.08333333333333333,0.375,0.25,15,0.7493313505761906,primary,primary_all|top_up,BACE1
0.9011242267419354,600,0.6216666666666667,5.0,4.583333333333333,4.166666666666667,0.6166666666666667,1.6216216216216217,120,4,600,4,1.6085790884718498,373,min,s4_scaffold25,0.8057265792430659,0.08333333333333333,0.4583333333333333,0.20833333333333334,4,0.7493313505761906,primary,scaffold_representatives|expand_top_groups,BACE1
0.9283386706532427,1200,0.6216666666666667,5.0,4.583333333333333,5.0,0.6166666666666667,3.0405405405405403,120,4,1200,10,3.2171581769436997,373,min,s4_scaffold25,0.8218315373081633,0.08333333333333333,0.4583333333333333,0.25,10,0.7493313505761906,primary,scaffold_representatives|expand_top_groups,BACE1
0.9283386706532427,2400,0.6216666666666667,5.0,4.583333333333333,5.0,0.6166666666666667,4.581081081081081,120,4,1828,15,4.900804289544236,373,min,s4_scaffold25,0.8218315373081633,0.08333333333333333,0.4583333333333333,0.25,15,0.7493313505761906,primary,scaffold_representatives|expand_top_groups,BACE1
0.9283386706532427,3600,0.6216666666666667,5.0,4.583333333333333,5.0,0.6166666666666667,4.581081081081081,120,4,1828,15,4.900804289544236,373,min,s4_scaffold25,0.8218315373081633,0.08333333333333333,0.4583333333333333,0.25,15,0.7493313505761906,primary,scaffold_representatives|expand_top_groups,BACE1
0.9283386706532427,4800,0.6216666666666667,5.0,4.583333333333333,5.0,0.6166666666666667,4.581081081081081,120,4,1828,15,4.900804289544236,373,min,s4_scaffold25,0.8218315373081633,0.08333333333333333,0.4583333333333333,0.25,15,0.7493313505761906,primary,scaffold_representatives|expand_top_groups,BACE1
0.8590765667118803,600,0.68,5.0,4.166666666666667,4.166666666666667,0.6666666666666666,1.475,120,4,600,3,1.4705882352941178,408,min,s4_scaffold50,0.758823301125951,0.08333333333333333,0.4166666666666667,0.20833333333333334,3,0.7493313505761906,primary,scaffold_representatives|expand_top_groups,BACE1
0.8324929999157702,1200,0.68,5.0,4.166666666666667,4.166666666666667,0.6666666666666666,2.7375,120,4,1200,5,2.9411764705882355,408,min,s4_scaffold50,0.7301514922703186,0.08333333333333333,0.4166666666666667,0.20833333333333334,5,0.7493313505761906,primary,scaffold_representatives|expand_top_groups,BACE1
0.8645295159717513,2400,0.68,5.0,3.75,5.0,0.6666666666666666,5.5,120,4,2400,10,5.882352941176471,408,min,s4_scaffold50,0.7442550106201603,0.08333333333333333,0.375,0.25,10,0.7493313505761906,primary,scaffold_representatives|expand_top_groups,BACE1
0.8641026336185419,3600,0.68,5.0,3.75,5.0,0.6666666666666666,8.0875,120,4,3564,15,8.735294117647058,408,min,s4_scaffold50,0.7410746648508054,0.08333333333333333,0.375,0.25,15,0.7493313505761906,primary,scaffold_representatives|expand_top_groups,BACE1
0.8641026336185419,4800,0.68,5.0,3.75,5.0,0.6666666666666666,8.0875,120,4,3564,15,8.735294117647058,408,min,s4_scaffold50,0.7410746648508054,0.08333333333333333,0.375,0.25,15,0.7493313505761906,primary,scaffold_representatives|expand_top_groups,BACE1
0.867918698119606,600,1.0,5.0,3.75,5.0,1.0,1.0,120,4,600,1,1.0,600,min,s5_score_oracle,0.755407049583038,0.08333333333333333,0.375,0.25,15,0.7493313505761906,primary,score_oracle,BACE1
0.867918698119606,1200,1.0,5.0,3.75,5.0,1.0,2.0,120,4,1200,2,2.0,600,min,s5_score_oracle,0.755407049583038,0.08333333333333333,0.375,0.25,15,0.7493313505761906,primary,score_oracle,BACE1
0.867918698119606,2400,1.0,5.0,3.75,5.0,1.0,4.0,120,4,2400,4,4.0,600,min,s5_score_oracle,0.755407049583038,0.08333333333333333,0.375,0.25,15,0.7493313505761906,primary,score_oracle,BACE1
0.867918698119606,3600,1.0,5.0,3.75,5.0,1.0,6.0,120,4,3600,6,6.0,600,min,s5_score_oracle,0.755407049583038,0.08333333333333333,0.375,0.25,15,0.7493313505761906,primary,score_oracle,BACE1
0.867918698119606,4800,1.0,5.0,3.75,5.0,1.0,8.0,120,4,4800,8,8.0,600,min,s5_score_oracle,0.755407049583038,0.08333333333333333,0.375,0.25,15,0.7493313505761906,primary,score_oracle,BACE1
0.6916360676870921,600,1.0,5.0,2.5,4.166666666666667,1.0,1.0,120,5,600,1,1.0,600,mean,s1_width,0.5077501591669878,0.08333333333333333,0.25,0.20833333333333334,1,0.5077501591669878,primary,width,BACE1
0.6916360676870921,1200,1.0,5.0,2.5,4.166666666666667,1.0,1.0,120,5,600,1,1.0,600,mean,s1_width,0.5077501591669878,0.08333333333333333,0.25,0.20833333333333334,1,0.5077501591669878,primary,width,BACE1
0.6916360676870921,2400,1.0,5.0,2.5,4.166666666666667,1.0,1.0,120,5,600,1,1.0,600,mean,s1_width,0.5077501591669878,0.08333333333333333,0.25,0.20833333333333334,1,0.5077501591669878,primary,width,BACE1
0.6916360676870921,3600,1.0,5.0,2.5,4.166666666666667,1.0,1.0,120,5,600,1,1.0,600,mean,s1_width,0.5077501591669878,0.08333333333333333,0.25,0.20833333333333334,1,0.5077501591669878,primary,width,BACE1
0.6916360676870921,4800,1.0,5.0,2.5,4.166666666666667,1.0,1.0,120,5,600,1,1.0,600,mean,s1_width,0.5077501591669878,0.08333333333333333,0.25,0.20833333333333334,1,0.5077501591669878,primary,width,BACE1
0.6916360676870921,600,1.0,5.0,2.5,4.166666666666667,1.0,1.0,120,5,600,1,1.0,600,mean,s2_uniform,0.5077501591669878,0.08333333333333333,0.25,0.20833333333333334,1,0.5077501591669878,primary,uniform,BACE1
0.6653100526285913,1200,1.0,5.0,2.9166666666666665,3.333333333333333,1.0,2.0,120,5,1200,2,2.0,600,mean,s2_uniform,0.49302603333578654,0.08333333333333333,0.2916666666666667,0.16666666666666666,2,0.5077501591669878,primary,uniform,BACE1
0.6666843501809002,2400,1.0,5.0,2.9166666666666665,4.166666666666667,1.0,4.0,120,5,2400,4,4.0,600,mean,s2_uniform,0.4851429103219873,0.08333333333333333,0.2916666666666667,0.20833333333333334,4,0.5077501591669878,primary,uniform,BACE1
0.6686632551417772,3600,1.0,5.0,3.333333333333333,4.166666666666667,1.0,6.0,120,5,3600,6,6.0,600,mean,s2_uniform,0.48064004047226766,0.08333333333333333,0.3333333333333333,0.20833333333333334,6,0.5077501591669878,primary,uniform,BACE1
0.6362503578489812,4800,1.0,5.0,3.333333333333333,3.333333333333333,1.0,8.0,120,5,4800,8,8.0,600,mean,s2_uniform,0.4726876651070708,0.08333333333333333,0.3333333333333333,0.16666666666666666,8,0.5077501591669878,primary,uniform,BACE1
0.6916360676870921,600,1.0,5.0,2.5,4.166666666666667,1.0,1.0,120,5,600,1,1.0,600,mean,s3_top10,0.5077501591669878,0.08333333333333333,0.25,0.20833333333333334,1,0.5077501591669878,primary,primary_all|top_up,BACE1
0.6100024209933017,1200,1.0,5.0,2.9166666666666665,2.5,1.0,1.8333333333333333,120,5,1200,11,2.0,600,mean,s3_top10,0.4670654966073253,0.08333333333333333,0.2916666666666667,0.125,11,0.5077501591669878,primary,primary_all|top_up,BACE1
0.5528216765433702,2400,1.0,2.5,2.9166666666666665,2.5,1.0,2.1666666666666665,120,5,1440,15,2.4,600,mean,s3_top10,0.43796739903496307,0.041666666666666664,0.2916666666666667,0.125,15,0.5077501591669878,primary,primary_all|top_up,BACE1
0.5528216765433702,3600,1.0,2.5,2.9166666666666665,2.5,1.0,2.1666666666666665,120,5,1440,15,2.4,600,mean,s3_top10,0.43796739903496307,0.041666666666666664,0.2916666666666667,0.125,15,0.5077501591669878,primary,primary_all|top_up,BACE1
0.5528216765433702,4800,1.0,2.5,2.9166666666666665,2.5,1.0,2.1666666666666665,120,5,1440,15,2.4,600,mean,s3_top10,0.43796739903496307,0.041666666666666664,0.2916666666666667,0.125,15,0.5077501591669878,primary,primary_all|top_up,BACE1
0.6916360676870921,600,1.0,5.0,2.5,4.166666666666667,1.0,1.0,120,5,600,1,1.0,600,mean,s3_top25,0.5077501591669878,0.08333333333333333,0.25,0.20833333333333334,1,0.5077501591669878,primary,primary_all|top_up,BACE1
0.6535181047834457,1200,1.0,5.0,2.9166666666666665,3.333333333333333,1.0,1.9666666666666666,120,5,1200,5,2.0,600,mean,s3_top25,0.48696624729742827,0.08333333333333333,0.2916666666666667,0.16666666666666666,5,0.5077501591669878,primary,primary_all|top_up,BACE1
0.5961844629300047,2400,1.0,5.0,2.9166666666666665,2.5,1.0,3.9,120,5,2400,13,4.0,600,mean,s3_top25,0.4448975842683281,0.08333333333333333,0.2916666666666667,0.125,13,0.5077501591669878,primary,primary_all|top_up,BACE1
0.5544980076697489,3600,1.0,2.5,2.5,2.5,1.0,4.383333333333334,120,5,2700,15,4.5,600,mean,s3_top25,0.4166917668958441,0.041666666666666664,0.25,0.125,15,0.5077501591669878,primary,primary_all|top_up,BACE1
0.5544980076697489,4800,1.0,2.5,2.5,2.5,1.0,4.383333333333334,120,5,2700,15,4.5,600,mean,s3_top25,0.4166917668958441,0.041666666666666664,0.25,0.125,15,0.5077501591669878,primary,primary_all|top_up,BACE1
0.6916360676870921,600,1.0,5.0,2.5,4.166666666666667,1.0,1.0,120,5,600,1,1.0,600,mean,s3_top50,0.5077501591669878,0.08333333333333333,0.25,0.20833333333333334,1,0.5077501591669878,primary,primary_all|top_up,BACE1
0.6781465646987134,1200,1.0,5.0,3.333333333333333,3.333333333333333,1.0,1.95,120,5,1200,3,2.0,600,mean,s3_top50,0.49718564201655385,0.08333333333333333,0.3333333333333333,0.16666666666666666,3,0.5077501591669878,primary,primary_all|top_up,BACE1
0.6455137721300744,2400,1.0,5.0,3.333333333333333,3.333333333333333,1.0,3.85,120,5,2400,7,4.0,600,mean,s3_top50,0.4739787190779226,0.08333333333333333,0.3333333333333333,0.16666666666666666,7,0.5077501591669878,primary,primary_all|top_up,BACE1
0.6048087706853433,3600,1.0,5.0,3.333333333333333,2.5,1.0,5.75,120,5,3600,11,6.0,600,mean,s3_top50,0.44995564888079825,0.08333333333333333,0.3333333333333333,0.125,11,0.5077501591669878,primary,primary_all|top_up,BACE1
0.5486165306907597,4800,1.0,2.5,2.5,2.5,1.0,7.65,120,5,4800,15,8.0,600,mean,s3_top50,0.4123376515183354,0.041666666666666664,0.25,0.125,15,0.5077501591669878,primary,primary_all|top_up,BACE1
0.706676399628577,600,0.6216666666666667,5.0,3.75,4.166666666666667,0.65,1.5128205128205128,120,5,600,4,1.6085790884718498,373,mean,s4_scaffold25,0.5654837657917576,0.08333333333333333,0.375,0.20833333333333334,4,0.5077501591669878,primary,scaffold_representatives|expand_top_groups,BACE1
0.6321026331892017,1200,0.6216666666666667,5.0,2.9166666666666665,3.333333333333333,0.65,2.8974358974358974,120,5,1200,10,3.2171581769436997,373,mean,s4_scaffold25,0.5203671925501844,0.08333333333333333,0.2916666666666667,0.16666666666666666,10,0.5077501591669878,primary,scaffold_representatives|expand_top_groups,BACE1
0.5654549492325762,2400,0.6216666666666667,2.5,2.9166666666666665,2.5,0.65,4.346153846153846,120,5,1828,15,4.900804289544236,373,mean,s4_scaffold25,0.4764114172441971,0.041666666666666664,0.2916666666666667,0.125,15,0.5077501591669878,primary,scaffold_representatives|expand_top_groups,BACE1
0.5654549492325762,3600,0.6216666666666667,2.5,2.9166666666666665,2.5,0.65,4.346153846153846,120,5,1828,15,4.900804289544236,373,mean,s4_scaffold25,0.4764114172441971,0.041666666666666664,0.2916666666666667,0.125,15,0.5077501591669878,primary,scaffold_representatives|expand_top_groups,BACE1
0.5654549492325762,4800,0.6216666666666667,2.5,2.9166666666666665,2.5,0.65,4.346153846153846,120,5,1828,15,4.900804289544236,373,mean,s4_scaffold25,0.4764114172441971,0.041666666666666664,0.2916666666666667,0.125,15,0.5077501591669878,primary,scaffold_representatives|expand_top_groups,BACE1
0.6882146661020236,600,0.68,5.0,3.333333333333333,3.333333333333333,0.675,1.4197530864197532,120,5,600,3,1.4705882352941178,408,mean,s4_scaffold50,0.5551480015697642,0.08333333333333333,0.3333333333333333,0.16666666666666666,3,0.5077501591669878,primary,scaffold_representatives|expand_top_groups,BACE1
0.6882888204230179,1200,0.68,5.0,3.75,3.333333333333333,0.675,2.6790123456790123,120,5,1200,5,2.9411764705882355,408,mean,s4_scaffold50,0.5517592988284606,0.08333333333333333,0.375,0.16666666666666666,5,0.5077501591669878,primary,scaffold_representatives|expand_top_groups,BACE1
0.6643185359528632,2400,0.68,5.0,3.75,3.333333333333333,0.675,5.222222222222222,120,5,2400,10,5.882352941176471,408,mean,s4_scaffold50,0.531566893826518,0.08333333333333333,0.375,0.16666666666666666,10,0.5077501591669878,primary,scaffold_representatives|expand_top_groups,BACE1
0.5725569204134731,3600,0.68,2.5,2.5,2.5,0.675,7.6419753086419755,120,5,3564,15,8.735294117647058,408,mean,s4_scaffold50,0.48028078901180066,0.041666666666666664,0.25,0.125,15,0.5077501591669878,primary,scaffold_representatives|expand_top_groups,BACE1
0.5725569204134731,4800,0.68,2.5,2.5,2.5,0.675,7.6419753086419755,120,5,3564,15,8.735294117647058,408,mean,s4_scaffold50,0.48028078901180066,0.041666666666666664,0.25,0.125,15,0.5077501591669878,primary,scaffold_representatives|expand_top_groups,BACE1
0.5388446644705882,600,1.0,2.5,2.9166666666666665,3.333333333333333,1.0,1.0,120,5,600,1,1.0,600,mean,s5_score_oracle,0.4305869937588121,0.041666666666666664,0.2916666666666667,0.16666666666666666,15,0.5077501591669878,primary,score_oracle,BACE1
0.5519847995618103,1200,1.0,2.5,3.333333333333333,3.333333333333333,1.0,2.0,120,5,1200,2,2.0,600,mean,s5_score_oracle,0.4327499310402065,0.041666666666666664,0.3333333333333333,0.16666666666666666,15,0.5077501591669878,primary,score_oracle,BACE1
0.5564261238921966,2400,1.0,2.5,3.333333333333333,3.333333333333333,1.0,4.0,120,5,2400,4,4.0,600,mean,s5_score_oracle,0.4353989677726317,0.041666666666666664,0.3333333333333333,0.16666666666666666,15,0.5077501591669878,primary,score_oracle,BACE1
0.5734429035431499,3600,1.0,2.5,3.333333333333333,3.333333333333333,1.0,6.0,120,5,3600,6,6.0,600,mean,s5_score_oracle,0.44218303905411305,0.041666666666666664,0.3333333333333333,0.16666666666666666,15,0.5077501591669878,primary,score_oracle,BACE1
0.5858591337582988,4800,1.0,5.0,2.9166666666666665,3.333333333333333,1.0,8.0,120,5,4800,8,8.0,600,mean,s5_score_oracle,0.45146910737870183,0.08333333333333333,0.2916666666666667,0.16666666666666666,15,0.5077501591669878,primary,score_oracle,BACE1
0.6916360676870921,600,1.0,5.0,2.5,4.166666666666667,1.0,1.0,120,5,600,1,1.0,600,min,s1_width,0.5077501591669878,0.08333333333333333,0.25,0.20833333333333334,1,0.5077501591669878,primary,width,BACE1
0.6916360676870921,1200,1.0,5.0,2.5,4.166666666666667,1.0,1.0,120,5,600,1,1.0,600,min,s1_width,0.5077501591669878,0.08333333333333333,0.25,0.20833333333333334,1,0.5077501591669878,primary,width,BACE1
0.6916360676870921,2400,1.0,5.0,2.5,4.166666666666667,1.0,1.0,120,5,600,1,1.0,600,min,s1_width,0.5077501591669878,0.08333333333333333,0.25,0.20833333333333334,1,0.5077501591669878,primary,width,BACE1
0.6916360676870921,3600,1.0,5.0,2.5,4.166666666666667,1.0,1.0,120,5,600,1,1.0,600,min,s1_width,0.5077501591669878,0.08333333333333333,0.25,0.20833333333333334,1,0.5077501591669878,primary,width,BACE1
0.6916360676870921,4800,1.0,5.0,2.5,4.166666666666667,1.0,1.0,120,5,600,1,1.0,600,min,s1_width,0.5077501591669878,0.08333333333333333,0.25,0.20833333333333334,1,0.5077501591669878,primary,width,BACE1
0.6916360676870921,600,1.0,5.0,2.5,4.166666666666667,1.0,1.0,120,5,600,1,1.0,600,min,s2_uniform,0.5077501591669878,0.08333333333333333,0.25,0.20833333333333334,1,0.5077501591669878,primary,uniform,BACE1
0.6191600325755892,1200,1.0,2.5,2.9166666666666665,4.166666666666667,1.0,2.0,120,5,1200,2,2.0,600,min,s2_uniform,0.4533930463789802,0.041666666666666664,0.2916666666666667,0.20833333333333334,2,0.5077501591669878,primary,uniform,BACE1
0.610359587207237,2400,1.0,2.5,2.9166666666666665,4.166666666666667,1.0,4.0,120,5,2400,4,4.0,600,min,s2_uniform,0.4392795302152659,0.041666666666666664,0.2916666666666667,0.20833333333333334,4,0.5077501591669878,primary,uniform,BACE1
0.5686801234077933,3600,1.0,2.5,2.9166666666666665,3.333333333333333,1.0,6.0,120,5,3600,6,6.0,600,min,s2_uniform,0.4153102989878892,0.041666666666666664,0.2916666666666667,0.16666666666666666,6,0.5077501591669878,primary,uniform,BACE1
0.5392210559390651,4800,1.0,2.5,2.9166666666666665,3.333333333333333,1.0,8.0,120,5,4800,8,8.0,600,min,s2_uniform,0.4259162080216227,0.041666666666666664,0.2916666666666667,0.16666666666666666,8,0.5077501591669878,primary,uniform,BACE1
0.6916360676870921,600,1.0,5.0,2.5,4.166666666666667,1.0,1.0,120,5,600,1,1.0,600,min,s3_top10,0.5077501591669878,0.08333333333333333,0.25,0.20833333333333334,1,0.5077501591669878,primary,primary_all|top_up,BACE1
0.5461904704016904,1200,1.0,2.5,2.5,3.333333333333333,1.0,1.8333333333333333,120,5,1200,11,2.0,600,min,s3_top10,0.4226807147225435,0.041666666666666664,0.25,0.16666666666666666,11,0.5077501591669878,primary,primary_all|top_up,BACE1
0.5461904704016904,2400,1.0,2.5,2.5,3.333333333333333,1.0,2.1666666666666665,120,5,1440,15,2.4,600,min,s3_top10,0.4226807147225435,0.041666666666666664,0.25,0.16666666666666666,15,0.5077501591669878,primary,primary_all|top_up,BACE1
0.5461904704016904,3600,1.0,2.5,2.5,3.333333333333333,1.0,2.1666666666666665,120,5,1440,15,2.4,600,min,s3_top10,0.4226807147225435,0.041666666666666664,0.25,0.16666666666666666,15,0.5077501591669878,primary,primary_all|top_up,BACE1
0.5461904704016904,4800,1.0,2.5,2.5,3.333333333333333,1.0,2.1666666666666665,120,5,1440,15,2.4,600,min,s3_top10,0.4226807147225435,0.041666666666666664,0.25,0.16666666666666666,15,0.5077501591669878,primary,primary_all|top_up,BACE1
0.6916360676870921,600,1.0,5.0,2.5,4.166666666666667,1.0,1.0,120,5,600,1,1.0,600,min,s3_top25,0.5077501591669878,0.08333333333333333,0.25,0.20833333333333334,1,0.5077501591669878,primary,primary_all|top_up,BACE1
0.6021203833373,1200,1.0,2.5,2.9166666666666665,3.333333333333333,1.0,1.9666666666666666,120,5,1200,5,2.0,600,min,s3_top25,0.4501789356708417,0.041666666666666664,0.2916666666666667,0.16666666666666666,5,0.5077501591669878,primary,primary_all|top_up,BACE1
0.5270265076690748,2400,1.0,2.5,2.9166666666666665,3.333333333333333,1.0,3.9,120,5,2400,13,4.0,600,min,s3_top25,0.4005264010497717,0.041666666666666664,0.2916666666666667,0.16666666666666666,13,0.5077501591669878,primary,primary_all|top_up,BACE1
0.5270265076690748,3600,1.0,2.5,2.9166666666666665,3.333333333333333,1.0,4.383333333333334,120,5,2700,15,4.5,600,min,s3_top25,0.4005264010497717,0.041666666666666664,0.2916666666666667,0.16666666666666666,15,0.5077501591669878,primary,primary_all|top_up,BACE1
0.5270265076690748,4800,1.0,2.5,2.9166666666666665,3.333333333333333,1.0,4.383333333333334,120,5,2700,15,4.5,600,min,s3_top25,0.4005264010497717,0.041666666666666664,0.2916666666666667,0.16666666666666666,15,0.5077501591669878,primary,primary_all|top_up,BACE1
0.6916360676870921,600,1.0,5.0,2.5,4.166666666666667,1.0,1.0,120,5,600,1,1.0,600,min,s3_top50,0.5077501591669878,0.08333333333333333,0.25,0.20833333333333334,1,0.5077501591669878,primary,primary_all|top_up,BACE1
0.6149214070674778,1200,1.0,2.5,2.9166666666666665,4.166666666666667,1.0,1.95,120,5,1200,3,2.0,600,min,s3_top50,0.4449756092249839,0.041666666666666664,0.2916666666666667,0.20833333333333334,3,0.5077501591669878,primary,primary_all|top_up,BACE1
0.5103921186287572,2400,1.0,2.5,2.5,3.333333333333333,1.0,3.85,120,5,2400,7,4.0,600,min,s3_top50,0.38534999567663863,0.041666666666666664,0.25,0.16666666666666666,7,0.5077501591669878,primary,primary_all|top_up,BACE1
0.5035041662857911,3600,1.0,2.5,2.5,3.333333333333333,1.0,5.75,120,5,3600,11,6.0,600,min,s3_top50,0.37595329464878063,0.041666666666666664,0.25,0.16666666666666666,11,0.5077501591669878,primary,primary_all|top_up,BACE1
0.5115348209388025,4800,1.0,2.5,2.5,3.333333333333333,1.0,7.65,120,5,4800,15,8.0,600,min,s3_top50,0.38842723720816874,0.041666666666666664,0.25,0.16666666666666666,15,0.5077501591669878,primary,primary_all|top_up,BACE1
0.6789559527945964,600,0.6216666666666667,2.5,3.333333333333333,4.166666666666667,0.65,1.5128205128205128,120,5,600,4,1.6085790884718498,373,min,s4_scaffold25,0.5415287991897323,0.041666666666666664,0.3333333333333333,0.20833333333333334,4,0.5077501591669878,primary,scaffold_representatives|expand_top_groups,BACE1
0.55299504108812,1200,0.6216666666666667,2.5,2.9166666666666665,3.333333333333333,0.65,2.8974358974358974,120,5,1200,10,3.2171581769436997,373,min,s4_scaffold25,0.47794581301096434,0.041666666666666664,0.2916666666666667,0.16666666666666666,10,0.5077501591669878,primary,scaffold_representatives|expand_top_groups,BACE1
0.5562441133978486,2400,0.6216666666666667,2.5,2.9166666666666665,3.333333333333333,0.65,4.346153846153846,120,5,1828,15,4.900804289544236,373,min,s4_scaffold25,0.4797773148424662,0.041666666666666664,0.2916666666666667,0.16666666666666666,15,0.5077501591669878,primary,scaffold_representatives|expand_top_groups,BACE1
0.5562441133978486,3600,0.6216666666666667,2.5,2.9166666666666665,3.333333333333333,0.65,4.346153846153846,120,5,1828,15,4.900804289544236,373,min,s4_scaffold25,0.4797773148424662,0.041666666666666664,0.2916666666666667,0.16666666666666666,15,0.5077501591669878,primary,scaffold_representatives|expand_top_groups,BACE1
0.5562441133978486,4800,0.6216666666666667,2.5,2.9166666666666665,3.333333333333333,0.65,4.346153846153846,120,5,1828,15,4.900804289544236,373,min,s4_scaffold25,0.4797773148424662,0.041666666666666664,0.2916666666666667,0.16666666666666666,15,0.5077501591669878,primary,scaffold_representatives|expand_top_groups,BACE1
0.6708640411269674,600,0.68,2.5,3.333333333333333,4.166666666666667,0.675,1.4197530864197532,120,5,600,3,1.4705882352941178,408,min,s4_scaffold50,0.5327504145888439,0.041666666666666664,0.3333333333333333,0.20833333333333334,3,0.5077501591669878,primary,scaffold_representatives|expand_top_groups,BACE1
0.6269752221700815,1200,0.68,2.5,3.333333333333333,3.333333333333333,0.675,2.6790123456790123,120,5,1200,5,2.9411764705882355,408,min,s4_scaffold50,0.5079287426952216,0.041666666666666664,0.3333333333333333,0.16666666666666666,5,0.5077501591669878,primary,scaffold_representatives|expand_top_groups,BACE1
0.5191253277910756,2400,0.68,2.5,2.5,3.333333333333333,0.675,5.222222222222222,120,5,2400,10,5.882352941176471,408,min,s4_scaffold50,0.43860794964201166,0.041666666666666664,0.25,0.16666666666666666,10,0.5077501591669878,primary,scaffold_representatives|expand_top_groups,BACE1
0.5249074801801713,3600,0.68,2.5,2.5,3.333333333333333,0.675,7.6419753086419755,120,5,3564,15,8.735294117647058,408,min,s4_scaffold50,0.4443619178959799,0.041666666666666664,0.25,0.16666666666666666,15,0.5077501591669878,primary,scaffold_representatives|expand_top_groups,BACE1
0.5249074801801713,4800,0.68,2.5,2.5,3.333333333333333,0.675,7.6419753086419755,120,5,3564,15,8.735294117647058,408,min,s4_scaffold50,0.4443619178959799,0.041666666666666664,0.25,0.16666666666666666,15,0.5077501591669878,primary,scaffold_representatives|expand_top_groups,BACE1
0.5388446644705882,600,1.0,2.5,2.9166666666666665,3.333333333333333,1.0,1.0,120,5,600,1,1.0,600,min,s5_score_oracle,0.4305869937588121,0.041666666666666664,0.2916666666666667,0.16666666666666666,15,0.5077501591669878,primary,score_oracle,BACE1
0.5388446644705882,1200,1.0,2.5,2.9166666666666665,3.333333333333333,1.0,2.0,120,5,1200,2,2.0,600,min,s5_score_oracle,0.4305869937588121,0.041666666666666664,0.2916666666666667,0.16666666666666666,15,0.5077501591669878,primary,score_oracle,BACE1
0.5388446644705882,2400,1.0,2.5,2.9166666666666665,3.333333333333333,1.0,4.0,120,5,2400,4,4.0,600,min,s5_score_oracle,0.4305869937588121,0.041666666666666664,0.2916666666666667,0.16666666666666666,15,0.5077501591669878,primary,score_oracle,BACE1
0.5388446644705882,3600,1.0,2.5,2.9166666666666665,3.333333333333333,1.0,6.0,120,5,3600,6,6.0,600,min,s5_score_oracle,0.4305869937588121,0.041666666666666664,0.2916666666666667,0.16666666666666666,15,0.5077501591669878,primary,score_oracle,BACE1
0.5388446644705882,4800,1.0,2.5,2.9166666666666665,3.333333333333333,1.0,8.0,120,5,4800,8,8.0,600,min,s5_score_oracle,0.4305869937588121,0.041666666666666664,0.2916666666666667,0.16666666666666666,15,0.5077501591669878,primary,score_oracle,BACE1
0.6692900466542456,600,1.0,5.0,3.333333333333333,2.5,1.0,1.0,120,1,600,1,1.0,600,mean,s1_width,0.6072993891937508,0.08333333333333333,0.3333333333333333,0.125,1,0.6072993891937508,primary,width,ESR1
0.6692900466542456,1200,1.0,5.0,3.333333333333333,2.5,1.0,1.0,120,1,600,1,1.0,600,mean,s1_width,0.6072993891937508,0.08333333333333333,0.3333333333333333,0.125,1,0.6072993891937508,primary,width,ESR1
0.6692900466542456,2400,1.0,5.0,3.333333333333333,2.5,1.0,1.0,120,1,600,1,1.0,600,mean,s1_width,0.6072993891937508,0.08333333333333333,0.3333333333333333,0.125,1,0.6072993891937508,primary,width,ESR1
0.6692900466542456,3600,1.0,5.0,3.333333333333333,2.5,1.0,1.0,120,1,600,1,1.0,600,mean,s1_width,0.6072993891937508,0.08333333333333333,0.3333333333333333,0.125,1,0.6072993891937508,primary,width,ESR1
0.6692900466542456,4800,1.0,5.0,3.333333333333333,2.5,1.0,1.0,120,1,600,1,1.0,600,mean,s1_width,0.6072993891937508,0.08333333333333333,0.3333333333333333,0.125,1,0.6072993891937508,primary,width,ESR1
0.6692900466542456,600,1.0,5.0,3.333333333333333,2.5,1.0,1.0,120,1,600,1,1.0,600,mean,s2_uniform,0.6072993891937508,0.08333333333333333,0.3333333333333333,0.125,1,0.6072993891937508,primary,uniform,ESR1
0.7174226989850171,1200,1.0,5.0,2.9166666666666665,3.333333333333333,1.0,2.0,120,1,1200,2,2.0,600,mean,s2_uniform,0.6123997387388832,0.08333333333333333,0.2916666666666667,0.16666666666666666,2,0.6072993891937508,primary,uniform,ESR1
0.7151445984747662,2400,1.0,5.0,3.333333333333333,3.333333333333333,1.0,4.0,120,1,2400,4,4.0,600,mean,s2_uniform,0.6054430072805796,0.08333333333333333,0.3333333333333333,0.16666666666666666,4,0.6072993891937508,primary,uniform,ESR1
0.6953863298183994,3600,1.0,5.0,3.333333333333333,3.333333333333333,1.0,6.0,120,1,3600,6,6.0,600,mean,s2_uniform,0.5794906575637673,0.08333333333333333,0.3333333333333333,0.16666666666666666,6,0.6072993891937508,primary,uniform,ESR1
0.7037133518837703,4800,1.0,5.0,3.333333333333333,3.333333333333333,1.0,8.0,120,1,4800,8,8.0,600,mean,s2_uniform,0.5679306196051276,0.08333333333333333,0.3333333333333333,0.16666666666666666,8,0.6072993891937508,primary,uniform,ESR1
0.6692900466542456,600,1.0,5.0,3.333333333333333,2.5,1.0,1.0,120,1,600,1,1.0,600,mean,s3_top10,0.6072993891937508,0.08333333333333333,0.3333333333333333,0.125,1,0.6072993891937508,primary,primary_all|top_up,ESR1
0.7500123026242337,1200,1.0,5.0,3.333333333333333,3.333333333333333,1.0,2.0833333333333335,120,1,1200,11,2.0,600,mean,s3_top10,0.6479424267117885,0.08333333333333333,0.3333333333333333,0.16666666666666666,11,0.6072993891937508,primary,primary_all|top_up,ESR1
0.6114139568156944,2400,1.0,5.0,2.9166666666666665,2.5,1.0,2.5166666666666666,120,1,1440,15,2.4,600,mean,s3_top10,0.5398324824101649,0.08333333333333333,0.2916666666666667,0.125,15,0.6072993891937508,primary,primary_all|top_up,ESR1
0.6114139568156944,3600,1.0,5.0,2.9166666666666665,2.5,1.0,2.5166666666666666,120,1,1440,15,2.4,600,mean,s3_top10,0.5398324824101649,0.08333333333333333,0.2916666666666667,0.125,15,0.6072993891937508,primary,primary_all|top_up,ESR1
0.6114139568156944,4800,1.0,5.0,2.9166666666666665,2.5,1.0,2.5166666666666666,120,1,1440,15,2.4,600,mean,s3_top10,0.5398324824101649,0.08333333333333333,0.2916666666666667,0.125,15,0.6072993891937508,primary,primary_all|top_up,ESR1
0.6692900466542456,600,1.0,5.0,3.333333333333333,2.5,1.0,1.0,120,1,600,1,1.0,600,mean,s3_top25,0.6072993891937508,0.08333333333333333,0.3333333333333333,0.125,1,0.6072993891937508,primary,primary_all|top_up,ESR1
0.7080456965644293,1200,1.0,5.0,3.333333333333333,3.333333333333333,1.0,1.9333333333333333,120,1,1200,5,2.0,600,mean,s3_top25,0.613699749998536,0.08333333333333333,0.3333333333333333,0.16666666666666666,5,0.6072993891937508,primary,primary_all|top_up,ESR1
0.6624946371455005,2400,1.0,5.0,2.9166666666666665,3.333333333333333,1.0,3.8,120,1,2400,13,4.0,600,mean,s3_top25,0.5491078327490134,0.08333333333333333,0.2916666666666667,0.16666666666666666,13,0.6072993891937508,primary,primary_all|top_up,ESR1
0.5657525275749239,3600,1.0,5.0,2.5,2.5,1.0,4.266666666666667,120,1,2700,15,4.5,600,mean,s3_top25,0.46023266713239525,0.08333333333333333,0.25,0.125,15,0.6072993891937508,primary,primary_all|top_up,ESR1
0.5657525275749239,4800,1.0,5.0,2.5,2.5,1.0,4.266666666666667,120,1,2700,15,4.5,600,mean,s3_top25,0.46023266713239525,0.08333333333333333,0.25,0.125,15,0.6072993891937508,primary,primary_all|top_up,ESR1
0.6692900466542456,600,1.0,5.0,3.333333333333333,2.5,1.0,1.0,120,1,600,1,1.0,600,mean,s3_top50,0.6072993891937508,0.08333333333333333,0.3333333333333333,0.125,1,0.6072993891937508,primary,primary_all|top_up,ESR1
0.6913925552371141,1200,1.0,5.0,2.9166666666666665,3.333333333333333,1.0,2.05,120,1,1200,3,2.0,600,mean,s3_top50,0.5841850779687313,0.08333333333333333,0.2916666666666667,0.16666666666666666,3,0.6072993891937508,primary,primary_all|top_up,ESR1
0.6991609318996023,2400,1.0,5.0,3.333333333333333,3.333333333333333,1.0,4.15,120,1,2400,7,4.0,600,mean,s3_top50,0.5626116848802964,0.08333333333333333,0.3333333333333333,0.16666666666666666,7,0.6072993891937508,primary,primary_all|top_up,ESR1
0.6990868808859018,3600,1.0,5.0,3.333333333333333,3.333333333333333,1.0,6.25,120,1,3600,11,6.0,600,mean,s3_top50,0.5648069624650914,0.08333333333333333,0.3333333333333333,0.16666666666666666,11,0.6072993891937508,primary,primary_all|top_up,ESR1
0.5401249569949779,4800,1.0,5.0,2.5,2.5,1.0,8.35,120,1,4800,15,8.0,600,mean,s3_top50,0.3958979421776436,0.08333333333333333,0.25,0.125,15,0.6072993891937508,primary,primary_all|top_up,ESR1
0.7209042946644625,600,0.6366666666666667,5.0,3.333333333333333,3.333333333333333,0.6166666666666667,1.554054054054054,120,1,600,4,1.5706806282722514,382,mean,s4_scaffold25,0.6747128920836829,0.08333333333333333,0.3333333333333333,0.16666666666666666,4,0.6072993891937508,primary,scaffold_representatives|expand_top_groups,ESR1
0.7272026663545351,1200,0.6366666666666667,5.0,3.333333333333333,3.333333333333333,0.6166666666666667,3.0405405405405403,120,1,1200,10,3.141361256544503,382,mean,s4_scaffold25,0.6613433457959167,0.08333333333333333,0.3333333333333333,0.16666666666666666,10,0.6072993891937508,primary,scaffold_representatives|expand_top_groups,ESR1
0.6676466209528262,2400,0.6366666666666667,5.0,3.75,2.5,0.6166666666666667,4.405405405405405,120,1,1751,15,4.5837696335078535,382,mean,s4_scaffold25,0.5760487157042758,0.08333333333333333,0.375,0.125,15,0.6072993891937508,primary,scaffold_representatives|expand_top_groups,ESR1
0.6676466209528262,3600,0.6366666666666667,5.0,3.75,2.5,0.6166666666666667,4.405405405405405,120,1,1751,15,4.5837696335078535,382,mean,s4_scaffold25,0.5760487157042758,0.08333333333333333,0.375,0.125,15,0.6072993891937508,primary,scaffold_representatives|expand_top_groups,ESR1
0.6676466209528262,4800,0.6366666666666667,5.0,3.75,2.5,0.6166666666666667,4.405405405405405,120,1,1751,15,4.5837696335078535,382,mean,s4_scaffold25,0.5760487157042758,0.08333333333333333,0.375,0.125,15,0.6072993891937508,primary,scaffold_representatives|expand_top_groups,ESR1
0.7200202116007861,600,0.7016666666666667,5.0,3.333333333333333,3.333333333333333,0.65,1.4871794871794872,120,1,600,2,1.4251781472684086,421,mean,s4_scaffold50,0.6407556269206266,0.08333333333333333,0.3333333333333333,0.16666666666666666,2,0.6072993891937508,primary,scaffold_representatives|expand_top_groups,ESR1
0.7200721633253309,1200,0.765,5.0,3.333333333333333,3.333333333333333,0.8833333333333333,2.811320754716981,120,1,1200,5,2.6143790849673203,459,mean,s4_scaffold50,0.6075958717818192,0.08333333333333333,0.3333333333333333,0.16666666666666666,5,0.6072993891937508,primary,scaffold_representatives|expand_top_groups,ESR1
0.7017554450338713,2400,0.765,5.0,3.333333333333333,3.333333333333333,0.8833333333333333,5.783018867924528,120,1,2400,9,5.228758169934641,459,mean,s4_scaffold50,0.5812431160173769,0.08333333333333333,0.3333333333333333,0.16666666666666666,9,0.6072993891937508,primary,scaffold_representatives|expand_top_groups,ESR1
0.6628915157104962,3600,0.765,5.0,2.9166666666666665,3.333333333333333,0.8833333333333333,8.90566037735849,120,1,3600,13,7.8431372549019605,459,mean,s4_scaffold50,0.5405547454203546,0.08333333333333333,0.2916666666666667,0.16666666666666666,13,0.6072993891937508,primary,scaffold_representatives|expand_top_groups,ESR1
0.5900399563331028,4800,0.765,5.0,2.5,2.5,0.8833333333333333,10.471698113207546,120,1,4159,15,9.061002178649238,459,mean,s4_scaffold50,0.4347015884988475,0.08333333333333333,0.25,0.125,15,0.6072993891937508,primary,scaffold_representatives|expand_top_groups,ESR1
0.761533238797846,600,1.0,5.0,3.75,4.166666666666667,1.0,1.0,120,1,600,1,1.0,600,mean,s5_score_oracle,0.6741513883082112,0.08333333333333333,0.375,0.20833333333333334,14,0.6072993891937508,primary,score_oracle,ESR1
0.7534420939753813,1200,1.0,5.0,3.75,3.333333333333333,1.0,2.0,120,1,1200,2,2.0,600,mean,s5_score_oracle,0.6650507710033678,0.08333333333333333,0.375,0.16666666666666666,15,0.6072993891937508,primary,score_oracle,ESR1
0.7523505203428603,2400,1.0,5.0,3.75,3.333333333333333,1.0,4.0,120,1,2400,4,4.0,600,mean,s5_score_oracle,0.661898975724223,0.08333333333333333,0.375,0.16666666666666666,15,0.6072993891937508,primary,score_oracle,ESR1
0.7339584950116053,3600,1.0,5.0,3.75,3.333333333333333,1.0,6.0,120,1,3600,6,6.0,600,mean,s5_score_oracle,0.640260943271065,0.08333333333333333,0.375,0.16666666666666666,15,0.6072993891937508,primary,score_oracle,ESR1
0.7155150327797084,4800,1.0,5.0,3.333333333333333,3.333333333333333,1.0,8.0,120,1,4800,8,8.0,600,mean,s5_score_oracle,0.6148915214680821,0.08333333333333333,0.3333333333333333,0.16666666666666666,15,0.6072993891937508,primary,score_oracle,ESR1
0.6692900466542456,600,1.0,5.0,3.333333333333333,2.5,1.0,1.0,120,1,600,1,1.0,600,min,s1_width,0.6072993891937508,0.08333333333333333,0.3333333333333333,0.125,1,0.6072993891937508,primary,width,ESR1
0.6692900466542456,1200,1.0,5.0,3.333333333333333,2.5,1.0,1.0,120,1,600,1,1.0,600,min,s1_width,0.6072993891937508,0.08333333333333333,0.3333333333333333,0.125,1,0.6072993891937508,primary,width,ESR1
0.6692900466542456,2400,1.0,5.0,3.333333333333333,2.5,1.0,1.0,120,1,600,1,1.0,600,min,s1_width,0.6072993891937508,0.08333333333333333,0.3333333333333333,0.125,1,0.6072993891937508,primary,width,ESR1
0.6692900466542456,3600,1.0,5.0,3.333333333333333,2.5,1.0,1.0,120,1,600,1,1.0,600,min,s1_width,0.6072993891937508,0.08333333333333333,0.3333333333333333,0.125,1,0.6072993891937508,primary,width,ESR1
0.6692900466542456,4800,1.0,5.0,3.333333333333333,2.5,1.0,1.0,120,1,600,1,1.0,600,min,s1_width,0.6072993891937508,0.08333333333333333,0.3333333333333333,0.125,1,0.6072993891937508,primary,width,ESR1
0.6692900466542456,600,1.0,5.0,3.333333333333333,2.5,1.0,1.0,120,1,600,1,1.0,600,min,s2_uniform,0.6072993891937508,0.08333333333333333,0.3333333333333333,0.125,1,0.6072993891937508,primary,uniform,ESR1
0.7300548118866957,1200,1.0,5.0,3.75,3.333333333333333,1.0,2.0,120,1,1200,2,2.0,600,min,s2_uniform,0.6053039850611274,0.08333333333333333,0.375,0.16666666666666666,2,0.6072993891937508,primary,uniform,ESR1
0.7298237431874292,2400,1.0,5.0,3.75,3.333333333333333,1.0,4.0,120,1,2400,4,4.0,600,min,s2_uniform,0.6170241607367729,0.08333333333333333,0.375,0.16666666666666666,4,0.6072993891937508,primary,uniform,ESR1
0.7335358009068275,3600,1.0,5.0,3.75,3.333333333333333,1.0,6.0,120,1,3600,6,6.0,600,min,s2_uniform,0.6303649022240507,0.08333333333333333,0.375,0.16666666666666666,6,0.6072993891937508,primary,uniform,ESR1
0.7341292079524854,4800,1.0,5.0,3.75,3.333333333333333,1.0,8.0,120,1,4800,8,8.0,600,min,s2_uniform,0.6091397059274145,0.08333333333333333,0.375,0.16666666666666666,8,0.6072993891937508,primary,uniform,ESR1
0.6692900466542456,600,1.0,5.0,3.333333333333333,2.5,1.0,1.0,120,1,600,1,1.0,600,min,s3_top10,0.6072993891937508,0.08333333333333333,0.3333333333333333,0.125,1,0.6072993891937508,primary,primary_all|top_up,ESR1
0.7560512751105506,1200,1.0,5.0,3.75,4.166666666666667,1.0,2.0833333333333335,120,1,1200,11,2.0,600,min,s3_top10,0.6502139977333593,0.08333333333333333,0.375,0.20833333333333334,11,0.6072993891937508,primary,primary_all|top_up,ESR1
0.7648831693294357,2400,1.0,5.0,3.75,4.166666666666667,1.0,2.5166666666666666,120,1,1440,15,2.4,600,min,s3_top10,0.654678283447645,0.08333333333333333,0.375,0.20833333333333334,15,0.6072993891937508,primary,primary_all|top_up,ESR1
0.7648831693294357,3600,1.0,5.0,3.75,4.166666666666667,1.0,2.5166666666666666,120,1,1440,15,2.4,600,min,s3_top10,0.654678283447645,0.08333333333333333,0.375,0.20833333333333334,15,0.6072993891937508,primary,primary_all|top_up,ESR1
0.7648831693294357,4800,1.0,5.0,3.75,4.166666666666667,1.0,2.5166666666666666,120,1,1440,15,2.4,600,min,s3_top10,0.654678283447645,0.08333333333333333,0.375,0.20833333333333334,15,0.6072993891937508,primary,primary_all|top_up,ESR1
0.6692900466542456,600,1.0,5.0,3.333333333333333,2.5,1.0,1.0,120,1,600,1,1.0,600,min,s3_top25,0.6072993891937508,0.08333333333333333,0.3333333333333333,0.125,1,0.6072993891937508,primary,primary_all|top_up,ESR1
0.7306337670649247,1200,1.0,5.0,3.75,3.333333333333333,1.0,1.9333333333333333,120,1,1200,5,2.0,600,min,s3_top25,0.6348418650286028,0.08333333333333333,0.375,0.16666666666666666,5,0.6072993891937508,primary,primary_all|top_up,ESR1
0.7474661375645819,2400,1.0,5.0,3.75,3.333333333333333,1.0,3.8,120,1,2400,13,4.0,600,min,s3_top25,0.6440898124971217,0.08333333333333333,0.375,0.16666666666666666,13,0.6072993891937508,primary,primary_all|top_up,ESR1
0.7665056747022111,3600,1.0,5.0,3.75,4.166666666666667,1.0,4.266666666666667,120,1,2700,15,4.5,600,min,s3_top25,0.6543698102771195,0.08333333333333333,0.375,0.20833333333333334,15,0.6072993891937508,primary,primary_all|top_up,ESR1
0.7665056747022111,4800,1.0,5.0,3.75,4.166666666666667,1.0,4.266666666666667,120,1,2700,15,4.5,600,min,s3_top25,0.6543698102771195,0.08333333333333333,0.375,0.20833333333333334,15,0.6072993891937508,primary,primary_all|top_up,ESR1
0.6692900466542456,600,1.0,5.0,3.333333333333333,2.5,1.0,1.0,120,1,600,1,1.0,600,min,s3_top50,0.6072993891937508,0.08333333333333333,0.3333333333333333,0.125,1,0.6072993891937508,primary,primary_all|top_up,ESR1
0.6993946771517757,1200,1.0,5.0,3.333333333333333,3.333333333333333,1.0,2.05,120,1,1200,3,2.0,600,min,s3_top50,0.5823551730574111,0.08333333333333333,0.3333333333333333,0.16666666666666666,3,0.6072993891937508,primary,primary_all|top_up,ESR1
0.7205122689021848,2400,1.0,5.0,3.333333333333333,3.333333333333333,1.0,4.15,120,1,2400,7,4.0,600,min,s3_top50,0.5913346997885386,0.08333333333333333,0.3333333333333333,0.16666666666666666,7,0.6072993891937508,primary,primary_all|top_up,ESR1
0.7426340215741097,3600,1.0,5.0,3.75,3.333333333333333,1.0,6.25,120,1,3600,11,6.0,600,min,s3_top50,0.633299325952087,0.08333333333333333,0.375,0.16666666666666666,11,0.6072993891937508,primary,primary_all|top_up,ESR1
0.7589221057859787,4800,1.0,5.0,3.75,4.166666666666667,1.0,8.35,120,1,4800,15,8.0,600,min,s3_top50,0.6515858138035963,0.08333333333333333,0.375,0.20833333333333334,15,0.6072993891937508,primary,primary_all|top_up,ESR1
0.7295708801164391,600,0.6366666666666667,5.0,3.333333333333333,3.333333333333333,0.6166666666666667,1.554054054054054,120,1,600,4,1.5706806282722514,382,min,s4_scaffold25,0.6861748805818078,0.08333333333333333,0.3333333333333333,0.16666666666666666,4,0.6072993891937508,primary,scaffold_representatives|expand_top_groups,ESR1
0.7437595889624169,1200,0.6366666666666667,5.0,3.333333333333333,3.333333333333333,0.6166666666666667,3.0405405405405403,120,1,1200,10,3.141361256544503,382,min,s4_scaffold25,0.692546633828561,0.08333333333333333,0.3333333333333333,0.16666666666666666,10,0.6072993891937508,primary,scaffold_representatives|expand_top_groups,ESR1
0.7763703760458972,2400,0.6366666666666667,5.0,3.75,4.166666666666667,0.6166666666666667,4.405405405405405,120,1,1751,15,4.5837696335078535,382,min,s4_scaffold25,0.7091490129309402,0.08333333333333333,0.375,0.20833333333333334,15,0.6072993891937508,primary,scaffold_representatives|expand_top_groups,ESR1
0.7763703760458972,3600,0.6366666666666667,5.0,3.75,4.166666666666667,0.6166666666666667,4.405405405405405,120,1,1751,15,4.5837696335078535,382,min,s4_scaffold25,0.7091490129309402,0.08333333333333333,0.375,0.20833333333333334,15,0.6072993891937508,primary,scaffold_representatives|expand_top_groups,ESR1
0.7763703760458972,4800,0.6366666666666667,5.0,3.75,4.166666666666667,0.6166666666666667,4.405405405405405,120,1,1751,15,4.5837696335078535,382,min,s4_scaffold25,0.7091490129309402,0.08333333333333333,0.375,0.20833333333333334,15,0.6072993891937508,primary,scaffold_representatives|expand_top_groups,ESR1
0.7209860346415067,600,0.7016666666666667,5.0,3.75,3.333333333333333,0.65,1.4871794871794872,120,1,600,2,1.4251781472684086,421,min,s4_scaffold50,0.6415600352971985,0.08333333333333333,0.375,0.16666666666666666,2,0.6072993891937508,primary,scaffold_representatives|expand_top_groups,ESR1
0.7199299196968705,1200,0.765,5.0,3.75,3.333333333333333,0.8833333333333333,2.811320754716981,120,1,1200,5,2.6143790849673203,459,min,s4_scaffold50,0.6077163130048613,0.08333333333333333,0.375,0.16666666666666666,5,0.6072993891937508,primary,scaffold_representatives|expand_top_groups,ESR1
0.7228729761786261,2400,0.765,5.0,3.333333333333333,3.333333333333333,0.8833333333333333,5.783018867924528,120,1,2400,9,5.228758169934641,459,min,s4_scaffold50,0.6048849361898762,0.08333333333333333,0.3333333333333333,0.16666666666666666,9,0.6072993891937508,primary,scaffold_representatives|expand_top_groups,ESR1
0.7321489786591954,3600,0.765,5.0,3.333333333333333,4.166666666666667,0.8833333333333333,8.90566037735849,120,1,3600,13,7.8431372549019605,459,min,s4_scaffold50,0.6314512775864224,0.08333333333333333,0.3333333333333333,0.20833333333333334,13,0.6072993891937508,primary,scaffold_representatives|expand_top_groups,ESR1
0.7592959273480788,4800,0.765,5.0,3.75,4.166666666666667,0.8833333333333333,10.471698113207546,120,1,4159,15,9.061002178649238,459,min,s4_scaffold50,0.6481917666868227,0.08333333333333333,0.375,0.20833333333333334,15,0.6072993891937508,primary,scaffold_representatives|expand_top_groups,ESR1
0.761533238797846,600,1.0,5.0,3.75,4.166666666666667,1.0,1.0,120,1,600,1,1.0,600,min,s5_score_oracle,0.6741513883082112,0.08333333333333333,0.375,0.20833333333333334,14,0.6072993891937508,primary,score_oracle,ESR1
0.761533238797846,1200,1.0,5.0,3.75,4.166666666666667,1.0,2.0,120,1,1200,2,2.0,600,min,s5_score_oracle,0.6741513883082112,0.08333333333333333,0.375,0.20833333333333334,15,0.6072993891937508,primary,score_oracle,ESR1
0.761533238797846,2400,1.0,5.0,3.75,4.166666666666667,1.0,4.0,120,1,2400,4,4.0,600,min,s5_score_oracle,0.6741513883082112,0.08333333333333333,0.375,0.20833333333333334,15,0.6072993891937508,primary,score_oracle,ESR1
0.761533238797846,3600,1.0,5.0,3.75,4.166666666666667,1.0,6.0,120,1,3600,6,6.0,600,min,s5_score_oracle,0.6741513883082112,0.08333333333333333,0.375,0.20833333333333334,15,0.6072993891937508,primary,score_oracle,ESR1
0.761533238797846,4800,1.0,5.0,3.75,4.166666666666667,1.0,8.0,120,1,4800,8,8.0,600,min,s5_score_oracle,0.6741513883082112,0.08333333333333333,0.375,0.20833333333333334,15,0.6072993891937508,primary,score_oracle,ESR1
0.8991133770505577,600,1.0,5.0,4.166666666666667,5.0,1.0,1.0,120,2,600,1,1.0,600,mean,s1_width,0.748431912818392,0.08333333333333333,0.4166666666666667,0.25,1,0.748431912818392,primary,width,ESR1
0.8991133770505577,1200,1.0,5.0,4.166666666666667,5.0,1.0,1.0,120,2,600,1,1.0,600,mean,s1_width,0.748431912818392,0.08333333333333333,0.4166666666666667,0.25,1,0.748431912818392,primary,width,ESR1
0.8991133770505577,2400,1.0,5.0,4.166666666666667,5.0,1.0,1.0,120,2,600,1,1.0,600,mean,s1_width,0.748431912818392,0.08333333333333333,0.4166666666666667,0.25,1,0.748431912818392,primary,width,ESR1
0.8991133770505577,3600,1.0,5.0,4.166666666666667,5.0,1.0,1.0,120,2,600,1,1.0,600,mean,s1_width,0.748431912818392,0.08333333333333333,0.4166666666666667,0.25,1,0.748431912818392,primary,width,ESR1
0.8991133770505577,4800,1.0,5.0,4.166666666666667,5.0,1.0,1.0,120,2,600,1,1.0,600,mean,s1_width,0.748431912818392,0.08333333333333333,0.4166666666666667,0.25,1,0.748431912818392,primary,width,ESR1
0.8991133770505577,600,1.0,5.0,4.166666666666667,5.0,1.0,1.0,120,2,600,1,1.0,600,mean,s2_uniform,0.748431912818392,0.08333333333333333,0.4166666666666667,0.25,1,0.748431912818392,primary,uniform,ESR1
0.8654408159263586,1200,1.0,5.0,4.166666666666667,5.0,1.0,2.0,120,2,1200,2,2.0,600,mean,s2_uniform,0.713633939112214,0.08333333333333333,0.4166666666666667,0.25,2,0.748431912818392,primary,uniform,ESR1
0.8908154766972647,2400,1.0,5.0,4.166666666666667,5.0,1.0,4.0,120,2,2400,4,4.0,600,mean,s2_uniform,0.7436263113872625,0.08333333333333333,0.4166666666666667,0.25,4,0.748431912818392,primary,uniform,ESR1
0.8898589572224457,3600,1.0,5.0,4.583333333333333,5.0,1.0,6.0,120,2,3600,6,6.0,600,mean,s2_uniform,0.734202686629953,0.08333333333333333,0.4583333333333333,0.25,6,0.748431912818392,primary,uniform,ESR1
0.8859152391010277,4800,1.0,5.0,4.583333333333333,5.0,1.0,8.0,120,2,4800,8,8.0,600,mean,s2_uniform,0.7253174295277375,0.08333333333333333,0.4583333333333333,0.25,8,0.748431912818392,primary,uniform,ESR1
0.8991133770505577,600,1.0,5.0,4.166666666666667,5.0,1.0,1.0,120,2,600,1,1.0,600,mean,s3_top10,0.748431912818392,0.08333333333333333,0.4166666666666667,0.25,1,0.748431912818392,primary,primary_all|top_up,ESR1
0.8892221167380042,1200,1.0,5.0,4.166666666666667,5.0,1.0,2.1666666666666665,120,2,1200,11,2.0,600,mean,s3_top10,0.7414874683739475,0.08333333333333333,0.4166666666666667,0.25,11,0.748431912818392,primary,primary_all|top_up,ESR1
0.8691610378529177,2400,1.0,5.0,4.583333333333333,5.0,1.0,2.6333333333333333,120,2,1440,15,2.4,600,mean,s3_top10,0.6804134180210816,0.08333333333333333,0.4583333333333333,0.25,15,0.748431912818392,primary,primary_all|top_up,ESR1
0.8691610378529177,3600,1.0,5.0,4.583333333333333,5.0,1.0,2.6333333333333333,120,2,1440,15,2.4,600,mean,s3_top10,0.6804134180210816,0.08333333333333333,0.4583333333333333,0.25,15,0.748431912818392,primary,primary_all|top_up,ESR1
0.8691610378529177,4800,1.0,5.0,4.583333333333333,5.0,1.0,2.6333333333333333,120,2,1440,15,2.4,600,mean,s3_top10,0.6804134180210816,0.08333333333333333,0.4583333333333333,0.25,15,0.748431912818392,primary,primary_all|top_up,ESR1
0.8991133770505577,600,1.0,5.0,4.166666666666667,5.0,1.0,1.0,120,2,600,1,1.0,600,mean,s3_top25,0.748431912818392,0.08333333333333333,0.4166666666666667,0.25,1,0.748431912818392,primary,primary_all|top_up,ESR1
0.9134501501637083,1200,1.0,5.0,5.0,5.0,1.0,2.2,120,2,1200,5,2.0,600,mean,s3_top25,0.7571770490596386,0.08333333333333333,0.5,0.25,5,0.748431912818392,primary,primary_all|top_up,ESR1
0.9004852379385094,2400,1.0,5.0,4.583333333333333,5.0,1.0,4.6,120,2,2400,13,4.0,600,mean,s3_top25,0.7411067838741284,0.08333333333333333,0.4583333333333333,0.25,13,0.748431912818392,primary,primary_all|top_up,ESR1
0.7872462213926702,3600,1.0,5.0,3.333333333333333,5.0,1.0,5.2,120,2,2700,15,4.5,600,mean,s3_top25,0.5945274897313281,0.08333333333333333,0.3333333333333333,0.25,15,0.748431912818392,primary,primary_all|top_up,ESR1
0.7872462213926702,4800,1.0,5.0,3.333333333333333,5.0,1.0,5.2,120,2,2700,15,4.5,600,mean,s3_top25,0.5945274897313281,0.08333333333333333,0.3333333333333333,0.25,15,0.748431912818392,primary,primary_all|top_up,ESR1
0.8991133770505577,600,1.0,5.0,4.166666666666667,5.0,1.0,1.0,120,2,600,1,1.0,600,mean,s3_top50,0.748431912818392,0.08333333333333333,0.4166666666666667,0.25,1,0.748431912818392,primary,primary_all|top_up,ESR1
0.9005321794867328,1200,1.0,5.0,4.583333333333333,5.0,1.0,2.0833333333333335,120,2,1200,3,2.0,600,mean,s3_top50,0.7530537020104543,0.08333333333333333,0.4583333333333333,0.25,3,0.748431912818392,primary,primary_all|top_up,ESR1
0.8838134806941651,2400,1.0,5.0,4.583333333333333,5.0,1.0,4.25,120,2,2400,7,4.0,600,mean,s3_top50,0.7239483145446896,0.08333333333333333,0.4583333333333333,0.25,7,0.748431912818392,primary,primary_all|top_up,ESR1
0.8848313014773718,3600,1.0,5.0,4.583333333333333,5.0,1.0,6.416666666666667,120,2,3600,11,6.0,600,mean,s3_top50,0.7194144332826798,0.08333333333333333,0.4583333333333333,0.25,11,0.748431912818392,primary,primary_all|top_up,ESR1
0.8057856689776509,4800,1.0,5.0,3.75,5.0,1.0,8.583333333333334,120,2,4800,15,8.0,600,mean,s3_top50,0.5989381443038038,0.08333333333333333,0.375,0.25,15,0.748431912818392,primary,primary_all|top_up,ESR1
0.9130922686931254,600,0.6366666666666667,5.0,4.583333333333333,5.0,0.6416666666666667,1.6623376623376624,120,2,600,4,1.5706806282722514,382,mean,s4_scaffold25,0.8152244556167046,0.08333333333333333,0.4583333333333333,0.25,4,0.748431912818392,primary,scaffold_representatives|expand_top_groups,ESR1
0.9147830299417035,1200,0.6366666666666667,5.0,4.583333333333333,5.0,0.6416666666666667,3.4935064935064934,120,2,1200,10,3.141361256544503,382,mean,s4_scaffold25,0.814314526586613,0.08333333333333333,0.4583333333333333,0.25,10,0.748431912818392,primary,scaffold_representatives|expand_top_groups,ESR1
0.8763963154838663,2400,0.6366666666666667,5.0,4.166666666666667,5.0,0.6416666666666667,5.1688311688311686,120,2,1751,15,4.5837696335078535,382,mean,s4_scaffold25,0.7524564694990765,0.08333333333333333,0.4166666666666667,0.25,15,0.748431912818392,primary,scaffold_representatives|expand_top_groups,ESR1
0.8763963154838663,3600,0.6366666666666667,5.0,4.166666666666667,5.0,0.6416666666666667,5.1688311688311686,120,2,1751,15,4.5837696335078535,382,mean,s4_scaffold25,0.7524564694990765,0.08333333333333333,0.4166666666666667,0.25,15,0.748431912818392,primary,scaffold_representatives|expand_top_groups,ESR1
0.8763963154838663,4800,0.6366666666666667,5.0,4.166666666666667,5.0,0.6416666666666667,5.1688311688311686,120,2,1751,15,4.5837696335078535,382,mean,s4_scaffold25,0.7524564694990765,0.08333333333333333,0.4166666666666667,0.25,15,0.748431912818392,primary,scaffold_representatives|expand_top_groups,ESR1
0.8579581889048838,600,0.7016666666666667,5.0,4.166666666666667,5.0,0.675,1.4197530864197532,120,2,600,2,1.4251781472684086,421,mean,s4_scaffold50,0.7503273438438122,0.08333333333333333,0.4166666666666667,0.25,2,0.748431912818392,primary,scaffold_representatives|expand_top_groups,ESR1
0.8972808322623824,1200,0.765,5.0,4.166666666666667,5.0,0.6916666666666667,2.5301204819277108,120,2,1200,5,2.6143790849673203,459,mean,s4_scaffold50,0.7797451084655509,0.08333333333333333,0.4166666666666667,0.25,5,0.748431912818392,primary,scaffold_representatives|expand_top_groups,ESR1
0.9090690216975443,2400,0.765,5.0,4.583333333333333,5.0,0.6916666666666667,4.9397590361445785,120,2,2400,9,5.228758169934641,459,mean,s4_scaffold50,0.7874556848126103,0.08333333333333333,0.4583333333333333,0.25,9,0.748431912818392,primary,scaffold_representatives|expand_top_groups,ESR1
0.9240743150231745,3600,0.765,5.0,5.0,5.0,0.6916666666666667,7.27710843373494,120,2,3600,13,7.8431372549019605,459,mean,s4_scaffold50,0.8055091495931898,0.08333333333333333,0.5,0.25,13,0.748431912818392,primary,scaffold_representatives|expand_top_groups,ESR1
0.8297800711358273,4800,0.765,5.0,3.75,5.0,0.6916666666666667,8.337349397590362,120,2,4159,15,9.061002178649238,459,mean,s4_scaffold50,0.6824287253035869,0.08333333333333333,0.375,0.25,15,0.748431912818392,primary,scaffold_representatives|expand_top_groups,ESR1
0.798523183060212,600,1.0,5.0,3.75,4.166666666666667,1.0,1.0,120,2,600,1,1.0,600,mean,s5_score_oracle,0.644385205588989,0.08333333333333333,0.375,0.20833333333333334,14,0.748431912818392,primary,score_oracle,ESR1
0.8483748748018638,1200,1.0,5.0,4.166666666666667,5.0,1.0,2.0,120,2,1200,2,2.0,600,mean,s5_score_oracle,0.6817539457227997,0.08333333333333333,0.4166666666666667,0.25,15,0.748431912818392,primary,score_oracle,ESR1
0.8667270253914486,2400,1.0,5.0,4.166666666666667,5.0,1.0,4.0,120,2,2400,4,4.0,600,mean,s5_score_oracle,0.6958033198630315,0.08333333333333333,0.4166666666666667,0.25,15,0.748431912818392,primary,score_oracle,ESR1
0.8753382447201982,3600,1.0,5.0,4.166666666666667,5.0,1.0,6.0,120,2,3600,6,6.0,600,mean,s5_score_oracle,0.703510993413321,0.08333333333333333,0.4166666666666667,0.25,15,0.748431912818392,primary,score_oracle,ESR1
0.8798338081003645,4800,1.0,5.0,4.583333333333333,5.0,1.0,8.0,120,2,4800,8,8.0,600,mean,s5_score_oracle,0.7062151632710648,0.08333333333333333,0.4583333333333333,0.25,15,0.748431912818392,primary,score_oracle,ESR1
0.8991133770505577,600,1.0,5.0,4.166666666666667,5.0,1.0,1.0,120,2,600,1,1.0,600,min,s1_width,0.748431912818392,0.08333333333333333,0.4166666666666667,0.25,1,0.748431912818392,primary,width,ESR1
0.8991133770505577,1200,1.0,5.0,4.166666666666667,5.0,1.0,1.0,120,2,600,1,1.0,600,min,s1_width,0.748431912818392,0.08333333333333333,0.4166666666666667,0.25,1,0.748431912818392,primary,width,ESR1
0.8991133770505577,2400,1.0,5.0,4.166666666666667,5.0,1.0,1.0,120,2,600,1,1.0,600,min,s1_width,0.748431912818392,0.08333333333333333,0.4166666666666667,0.25,1,0.748431912818392,primary,width,ESR1
0.8991133770505577,3600,1.0,5.0,4.166666666666667,5.0,1.0,1.0,120,2,600,1,1.0,600,min,s1_width,0.748431912818392,0.08333333333333333,0.4166666666666667,0.25,1,0.748431912818392,primary,width,ESR1
0.8991133770505577,4800,1.0,5.0,4.166666666666667,5.0,1.0,1.0,120,2,600,1,1.0,600,min,s1_width,0.748431912818392,0.08333333333333333,0.4166666666666667,0.25,1,0.748431912818392,primary,width,ESR1
0.8991133770505577,600,1.0,5.0,4.166666666666667,5.0,1.0,1.0,120,2,600,1,1.0,600,min,s2_uniform,0.748431912818392,0.08333333333333333,0.4166666666666667,0.25,1,0.748431912818392,primary,uniform,ESR1
0.7421003171658701,1200,1.0,5.0,3.75,4.166666666666667,1.0,2.0,120,2,1200,2,2.0,600,min,s2_uniform,0.626676087528183,0.08333333333333333,0.375,0.20833333333333334,2,0.748431912818392,primary,uniform,ESR1
0.9071119056317208,2400,1.0,5.0,4.583333333333333,5.0,1.0,4.0,120,2,2400,4,4.0,600,min,s2_uniform,0.7640543089676628,0.08333333333333333,0.4583333333333333,0.25,4,0.748431912818392,primary,uniform,ESR1
0.8539306980159534,3600,1.0,5.0,4.166666666666667,5.0,1.0,6.0,120,2,3600,6,6.0,600,min,s2_uniform,0.6891156593338289,0.08333333333333333,0.4166666666666667,0.25,6,0.748431912818392,primary,uniform,ESR1
0.8292071858543612,4800,1.0,5.0,4.166666666666667,5.0,1.0,8.0,120,2,4800,8,8.0,600,min,s2_uniform,0.6511893430051853,0.08333333333333333,0.4166666666666667,0.25,8,0.748431912818392,primary,uniform,ESR1
0.8991133770505577,600,1.0,5.0,4.166666666666667,5.0,1.0,1.0,120,2,600,1,1.0,600,min,s3_top10,0.748431912818392,0.08333333333333333,0.4166666666666667,0.25,1,0.748431912818392,primary,primary_all|top_up,ESR1
0.877536973371405,1200,1.0,5.0,4.166666666666667,5.0,1.0,2.1666666666666665,120,2,1200,11,2.0,600,min,s3_top10,0.7339117107981901,0.08333333333333333,0.4166666666666667,0.25,11,0.748431912818392,primary,primary_all|top_up,ESR1
0.8796447156887687,2400,1.0,5.0,4.166666666666667,5.0,1.0,2.6333333333333333,120,2,1440,15,2.4,600,min,s3_top10,0.7348024866889659,0.08333333333333333,0.4166666666666667,0.25,15,0.748431912818392,primary,primary_all|top_up,ESR1
0.8796447156887687,3600,1.0,5.0,4.166666666666667,5.0,1.0,2.6333333333333333,120,2,1440,15,2.4,600,min,s3_top10,0.7348024866889659,0.08333333333333333,0.4166666666666667,0.25,15,0.748431912818392,primary,primary_all|top_up,ESR1
0.8796447156887687,4800,1.0,5.0,4.166666666666667,5.0,1.0,2.6333333333333333,120,2,1440,15,2.4,600,min,s3_top10,0.7348024866889659,0.08333333333333333,0.4166666666666667,0.25,15,0.748431912818392,primary,primary_all|top_up,ESR1
0.8991133770505577,600,1.0,5.0,4.166666666666667,5.0,1.0,1.0,120,2,600,1,1.0,600,min,s3_top25,0.748431912818392,0.08333333333333333,0.4166666666666667,0.25,1,0.748431912818392,primary,primary_all|top_up,ESR1
0.8930646688428527,1200,1.0,5.0,4.583333333333333,5.0,1.0,2.2,120,2,1200,5,2.0,600,min,s3_top25,0.7383294685968131,0.08333333333333333,0.4583333333333333,0.25,5,0.748431912818392,primary,primary_all|top_up,ESR1
0.871221460364564,2400,1.0,5.0,4.166666666666667,5.0,1.0,4.6,120,2,2400,13,4.0,600,min,s3_top25,0.7154633899117689,0.08333333333333333,0.4166666666666667,0.25,13,0.748431912818392,primary,primary_all|top_up,ESR1
0.8688815648167787,3600,1.0,5.0,4.166666666666667,5.0,1.0,5.2,120,2,2700,15,4.5,600,min,s3_top25,0.7132484479909448,0.08333333333333333,0.4166666666666667,0.25,15,0.748431912818392,primary,primary_all|top_up,ESR1
0.8688815648167787,4800,1.0,5.0,4.166666666666667,5.0,1.0,5.2,120,2,2700,15,4.5,600,min,s3_top25,0.7132484479909448,0.08333333333333333,0.4166666666666667,0.25,15,0.748431912818392,primary,primary_all|top_up,ESR1
0.8991133770505577,600,1.0,5.0,4.166666666666667,5.0,1.0,1.0,120,2,600,1,1.0,600,min,s3_top50,0.748431912818392,0.08333333333333333,0.4166666666666667,0.25,1,0.748431912818392,primary,primary_all|top_up,ESR1
0.9092306408198345,1200,1.0,5.0,4.583333333333333,5.0,1.0,2.0833333333333335,120,2,1200,3,2.0,600,min,s3_top50,0.7652003675215017,0.08333333333333333,0.4583333333333333,0.25,3,0.748431912818392,primary,primary_all|top_up,ESR1
0.859199693611249,2400,1.0,5.0,4.166666666666667,5.0,1.0,4.25,120,2,2400,7,4.0,600,min,s3_top50,0.6995562891259333,0.08333333333333333,0.4166666666666667,0.25,7,0.748431912818392,primary,primary_all|top_up,ESR1
0.8528295559123202,3600,1.0,5.0,4.166666666666667,5.0,1.0,6.416666666666667,120,2,3600,11,6.0,600,min,s3_top50,0.6840661386167174,0.08333333333333333,0.4166666666666667,0.25,11,0.748431912818392,primary,primary_all|top_up,ESR1
0.8646009496465865,4800,1.0,5.0,4.166666666666667,5.0,1.0,8.583333333333334,120,2,4800,15,8.0,600,min,s3_top50,0.7010072269767278,0.08333333333333333,0.4166666666666667,0.25,15,0.748431912818392,primary,primary_all|top_up,ESR1
0.9074366237967988,600,0.6366666666666667,5.0,4.166666666666667,5.0,0.6416666666666667,1.6623376623376624,120,2,600,4,1.5706806282722514,382,min,s4_scaffold25,0.8103040762526333,0.08333333333333333,0.4166666666666667,0.25,4,0.748431912818392,primary,scaffold_representatives|expand_top_groups,ESR1
0.8854191821958127,1200,0.6366666666666667,5.0,4.166666666666667,5.0,0.6416666666666667,3.4935064935064934,120,2,1200,10,3.141361256544503,382,min,s4_scaffold25,0.7880392766807853,0.08333333333333333,0.4166666666666667,0.25,10,0.748431912818392,primary,scaffold_representatives|expand_top_groups,ESR1
0.8864940544454735,2400,0.6366666666666667,5.0,4.166666666666667,5.0,0.6416666666666667,5.1688311688311686,120,2,1751,15,4.5837696335078535,382,min,s4_scaffold25,0.7890840530545091,0.08333333333333333,0.4166666666666667,0.25,15,0.748431912818392,primary,scaffold_representatives|expand_top_groups,ESR1
0.8864940544454735,3600,0.6366666666666667,5.0,4.166666666666667,5.0,0.6416666666666667,5.1688311688311686,120,2,1751,15,4.5837696335078535,382,min,s4_scaffold25,0.7890840530545091,0.08333333333333333,0.4166666666666667,0.25,15,0.748431912818392,primary,scaffold_representatives|expand_top_groups,ESR1
0.8864940544454735,4800,0.6366666666666667,5.0,4.166666666666667,5.0,0.6416666666666667,5.1688311688311686,120,2,1751,15,4.5837696335078535,382,min,s4_scaffold25,0.7890840530545091,0.08333333333333333,0.4166666666666667,0.25,15,0.748431912818392,primary,scaffold_representatives|expand_top_groups,ESR1
0.7666057387112649,600,0.7016666666666667,5.0,3.75,4.166666666666667,0.675,1.4197530864197532,120,2,600,2,1.4251781472684086,421,min,s4_scaffold50,0.6951478799283342,0.08333333333333333,0.375,0.20833333333333334,2,0.748431912818392,primary,scaffold_representatives|expand_top_groups,ESR1
0.9123419387122286,1200,0.765,5.0,4.583333333333333,5.0,0.6916666666666667,2.5301204819277108,120,2,1200,5,2.6143790849673203,459,min,s4_scaffold50,0.7990077510689465,0.08333333333333333,0.4583333333333333,0.25,5,0.748431912818392,primary,scaffold_representatives|expand_top_groups,ESR1
0.8706064555315172,2400,0.765,5.0,4.166666666666667,5.0,0.6916666666666667,4.9397590361445785,120,2,2400,9,5.228758169934641,459,min,s4_scaffold50,0.7484432898056482,0.08333333333333333,0.4166666666666667,0.25,9,0.748431912818392,primary,scaffold_representatives|expand_top_groups,ESR1
0.8843417852290705,3600,0.765,5.0,4.166666666666667,5.0,0.6916666666666667,7.27710843373494,120,2,3600,13,7.8431372549019605,459,min,s4_scaffold50,0.7626309043303671,0.08333333333333333,0.4166666666666667,0.25,13,0.748431912818392,primary,scaffold_representatives|expand_top_groups,ESR1
0.87845129992271,4800,0.765,5.0,4.166666666666667,5.0,0.6916666666666667,8.337349397590362,120,2,4159,15,9.061002178649238,459,min,s4_scaffold50,0.757159998530514,0.08333333333333333,0.4166666666666667,0.25,15,0.748431912818392,primary,scaffold_representatives|expand_top_groups,ESR1
0.798523183060212,600,1.0,5.0,3.75,4.166666666666667,1.0,1.0,120,2,600,1,1.0,600,min,s5_score_oracle,0.644385205588989,0.08333333333333333,0.375,0.20833333333333334,14,0.748431912818392,primary,score_oracle,ESR1
0.798523183060212,1200,1.0,5.0,3.75,4.166666666666667,1.0,2.0,120,2,1200,2,2.0,600,min,s5_score_oracle,0.644385205588989,0.08333333333333333,0.375,0.20833333333333334,15,0.748431912818392,primary,score_oracle,ESR1
0.798523183060212,2400,1.0,5.0,3.75,4.166666666666667,1.0,4.0,120,2,2400,4,4.0,600,min,s5_score_oracle,0.644385205588989,0.08333333333333333,0.375,0.20833333333333334,15,0.748431912818392,primary,score_oracle,ESR1
0.798523183060212,3600,1.0,5.0,3.75,4.166666666666667,1.0,6.0,120,2,3600,6,6.0,600,min,s5_score_oracle,0.644385205588989,0.08333333333333333,0.375,0.20833333333333334,15,0.748431912818392,primary,score_oracle,ESR1
0.798523183060212,4800,1.0,5.0,3.75,4.166666666666667,1.0,8.0,120,2,4800,8,8.0,600,min,s5_score_oracle,0.644385205588989,0.08333333333333333,0.375,0.20833333333333334,15,0.748431912818392,primary,score_oracle,ESR1
0.8290180143010761,600,1.0,5.0,3.333333333333333,5.0,1.0,1.0,120,3,600,1,1.0,600,mean,s1_width,0.6635246619183777,0.08333333333333333,0.3333333333333333,0.25,1,0.6635246619183777,primary,width,ESR1
0.8290180143010761,1200,1.0,5.0,3.333333333333333,5.0,1.0,1.0,120,3,600,1,1.0,600,mean,s1_width,0.6635246619183777,0.08333333333333333,0.3333333333333333,0.25,1,0.6635246619183777,primary,width,ESR1
0.8290180143010761,2400,1.0,5.0,3.333333333333333,5.0,1.0,1.0,120,3,600,1,1.0,600,mean,s1_width,0.6635246619183777,0.08333333333333333,0.3333333333333333,0.25,1,0.6635246619183777,primary,width,ESR1
0.8290180143010761,3600,1.0,5.0,3.333333333333333,5.0,1.0,1.0,120,3,600,1,1.0,600,mean,s1_width,0.6635246619183777,0.08333333333333333,0.3333333333333333,0.25,1,0.6635246619183777,primary,width,ESR1
0.8290180143010761,4800,1.0,5.0,3.333333333333333,5.0,1.0,1.0,120,3,600,1,1.0,600,mean,s1_width,0.6635246619183777,0.08333333333333333,0.3333333333333333,0.25,1,0.6635246619183777,primary,width,ESR1
0.8290180143010761,600,1.0,5.0,3.333333333333333,5.0,1.0,1.0,120,3,600,1,1.0,600,mean,s2_uniform,0.6635246619183777,0.08333333333333333,0.3333333333333333,0.25,1,0.6635246619183777,primary,uniform,ESR1
0.8933173078201936,1200,1.0,5.0,5.0,5.0,1.0,2.0,120,3,1200,2,2.0,600,mean,s2_uniform,0.6793057767822964,0.08333333333333333,0.5,0.25,2,0.6635246619183777,primary,uniform,ESR1
0.8872619866408009,2400,1.0,5.0,4.583333333333333,5.0,1.0,4.0,120,3,2400,4,4.0,600,mean,s2_uniform,0.6717610248843887,0.08333333333333333,0.4583333333333333,0.25,4,0.6635246619183777,primary,uniform,ESR1
0.8893990114819665,3600,1.0,5.0,5.0,5.0,1.0,6.0,120,3,3600,6,6.0,600,mean,s2_uniform,0.6639027136473543,0.08333333333333333,0.5,0.25,6,0.6635246619183777,primary,uniform,ESR1
0.8848709168373307,4800,1.0,5.0,4.583333333333333,5.0,1.0,8.0,120,3,4800,8,8.0,600,mean,s2_uniform,0.6532926003071885,0.08333333333333333,0.4583333333333333,0.25,8,0.6635246619183777,primary,uniform,ESR1
0.8290180143010761,600,1.0,5.0,3.333333333333333,5.0,1.0,1.0,120,3,600,1,1.0,600,mean,s3_top10,0.6635246619183777,0.08333333333333333,0.3333333333333333,0.25,1,0.6635246619183777,primary,primary_all|top_up,ESR1
0.8290180143010761,1200,1.0,5.0,3.333333333333333,5.0,1.0,1.8333333333333333,120,3,1200,11,2.0,600,mean,s3_top10,0.6635246619183777,0.08333333333333333,0.3333333333333333,0.25,11,0.6635246619183777,primary,primary_all|top_up,ESR1
0.609349143925518,2400,1.0,5.0,2.9166666666666665,2.5,1.0,2.1666666666666665,120,3,1440,15,2.4,600,mean,s3_top10,0.5062187544679123,0.08333333333333333,0.2916666666666667,0.125,15,0.6635246619183777,primary,primary_all|top_up,ESR1
0.609349143925518,3600,1.0,5.0,2.9166666666666665,2.5,1.0,2.1666666666666665,120,3,1440,15,2.4,600,mean,s3_top10,0.5062187544679123,0.08333333333333333,0.2916666666666667,0.125,15,0.6635246619183777,primary,primary_all|top_up,ESR1
0.609349143925518,4800,1.0,5.0,2.9166666666666665,2.5,1.0,2.1666666666666665,120,3,1440,15,2.4,600,mean,s3_top10,0.5062187544679123,0.08333333333333333,0.2916666666666667,0.125,15,0.6635246619183777,primary,primary_all|top_up,ESR1
0.8290180143010761,600,1.0,5.0,3.333333333333333,5.0,1.0,1.0,120,3,600,1,1.0,600,mean,s3_top25,0.6635246619183777,0.08333333333333333,0.3333333333333333,0.25,1,0.6635246619183777,primary,primary_all|top_up,ESR1
0.8951120259745124,1200,1.0,5.0,5.0,5.0,1.0,1.9333333333333333,120,3,1200,5,2.0,600,mean,s3_top25,0.7126500534350736,0.08333333333333333,0.5,0.25,5,0.6635246619183777,primary,primary_all|top_up,ESR1
0.8384156219862666,2400,1.0,5.0,3.75,5.0,1.0,3.8,120,3,2400,13,4.0,600,mean,s3_top25,0.6687775044154657,0.08333333333333333,0.375,0.25,13,0.6635246619183777,primary,primary_all|top_up,ESR1
0.6524425664807224,3600,1.0,5.0,2.9166666666666665,4.166666666666667,1.0,4.266666666666667,120,3,2700,15,4.5,600,mean,s3_top25,0.48984879336038795,0.08333333333333333,0.2916666666666667,0.20833333333333334,15,0.6635246619183777,primary,primary_all|top_up,ESR1
0.6524425664807224,4800,1.0,5.0,2.9166666666666665,4.166666666666667,1.0,4.266666666666667,120,3,2700,15,4.5,600,mean,s3_top25,0.48984879336038795,0.08333333333333333,0.2916666666666667,0.20833333333333334,15,0.6635246619183777,primary,primary_all|top_up,ESR1
0.8290180143010761,600,1.0,5.0,3.333333333333333,5.0,1.0,1.0,120,3,600,1,1.0,600,mean,s3_top50,0.6635246619183777,0.08333333333333333,0.3333333333333333,0.25,1,0.6635246619183777,primary,primary_all|top_up,ESR1
0.8956873548966634,1200,1.0,5.0,5.0,5.0,1.0,1.9833333333333334,120,3,1200,3,2.0,600,mean,s3_top50,0.7022444012157201,0.08333333333333333,0.5,0.25,3,0.6635246619183777,primary,primary_all|top_up,ESR1
0.8898792502404254,2400,1.0,5.0,5.0,5.0,1.0,3.95,120,3,2400,7,4.0,600,mean,s3_top50,0.6911764465461522,0.08333333333333333,0.5,0.25,7,0.6635246619183777,primary,primary_all|top_up,ESR1
0.8854038556285644,3600,1.0,5.0,5.0,5.0,1.0,5.916666666666667,120,3,3600,11,6.0,600,mean,s3_top50,0.6846802717783412,0.08333333333333333,0.5,0.25,11,0.6635246619183777,primary,primary_all|top_up,ESR1
0.6245875404130516,4800,1.0,5.0,2.9166666666666665,4.166666666666667,1.0,7.883333333333334,120,3,4800,15,8.0,600,mean,s3_top50,0.4393254435507507,0.08333333333333333,0.2916666666666667,0.20833333333333334,15,0.6635246619183777,primary,primary_all|top_up,ESR1
0.8869988098301298,600,0.6366666666666667,5.0,4.583333333333333,5.0,0.6333333333333333,1.5394736842105263,120,3,600,4,1.5706806282722514,382,mean,s4_scaffold25,0.7463441319559968,0.08333333333333333,0.4583333333333333,0.25,4,0.6635246619183777,primary,scaffold_representatives|expand_top_groups,ESR1
0.8810319564736275,1200,0.6366666666666667,5.0,4.583333333333333,5.0,0.6333333333333333,3.0,120,3,1200,10,3.141361256544503,382,mean,s4_scaffold25,0.7407885764004413,0.08333333333333333,0.4583333333333333,0.25,10,0.6635246619183777,primary,scaffold_representatives|expand_top_groups,ESR1
0.7373480597783002,2400,0.6366666666666667,5.0,3.333333333333333,4.166666666666667,0.6333333333333333,4.315789473684211,120,3,1751,15,4.5837696335078535,382,mean,s4_scaffold25,0.624570707908403,0.08333333333333333,0.3333333333333333,0.20833333333333334,15,0.6635246619183777,primary,scaffold_representatives|expand_top_groups,ESR1
0.7373480597783002,3600,0.6366666666666667,5.0,3.333333333333333,4.166666666666667,0.6333333333333333,4.315789473684211,120,3,1751,15,4.5837696335078535,382,mean,s4_scaffold25,0.624570707908403,0.08333333333333333,0.3333333333333333,0.20833333333333334,15,0.6635246619183777,primary,scaffold_representatives|expand_top_groups,ESR1
0.7373480597783002,4800,0.6366666666666667,5.0,3.333333333333333,4.166666666666667,0.6333333333333333,4.315789473684211,120,3,1751,15,4.5837696335078535,382,mean,s4_scaffold25,0.624570707908403,0.08333333333333333,0.3333333333333333,0.20833333333333334,15,0.6635246619183777,primary,scaffold_representatives|expand_top_groups,ESR1
0.8984745380065267,600,0.7016666666666667,5.0,5.0,5.0,0.6583333333333333,1.4430379746835442,120,3,600,2,1.4251781472684086,421,mean,s4_scaffold50,0.741623810342694,0.08333333333333333,0.5,0.25,2,0.6635246619183777,primary,scaffold_representatives|expand_top_groups,ESR1
0.8877377028663452,1200,0.765,5.0,4.583333333333333,5.0,0.725,2.5517241379310347,120,3,1200,5,2.6143790849673203,459,mean,s4_scaffold50,0.7073719888182594,0.08333333333333333,0.4583333333333333,0.25,5,0.6635246619183777,primary,scaffold_representatives|expand_top_groups,ESR1
0.8890119570418384,2400,0.765,5.0,5.0,5.0,0.725,4.954022988505747,120,3,2400,9,5.228758169934641,459,mean,s4_scaffold50,0.7051473615936321,0.08333333333333333,0.5,0.25,9,0.6635246619183777,primary,scaffold_representatives|expand_top_groups,ESR1
0.8177988356557693,3600,0.765,5.0,3.75,5.0,0.725,7.35632183908046,120,3,3600,13,7.8431372549019605,459,mean,s4_scaffold50,0.6440350379532865,0.08333333333333333,0.375,0.25,13,0.6635246619183777,primary,scaffold_representatives|expand_top_groups,ESR1
0.6262257116152551,4800,0.765,5.0,2.9166666666666665,4.166666666666667,0.725,8.436781609195402,120,3,4159,15,9.061002178649238,459,mean,s4_scaffold50,0.48948370303863614,0.08333333333333333,0.2916666666666667,0.20833333333333334,15,0.6635246619183777,primary,scaffold_representatives|expand_top_groups,ESR1
0.6974194036907381,600,1.0,5.0,3.75,2.5,1.0,1.0,120,3,600,1,1.0,600,mean,s5_score_oracle,0.5928882910062002,0.08333333333333333,0.375,0.125,14,0.6635246619183777,primary,score_oracle,ESR1
0.8699593618309313,1200,1.0,5.0,4.583333333333333,5.0,1.0,2.0,120,3,1200,2,2.0,600,mean,s5_score_oracle,0.7014307582425786,0.08333333333333333,0.4583333333333333,0.25,15,0.6635246619183777,primary,score_oracle,ESR1
0.8531237574138605,2400,1.0,5.0,4.583333333333333,5.0,1.0,4.0,120,3,2400,4,4.0,600,mean,s5_score_oracle,0.6608029905902036,0.08333333333333333,0.4583333333333333,0.25,15,0.6635246619183777,primary,score_oracle,ESR1
0.8581801512020415,3600,1.0,5.0,4.583333333333333,5.0,1.0,6.0,120,3,3600,6,6.0,600,mean,s5_score_oracle,0.6479585049218648,0.08333333333333333,0.4583333333333333,0.25,15,0.6635246619183777,primary,score_oracle,ESR1
0.8561816759045776,4800,1.0,5.0,4.583333333333333,5.0,1.0,8.0,120,3,4800,8,8.0,600,mean,s5_score_oracle,0.6386167167723971,0.08333333333333333,0.4583333333333333,0.25,15,0.6635246619183777,primary,score_oracle,ESR1
0.8290180143010761,600,1.0,5.0,3.333333333333333,5.0,1.0,1.0,120,3,600,1,1.0,600,min,s1_width,0.6635246619183777,0.08333333333333333,0.3333333333333333,0.25,1,0.6635246619183777,primary,width,ESR1
0.8290180143010761,1200,1.0,5.0,3.333333333333333,5.0,1.0,1.0,120,3,600,1,1.0,600,min,s1_width,0.6635246619183777,0.08333333333333333,0.3333333333333333,0.25,1,0.6635246619183777,primary,width,ESR1
0.8290180143010761,2400,1.0,5.0,3.333333333333333,5.0,1.0,1.0,120,3,600,1,1.0,600,min,s1_width,0.6635246619183777,0.08333333333333333,0.3333333333333333,0.25,1,0.6635246619183777,primary,width,ESR1
0.8290180143010761,3600,1.0,5.0,3.333333333333333,5.0,1.0,1.0,120,3,600,1,1.0,600,min,s1_width,0.6635246619183777,0.08333333333333333,0.3333333333333333,0.25,1,0.6635246619183777,primary,width,ESR1
0.8290180143010761,4800,1.0,5.0,3.333333333333333,5.0,1.0,1.0,120,3,600,1,1.0,600,min,s1_width,0.6635246619183777,0.08333333333333333,0.3333333333333333,0.25,1,0.6635246619183777,primary,width,ESR1
0.8290180143010761,600,1.0,5.0,3.333333333333333,5.0,1.0,1.0,120,3,600,1,1.0,600,min,s2_uniform,0.6635246619183777,0.08333333333333333,0.3333333333333333,0.25,1,0.6635246619183777,primary,uniform,ESR1
0.8728393952720399,1200,1.0,5.0,4.583333333333333,5.0,1.0,2.0,120,3,1200,2,2.0,600,min,s2_uniform,0.6361775423975665,0.08333333333333333,0.4583333333333333,0.25,2,0.6635246619183777,primary,uniform,ESR1
0.8833549593443397,2400,1.0,5.0,4.583333333333333,5.0,1.0,4.0,120,3,2400,4,4.0,600,min,s2_uniform,0.6526520995447559,0.08333333333333333,0.4583333333333333,0.25,4,0.6635246619183777,primary,uniform,ESR1
0.8188023658445454,3600,1.0,5.0,4.583333333333333,4.166666666666667,1.0,6.0,120,3,3600,6,6.0,600,min,s2_uniform,0.6155439865647683,0.08333333333333333,0.4583333333333333,0.20833333333333334,6,0.6635246619183777,primary,uniform,ESR1
0.8210598382090716,4800,1.0,5.0,4.583333333333333,4.166666666666667,1.0,8.0,120,3,4800,8,8.0,600,min,s2_uniform,0.6152764455269484,0.08333333333333333,0.4583333333333333,0.20833333333333334,8,0.6635246619183777,primary,uniform,ESR1
0.8290180143010761,600,1.0,5.0,3.333333333333333,5.0,1.0,1.0,120,3,600,1,1.0,600,min,s3_top10,0.6635246619183777,0.08333333333333333,0.3333333333333333,0.25,1,0.6635246619183777,primary,primary_all|top_up,ESR1
0.8022764328289298,1200,1.0,5.0,3.333333333333333,4.166666666666667,1.0,1.8333333333333333,120,3,1200,11,2.0,600,min,s3_top10,0.6477343180030337,0.08333333333333333,0.3333333333333333,0.20833333333333334,11,0.6635246619183777,primary,primary_all|top_up,ESR1
0.8022764328289298,2400,1.0,5.0,3.333333333333333,4.166666666666667,1.0,2.1666666666666665,120,3,1440,15,2.4,600,min,s3_top10,0.6477343180030337,0.08333333333333333,0.3333333333333333,0.20833333333333334,15,0.6635246619183777,primary,primary_all|top_up,ESR1
0.8022764328289298,3600,1.0,5.0,3.333333333333333,4.166666666666667,1.0,2.1666666666666665,120,3,1440,15,2.4,600,min,s3_top10,0.6477343180030337,0.08333333333333333,0.3333333333333333,0.20833333333333334,15,0.6635246619183777,primary,primary_all|top_up,ESR1
0.8022764328289298,4800,1.0,5.0,3.333333333333333,4.166666666666667,1.0,2.1666666666666665,120,3,1440,15,2.4,600,min,s3_top10,0.6477343180030337,0.08333333333333333,0.3333333333333333,0.20833333333333334,15,0.6635246619183777,primary,primary_all|top_up,ESR1
0.8290180143010761,600,1.0,5.0,3.333333333333333,5.0,1.0,1.0,120,3,600,1,1.0,600,min,s3_top25,0.6635246619183777,0.08333333333333333,0.3333333333333333,0.25,1,0.6635246619183777,primary,primary_all|top_up,ESR1
0.8924689674748895,1200,1.0,5.0,4.583333333333333,5.0,1.0,1.9333333333333333,120,3,1200,5,2.0,600,min,s3_top25,0.7108703638264364,0.08333333333333333,0.4583333333333333,0.25,5,0.6635246619183777,primary,primary_all|top_up,ESR1
0.8041221461608271,2400,1.0,5.0,4.166666666666667,4.166666666666667,1.0,3.8,120,3,2400,13,4.0,600,min,s3_top25,0.6551264427864628,0.08333333333333333,0.4166666666666667,0.20833333333333334,13,0.6635246619183777,primary,primary_all|top_up,ESR1
0.8101343210331483,3600,1.0,5.0,4.166666666666667,4.166666666666667,1.0,4.266666666666667,120,3,2700,15,4.5,600,min,s3_top25,0.662348369765423,0.08333333333333333,0.4166666666666667,0.20833333333333334,15,0.6635246619183777,primary,primary_all|top_up,ESR1
0.8101343210331483,4800,1.0,5.0,4.166666666666667,4.166666666666667,1.0,4.266666666666667,120,3,2700,15,4.5,600,min,s3_top25,0.662348369765423,0.08333333333333333,0.4166666666666667,0.20833333333333334,15,0.6635246619183777,primary,primary_all|top_up,ESR1
0.8290180143010761,600,1.0,5.0,3.333333333333333,5.0,1.0,1.0,120,3,600,1,1.0,600,min,s3_top50,0.6635246619183777,0.08333333333333333,0.3333333333333333,0.25,1,0.6635246619183777,primary,primary_all|top_up,ESR1
0.8817127568957304,1200,1.0,5.0,4.583333333333333,5.0,1.0,1.9833333333333334,120,3,1200,3,2.0,600,min,s3_top50,0.6813263026443489,0.08333333333333333,0.4583333333333333,0.25,3,0.6635246619183777,primary,primary_all|top_up,ESR1
0.8228477224490993,2400,1.0,5.0,4.583333333333333,4.166666666666667,1.0,3.95,120,3,2400,7,4.0,600,min,s3_top50,0.6581151359098155,0.08333333333333333,0.4583333333333333,0.20833333333333334,7,0.6635246619183777,primary,primary_all|top_up,ESR1
0.8104431811069353,3600,1.0,5.0,4.166666666666667,4.166666666666667,1.0,5.916666666666667,120,3,3600,11,6.0,600,min,s3_top50,0.6628892462877634,0.08333333333333333,0.4166666666666667,0.20833333333333334,11,0.6635246619183777,primary,primary_all|top_up,ESR1
0.7525403760284713,4800,1.0,5.0,3.75,3.333333333333333,1.0,7.883333333333334,120,3,4800,15,8.0,600,min,s3_top50,0.6325429598916439,0.08333333333333333,0.375,0.16666666666666666,15,0.6635246619183777,primary,primary_all|top_up,ESR1
0.884670747789891,600,0.6366666666666667,5.0,4.583333333333333,5.0,0.6333333333333333,1.5394736842105263,120,3,600,4,1.5706806282722514,382,min,s4_scaffold25,0.7442607986226634,0.08333333333333333,0.4583333333333333,0.25,4,0.6635246619183777,primary,scaffold_representatives|expand_top_groups,ESR1
0.8810319564736275,1200,0.6366666666666667,5.0,4.583333333333333,5.0,0.6333333333333333,3.0,120,3,1200,10,3.141361256544503,382,min,s4_scaffold25,0.7407885764004413,0.08333333333333333,0.4583333333333333,0.25,10,0.6635246619183777,primary,scaffold_representatives|expand_top_groups,ESR1
0.7974539670634445,2400,0.6366666666666667,5.0,4.166666666666667,4.166666666666667,0.6333333333333333,4.315789473684211,120,3,1751,15,4.5837696335078535,382,min,s4_scaffold25,0.6887899962768612,0.08333333333333333,0.4166666666666667,0.20833333333333334,15,0.6635246619183777,primary,scaffold_representatives|expand_top_groups,ESR1
0.7974539670634445,3600,0.6366666666666667,5.0,4.166666666666667,4.166666666666667,0.6333333333333333,4.315789473684211,120,3,1751,15,4.5837696335078535,382,min,s4_scaffold25,0.6887899962768612,0.08333333333333333,0.4166666666666667,0.20833333333333334,15,0.6635246619183777,primary,scaffold_representatives|expand_top_groups,ESR1
0.7974539670634445,4800,0.6366666666666667,5.0,4.166666666666667,4.166666666666667,0.6333333333333333,4.315789473684211,120,3,1751,15,4.5837696335078535,382,min,s4_scaffold25,0.6887899962768612,0.08333333333333333,0.4166666666666667,0.20833333333333334,15,0.6635246619183777,primary,scaffold_representatives|expand_top_groups,ESR1
0.897309467446633,600,0.7016666666666667,5.0,5.0,5.0,0.6583333333333333,1.4430379746835442,120,3,600,2,1.4251781472684086,421,min,s4_scaffold50,0.7395896380879335,0.08333333333333333,0.5,0.25,2,0.6635246619183777,primary,scaffold_representatives|expand_top_groups,ESR1
0.896878513715889,1200,0.765,5.0,4.583333333333333,5.0,0.725,2.5517241379310347,120,3,1200,5,2.6143790849673203,459,min,s4_scaffold50,0.7180938612318943,0.08333333333333333,0.4583333333333333,0.25,5,0.6635246619183777,primary,scaffold_representatives|expand_top_groups,ESR1
0.9015213438601452,2400,0.765,5.0,5.0,5.0,0.725,4.954022988505747,120,3,2400,9,5.228758169934641,459,min,s4_scaffold50,0.7193749960148673,0.08333333333333333,0.5,0.25,9,0.6635246619183777,primary,scaffold_representatives|expand_top_groups,ESR1
0.7967923405550111,3600,0.765,5.0,4.166666666666667,4.166666666666667,0.725,7.35632183908046,120,3,3600,13,7.8431372549019605,459,min,s4_scaffold50,0.6474320087186359,0.08333333333333333,0.4166666666666667,0.20833333333333334,13,0.6635246619183777,primary,scaffold_representatives|expand_top_groups,ESR1
0.799536701121325,4800,0.765,5.0,4.166666666666667,4.166666666666667,0.725,8.436781609195402,120,3,4159,15,9.061002178649238,459,min,s4_scaffold50,0.6523575883724765,0.08333333333333333,0.4166666666666667,0.20833333333333334,15,0.6635246619183777,primary,scaffold_representatives|expand_top_groups,ESR1
0.6974194036907381,600,1.0,5.0,3.75,2.5,1.0,1.0,120,3,600,1,1.0,600,min,s5_score_oracle,0.5928882910062002,0.08333333333333333,0.375,0.125,14,0.6635246619183777,primary,score_oracle,ESR1
0.6974194036907381,1200,1.0,5.0,3.75,2.5,1.0,2.0,120,3,1200,2,2.0,600,min,s5_score_oracle,0.5928882910062002,0.08333333333333333,0.375,0.125,15,0.6635246619183777,primary,score_oracle,ESR1
0.6974194036907381,2400,1.0,5.0,3.75,2.5,1.0,4.0,120,3,2400,4,4.0,600,min,s5_score_oracle,0.5928882910062002,0.08333333333333333,0.375,0.125,15,0.6635246619183777,primary,score_oracle,ESR1
0.6974194036907381,3600,1.0,5.0,3.75,2.5,1.0,6.0,120,3,3600,6,6.0,600,min,s5_score_oracle,0.5928882910062002,0.08333333333333333,0.375,0.125,15,0.6635246619183777,primary,score_oracle,ESR1
0.6974194036907381,4800,1.0,5.0,3.75,2.5,1.0,8.0,120,3,4800,8,8.0,600,min,s5_score_oracle,0.5928882910062002,0.08333333333333333,0.375,0.125,15,0.6635246619183777,primary,score_oracle,ESR1
0.9392763518491882,600,1.0,5.0,5.0,5.0,1.0,1.0,120,4,600,1,1.0,600,mean,s1_width,0.796190950416601,0.08333333333333333,0.5,0.25,1,0.796190950416601,primary,width,ESR1
0.9392763518491882,1200,1.0,5.0,5.0,5.0,1.0,1.0,120,4,600,1,1.0,600,mean,s1_width,0.796190950416601,0.08333333333333333,0.5,0.25,1,0.796190950416601,primary,width,ESR1
0.9392763518491882,2400,1.0,5.0,5.0,5.0,1.0,1.0,120,4,600,1,1.0,600,mean,s1_width,0.796190950416601,0.08333333333333333,0.5,0.25,1,0.796190950416601,primary,width,ESR1
0.9392763518491882,3600,1.0,5.0,5.0,5.0,1.0,1.0,120,4,600,1,1.0,600,mean,s1_width,0.796190950416601,0.08333333333333333,0.5,0.25,1,0.796190950416601,primary,width,ESR1
0.9392763518491882,4800,1.0,5.0,5.0,5.0,1.0,1.0,120,4,600,1,1.0,600,mean,s1_width,0.796190950416601,0.08333333333333333,0.5,0.25,1,0.796190950416601,primary,width,ESR1
0.9392763518491882,600,1.0,5.0,5.0,5.0,1.0,1.0,120,4,600,1,1.0,600,mean,s2_uniform,0.796190950416601,0.08333333333333333,0.5,0.25,1,0.796190950416601,primary,uniform,ESR1
0.9495440938457307,1200,1.0,5.0,5.0,5.0,1.0,2.0,120,4,1200,2,2.0,600,mean,s2_uniform,0.8212011219994609,0.08333333333333333,0.5,0.25,2,0.796190950416601,primary,uniform,ESR1
0.9243523933595408,2400,1.0,5.0,5.0,5.0,1.0,4.0,120,4,2400,4,4.0,600,mean,s2_uniform,0.7817697953687404,0.08333333333333333,0.5,0.25,4,0.796190950416601,primary,uniform,ESR1
0.881234791625407,3600,1.0,5.0,4.166666666666667,5.0,1.0,6.0,120,4,3600,6,6.0,600,mean,s2_uniform,0.7375920470773413,0.08333333333333333,0.4166666666666667,0.25,6,0.796190950416601,primary,uniform,ESR1
0.8410233830719042,4800,1.0,5.0,3.75,5.0,1.0,8.0,120,4,4800,8,8.0,600,mean,s2_uniform,0.6869369073460426,0.08333333333333333,0.375,0.25,8,0.796190950416601,primary,uniform,ESR1
0.9392763518491882,600,1.0,5.0,5.0,5.0,1.0,1.0,120,4,600,1,1.0,600,mean,s3_top10,0.796190950416601,0.08333333333333333,0.5,0.25,1,0.796190950416601,primary,primary_all|top_up,ESR1
0.9369482898089494,1200,1.0,5.0,5.0,5.0,1.0,2.0833333333333335,120,4,1200,11,2.0,600,mean,s3_top10,0.7935867837499343,0.08333333333333333,0.5,0.25,11,0.796190950416601,primary,primary_all|top_up,ESR1
0.9054816833103331,2400,1.0,5.0,4.583333333333333,5.0,1.0,2.5166666666666666,120,4,1440,15,2.4,600,mean,s3_top10,0.7518281700265831,0.08333333333333333,0.4583333333333333,0.25,15,0.796190950416601,primary,primary_all|top_up,ESR1
0.9054816833103331,3600,1.0,5.0,4.583333333333333,5.0,1.0,2.5166666666666666,120,4,1440,15,2.4,600,mean,s3_top10,0.7518281700265831,0.08333333333333333,0.4583333333333333,0.25,15,0.796190950416601,primary,primary_all|top_up,ESR1
0.9054816833103331,4800,1.0,5.0,4.583333333333333,5.0,1.0,2.5166666666666666,120,4,1440,15,2.4,600,mean,s3_top10,0.7518281700265831,0.08333333333333333,0.4583333333333333,0.25,15,0.796190950416601,primary,primary_all|top_up,ESR1
0.9392763518491882,600,1.0,5.0,5.0,5.0,1.0,1.0,120,4,600,1,1.0,600,mean,s3_top25,0.796190950416601,0.08333333333333333,0.5,0.25,1,0.796190950416601,primary,primary_all|top_up,ESR1
0.925512159757313,1200,1.0,5.0,4.583333333333333,5.0,1.0,1.7666666666666666,120,4,1200,5,2.0,600,mean,s3_top25,0.783279560789525,0.08333333333333333,0.4583333333333333,0.25,5,0.796190950416601,primary,primary_all|top_up,ESR1
0.9400882759383329,2400,1.0,5.0,5.0,5.0,1.0,3.3,120,4,2400,13,4.0,600,mean,s3_top25,0.7981662590585762,0.08333333333333333,0.5,0.25,13,0.796190950416601,primary,primary_all|top_up,ESR1
0.934088814851219,3600,1.0,5.0,5.0,5.0,1.0,3.683333333333333,120,4,2700,15,4.5,600,mean,s3_top25,0.8004868499250263,0.08333333333333333,0.5,0.25,15,0.796190950416601,primary,primary_all|top_up,ESR1
0.934088814851219,4800,1.0,5.0,5.0,5.0,1.0,3.683333333333333,120,4,2700,15,4.5,600,mean,s3_top25,0.8004868499250263,0.08333333333333333,0.5,0.25,15,0.796190950416601,primary,primary_all|top_up,ESR1
0.9392763518491882,600,1.0,5.0,5.0,5.0,1.0,1.0,120,4,600,1,1.0,600,mean,s3_top50,0.796190950416601,0.08333333333333333,0.5,0.25,1,0.796190950416601,primary,primary_all|top_up,ESR1
0.946708470585646,1200,1.0,5.0,5.0,5.0,1.0,1.8333333333333333,120,4,1200,3,2.0,600,mean,s3_top50,0.8177950266904398,0.08333333333333333,0.5,0.25,3,0.796190950416601,primary,primary_all|top_up,ESR1
0.8612252651559154,2400,1.0,5.0,3.75,5.0,1.0,3.5,120,4,2400,7,4.0,600,mean,s3_top50,0.7294057917389299,0.08333333333333333,0.375,0.25,7,0.796190950416601,primary,primary_all|top_up,ESR1
0.8603283609837559,3600,1.0,5.0,4.166666666666667,5.0,1.0,5.166666666666667,120,4,3600,11,6.0,600,mean,s3_top50,0.7287461302844559,0.08333333333333333,0.4166666666666667,0.25,11,0.796190950416601,primary,primary_all|top_up,ESR1
0.8579382708828784,4800,1.0,5.0,4.583333333333333,4.166666666666667,1.0,6.833333333333333,120,4,4800,15,8.0,600,mean,s3_top50,0.7310143908844765,0.08333333333333333,0.4583333333333333,0.20833333333333334,15,0.796190950416601,primary,primary_all|top_up,ESR1
0.9416921356757029,600,0.6366666666666667,5.0,5.0,5.0,0.6333333333333333,1.5263157894736843,120,4,600,4,1.5706806282722514,382,mean,s4_scaffold25,0.8204440203398397,0.08333333333333333,0.5,0.25,4,0.796190950416601,primary,scaffold_representatives|expand_top_groups,ESR1
0.9196351352748969,1200,0.6366666666666667,5.0,4.583333333333333,5.0,0.6333333333333333,2.8947368421052633,120,4,1200,10,3.141361256544503,382,mean,s4_scaffold25,0.8016206562039754,0.08333333333333333,0.4583333333333333,0.25,10,0.796190950416601,primary,scaffold_representatives|expand_top_groups,ESR1
0.9300797652245415,2400,0.6366666666666667,5.0,5.0,5.0,0.6333333333333333,4.131578947368421,120,4,1751,15,4.5837696335078535,382,mean,s4_scaffold25,0.8040067197826534,0.08333333333333333,0.5,0.25,15,0.796190950416601,primary,scaffold_representatives|expand_top_groups,ESR1
0.9300797652245415,3600,0.6366666666666667,5.0,5.0,5.0,0.6333333333333333,4.131578947368421,120,4,1751,15,4.5837696335078535,382,mean,s4_scaffold25,0.8040067197826534,0.08333333333333333,0.5,0.25,15,0.796190950416601,primary,scaffold_representatives|expand_top_groups,ESR1
0.9300797652245415,4800,0.6366666666666667,5.0,5.0,5.0,0.6333333333333333,4.131578947368421,120,4,1751,15,4.5837696335078535,382,mean,s4_scaffold25,0.8040067197826534,0.08333333333333333,0.5,0.25,15,0.796190950416601,primary,scaffold_representatives|expand_top_groups,ESR1
0.8712963677011684,600,0.7016666666666667,5.0,4.166666666666667,5.0,0.8166666666666667,1.3571428571428572,120,4,600,2,1.4251781472684086,421,mean,s4_scaffold50,0.7386641583033741,0.08333333333333333,0.4166666666666667,0.25,2,0.796190950416601,primary,scaffold_representatives|expand_top_groups,ESR1
0.9060031353518111,1200,0.765,5.0,4.583333333333333,5.0,0.8166666666666667,2.5816326530612246,120,4,1200,5,2.6143790849673203,459,mean,s4_scaffold50,0.7707143976816461,0.08333333333333333,0.4583333333333333,0.25,5,0.796190950416601,primary,scaffold_representatives|expand_top_groups,ESR1
0.8373489656969296,2400,0.765,5.0,3.75,5.0,0.8166666666666667,5.204081632653061,120,4,2400,9,5.228758169934641,459,mean,s4_scaffold50,0.705594135471474,0.08333333333333333,0.375,0.25,9,0.796190950416601,primary,scaffold_representatives|expand_top_groups,ESR1
0.9247795126240449,3600,0.765,5.0,4.583333333333333,5.0,0.8166666666666667,7.989795918367347,120,4,3600,13,7.8431372549019605,459,mean,s4_scaffold50,0.787878610358808,0.08333333333333333,0.4583333333333333,0.25,13,0.796190950416601,primary,scaffold_representatives|expand_top_groups,ESR1
0.9409700940296455,4800,0.765,5.0,5.0,5.0,0.8166666666666667,9.204081632653061,120,4,4159,15,9.061002178649238,459,mean,s4_scaffold50,0.8050225468617497,0.08333333333333333,0.5,0.25,15,0.796190950416601,primary,scaffold_representatives|expand_top_groups,ESR1
0.7116764171333787,600,1.0,5.0,2.9166666666666665,4.166666666666667,1.0,1.0,120,4,600,1,1.0,600,mean,s5_score_oracle,0.5865036166022035,0.08333333333333333,0.2916666666666667,0.20833333333333334,14,0.796190950416601,primary,score_oracle,ESR1
0.7803926741686787,1200,1.0,5.0,3.333333333333333,5.0,1.0,2.0,120,4,1200,2,2.0,600,mean,s5_score_oracle,0.6327500365606094,0.08333333333333333,0.3333333333333333,0.25,15,0.796190950416601,primary,score_oracle,ESR1
0.83317984760103,2400,1.0,5.0,3.75,5.0,1.0,4.0,120,4,2400,4,4.0,600,mean,s5_score_oracle,0.672335580410305,0.08333333333333333,0.375,0.25,15,0.796190950416601,primary,score_oracle,ESR1
0.8391009340079173,3600,1.0,5.0,3.75,5.0,1.0,6.0,120,4,3600,6,6.0,600,mean,s5_score_oracle,0.679668761741317,0.08333333333333333,0.375,0.25,15,0.796190950416601,primary,score_oracle,ESR1
0.839454742004893,4800,1.0,5.0,4.166666666666667,5.0,1.0,8.0,120,4,4800,8,8.0,600,mean,s5_score_oracle,0.6951113988406646,0.08333333333333333,0.4166666666666667,0.25,15,0.796190950416601,primary,score_oracle,ESR1
0.9392763518491882,600,1.0,5.0,5.0,5.0,1.0,1.0,120,4,600,1,1.0,600,min,s1_width,0.796190950416601,0.08333333333333333,0.5,0.25,1,0.796190950416601,primary,width,ESR1
0.9392763518491882,1200,1.0,5.0,5.0,5.0,1.0,1.0,120,4,600,1,1.0,600,min,s1_width,0.796190950416601,0.08333333333333333,0.5,0.25,1,0.796190950416601,primary,width,ESR1
0.9392763518491882,2400,1.0,5.0,5.0,5.0,1.0,1.0,120,4,600,1,1.0,600,min,s1_width,0.796190950416601,0.08333333333333333,0.5,0.25,1,0.796190950416601,primary,width,ESR1
0.9392763518491882,3600,1.0,5.0,5.0,5.0,1.0,1.0,120,4,600,1,1.0,600,min,s1_width,0.796190950416601,0.08333333333333333,0.5,0.25,1,0.796190950416601,primary,width,ESR1
0.9392763518491882,4800,1.0,5.0,5.0,5.0,1.0,1.0,120,4,600,1,1.0,600,min,s1_width,0.796190950416601,0.08333333333333333,0.5,0.25,1,0.796190950416601,primary,width,ESR1
0.9392763518491882,600,1.0,5.0,5.0,5.0,1.0,1.0,120,4,600,1,1.0,600,min,s2_uniform,0.796190950416601,0.08333333333333333,0.5,0.25,1,0.796190950416601,primary,uniform,ESR1
0.899149469565167,1200,1.0,5.0,4.583333333333333,5.0,1.0,2.0,120,4,1200,2,2.0,600,min,s2_uniform,0.7589155085797081,0.08333333333333333,0.4583333333333333,0.25,2,0.796190950416601,primary,uniform,ESR1
0.8859578665295622,2400,1.0,5.0,4.583333333333333,5.0,1.0,4.0,120,4,2400,4,4.0,600,min,s2_uniform,0.7356618963422193,0.08333333333333333,0.4583333333333333,0.25,4,0.796190950416601,primary,uniform,ESR1
0.7810262639781241,3600,1.0,5.0,3.75,4.166666666666667,1.0,6.0,120,4,3600,6,6.0,600,min,s2_uniform,0.6502624168166283,0.08333333333333333,0.375,0.20833333333333334,6,0.796190950416601,primary,uniform,ESR1
0.7720669733029297,4800,1.0,5.0,3.75,4.166666666666667,1.0,8.0,120,4,4800,8,8.0,600,min,s2_uniform,0.6400207850187875,0.08333333333333333,0.375,0.20833333333333334,8,0.796190950416601,primary,uniform,ESR1
0.9392763518491882,600,1.0,5.0,5.0,5.0,1.0,1.0,120,4,600,1,1.0,600,min,s3_top10,0.796190950416601,0.08333333333333333,0.5,0.25,1,0.796190950416601,primary,primary_all|top_up,ESR1
0.9392763518491882,1200,1.0,5.0,5.0,5.0,1.0,2.0833333333333335,120,4,1200,11,2.0,600,min,s3_top10,0.796190950416601,0.08333333333333333,0.5,0.25,11,0.796190950416601,primary,primary_all|top_up,ESR1
0.9392763518491882,2400,1.0,5.0,5.0,5.0,1.0,2.5166666666666666,120,4,1440,15,2.4,600,min,s3_top10,0.796190950416601,0.08333333333333333,0.5,0.25,15,0.796190950416601,primary,primary_all|top_up,ESR1
0.9392763518491882,3600,1.0,5.0,5.0,5.0,1.0,2.5166666666666666,120,4,1440,15,2.4,600,min,s3_top10,0.796190950416601,0.08333333333333333,0.5,0.25,15,0.796190950416601,primary,primary_all|top_up,ESR1
0.9392763518491882,4800,1.0,5.0,5.0,5.0,1.0,2.5166666666666666,120,4,1440,15,2.4,600,min,s3_top10,0.796190950416601,0.08333333333333333,0.5,0.25,15,0.796190950416601,primary,primary_all|top_up,ESR1
0.9392763518491882,600,1.0,5.0,5.0,5.0,1.0,1.0,120,4,600,1,1.0,600,min,s3_top25,0.796190950416601,0.08333333333333333,0.5,0.25,1,0.796190950416601,primary,primary_all|top_up,ESR1
0.9189373747592116,1200,1.0,5.0,4.583333333333333,5.0,1.0,1.7666666666666666,120,4,1200,5,2.0,600,min,s3_top25,0.7768151872908379,0.08333333333333333,0.4583333333333333,0.25,5,0.796190950416601,primary,primary_all|top_up,ESR1
0.9138155081891792,2400,1.0,5.0,4.583333333333333,5.0,1.0,3.3,120,4,2400,13,4.0,600,min,s3_top25,0.7696606588127799,0.08333333333333333,0.4583333333333333,0.25,13,0.796190950416601,primary,primary_all|top_up,ESR1
0.9138155081891792,3600,1.0,5.0,4.583333333333333,5.0,1.0,3.683333333333333,120,4,2700,15,4.5,600,min,s3_top25,0.7696606588127799,0.08333333333333333,0.4583333333333333,0.25,15,0.796190950416601,primary,primary_all|top_up,ESR1
0.9138155081891792,4800,1.0,5.0,4.583333333333333,5.0,1.0,3.683333333333333,120,4,2700,15,4.5,600,min,s3_top25,0.7696606588127799,0.08333333333333333,0.4583333333333333,0.25,15,0.796190950416601,primary,primary_all|top_up,ESR1
0.9392763518491882,600,1.0,5.0,5.0,5.0,1.0,1.0,120,4,600,1,1.0,600,min,s3_top50,0.796190950416601,0.08333333333333333,0.5,0.25,1,0.796190950416601,primary,primary_all|top_up,ESR1
0.9337620474246631,1200,1.0,5.0,4.583333333333333,5.0,1.0,1.8333333333333333,120,4,1200,3,2.0,600,min,s3_top50,0.8121630143748253,0.08333333333333333,0.4583333333333333,0.25,3,0.796190950416601,primary,primary_all|top_up,ESR1
0.8427693314437897,2400,1.0,5.0,3.75,5.0,1.0,3.5,120,4,2400,7,4.0,600,min,s3_top50,0.7192941876118634,0.08333333333333333,0.375,0.25,7,0.796190950416601,primary,primary_all|top_up,ESR1
0.8423048053791826,3600,1.0,5.0,4.166666666666667,5.0,1.0,5.166666666666667,120,4,3600,11,6.0,600,min,s3_top50,0.7279488103768504,0.08333333333333333,0.4166666666666667,0.25,11,0.796190950416601,primary,primary_all|top_up,ESR1
0.8283353535403036,4800,1.0,5.0,3.75,5.0,1.0,6.833333333333333,120,4,4800,15,8.0,600,min,s3_top50,0.7055246976028616,0.08333333333333333,0.375,0.25,15,0.796190950416601,primary,primary_all|top_up,ESR1
0.9393640736354638,600,0.6366666666666667,5.0,5.0,5.0,0.6333333333333333,1.5263157894736843,120,4,600,4,1.5706806282722514,382,min,s4_scaffold25,0.8178398536731729,0.08333333333333333,0.5,0.25,4,0.796190950416601,primary,scaffold_representatives|expand_top_groups,ESR1
0.9249919499019895,1200,0.6366666666666667,5.0,4.583333333333333,5.0,0.6333333333333333,2.8947368421052633,120,4,1200,10,3.141361256544503,382,min,s4_scaffold25,0.8054085349918542,0.08333333333333333,0.4583333333333333,0.25,10,0.796190950416601,primary,scaffold_representatives|expand_top_groups,ESR1
0.9295263955874501,2400,0.6366666666666667,5.0,4.583333333333333,5.0,0.6333333333333333,4.131578947368421,120,4,1751,15,4.5837696335078535,382,min,s4_scaffold25,0.8088807572140763,0.08333333333333333,0.4583333333333333,0.25,15,0.796190950416601,primary,scaffold_representatives|expand_top_groups,ESR1
0.9295263955874501,3600,0.6366666666666667,5.0,4.583333333333333,5.0,0.6333333333333333,4.131578947368421,120,4,1751,15,4.5837696335078535,382,min,s4_scaffold25,0.8088807572140763,0.08333333333333333,0.4583333333333333,0.25,15,0.796190950416601,primary,scaffold_representatives|expand_top_groups,ESR1
0.9295263955874501,4800,0.6366666666666667,5.0,4.583333333333333,5.0,0.6333333333333333,4.131578947368421,120,4,1751,15,4.5837696335078535,382,min,s4_scaffold25,0.8088807572140763,0.08333333333333333,0.4583333333333333,0.25,15,0.796190950416601,primary,scaffold_representatives|expand_top_groups,ESR1
0.9134361568089131,600,0.7016666666666667,5.0,4.583333333333333,5.0,0.8166666666666667,1.3571428571428572,120,4,600,2,1.4251781472684086,421,min,s4_scaffold50,0.7704244571103911,0.08333333333333333,0.4583333333333333,0.25,2,0.796190950416601,primary,scaffold_representatives|expand_top_groups,ESR1
0.9112841337297313,1200,0.765,5.0,4.583333333333333,5.0,0.8166666666666667,2.5816326530612246,120,4,1200,5,2.6143790849673203,459,min,s4_scaffold50,0.7785408581974641,0.08333333333333333,0.4583333333333333,0.25,5,0.796190950416601,primary,scaffold_representatives|expand_top_groups,ESR1
0.8035657840297983,2400,0.765,5.0,3.75,4.166666666666667,0.8166666666666667,5.204081632653061,120,4,2400,9,5.228758169934641,459,min,s4_scaffold50,0.6888499117738652,0.08333333333333333,0.375,0.20833333333333334,9,0.796190950416601,primary,scaffold_representatives|expand_top_groups,ESR1
0.7841799477854684,3600,0.765,5.0,3.75,4.166666666666667,0.8166666666666667,7.989795918367347,120,4,3600,13,7.8431372549019605,459,min,s4_scaffold50,0.6687227801643613,0.08333333333333333,0.375,0.20833333333333334,13,0.796190950416601,primary,scaffold_representatives|expand_top_groups,ESR1
0.8084178162705818,4800,0.765,5.0,3.75,5.0,0.8166666666666667,9.204081632653061,120,4,4159,15,9.061002178649238,459,min,s4_scaffold50,0.6817894243525808,0.08333333333333333,0.375,0.25,15,0.796190950416601,primary,scaffold_representatives|expand_top_groups,ESR1
0.7116764171333787,600,1.0,5.0,2.9166666666666665,4.166666666666667,1.0,1.0,120,4,600,1,1.0,600,min,s5_score_oracle,0.5865036166022035,0.08333333333333333,0.2916666666666667,0.20833333333333334,14,0.796190950416601,primary,score_oracle,ESR1
0.7116764171333787,1200,1.0,5.0,2.9166666666666665,4.166666666666667,1.0,2.0,120,4,1200,2,2.0,600,min,s5_score_oracle,0.5865036166022035,0.08333333333333333,0.2916666666666667,0.20833333333333334,15,0.796190950416601,primary,score_oracle,ESR1
0.7116764171333787,2400,1.0,5.0,2.9166666666666665,4.166666666666667,1.0,4.0,120,4,2400,4,4.0,600,min,s5_score_oracle,0.5865036166022035,0.08333333333333333,0.2916666666666667,0.20833333333333334,15,0.796190950416601,primary,score_oracle,ESR1
0.7116764171333787,3600,1.0,5.0,2.9166666666666665,4.166666666666667,1.0,6.0,120,4,3600,6,6.0,600,min,s5_score_oracle,0.5865036166022035,0.08333333333333333,0.2916666666666667,0.20833333333333334,15,0.796190950416601,primary,score_oracle,ESR1
0.7116764171333787,4800,1.0,5.0,2.9166666666666665,4.166666666666667,1.0,8.0,120,4,4800,8,8.0,600,min,s5_score_oracle,0.5865036166022035,0.08333333333333333,0.2916666666666667,0.20833333333333334,15,0.796190950416601,primary,score_oracle,ESR1
0.8468487736409868,600,1.0,5.0,4.166666666666667,5.0,1.0,1.0,120,5,600,1,1.0,600,mean,s1_width,0.6390456209701865,0.08333333333333333,0.4166666666666667,0.25,1,0.6390456209701865,primary,width,ESR1
0.8468487736409868,1200,1.0,5.0,4.166666666666667,5.0,1.0,1.0,120,5,600,1,1.0,600,mean,s1_width,0.6390456209701865,0.08333333333333333,0.4166666666666667,0.25,1,0.6390456209701865,primary,width,ESR1
0.8468487736409868,2400,1.0,5.0,4.166666666666667,5.0,1.0,1.0,120,5,600,1,1.0,600,mean,s1_width,0.6390456209701865,0.08333333333333333,0.4166666666666667,0.25,1,0.6390456209701865,primary,width,ESR1
0.8468487736409868,3600,1.0,5.0,4.166666666666667,5.0,1.0,1.0,120,5,600,1,1.0,600,mean,s1_width,0.6390456209701865,0.08333333333333333,0.4166666666666667,0.25,1,0.6390456209701865,primary,width,ESR1
0.8468487736409868,4800,1.0,5.0,4.166666666666667,5.0,1.0,1.0,120,5,600,1,1.0,600,mean,s1_width,0.6390456209701865,0.08333333333333333,0.4166666666666667,0.25,1,0.6390456209701865,primary,width,ESR1
0.8468487736409868,600,1.0,5.0,4.166666666666667,5.0,1.0,1.0,120,5,600,1,1.0,600,mean,s2_uniform,0.6390456209701865,0.08333333333333333,0.4166666666666667,0.25,1,0.6390456209701865,primary,uniform,ESR1
0.7665830707879483,1200,1.0,5.0,3.333333333333333,5.0,1.0,2.0,120,5,1200,2,2.0,600,mean,s2_uniform,0.5709993911489621,0.08333333333333333,0.3333333333333333,0.25,2,0.6390456209701865,primary,uniform,ESR1
0.6601434751092784,2400,1.0,5.0,2.5,4.166666666666667,1.0,4.0,120,5,2400,4,4.0,600,mean,s2_uniform,0.5054093531512037,0.08333333333333333,0.25,0.20833333333333334,4,0.6390456209701865,primary,uniform,ESR1
0.5698883765942245,3600,1.0,5.0,2.0833333333333335,3.333333333333333,1.0,6.0,120,5,3600,6,6.0,600,mean,s2_uniform,0.44687896729424964,0.08333333333333333,0.20833333333333334,0.16666666666666666,6,0.6390456209701865,primary,uniform,ESR1
0.5473554503398733,4800,1.0,5.0,2.0833333333333335,3.333333333333333,1.0,8.0,120,5,4800,8,8.0,600,mean,s2_uniform,0.420299062222447,0.08333333333333333,0.20833333333333334,0.16666666666666666,8,0.6390456209701865,primary,uniform,ESR1
0.8468487736409868,600,1.0,5.0,4.166666666666667,5.0,1.0,1.0,120,5,600,1,1.0,600,mean,s3_top10,0.6390456209701865,0.08333333333333333,0.4166666666666667,0.25,1,0.6390456209701865,primary,primary_all|top_up,ESR1
0.8414919590138946,1200,1.0,5.0,4.166666666666667,5.0,1.0,1.8333333333333333,120,5,1200,11,2.0,600,mean,s3_top10,0.6356365300610956,0.08333333333333333,0.4166666666666667,0.25,11,0.6390456209701865,primary,primary_all|top_up,ESR1
0.7193388126253661,2400,1.0,5.0,2.9166666666666665,4.166666666666667,1.0,2.1666666666666665,120,5,1440,15,2.4,600,mean,s3_top10,0.5149041962969233,0.08333333333333333,0.2916666666666667,0.20833333333333334,15,0.6390456209701865,primary,primary_all|top_up,ESR1
0.7193388126253661,3600,1.0,5.0,2.9166666666666665,4.166666666666667,1.0,2.1666666666666665,120,5,1440,15,2.4,600,mean,s3_top10,0.5149041962969233,0.08333333333333333,0.2916666666666667,0.20833333333333334,15,0.6390456209701865,primary,primary_all|top_up,ESR1
0.7193388126253661,4800,1.0,5.0,2.9166666666666665,4.166666666666667,1.0,2.1666666666666665,120,5,1440,15,2.4,600,mean,s3_top10,0.5149041962969233,0.08333333333333333,0.2916666666666667,0.20833333333333334,15,0.6390456209701865,primary,primary_all|top_up,ESR1
0.8468487736409868,600,1.0,5.0,4.166666666666667,5.0,1.0,1.0,120,5,600,1,1.0,600,mean,s3_top25,0.6390456209701865,0.08333333333333333,0.4166666666666667,0.25,1,0.6390456209701865,primary,primary_all|top_up,ESR1
0.6580503203070895,1200,1.0,5.0,2.9166666666666665,3.333333333333333,1.0,2.1666666666666665,120,5,1200,5,2.0,600,mean,s3_top25,0.4946238861937084,0.08333333333333333,0.2916666666666667,0.16666666666666666,5,0.6390456209701865,primary,primary_all|top_up,ESR1
0.6009771599028133,2400,1.0,5.0,2.5,4.166666666666667,1.0,4.5,120,5,2400,13,4.0,600,mean,s3_top25,0.4471443498007428,0.08333333333333333,0.25,0.20833333333333334,13,0.6390456209701865,primary,primary_all|top_up,ESR1
0.6512051698151317,3600,1.0,5.0,2.5,4.166666666666667,1.0,5.083333333333333,120,5,2700,15,4.5,600,mean,s3_top25,0.4428072860395658,0.08333333333333333,0.25,0.20833333333333334,15,0.6390456209701865,primary,primary_all|top_up,ESR1
0.6512051698151317,4800,1.0,5.0,2.5,4.166666666666667,1.0,5.083333333333333,120,5,2700,15,4.5,600,mean,s3_top25,0.4428072860395658,0.08333333333333333,0.25,0.20833333333333334,15,0.6390456209701865,primary,primary_all|top_up,ESR1
0.8468487736409868,600,1.0,5.0,4.166666666666667,5.0,1.0,1.0,120,5,600,1,1.0,600,mean,s3_top50,0.6390456209701865,0.08333333333333333,0.4166666666666667,0.25,1,0.6390456209701865,primary,primary_all|top_up,ESR1
0.7783241701753543,1200,1.0,5.0,3.333333333333333,5.0,1.0,2.05,120,5,1200,3,2.0,600,mean,s3_top50,0.5743106547472604,0.08333333333333333,0.3333333333333333,0.25,3,0.6390456209701865,primary,primary_all|top_up,ESR1
0.545586986311575,2400,1.0,5.0,2.0833333333333335,3.333333333333333,1.0,4.15,120,5,2400,7,4.0,600,mean,s3_top50,0.41504970740469255,0.08333333333333333,0.20833333333333334,0.16666666666666666,7,0.6390456209701865,primary,primary_all|top_up,ESR1
0.5096408389914349,3600,1.0,5.0,2.0833333333333335,3.333333333333333,1.0,6.25,120,5,3600,11,6.0,600,mean,s3_top50,0.39541159138424287,0.08333333333333333,0.20833333333333334,0.16666666666666666,11,0.6390456209701865,primary,primary_all|top_up,ESR1
0.6389235803284766,4800,1.0,5.0,2.5,4.166666666666667,1.0,8.35,120,5,4800,15,8.0,600,mean,s3_top50,0.43515364910519877,0.08333333333333333,0.25,0.20833333333333334,15,0.6390456209701865,primary,primary_all|top_up,ESR1
0.7594446144745477,600,0.6366666666666667,5.0,2.9166666666666665,4.166666666666667,0.6583333333333333,1.5696202531645569,120,5,600,4,1.5706806282722514,382,mean,s4_scaffold25,0.6252744107033755,0.08333333333333333,0.2916666666666667,0.20833333333333334,4,0.6390456209701865,primary,scaffold_representatives|expand_top_groups,ESR1
0.61320529024386,1200,0.6366666666666667,5.0,2.9166666666666665,2.5,0.6583333333333333,3.2658227848101267,120,5,1200,10,3.141361256544503,382,mean,s4_scaffold25,0.5471743492151561,0.08333333333333333,0.2916666666666667,0.125,10,0.6390456209701865,primary,scaffold_representatives|expand_top_groups,ESR1
0.62420400161702,2400,0.6366666666666667,5.0,2.5,4.166666666666667,0.6583333333333333,4.8734177215189876,120,5,1751,15,4.5837696335078535,382,mean,s4_scaffold25,0.48480596053239716,0.08333333333333333,0.25,0.20833333333333334,15,0.6390456209701865,primary,scaffold_representatives|expand_top_groups,ESR1
0.62420400161702,3600,0.6366666666666667,5.0,2.5,4.166666666666667,0.6583333333333333,4.8734177215189876,120,5,1751,15,4.5837696335078535,382,mean,s4_scaffold25,0.48480596053239716,0.08333333333333333,0.25,0.20833333333333334,15,0.6390456209701865,primary,scaffold_representatives|expand_top_groups,ESR1
0.62420400161702,4800,0.6366666666666667,5.0,2.5,4.166666666666667,0.6583333333333333,4.8734177215189876,120,5,1751,15,4.5837696335078535,382,mean,s4_scaffold25,0.48480596053239716,0.08333333333333333,0.25,0.20833333333333334,15,0.6390456209701865,primary,scaffold_representatives|expand_top_groups,ESR1
0.6272031818885327,600,0.7016666666666667,5.0,2.9166666666666665,3.333333333333333,0.7083333333333334,1.4352941176470588,120,5,600,2,1.4251781472684086,421,mean,s4_scaffold50,0.5032925736210873,0.08333333333333333,0.2916666666666667,0.16666666666666666,2,0.6390456209701865,primary,scaffold_representatives|expand_top_groups,ESR1
0.6268916077892274,1200,0.765,5.0,2.5,4.166666666666667,0.7083333333333334,2.552941176470588,120,5,1200,5,2.6143790849673203,459,mean,s4_scaffold50,0.503542024574083,0.08333333333333333,0.25,0.20833333333333334,5,0.6390456209701865,primary,scaffold_representatives|expand_top_groups,ESR1
0.5105321265369492,2400,0.765,5.0,2.0833333333333335,2.5,0.7083333333333334,5.129411764705883,120,5,2400,9,5.228758169934641,459,mean,s4_scaffold50,0.4298267076249433,0.08333333333333333,0.20833333333333334,0.125,9,0.6390456209701865,primary,scaffold_representatives|expand_top_groups,ESR1
0.5754080878228999,3600,0.765,5.0,2.5,3.333333333333333,0.7083333333333334,7.4,120,5,3600,13,7.8431372549019605,459,mean,s4_scaffold50,0.45572375829575634,0.08333333333333333,0.25,0.16666666666666666,13,0.6390456209701865,primary,scaffold_representatives|expand_top_groups,ESR1
0.6698351501695796,4800,0.765,5.0,2.5,4.166666666666667,0.7083333333333334,8.48235294117647,120,5,4159,15,9.061002178649238,459,mean,s4_scaffold50,0.49169565838043433,0.08333333333333333,0.25,0.20833333333333334,15,0.6390456209701865,primary,scaffold_representatives|expand_top_groups,ESR1
0.5625168096122801,600,1.0,2.5,2.5,3.333333333333333,1.0,1.0,120,5,600,1,1.0,600,mean,s5_score_oracle,0.422228983696552,0.041666666666666664,0.25,0.16666666666666666,14,0.6390456209701865,primary,score_oracle,ESR1
0.5825588683207493,1200,1.0,2.5,2.9166666666666665,3.333333333333333,1.0,2.0,120,5,1200,2,2.0,600,mean,s5_score_oracle,0.4419966195326297,0.041666666666666664,0.2916666666666667,0.16666666666666666,15,0.6390456209701865,primary,score_oracle,ESR1
0.6430843652500033,2400,1.0,5.0,3.333333333333333,3.333333333333333,1.0,4.0,120,5,2400,4,4.0,600,mean,s5_score_oracle,0.47709520969343205,0.08333333333333333,0.3333333333333333,0.16666666666666666,15,0.6390456209701865,primary,score_oracle,ESR1
0.6097440667092104,3600,1.0,5.0,3.333333333333333,2.5,1.0,6.0,120,5,3600,6,6.0,600,mean,s5_score_oracle,0.46388947061368996,0.08333333333333333,0.3333333333333333,0.125,15,0.6390456209701865,primary,score_oracle,ESR1
0.5940732731148947,4800,1.0,5.0,3.333333333333333,2.5,1.0,8.0,120,5,4800,8,8.0,600,mean,s5_score_oracle,0.4522791184076098,0.08333333333333333,0.3333333333333333,0.125,15,0.6390456209701865,primary,score_oracle,ESR1
0.8468487736409868,600,1.0,5.0,4.166666666666667,5.0,1.0,1.0,120,5,600,1,1.0,600,min,s1_width,0.6390456209701865,0.08333333333333333,0.4166666666666667,0.25,1,0.6390456209701865,primary,width,ESR1
0.8468487736409868,1200,1.0,5.0,4.166666666666667,5.0,1.0,1.0,120,5,600,1,1.0,600,min,s1_width,0.6390456209701865,0.08333333333333333,0.4166666666666667,0.25,1,0.6390456209701865,primary,width,ESR1
0.8468487736409868,2400,1.0,5.0,4.166666666666667,5.0,1.0,1.0,120,5,600,1,1.0,600,min,s1_width,0.6390456209701865,0.08333333333333333,0.4166666666666667,0.25,1,0.6390456209701865,primary,width,ESR1
0.8468487736409868,3600,1.0,5.0,4.166666666666667,5.0,1.0,1.0,120,5,600,1,1.0,600,min,s1_width,0.6390456209701865,0.08333333333333333,0.4166666666666667,0.25,1,0.6390456209701865,primary,width,ESR1
0.8468487736409868,4800,1.0,5.0,4.166666666666667,5.0,1.0,1.0,120,5,600,1,1.0,600,min,s1_width,0.6390456209701865,0.08333333333333333,0.4166666666666667,0.25,1,0.6390456209701865,primary,width,ESR1
0.8468487736409868,600,1.0,5.0,4.166666666666667,5.0,1.0,1.0,120,5,600,1,1.0,600,min,s2_uniform,0.6390456209701865,0.08333333333333333,0.4166666666666667,0.25,1,0.6390456209701865,primary,uniform,ESR1
0.6842094397341633,1200,1.0,5.0,2.9166666666666665,4.166666666666667,1.0,2.0,120,5,1200,2,2.0,600,min,s2_uniform,0.5328268945380837,0.08333333333333333,0.2916666666666667,0.20833333333333334,2,0.6390456209701865,primary,uniform,ESR1
0.5986342315935,2400,1.0,5.0,2.9166666666666665,3.333333333333333,1.0,4.0,120,5,2400,4,4.0,600,min,s2_uniform,0.4705955195212601,0.08333333333333333,0.2916666666666667,0.16666666666666666,4,0.6390456209701865,primary,uniform,ESR1
0.5728305488170599,3600,1.0,5.0,2.9166666666666665,2.5,1.0,6.0,120,5,3600,6,6.0,600,min,s2_uniform,0.45447884403160393,0.08333333333333333,0.2916666666666667,0.125,6,0.6390456209701865,primary,uniform,ESR1
0.5475898243081102,4800,1.0,5.0,2.5,2.5,1.0,8.0,120,5,4800,8,8.0,600,min,s2_uniform,0.4251504338791914,0.08333333333333333,0.25,0.125,8,0.6390456209701865,primary,uniform,ESR1
0.8468487736409868,600,1.0,5.0,4.166666666666667,5.0,1.0,1.0,120,5,600,1,1.0,600,min,s3_top10,0.6390456209701865,0.08333333333333333,0.4166666666666667,0.25,1,0.6390456209701865,primary,primary_all|top_up,ESR1
0.8531771023804938,1200,1.0,5.0,4.166666666666667,5.0,1.0,1.8333333333333333,120,5,1200,11,2.0,600,min,s3_top10,0.6432122876368531,0.08333333333333333,0.4166666666666667,0.25,11,0.6390456209701865,primary,primary_all|top_up,ESR1
0.8393727365885335,2400,1.0,5.0,4.166666666666667,5.0,1.0,2.1666666666666665,120,5,1440,15,2.4,600,min,s3_top10,0.6344159913405568,0.08333333333333333,0.4166666666666667,0.25,15,0.6390456209701865,primary,primary_all|top_up,ESR1
0.8393727365885335,3600,1.0,5.0,4.166666666666667,5.0,1.0,2.1666666666666665,120,5,1440,15,2.4,600,min,s3_top10,0.6344159913405568,0.08333333333333333,0.4166666666666667,0.25,15,0.6390456209701865,primary,primary_all|top_up,ESR1
0.8393727365885335,4800,1.0,5.0,4.166666666666667,5.0,1.0,2.1666666666666665,120,5,1440,15,2.4,600,min,s3_top10,0.6344159913405568,0.08333333333333333,0.4166666666666667,0.25,15,0.6390456209701865,primary,primary_all|top_up,ESR1
0.8468487736409868,600,1.0,5.0,4.166666666666667,5.0,1.0,1.0,120,5,600,1,1.0,600,min,s3_top25,0.6390456209701865,0.08333333333333333,0.4166666666666667,0.25,1,0.6390456209701865,primary,primary_all|top_up,ESR1
0.6268677097252802,1200,1.0,5.0,2.9166666666666665,3.333333333333333,1.0,2.1666666666666665,120,5,1200,5,2.0,600,min,s3_top25,0.48215438017401047,0.08333333333333333,0.2916666666666667,0.16666666666666666,5,0.6390456209701865,primary,primary_all|top_up,ESR1
0.6624187970807759,2400,1.0,5.0,3.75,3.333333333333333,1.0,4.5,120,5,2400,13,4.0,600,min,s3_top25,0.5024613304474833,0.08333333333333333,0.375,0.16666666666666666,13,0.6390456209701865,primary,primary_all|top_up,ESR1
0.6624187970807759,3600,1.0,5.0,3.75,3.333333333333333,1.0,5.083333333333333,120,5,2700,15,4.5,600,min,s3_top25,0.5024613304474833,0.08333333333333333,0.375,0.16666666666666666,15,0.6390456209701865,primary,primary_all|top_up,ESR1
0.6624187970807759,4800,1.0,5.0,3.75,3.333333333333333,1.0,5.083333333333333,120,5,2700,15,4.5,600,min,s3_top25,0.5024613304474833,0.08333333333333333,0.375,0.16666666666666666,15,0.6390456209701865,primary,primary_all|top_up,ESR1
0.8468487736409868,600,1.0,5.0,4.166666666666667,5.0,1.0,1.0,120,5,600,1,1.0,600,min,s3_top50,0.6390456209701865,0.08333333333333333,0.4166666666666667,0.25,1,0.6390456209701865,primary,primary_all|top_up,ESR1
0.746194006782093,1200,1.0,5.0,3.333333333333333,5.0,1.0,2.05,120,5,1200,3,2.0,600,min,s3_top50,0.550184554729574,0.08333333333333333,0.3333333333333333,0.25,3,0.6390456209701865,primary,primary_all|top_up,ESR1
0.5575348989659514,2400,1.0,5.0,2.5,2.5,1.0,4.15,120,5,2400,7,4.0,600,min,s3_top50,0.4221165373893341,0.08333333333333333,0.25,0.125,7,0.6390456209701865,primary,primary_all|top_up,ESR1
0.6363293898228846,3600,1.0,5.0,3.333333333333333,3.333333333333333,1.0,6.25,120,5,3600,11,6.0,600,min,s3_top50,0.47563611803619504,0.08333333333333333,0.3333333333333333,0.16666666666666666,11,0.6390456209701865,primary,primary_all|top_up,ESR1
0.6172993324080112,4800,1.0,5.0,2.9166666666666665,3.333333333333333,1.0,8.35,120,5,4800,15,8.0,600,min,s3_top50,0.45281254199652277,0.08333333333333333,0.2916666666666667,0.16666666666666666,15,0.6390456209701865,primary,primary_all|top_up,ESR1
0.7829015986743124,600,0.6366666666666667,5.0,3.333333333333333,5.0,0.6583333333333333,1.5696202531645569,120,5,600,4,1.5706806282722514,382,min,s4_scaffold25,0.6403613492278141,0.08333333333333333,0.3333333333333333,0.25,4,0.6390456209701865,primary,scaffold_representatives|expand_top_groups,ESR1
0.698557623396875,1200,0.6366666666666667,5.0,2.9166666666666665,3.333333333333333,0.6583333333333333,3.2658227848101267,120,5,1200,10,3.141361256544503,382,min,s4_scaffold25,0.5946166561485621,0.08333333333333333,0.2916666666666667,0.16666666666666666,10,0.6390456209701865,primary,scaffold_representatives|expand_top_groups,ESR1
0.7296519441819515,2400,0.6366666666666667,5.0,3.75,3.333333333333333,0.6583333333333333,4.8734177215189876,120,5,1751,15,4.5837696335078535,382,min,s4_scaffold25,0.610646872062679,0.08333333333333333,0.375,0.16666666666666666,15,0.6390456209701865,primary,scaffold_representatives|expand_top_groups,ESR1
0.7296519441819515,3600,0.6366666666666667,5.0,3.75,3.333333333333333,0.6583333333333333,4.8734177215189876,120,5,1751,15,4.5837696335078535,382,min,s4_scaffold25,0.610646872062679,0.08333333333333333,0.375,0.16666666666666666,15,0.6390456209701865,primary,scaffold_representatives|expand_top_groups,ESR1
0.7296519441819515,4800,0.6366666666666667,5.0,3.75,3.333333333333333,0.6583333333333333,4.8734177215189876,120,5,1751,15,4.5837696335078535,382,min,s4_scaffold25,0.610646872062679,0.08333333333333333,0.375,0.16666666666666666,15,0.6390456209701865,primary,scaffold_representatives|expand_top_groups,ESR1
0.6586594165275864,600,0.7016666666666667,5.0,2.5,4.166666666666667,0.7083333333333334,1.4352941176470588,120,5,600,2,1.4251781472684086,421,min,s4_scaffold50,0.5225735410496813,0.08333333333333333,0.25,0.20833333333333334,2,0.6390456209701865,primary,scaffold_representatives|expand_top_groups,ESR1
0.5940473060634089,1200,0.765,5.0,2.9166666666666665,3.333333333333333,0.7083333333333334,2.552941176470588,120,5,1200,5,2.6143790849673203,459,min,s4_scaffold50,0.48233104318135417,0.08333333333333333,0.2916666666666667,0.16666666666666666,5,0.6390456209701865,primary,scaffold_representatives|expand_top_groups,ESR1
0.5274235784023894,2400,0.765,5.0,2.5,2.5,0.7083333333333334,5.129411764705883,120,5,2400,9,5.228758169934641,459,min,s4_scaffold50,0.44078255750628853,0.08333333333333333,0.25,0.125,9,0.6390456209701865,primary,scaffold_representatives|expand_top_groups,ESR1
0.6052186373224495,3600,0.765,5.0,2.9166666666666665,3.333333333333333,0.7083333333333334,7.4,120,5,3600,13,7.8431372549019605,459,min,s4_scaffold50,0.48203069156800443,0.08333333333333333,0.2916666666666667,0.16666666666666666,13,0.6390456209701865,primary,scaffold_representatives|expand_top_groups,ESR1
0.6052186373224495,4800,0.765,5.0,2.9166666666666665,3.333333333333333,0.7083333333333334,8.48235294117647,120,5,4159,15,9.061002178649238,459,min,s4_scaffold50,0.48203069156800443,0.08333333333333333,0.2916666666666667,0.16666666666666666,15,0.6390456209701865,primary,scaffold_representatives|expand_top_groups,ESR1
0.5625168096122801,600,1.0,2.5,2.5,3.333333333333333,1.0,1.0,120,5,600,1,1.0,600,min,s5_score_oracle,0.422228983696552,0.041666666666666664,0.25,0.16666666666666666,14,0.6390456209701865,primary,score_oracle,ESR1
0.5625168096122801,1200,1.0,2.5,2.5,3.333333333333333,1.0,2.0,120,5,1200,2,2.0,600,min,s5_score_oracle,0.422228983696552,0.041666666666666664,0.25,0.16666666666666666,15,0.6390456209701865,primary,score_oracle,ESR1
0.5625168096122801,2400,1.0,2.5,2.5,3.333333333333333,1.0,4.0,120,5,2400,4,4.0,600,min,s5_score_oracle,0.422228983696552,0.041666666666666664,0.25,0.16666666666666666,15,0.6390456209701865,primary,score_oracle,ESR1
0.5625168096122801,3600,1.0,2.5,2.5,3.333333333333333,1.0,6.0,120,5,3600,6,6.0,600,min,s5_score_oracle,0.422228983696552,0.041666666666666664,0.25,0.16666666666666666,15,0.6390456209701865,primary,score_oracle,ESR1
0.5625168096122801,4800,1.0,2.5,2.5,3.333333333333333,1.0,8.0,120,5,4800,8,8.0,600,min,s5_score_oracle,0.422228983696552,0.041666666666666664,0.25,0.16666666666666666,15,0.6390456209701865,primary,score_oracle,ESR1
0.9371157049008089,600,1.0,5.0,4.583333333333333,5.0,1.0,1.0,120,1,600,1,1.0,600,mean,s1_width,0.9038039529810842,0.08333333333333333,0.4583333333333333,0.25,1,0.9038039529810842,primary,width,PPARA
0.9371157049008089,1200,1.0,5.0,4.583333333333333,5.0,1.0,1.0,120,1,600,1,1.0,600,mean,s1_width,0.9038039529810842,0.08333333333333333,0.4583333333333333,0.25,1,0.9038039529810842,primary,width,PPARA
0.9371157049008089,2400,1.0,5.0,4.583333333333333,5.0,1.0,1.0,120,1,600,1,1.0,600,mean,s1_width,0.9038039529810842,0.08333333333333333,0.4583333333333333,0.25,1,0.9038039529810842,primary,width,PPARA
0.9371157049008089,3600,1.0,5.0,4.583333333333333,5.0,1.0,1.0,120,1,600,1,1.0,600,mean,s1_width,0.9038039529810842,0.08333333333333333,0.4583333333333333,0.25,1,0.9038039529810842,primary,width,PPARA
0.9371157049008089,4800,1.0,5.0,4.583333333333333,5.0,1.0,1.0,120,1,600,1,1.0,600,mean,s1_width,0.9038039529810842,0.08333333333333333,0.4583333333333333,0.25,1,0.9038039529810842,primary,width,PPARA
0.9371157049008089,600,1.0,5.0,4.583333333333333,5.0,1.0,1.0,120,1,600,1,1.0,600,mean,s2_uniform,0.9038039529810842,0.08333333333333333,0.4583333333333333,0.25,1,0.9038039529810842,primary,uniform,PPARA
0.9541662194540262,1200,1.0,5.0,4.583333333333333,5.0,1.0,2.0,120,1,1200,2,2.0,600,mean,s2_uniform,0.9542457902126514,0.08333333333333333,0.4583333333333333,0.25,2,0.9038039529810842,primary,uniform,PPARA
0.9541662194540262,2400,1.0,5.0,4.583333333333333,5.0,1.0,4.0,120,1,2400,4,4.0,600,mean,s2_uniform,0.9542457902126514,0.08333333333333333,0.4583333333333333,0.25,4,0.9038039529810842,primary,uniform,PPARA
0.9616422565064796,3600,1.0,5.0,4.583333333333333,5.0,1.0,6.0,120,1,3600,6,6.0,600,mean,s2_uniform,0.9588754198422812,0.08333333333333333,0.4583333333333333,0.25,6,0.9038039529810842,primary,uniform,PPARA
0.9541662194540262,4800,1.0,5.0,4.583333333333333,5.0,1.0,8.0,120,1,4800,8,8.0,600,mean,s2_uniform,0.9542457902126514,0.08333333333333333,0.4583333333333333,0.25,8,0.9038039529810842,primary,uniform,PPARA
0.9371157049008089,600,1.0,5.0,4.583333333333333,5.0,1.0,1.0,120,1,600,1,1.0,600,mean,s3_top10,0.9038039529810842,0.08333333333333333,0.4583333333333333,0.25,1,0.9038039529810842,primary,primary_all|top_up,PPARA
0.9534236361721473,1200,1.0,5.0,4.583333333333333,5.0,1.0,1.5833333333333333,120,1,1200,11,2.0,600,mean,s3_top10,0.913641915944047,0.08333333333333333,0.4583333333333333,0.25,11,0.9038039529810842,primary,primary_all|top_up,PPARA
0.9534236361721473,2400,1.0,5.0,4.583333333333333,5.0,1.0,1.8166666666666667,120,1,1440,15,2.4,600,mean,s3_top10,0.913641915944047,0.08333333333333333,0.4583333333333333,0.25,15,0.9038039529810842,primary,primary_all|top_up,PPARA
0.9534236361721473,3600,1.0,5.0,4.583333333333333,5.0,1.0,1.8166666666666667,120,1,1440,15,2.4,600,mean,s3_top10,0.913641915944047,0.08333333333333333,0.4583333333333333,0.25,15,0.9038039529810842,primary,primary_all|top_up,PPARA
0.9534236361721473,4800,1.0,5.0,4.583333333333333,5.0,1.0,1.8166666666666667,120,1,1440,15,2.4,600,mean,s3_top10,0.913641915944047,0.08333333333333333,0.4583333333333333,0.25,15,0.9038039529810842,primary,primary_all|top_up,PPARA
0.9371157049008089,600,1.0,5.0,4.583333333333333,5.0,1.0,1.0,120,1,600,1,1.0,600,mean,s3_top25,0.9038039529810842,0.08333333333333333,0.4583333333333333,0.25,1,0.9038039529810842,primary,primary_all|top_up,PPARA
0.9702330292020568,1200,1.0,5.0,4.583333333333333,5.0,1.0,1.8333333333333333,120,1,1200,5,2.0,600,mean,s3_top25,0.9302561657067226,0.08333333333333333,0.4583333333333333,0.25,5,0.9038039529810842,primary,primary_all|top_up,PPARA
0.9533968068883898,2400,1.0,5.0,4.583333333333333,5.0,1.0,3.5,120,1,2400,13,4.0,600,mean,s3_top25,0.9169195777777434,0.08333333333333333,0.4583333333333333,0.25,13,0.9038039529810842,primary,primary_all|top_up,PPARA
0.9370888756170511,3600,1.0,5.0,4.583333333333333,5.0,1.0,3.9166666666666665,120,1,2700,15,4.5,600,mean,s3_top25,0.9070816148147806,0.08333333333333333,0.4583333333333333,0.25,15,0.9038039529810842,primary,primary_all|top_up,PPARA
0.9370888756170511,4800,1.0,5.0,4.583333333333333,5.0,1.0,3.9166666666666665,120,1,2700,15,4.5,600,mean,s3_top25,0.9070816148147806,0.08333333333333333,0.4583333333333333,0.25,15,0.9038039529810842,primary,primary_all|top_up,PPARA
0.9371157049008089,600,1.0,5.0,4.583333333333333,5.0,1.0,1.0,120,1,600,1,1.0,600,mean,s3_top50,0.9038039529810842,0.08333333333333333,0.4583333333333333,0.25,1,0.9038039529810842,primary,primary_all|top_up,PPARA
0.9437148753569631,1200,1.0,5.0,4.583333333333333,5.0,1.0,1.9166666666666667,120,1,1200,3,2.0,600,mean,s3_top50,0.9423707902126516,0.08333333333333333,0.4583333333333333,0.25,3,0.9038039529810842,primary,primary_all|top_up,PPARA
0.9530392264292737,2400,1.0,5.0,4.583333333333333,5.0,1.0,3.75,120,1,2400,7,4.0,600,mean,s3_top50,0.9499600759269372,0.08333333333333333,0.4583333333333333,0.25,7,0.9038039529810842,primary,primary_all|top_up,PPARA
0.9519410730423287,3600,1.0,5.0,4.583333333333333,5.0,1.0,5.583333333333333,120,1,3600,11,6.0,600,mean,s3_top50,0.9436575549185339,0.08333333333333333,0.4583333333333333,0.25,11,0.9038039529810842,primary,primary_all|top_up,PPARA
0.9429280140714043,4800,1.0,5.0,4.583333333333333,5.0,1.0,7.416666666666667,120,1,4800,15,8.0,600,mean,s3_top50,0.936815234657096,0.08333333333333333,0.4583333333333333,0.25,15,0.9038039529810842,primary,primary_all|top_up,PPARA
0.9679705852459866,600,0.41833333333333333,5.0,4.583333333333333,5.0,0.21666666666666667,2.769230769230769,120,1,600,7,2.3904382470119523,251,mean,s4_scaffold25,0.9630420865089477,0.08333333333333333,0.4583333333333333,0.25,7,0.9038039529810842,primary,scaffold_representatives|expand_top_groups,PPARA
0.9541662194540262,1200,0.41833333333333333,5.0,4.583333333333333,5.0,0.21666666666666667,5.846153846153846,120,1,1184,15,4.717131474103586,251,mean,s4_scaffold25,0.9542457902126514,0.08333333333333333,0.4583333333333333,0.25,15,0.9038039529810842,primary,scaffold_representatives|expand_top_groups,PPARA
0.9541662194540262,2400,0.41833333333333333,5.0,4.583333333333333,5.0,0.21666666666666667,5.846153846153846,120,1,1184,15,4.717131474103586,251,mean,s4_scaffold25,0.9542457902126514,0.08333333333333333,0.4583333333333333,0.25,15,0.9038039529810842,primary,scaffold_representatives|expand_top_groups,PPARA
0.9541662194540262,3600,0.41833333333333333,5.0,4.583333333333333,5.0,0.21666666666666667,5.846153846153846,120,1,1184,15,4.717131474103586,251,mean,s4_scaffold25,0.9542457902126514,0.08333333333333333,0.4583333333333333,0.25,15,0.9038039529810842,primary,scaffold_representatives|expand_top_groups,PPARA
0.9541662194540262,4800,0.41833333333333333,5.0,4.583333333333333,5.0,0.21666666666666667,5.846153846153846,120,1,1184,15,4.717131474103586,251,mean,s4_scaffold25,0.9542457902126514,0.08333333333333333,0.4583333333333333,0.25,15,0.9038039529810842,primary,scaffold_representatives|expand_top_groups,PPARA
0.9541662194540262,600,0.43833333333333335,5.0,4.583333333333333,5.0,0.21666666666666667,3.0384615384615383,120,1,600,4,2.2813688212927756,263,mean,s4_scaffold50,0.9542457902126514,0.08333333333333333,0.4583333333333333,0.25,4,0.9038039529810842,primary,scaffold_representatives|expand_top_groups,PPARA
0.9541662194540262,1200,0.43833333333333335,5.0,4.583333333333333,5.0,0.21666666666666667,6.653846153846154,120,1,1200,8,4.562737642585551,263,mean,s4_scaffold50,0.9542457902126514,0.08333333333333333,0.4583333333333333,0.25,8,0.9038039529810842,primary,scaffold_representatives|expand_top_groups,PPARA
0.9453343252351409,2400,0.43833333333333335,5.0,4.583333333333333,5.0,0.21666666666666667,12.846153846153847,120,1,2206,15,8.387832699619771,263,mean,s4_scaffold50,0.9490374568793181,0.08333333333333333,0.4583333333333333,0.25,15,0.9038039529810842,primary,scaffold_representatives|expand_top_groups,PPARA
0.9453343252351409,3600,0.43833333333333335,5.0,4.583333333333333,5.0,0.21666666666666667,12.846153846153847,120,1,2206,15,8.387832699619771,263,mean,s4_scaffold50,0.9490374568793181,0.08333333333333333,0.4583333333333333,0.25,15,0.9038039529810842,primary,scaffold_representatives|expand_top_groups,PPARA
0.9453343252351409,4800,0.43833333333333335,5.0,4.583333333333333,5.0,0.21666666666666667,12.846153846153847,120,1,2206,15,8.387832699619771,263,mean,s4_scaffold50,0.9490374568793181,0.08333333333333333,0.4583333333333333,0.25,15,0.9038039529810842,primary,scaffold_representatives|expand_top_groups,PPARA
0.9519321141842456,600,1.0,5.0,4.583333333333333,5.0,1.0,1.0,120,1,600,1,1.0,600,mean,s5_score_oracle,0.9286705288772762,0.08333333333333333,0.4583333333333333,0.25,15,0.9038039529810842,primary,score_oracle,PPARA
0.9497294972268403,1200,1.0,5.0,4.583333333333333,5.0,1.0,2.0,120,1,1200,2,2.0,600,mean,s5_score_oracle,0.9395898875404445,0.08333333333333333,0.4583333333333333,0.25,15,0.9038039529810842,primary,score_oracle,PPARA
0.9532070444768589,2400,1.0,5.0,4.583333333333333,5.0,1.0,4.0,120,1,2400,4,4.0,600,mean,s5_score_oracle,0.9511101064519677,0.08333333333333333,0.4583333333333333,0.25,15,0.9038039529810842,primary,score_oracle,PPARA
0.9448946111138479,3600,1.0,5.0,4.583333333333333,5.0,1.0,6.0,120,1,3600,6,6.0,600,mean,s5_score_oracle,0.9474989953408567,0.08333333333333333,0.4583333333333333,0.25,15,0.9038039529810842,primary,score_oracle,PPARA
0.9453343252351409,4800,1.0,5.0,4.583333333333333,5.0,1.0,8.0,120,1,4800,8,8.0,600,mean,s5_score_oracle,0.9490374568793181,0.08333333333333333,0.4583333333333333,0.25,15,0.9038039529810842,primary,score_oracle,PPARA
0.9371157049008089,600,1.0,5.0,4.583333333333333,5.0,1.0,1.0,120,1,600,1,1.0,600,min,s1_width,0.9038039529810842,0.08333333333333333,0.4583333333333333,0.25,1,0.9038039529810842,primary,width,PPARA
0.9371157049008089,1200,1.0,5.0,4.583333333333333,5.0,1.0,1.0,120,1,600,1,1.0,600,min,s1_width,0.9038039529810842,0.08333333333333333,0.4583333333333333,0.25,1,0.9038039529810842,primary,width,PPARA
0.9371157049008089,2400,1.0,5.0,4.583333333333333,5.0,1.0,1.0,120,1,600,1,1.0,600,min,s1_width,0.9038039529810842,0.08333333333333333,0.4583333333333333,0.25,1,0.9038039529810842,primary,width,PPARA
0.9371157049008089,3600,1.0,5.0,4.583333333333333,5.0,1.0,1.0,120,1,600,1,1.0,600,min,s1_width,0.9038039529810842,0.08333333333333333,0.4583333333333333,0.25,1,0.9038039529810842,primary,width,PPARA
0.9371157049008089,4800,1.0,5.0,4.583333333333333,5.0,1.0,1.0,120,1,600,1,1.0,600,min,s1_width,0.9038039529810842,0.08333333333333333,0.4583333333333333,0.25,1,0.9038039529810842,primary,width,PPARA
0.9371157049008089,600,1.0,5.0,4.583333333333333,5.0,1.0,1.0,120,1,600,1,1.0,600,min,s2_uniform,0.9038039529810842,0.08333333333333333,0.4583333333333333,0.25,1,0.9038039529810842,primary,uniform,PPARA
0.9409445587126445,1200,1.0,5.0,4.583333333333333,5.0,1.0,2.0,120,1,1200,2,2.0,600,min,s2_uniform,0.9291799053622839,0.08333333333333333,0.4583333333333333,0.25,2,0.9038039529810842,primary,uniform,PPARA
0.9525197655733997,2400,1.0,5.0,4.583333333333333,5.0,1.0,4.0,120,1,2400,4,4.0,600,min,s2_uniform,0.948362853704715,0.08333333333333333,0.4583333333333333,0.25,4,0.9038039529810842,primary,uniform,PPARA
0.9525197655733997,3600,1.0,5.0,4.583333333333333,5.0,1.0,6.0,120,1,3600,6,6.0,600,min,s2_uniform,0.948362853704715,0.08333333333333333,0.4583333333333333,0.25,6,0.9038039529810842,primary,uniform,PPARA
0.9465673699043085,4800,1.0,5.0,4.583333333333333,5.0,1.0,8.0,120,1,4800,8,8.0,600,min,s2_uniform,0.9268617792960319,0.08333333333333333,0.4583333333333333,0.25,8,0.9038039529810842,primary,uniform,PPARA
0.9371157049008089,600,1.0,5.0,4.583333333333333,5.0,1.0,1.0,120,1,600,1,1.0,600,min,s3_top10,0.9038039529810842,0.08333333333333333,0.4583333333333333,0.25,1,0.9038039529810842,primary,primary_all|top_up,PPARA
0.9371157049008089,1200,1.0,5.0,4.583333333333333,5.0,1.0,1.5833333333333333,120,1,1200,11,2.0,600,min,s3_top10,0.9038039529810842,0.08333333333333333,0.4583333333333333,0.25,11,0.9038039529810842,primary,primary_all|top_up,PPARA
0.9371157049008089,2400,1.0,5.0,4.583333333333333,5.0,1.0,1.8166666666666667,120,1,1440,15,2.4,600,min,s3_top10,0.9038039529810842,0.08333333333333333,0.4583333333333333,0.25,15,0.9038039529810842,primary,primary_all|top_up,PPARA
0.9371157049008089,3600,1.0,5.0,4.583333333333333,5.0,1.0,1.8166666666666667,120,1,1440,15,2.4,600,min,s3_top10,0.9038039529810842,0.08333333333333333,0.4583333333333333,0.25,15,0.9038039529810842,primary,primary_all|top_up,PPARA
0.9371157049008089,4800,1.0,5.0,4.583333333333333,5.0,1.0,1.8166666666666667,120,1,1440,15,2.4,600,min,s3_top10,0.9038039529810842,0.08333333333333333,0.4583333333333333,0.25,15,0.9038039529810842,primary,primary_all|top_up,PPARA
0.9371157049008089,600,1.0,5.0,4.583333333333333,5.0,1.0,1.0,120,1,600,1,1.0,600,min,s3_top25,0.9038039529810842,0.08333333333333333,0.4583333333333333,0.25,1,0.9038039529810842,primary,primary_all|top_up,PPARA
0.945947599119694,1200,1.0,5.0,4.583333333333333,5.0,1.0,1.8333333333333333,120,1,1200,5,2.0,600,min,s3_top25,0.9090122863144176,0.08333333333333333,0.4583333333333333,0.25,5,0.9038039529810842,primary,primary_all|top_up,PPARA
0.9597519649116544,2400,1.0,5.0,4.583333333333333,5.0,1.0,3.5,120,1,2400,13,4.0,600,min,s3_top25,0.9178085826107137,0.08333333333333333,0.4583333333333333,0.25,13,0.9038039529810842,primary,primary_all|top_up,PPARA
0.9534236361721473,3600,1.0,5.0,4.583333333333333,5.0,1.0,3.9166666666666665,120,1,2700,15,4.5,600,min,s3_top25,0.913641915944047,0.08333333333333333,0.4583333333333333,0.25,15,0.9038039529810842,primary,primary_all|top_up,PPARA
0.9534236361721473,4800,1.0,5.0,4.583333333333333,5.0,1.0,3.9166666666666665,120,1,2700,15,4.5,600,min,s3_top25,0.913641915944047,0.08333333333333333,0.4583333333333333,0.25,15,0.9038039529810842,primary,primary_all|top_up,PPARA
0.9371157049008089,600,1.0,5.0,4.583333333333333,5.0,1.0,1.0,120,1,600,1,1.0,600,min,s3_top50,0.9038039529810842,0.08333333333333333,0.4583333333333333,0.25,1,0.9038039529810842,primary,primary_all|top_up,PPARA
0.9376109571950481,1200,1.0,5.0,4.583333333333333,5.0,1.0,1.9166666666666667,120,1,1200,3,2.0,600,min,s3_top50,0.9070641958246602,0.08333333333333333,0.4583333333333333,0.25,3,0.9038039529810842,primary,primary_all|top_up,PPARA
0.9493686234335439,2400,1.0,5.0,4.583333333333333,5.0,1.0,3.75,120,1,2400,7,4.0,600,min,s3_top50,0.925389813108611,0.08333333333333333,0.4583333333333333,0.25,7,0.9038039529810842,primary,primary_all|top_up,PPARA
0.9639804317886221,3600,1.0,5.0,4.583333333333333,5.0,1.0,5.583333333333333,120,1,3600,11,6.0,600,min,s3_top50,0.9288346070248962,0.08333333333333333,0.4583333333333333,0.25,11,0.9038039529810842,primary,primary_all|top_up,PPARA
0.9519230784541716,4800,1.0,5.0,4.583333333333333,5.0,1.0,7.416666666666667,120,1,4800,15,8.0,600,min,s3_top50,0.9195149143718702,0.08333333333333333,0.4583333333333333,0.25,15,0.9038039529810842,primary,primary_all|top_up,PPARA
0.9541662194540262,600,0.41833333333333333,5.0,4.583333333333333,5.0,0.21666666666666667,2.769230769230769,120,1,600,7,2.3904382470119523,251,min,s4_scaffold25,0.9542457902126514,0.08333333333333333,0.4583333333333333,0.25,7,0.9038039529810842,primary,scaffold_representatives|expand_top_groups,PPARA
0.9541662194540262,1200,0.41833333333333333,5.0,4.583333333333333,5.0,0.21666666666666667,5.846153846153846,120,1,1184,15,4.717131474103586,251,min,s4_scaffold25,0.9542457902126514,0.08333333333333333,0.4583333333333333,0.25,15,0.9038039529810842,primary,scaffold_representatives|expand_top_groups,PPARA
0.9541662194540262,2400,0.41833333333333333,5.0,4.583333333333333,5.0,0.21666666666666667,5.846153846153846,120,1,1184,15,4.717131474103586,251,min,s4_scaffold25,0.9542457902126514,0.08333333333333333,0.4583333333333333,0.25,15,0.9038039529810842,primary,scaffold_representatives|expand_top_groups,PPARA
0.9541662194540262,3600,0.41833333333333333,5.0,4.583333333333333,5.0,0.21666666666666667,5.846153846153846,120,1,1184,15,4.717131474103586,251,min,s4_scaffold25,0.9542457902126514,0.08333333333333333,0.4583333333333333,0.25,15,0.9038039529810842,primary,scaffold_representatives|expand_top_groups,PPARA
0.9541662194540262,4800,0.41833333333333333,5.0,4.583333333333333,5.0,0.21666666666666667,5.846153846153846,120,1,1184,15,4.717131474103586,251,min,s4_scaffold25,0.9542457902126514,0.08333333333333333,0.4583333333333333,0.25,15,0.9038039529810842,primary,scaffold_representatives|expand_top_groups,PPARA
0.9541662194540262,600,0.43833333333333335,5.0,4.583333333333333,5.0,0.21666666666666667,3.0384615384615383,120,1,600,4,2.2813688212927756,263,min,s4_scaffold50,0.9542457902126514,0.08333333333333333,0.4583333333333333,0.25,4,0.9038039529810842,primary,scaffold_representatives|expand_top_groups,PPARA
0.9541662194540262,1200,0.43833333333333335,5.0,4.583333333333333,5.0,0.21666666666666667,6.653846153846154,120,1,1200,8,4.562737642585551,263,min,s4_scaffold50,0.9542457902126514,0.08333333333333333,0.4583333333333333,0.25,8,0.9038039529810842,primary,scaffold_representatives|expand_top_groups,PPARA
0.9616422565064796,2400,0.43833333333333335,5.0,4.583333333333333,5.0,0.21666666666666667,12.846153846153847,120,1,2206,15,8.387832699619771,263,min,s4_scaffold50,0.9588754198422812,0.08333333333333333,0.4583333333333333,0.25,15,0.9038039529810842,primary,scaffold_representatives|expand_top_groups,PPARA
0.9616422565064796,3600,0.43833333333333335,5.0,4.583333333333333,5.0,0.21666666666666667,12.846153846153847,120,1,2206,15,8.387832699619771,263,min,s4_scaffold50,0.9588754198422812,0.08333333333333333,0.4583333333333333,0.25,15,0.9038039529810842,primary,scaffold_representatives|expand_top_groups,PPARA
0.9616422565064796,4800,0.43833333333333335,5.0,4.583333333333333,5.0,0.21666666666666667,12.846153846153847,120,1,2206,15,8.387832699619771,263,min,s4_scaffold50,0.9588754198422812,0.08333333333333333,0.4583333333333333,0.25,15,0.9038039529810842,primary,scaffold_representatives|expand_top_groups,PPARA
0.9519321141842456,600,1.0,5.0,4.583333333333333,5.0,1.0,1.0,120,1,600,1,1.0,600,min,s5_score_oracle,0.9286705288772762,0.08333333333333333,0.4583333333333333,0.25,15,0.9038039529810842,primary,score_oracle,PPARA
0.9519321141842456,1200,1.0,5.0,4.583333333333333,5.0,1.0,2.0,120,1,1200,2,2.0,600,min,s5_score_oracle,0.9286705288772762,0.08333333333333333,0.4583333333333333,0.25,15,0.9038039529810842,primary,score_oracle,PPARA
0.9519321141842456,2400,1.0,5.0,4.583333333333333,5.0,1.0,4.0,120,1,2400,4,4.0,600,min,s5_score_oracle,0.9286705288772762,0.08333333333333333,0.4583333333333333,0.25,15,0.9038039529810842,primary,score_oracle,PPARA
0.9519321141842456,3600,1.0,5.0,4.583333333333333,5.0,1.0,6.0,120,1,3600,6,6.0,600,min,s5_score_oracle,0.9286705288772762,0.08333333333333333,0.4583333333333333,0.25,15,0.9038039529810842,primary,score_oracle,PPARA
0.9519321141842456,4800,1.0,5.0,4.583333333333333,5.0,1.0,8.0,120,1,4800,8,8.0,600,min,s5_score_oracle,0.9286705288772762,0.08333333333333333,0.4583333333333333,0.25,15,0.9038039529810842,primary,score_oracle,PPARA
0.6138543282105393,600,1.0,2.5,3.333333333333333,2.5,1.0,1.0,120,2,600,1,1.0,600,mean,s1_width,0.6043416687881757,0.041666666666666664,0.3333333333333333,0.125,1,0.6043416687881757,primary,width,PPARA
0.6138543282105393,1200,1.0,2.5,3.333333333333333,2.5,1.0,1.0,120,2,600,1,1.0,600,mean,s1_width,0.6043416687881757,0.041666666666666664,0.3333333333333333,0.125,1,0.6043416687881757,primary,width,PPARA
0.6138543282105393,2400,1.0,2.5,3.333333333333333,2.5,1.0,1.0,120,2,600,1,1.0,600,mean,s1_width,0.6043416687881757,0.041666666666666664,0.3333333333333333,0.125,1,0.6043416687881757,primary,width,PPARA
0.6138543282105393,3600,1.0,2.5,3.333333333333333,2.5,1.0,1.0,120,2,600,1,1.0,600,mean,s1_width,0.6043416687881757,0.041666666666666664,0.3333333333333333,0.125,1,0.6043416687881757,primary,width,PPARA
0.6138543282105393,4800,1.0,2.5,3.333333333333333,2.5,1.0,1.0,120,2,600,1,1.0,600,mean,s1_width,0.6043416687881757,0.041666666666666664,0.3333333333333333,0.125,1,0.6043416687881757,primary,width,PPARA
0.6138543282105393,600,1.0,2.5,3.333333333333333,2.5,1.0,1.0,120,2,600,1,1.0,600,mean,s2_uniform,0.6043416687881757,0.041666666666666664,0.3333333333333333,0.125,1,0.6043416687881757,primary,uniform,PPARA
0.7509082874556154,1200,1.0,2.5,3.75,3.333333333333333,1.0,2.0,120,2,1200,2,2.0,600,mean,s2_uniform,0.7257149049496726,0.041666666666666664,0.375,0.16666666666666666,2,0.6043416687881757,primary,uniform,PPARA
0.8335328428564032,2400,1.0,5.0,4.166666666666667,4.166666666666667,1.0,4.0,120,2,2400,4,4.0,600,mean,s2_uniform,0.7912823947089299,0.08333333333333333,0.4166666666666667,0.20833333333333334,4,0.6043416687881757,primary,uniform,PPARA
0.8265547529354137,3600,1.0,2.5,4.583333333333333,4.166666666666667,1.0,6.0,120,2,3600,6,6.0,600,mean,s2_uniform,0.7762568531208881,0.041666666666666664,0.4583333333333333,0.20833333333333334,6,0.6043416687881757,primary,uniform,PPARA
0.8278924053916324,4800,1.0,2.5,4.583333333333333,4.166666666666667,1.0,8.0,120,2,4800,8,8.0,600,mean,s2_uniform,0.7803407333513169,0.041666666666666664,0.4583333333333333,0.20833333333333334,8,0.6043416687881757,primary,uniform,PPARA
0.6138543282105393,600,1.0,2.5,3.333333333333333,2.5,1.0,1.0,120,2,600,1,1.0,600,mean,s3_top10,0.6043416687881757,0.041666666666666664,0.3333333333333333,0.125,1,0.6043416687881757,primary,primary_all|top_up,PPARA
0.7934094047392037,1200,1.0,2.5,4.166666666666667,4.166666666666667,1.0,1.9166666666666667,120,2,1200,11,2.0,600,mean,s3_top10,0.7008122983454282,0.041666666666666664,0.4166666666666667,0.20833333333333334,11,0.6043416687881757,primary,primary_all|top_up,PPARA
0.789110680727491,2400,1.0,2.5,4.166666666666667,4.166666666666667,1.0,2.283333333333333,120,2,1440,15,2.4,600,mean,s3_top10,0.6967375434434674,0.041666666666666664,0.4166666666666667,0.20833333333333334,15,0.6043416687881757,primary,primary_all|top_up,PPARA
0.789110680727491,3600,1.0,2.5,4.166666666666667,4.166666666666667,1.0,2.283333333333333,120,2,1440,15,2.4,600,mean,s3_top10,0.6967375434434674,0.041666666666666664,0.4166666666666667,0.20833333333333334,15,0.6043416687881757,primary,primary_all|top_up,PPARA
0.789110680727491,4800,1.0,2.5,4.166666666666667,4.166666666666667,1.0,2.283333333333333,120,2,1440,15,2.4,600,mean,s3_top10,0.6967375434434674,0.041666666666666664,0.4166666666666667,0.20833333333333334,15,0.6043416687881757,primary,primary_all|top_up,PPARA
0.6138543282105393,600,1.0,2.5,3.333333333333333,2.5,1.0,1.0,120,2,600,1,1.0,600,mean,s3_top25,0.6043416687881757,0.041666666666666664,0.3333333333333333,0.125,1,0.6043416687881757,primary,primary_all|top_up,PPARA
0.8345564538953075,1200,1.0,5.0,4.583333333333333,4.166666666666667,1.0,1.8333333333333333,120,2,1200,5,2.0,600,mean,s3_top25,0.7518608993530526,0.08333333333333333,0.4583333333333333,0.20833333333333334,5,0.6043416687881757,primary,primary_all|top_up,PPARA
0.8144437900371011,2400,1.0,2.5,4.583333333333333,4.166666666666667,1.0,3.5,120,2,2400,13,4.0,600,mean,s3_top25,0.7321304814498552,0.041666666666666664,0.4583333333333333,0.20833333333333334,13,0.6043416687881757,primary,primary_all|top_up,PPARA
0.8053613451847719,3600,1.0,2.5,4.166666666666667,4.166666666666667,1.0,3.9166666666666665,120,2,2700,15,4.5,600,mean,s3_top25,0.723160880789078,0.041666666666666664,0.4166666666666667,0.20833333333333334,15,0.6043416687881757,primary,primary_all|top_up,PPARA
0.8053613451847719,4800,1.0,2.5,4.166666666666667,4.166666666666667,1.0,3.9166666666666665,120,2,2700,15,4.5,600,mean,s3_top25,0.723160880789078,0.041666666666666664,0.4166666666666667,0.20833333333333334,15,0.6043416687881757,primary,primary_all|top_up,PPARA
0.6138543282105393,600,1.0,2.5,3.333333333333333,2.5,1.0,1.0,120,2,600,1,1.0,600,mean,s3_top50,0.6043416687881757,0.041666666666666664,0.3333333333333333,0.125,1,0.6043416687881757,primary,primary_all|top_up,PPARA
0.8494373605711377,1200,1.0,5.0,4.583333333333333,4.166666666666667,1.0,2.1333333333333333,120,2,1200,3,2.0,600,mean,s3_top50,0.8061732778708981,0.08333333333333333,0.4583333333333333,0.20833333333333334,3,0.6043416687881757,primary,primary_all|top_up,PPARA
0.8216681233687184,2400,1.0,2.5,4.166666666666667,4.166666666666667,1.0,4.4,120,2,2400,7,4.0,600,mean,s3_top50,0.7824522760413298,0.041666666666666664,0.4166666666666667,0.20833333333333334,7,0.6043416687881757,primary,primary_all|top_up,PPARA
0.8242639860486082,3600,1.0,2.5,4.583333333333333,4.166666666666667,1.0,6.666666666666667,120,2,3600,11,6.0,600,mean,s3_top50,0.7706415738989761,0.041666666666666664,0.4583333333333333,0.20833333333333334,11,0.6043416687881757,primary,primary_all|top_up,PPARA
0.8179528753698031,4800,1.0,2.5,4.166666666666667,4.166666666666667,1.0,8.933333333333334,120,2,4800,15,8.0,600,mean,s3_top50,0.7559325044507798,0.041666666666666664,0.4166666666666667,0.20833333333333334,15,0.6043416687881757,primary,primary_all|top_up,PPARA
0.854886206270085,600,0.43,5.0,4.583333333333333,4.166666666666667,0.30833333333333335,2.6486486486486487,120,2,600,6,2.3255813953488373,258,mean,s4_scaffold25,0.8491267253948415,0.08333333333333333,0.4583333333333333,0.20833333333333334,6,0.6043416687881757,primary,scaffold_representatives|expand_top_groups,PPARA
0.828755243224789,1200,0.43,2.5,4.166666666666667,4.166666666666667,0.30833333333333335,5.513513513513513,120,2,1200,14,4.651162790697675,258,mean,s4_scaffold25,0.830155194474781,0.041666666666666664,0.4166666666666667,0.20833333333333334,14,0.6043416687881757,primary,scaffold_representatives|expand_top_groups,PPARA
0.8236769008515166,2400,0.43,2.5,4.166666666666667,4.166666666666667,0.30833333333333335,5.918918918918919,120,2,1282,15,4.9689922480620154,258,mean,s4_scaffold25,0.8255172976493842,0.041666666666666664,0.4166666666666667,0.20833333333333334,15,0.6043416687881757,primary,scaffold_representatives|expand_top_groups,PPARA
0.8236769008515166,3600,0.43,2.5,4.166666666666667,4.166666666666667,0.30833333333333335,5.918918918918919,120,2,1282,15,4.9689922480620154,258,mean,s4_scaffold25,0.8255172976493842,0.041666666666666664,0.4166666666666667,0.20833333333333334,15,0.6043416687881757,primary,scaffold_representatives|expand_top_groups,PPARA
0.8236769008515166,4800,0.43,2.5,4.166666666666667,4.166666666666667,0.30833333333333335,5.918918918918919,120,2,1282,15,4.9689922480620154,258,mean,s4_scaffold25,0.8255172976493842,0.041666666666666664,0.4166666666666667,0.20833333333333334,15,0.6043416687881757,primary,scaffold_representatives|expand_top_groups,PPARA
0.8423518874579088,600,0.47,5.0,4.166666666666667,4.166666666666667,0.30833333333333335,2.2972972972972974,120,2,600,4,2.127659574468085,282,mean,s4_scaffold50,0.8413774206060629,0.08333333333333333,0.4166666666666667,0.20833333333333334,4,0.6043416687881757,primary,scaffold_representatives|expand_top_groups,PPARA
0.827343202219671,1200,0.47,2.5,4.166666666666667,4.166666666666667,0.30833333333333335,4.405405405405405,120,2,1200,7,4.25531914893617,282,mean,s4_scaffold50,0.828327709094664,0.041666666666666664,0.4166666666666667,0.20833333333333334,7,0.6043416687881757,primary,scaffold_representatives|expand_top_groups,PPARA
0.827343202219671,2400,0.47,2.5,4.166666666666667,4.166666666666667,0.30833333333333335,8.783783783783784,120,2,2400,15,8.51063829787234,282,mean,s4_scaffold50,0.828327709094664,0.041666666666666664,0.4166666666666667,0.20833333333333334,15,0.6043416687881757,primary,scaffold_representatives|expand_top_groups,PPARA
0.827343202219671,3600,0.47,2.5,4.166666666666667,4.166666666666667,0.30833333333333335,8.945945945945946,120,2,2472,15,8.76595744680851,282,mean,s4_scaffold50,0.828327709094664,0.041666666666666664,0.4166666666666667,0.20833333333333334,15,0.6043416687881757,primary,scaffold_representatives|expand_top_groups,PPARA
0.827343202219671,4800,0.47,2.5,4.166666666666667,4.166666666666667,0.30833333333333335,8.945945945945946,120,2,2472,15,8.76595744680851,282,mean,s4_scaffold50,0.828327709094664,0.041666666666666664,0.4166666666666667,0.20833333333333334,15,0.6043416687881757,primary,scaffold_representatives|expand_top_groups,PPARA
0.726096281180751,600,1.0,5.0,3.333333333333333,3.333333333333333,1.0,1.0,120,2,600,1,1.0,600,mean,s5_score_oracle,0.5818423472513802,0.08333333333333333,0.3333333333333333,0.16666666666666666,15,0.6043416687881757,primary,score_oracle,PPARA
0.7784536364978493,1200,1.0,5.0,3.75,4.166666666666667,1.0,2.0,120,2,1200,2,2.0,600,mean,s5_score_oracle,0.6232389139139406,0.08333333333333333,0.375,0.20833333333333334,15,0.6043416687881757,primary,score_oracle,PPARA
0.7976956893738064,2400,1.0,5.0,4.166666666666667,4.166666666666667,1.0,4.0,120,2,2400,4,4.0,600,mean,s5_score_oracle,0.6572182851480944,0.08333333333333333,0.4166666666666667,0.20833333333333334,15,0.6043416687881757,primary,score_oracle,PPARA
0.8118741354875961,3600,1.0,5.0,4.166666666666667,4.166666666666667,1.0,6.0,120,2,3600,6,6.0,600,mean,s5_score_oracle,0.6851386039547255,0.08333333333333333,0.4166666666666667,0.20833333333333334,15,0.6043416687881757,primary,score_oracle,PPARA
0.8192943433115522,4800,1.0,5.0,4.166666666666667,4.166666666666667,1.0,8.0,120,2,4800,8,8.0,600,mean,s5_score_oracle,0.7021086575042612,0.08333333333333333,0.4166666666666667,0.20833333333333334,15,0.6043416687881757,primary,score_oracle,PPARA
0.6138543282105393,600,1.0,2.5,3.333333333333333,2.5,1.0,1.0,120,2,600,1,1.0,600,min,s1_width,0.6043416687881757,0.041666666666666664,0.3333333333333333,0.125,1,0.6043416687881757,primary,width,PPARA
0.6138543282105393,1200,1.0,2.5,3.333333333333333,2.5,1.0,1.0,120,2,600,1,1.0,600,min,s1_width,0.6043416687881757,0.041666666666666664,0.3333333333333333,0.125,1,0.6043416687881757,primary,width,PPARA
0.6138543282105393,2400,1.0,2.5,3.333333333333333,2.5,1.0,1.0,120,2,600,1,1.0,600,min,s1_width,0.6043416687881757,0.041666666666666664,0.3333333333333333,0.125,1,0.6043416687881757,primary,width,PPARA
0.6138543282105393,3600,1.0,2.5,3.333333333333333,2.5,1.0,1.0,120,2,600,1,1.0,600,min,s1_width,0.6043416687881757,0.041666666666666664,0.3333333333333333,0.125,1,0.6043416687881757,primary,width,PPARA
0.6138543282105393,4800,1.0,2.5,3.333333333333333,2.5,1.0,1.0,120,2,600,1,1.0,600,min,s1_width,0.6043416687881757,0.041666666666666664,0.3333333333333333,0.125,1,0.6043416687881757,primary,width,PPARA
0.6138543282105393,600,1.0,2.5,3.333333333333333,2.5,1.0,1.0,120,2,600,1,1.0,600,min,s2_uniform,0.6043416687881757,0.041666666666666664,0.3333333333333333,0.125,1,0.6043416687881757,primary,uniform,PPARA
0.6780110524466888,1200,1.0,5.0,3.333333333333333,3.333333333333333,1.0,2.0,120,2,1200,2,2.0,600,min,s2_uniform,0.6502453629734243,0.08333333333333333,0.3333333333333333,0.16666666666666666,2,0.6043416687881757,primary,uniform,PPARA
0.7659158391520146,2400,1.0,5.0,3.75,3.333333333333333,1.0,4.0,120,2,2400,4,4.0,600,min,s2_uniform,0.7032302398699457,0.08333333333333333,0.375,0.16666666666666666,4,0.6043416687881757,primary,uniform,PPARA
0.7582725179898668,3600,1.0,5.0,4.166666666666667,3.333333333333333,1.0,6.0,120,2,3600,6,6.0,600,min,s2_uniform,0.6590487391713239,0.08333333333333333,0.4166666666666667,0.16666666666666666,6,0.6043416687881757,primary,uniform,PPARA
0.7739854980466941,4800,1.0,5.0,4.166666666666667,3.333333333333333,1.0,8.0,120,2,4800,8,8.0,600,min,s2_uniform,0.6579720799530322,0.08333333333333333,0.4166666666666667,0.16666666666666666,8,0.6043416687881757,primary,uniform,PPARA
0.6138543282105393,600,1.0,2.5,3.333333333333333,2.5,1.0,1.0,120,2,600,1,1.0,600,min,s3_top10,0.6043416687881757,0.041666666666666664,0.3333333333333333,0.125,1,0.6043416687881757,primary,primary_all|top_up,PPARA
0.747698989712221,1200,1.0,5.0,3.333333333333333,3.333333333333333,1.0,1.9166666666666667,120,2,1200,11,2.0,600,min,s3_top10,0.6701214908179978,0.08333333333333333,0.3333333333333333,0.16666666666666666,11,0.6043416687881757,primary,primary_all|top_up,PPARA
0.707860548684259,2400,1.0,5.0,3.333333333333333,3.333333333333333,1.0,2.283333333333333,120,2,1440,15,2.4,600,min,s3_top10,0.64927162309313,0.08333333333333333,0.3333333333333333,0.16666666666666666,15,0.6043416687881757,primary,primary_all|top_up,PPARA
0.707860548684259,3600,1.0,5.0,3.333333333333333,3.333333333333333,1.0,2.283333333333333,120,2,1440,15,2.4,600,min,s3_top10,0.64927162309313,0.08333333333333333,0.3333333333333333,0.16666666666666666,15,0.6043416687881757,primary,primary_all|top_up,PPARA
0.707860548684259,4800,1.0,5.0,3.333333333333333,3.333333333333333,1.0,2.283333333333333,120,2,1440,15,2.4,600,min,s3_top10,0.64927162309313,0.08333333333333333,0.3333333333333333,0.16666666666666666,15,0.6043416687881757,primary,primary_all|top_up,PPARA
0.6138543282105393,600,1.0,2.5,3.333333333333333,2.5,1.0,1.0,120,2,600,1,1.0,600,min,s3_top25,0.6043416687881757,0.041666666666666664,0.3333333333333333,0.125,1,0.6043416687881757,primary,primary_all|top_up,PPARA
0.7674130583027876,1200,1.0,5.0,4.166666666666667,3.333333333333333,1.0,1.8333333333333333,120,2,1200,5,2.0,600,min,s3_top25,0.6797667373198619,0.08333333333333333,0.4166666666666667,0.16666666666666666,5,0.6043416687881757,primary,primary_all|top_up,PPARA
0.8003402939887259,2400,1.0,5.0,4.166666666666667,4.166666666666667,1.0,3.5,120,2,2400,13,4.0,600,min,s3_top25,0.6995276840399806,0.08333333333333333,0.4166666666666667,0.20833333333333334,13,0.6043416687881757,primary,primary_all|top_up,PPARA
0.7822794849729483,3600,1.0,5.0,3.75,4.166666666666667,1.0,3.9166666666666665,120,2,2700,15,4.5,600,min,s3_top25,0.6878564168540074,0.08333333333333333,0.375,0.20833333333333334,15,0.6043416687881757,primary,primary_all|top_up,PPARA
0.7822794849729483,4800,1.0,5.0,3.75,4.166666666666667,1.0,3.9166666666666665,120,2,2700,15,4.5,600,min,s3_top25,0.6878564168540074,0.08333333333333333,0.375,0.20833333333333334,15,0.6043416687881757,primary,primary_all|top_up,PPARA
0.6138543282105393,600,1.0,2.5,3.333333333333333,2.5,1.0,1.0,120,2,600,1,1.0,600,min,s3_top50,0.6043416687881757,0.041666666666666664,0.3333333333333333,0.125,1,0.6043416687881757,primary,primary_all|top_up,PPARA
0.7318512785539958,1200,1.0,5.0,3.75,3.333333333333333,1.0,2.1333333333333333,120,2,1200,3,2.0,600,min,s3_top50,0.6824155279293561,0.08333333333333333,0.375,0.16666666666666666,3,0.6043416687881757,primary,primary_all|top_up,PPARA
0.773194534405436,2400,1.0,5.0,4.166666666666667,3.333333333333333,1.0,4.4,120,2,2400,7,4.0,600,min,s3_top50,0.7030594573930727,0.08333333333333333,0.4166666666666667,0.16666666666666666,7,0.6043416687881757,primary,primary_all|top_up,PPARA
0.811160458594348,3600,1.0,5.0,4.166666666666667,4.166666666666667,1.0,6.666666666666667,120,2,3600,11,6.0,600,min,s3_top50,0.6984144873144583,0.08333333333333333,0.4166666666666667,0.20833333333333334,11,0.6043416687881757,primary,primary_all|top_up,PPARA
0.7801191687974673,4800,1.0,5.0,3.75,4.166666666666667,1.0,8.933333333333334,120,2,4800,15,8.0,600,min,s3_top50,0.6631169621597729,0.08333333333333333,0.375,0.20833333333333334,15,0.6043416687881757,primary,primary_all|top_up,PPARA
0.811152489298017,600,0.43,5.0,3.75,3.333333333333333,0.30833333333333335,2.6486486486486487,120,2,600,6,2.3255813953488373,258,min,s4_scaffold25,0.8208887086457951,0.08333333333333333,0.375,0.16666666666666666,6,0.6043416687881757,primary,scaffold_representatives|expand_top_groups,PPARA
0.8342563591229616,1200,0.43,5.0,4.166666666666667,4.166666666666667,0.30833333333333335,5.513513513513513,120,2,1200,14,4.651162790697675,258,min,s4_scaffold25,0.8329842519913386,0.08333333333333333,0.4166666666666667,0.20833333333333334,14,0.6043416687881757,primary,scaffold_representatives|expand_top_groups,PPARA
0.8141984446656501,2400,0.43,5.0,3.75,4.166666666666667,0.30833333333333335,5.918918918918919,120,2,1282,15,4.9689922480620154,258,min,s4_scaffold25,0.8212013589584455,0.08333333333333333,0.375,0.20833333333333334,15,0.6043416687881757,primary,scaffold_representatives|expand_top_groups,PPARA
0.8141984446656501,3600,0.43,5.0,3.75,4.166666666666667,0.30833333333333335,5.918918918918919,120,2,1282,15,4.9689922480620154,258,min,s4_scaffold25,0.8212013589584455,0.08333333333333333,0.375,0.20833333333333334,15,0.6043416687881757,primary,scaffold_representatives|expand_top_groups,PPARA
0.8141984446656501,4800,0.43,5.0,3.75,4.166666666666667,0.30833333333333335,5.918918918918919,120,2,1282,15,4.9689922480620154,258,min,s4_scaffold25,0.8212013589584455,0.08333333333333333,0.375,0.20833333333333334,15,0.6043416687881757,primary,scaffold_representatives|expand_top_groups,PPARA
0.7961281671515854,600,0.47,5.0,3.75,3.333333333333333,0.30833333333333335,2.2972972972972974,120,2,600,4,2.127659574468085,282,min,s4_scaffold50,0.8135311417487546,0.08333333333333333,0.375,0.16666666666666666,4,0.6043416687881757,primary,scaffold_representatives|expand_top_groups,PPARA
0.8048616400086146,1200,0.47,5.0,4.166666666666667,3.333333333333333,0.30833333333333335,4.405405405405405,120,2,1200,7,4.25531914893617,282,min,s4_scaffold50,0.8135685507693292,0.08333333333333333,0.4166666666666667,0.16666666666666666,7,0.6043416687881757,primary,scaffold_representatives|expand_top_groups,PPARA
0.8154759410837753,2400,0.47,5.0,3.75,4.166666666666667,0.30833333333333335,8.783783783783784,120,2,2400,15,8.51063829787234,282,min,s4_scaffold50,0.8187168746676532,0.08333333333333333,0.375,0.20833333333333334,15,0.6043416687881757,primary,scaffold_representatives|expand_top_groups,PPARA
0.8154759410837753,3600,0.47,5.0,3.75,4.166666666666667,0.30833333333333335,8.945945945945946,120,2,2472,15,8.76595744680851,282,min,s4_scaffold50,0.8187168746676532,0.08333333333333333,0.375,0.20833333333333334,15,0.6043416687881757,primary,scaffold_representatives|expand_top_groups,PPARA
0.8154759410837753,4800,0.47,5.0,3.75,4.166666666666667,0.30833333333333335,8.945945945945946,120,2,2472,15,8.76595744680851,282,min,s4_scaffold50,0.8187168746676532,0.08333333333333333,0.375,0.20833333333333334,15,0.6043416687881757,primary,scaffold_representatives|expand_top_groups,PPARA
0.726096281180751,600,1.0,5.0,3.333333333333333,3.333333333333333,1.0,1.0,120,2,600,1,1.0,600,min,s5_score_oracle,0.5818423472513802,0.08333333333333333,0.3333333333333333,0.16666666666666666,15,0.6043416687881757,primary,score_oracle,PPARA
0.726096281180751,1200,1.0,5.0,3.333333333333333,3.333333333333333,1.0,2.0,120,2,1200,2,2.0,600,min,s5_score_oracle,0.5818423472513802,0.08333333333333333,0.3333333333333333,0.16666666666666666,15,0.6043416687881757,primary,score_oracle,PPARA
0.726096281180751,2400,1.0,5.0,3.333333333333333,3.333333333333333,1.0,4.0,120,2,2400,4,4.0,600,min,s5_score_oracle,0.5818423472513802,0.08333333333333333,0.3333333333333333,0.16666666666666666,15,0.6043416687881757,primary,score_oracle,PPARA
0.726096281180751,3600,1.0,5.0,3.333333333333333,3.333333333333333,1.0,6.0,120,2,3600,6,6.0,600,min,s5_score_oracle,0.5818423472513802,0.08333333333333333,0.3333333333333333,0.16666666666666666,15,0.6043416687881757,primary,score_oracle,PPARA
0.726096281180751,4800,1.0,5.0,3.333333333333333,3.333333333333333,1.0,8.0,120,2,4800,8,8.0,600,min,s5_score_oracle,0.5818423472513802,0.08333333333333333,0.3333333333333333,0.16666666666666666,15,0.6043416687881757,primary,score_oracle,PPARA
0.2329009981029851,600,1.0,0.0,1.25,0.8333333333333333,1.0,1.0,120,3,600,1,1.0,600,mean,s1_width,0.348077221216154,0.0,0.125,0.041666666666666664,1,0.348077221216154,primary,width,PPARA
0.2329009981029851,1200,1.0,0.0,1.25,0.8333333333333333,1.0,1.0,120,3,600,1,1.0,600,mean,s1_width,0.348077221216154,0.0,0.125,0.041666666666666664,1,0.348077221216154,primary,width,PPARA
0.2329009981029851,2400,1.0,0.0,1.25,0.8333333333333333,1.0,1.0,120,3,600,1,1.0,600,mean,s1_width,0.348077221216154,0.0,0.125,0.041666666666666664,1,0.348077221216154,primary,width,PPARA
0.2329009981029851,3600,1.0,0.0,1.25,0.8333333333333333,1.0,1.0,120,3,600,1,1.0,600,mean,s1_width,0.348077221216154,0.0,0.125,0.041666666666666664,1,0.348077221216154,primary,width,PPARA
0.2329009981029851,4800,1.0,0.0,1.25,0.8333333333333333,1.0,1.0,120,3,600,1,1.0,600,mean,s1_width,0.348077221216154,0.0,0.125,0.041666666666666664,1,0.348077221216154,primary,width,PPARA
0.2329009981029851,600,1.0,0.0,1.25,0.8333333333333333,1.0,1.0,120,3,600,1,1.0,600,mean,s2_uniform,0.348077221216154,0.0,0.125,0.041666666666666664,1,0.348077221216154,primary,uniform,PPARA
0.23565000326645988,1200,1.0,0.0,1.25,0.8333333333333333,1.0,2.0,120,3,1200,2,2.0,600,mean,s2_uniform,0.3464254452884347,0.0,0.125,0.041666666666666664,2,0.348077221216154,primary,uniform,PPARA
0.3292498701985112,2400,1.0,0.0,2.0833333333333335,1.6666666666666665,1.0,4.0,120,3,2400,4,4.0,600,mean,s2_uniform,0.361264798400922,0.0,0.20833333333333334,0.08333333333333333,4,0.348077221216154,primary,uniform,PPARA
0.363276777576498,3600,1.0,2.5,2.0833333333333335,1.6666666666666665,1.0,6.0,120,3,3600,6,6.0,600,mean,s2_uniform,0.3705154719566998,0.041666666666666664,0.20833333333333334,0.08333333333333333,6,0.348077221216154,primary,uniform,PPARA
0.31046954216225425,4800,1.0,2.5,1.25,1.6666666666666665,1.0,8.0,120,3,4800,8,8.0,600,mean,s2_uniform,0.34489989511965674,0.041666666666666664,0.125,0.08333333333333333,8,0.348077221216154,primary,uniform,PPARA
0.2329009981029851,600,1.0,0.0,1.25,0.8333333333333333,1.0,1.0,120,3,600,1,1.0,600,mean,s3_top10,0.348077221216154,0.0,0.125,0.041666666666666664,1,0.348077221216154,primary,primary_all|top_up,PPARA
0.33923855404073333,1200,1.0,2.5,1.6666666666666665,1.6666666666666665,1.0,2.5,120,3,1200,11,2.0,600,mean,s3_top10,0.37387534965242325,0.041666666666666664,0.16666666666666666,0.08333333333333333,11,0.348077221216154,primary,primary_all|top_up,PPARA
0.3377473889499954,2400,1.0,2.5,1.25,1.6666666666666665,1.0,3.1,120,3,1440,15,2.4,600,mean,s3_top10,0.3737903963327088,0.041666666666666664,0.125,0.08333333333333333,15,0.348077221216154,primary,primary_all|top_up,PPARA
0.3377473889499954,3600,1.0,2.5,1.25,1.6666666666666665,1.0,3.1,120,3,1440,15,2.4,600,mean,s3_top10,0.3737903963327088,0.041666666666666664,0.125,0.08333333333333333,15,0.348077221216154,primary,primary_all|top_up,PPARA
0.3377473889499954,4800,1.0,2.5,1.25,1.6666666666666665,1.0,3.1,120,3,1440,15,2.4,600,mean,s3_top10,0.3737903963327088,0.041666666666666664,0.125,0.08333333333333333,15,0.348077221216154,primary,primary_all|top_up,PPARA
0.2329009981029851,600,1.0,0.0,1.25,0.8333333333333333,1.0,1.0,120,3,600,1,1.0,600,mean,s3_top25,0.348077221216154,0.0,0.125,0.041666666666666664,1,0.348077221216154,primary,primary_all|top_up,PPARA
0.37141863075993437,1200,1.0,2.5,2.0833333333333335,1.6666666666666665,1.0,2.3666666666666667,120,3,1200,5,2.0,600,mean,s3_top25,0.37980863715406493,0.041666666666666664,0.20833333333333334,0.08333333333333333,5,0.348077221216154,primary,primary_all|top_up,PPARA
0.3125034853033438,2400,1.0,2.5,0.8333333333333333,1.6666666666666665,1.0,5.1,120,3,2400,13,4.0,600,mean,s3_top25,0.35556383293070687,0.041666666666666664,0.08333333333333333,0.08333333333333333,13,0.348077221216154,primary,primary_all|top_up,PPARA
0.3075265794719817,3600,1.0,2.5,0.8333333333333333,1.6666666666666665,1.0,5.783333333333333,120,3,2700,15,4.5,600,mean,s3_top25,0.34973693417230683,0.041666666666666664,0.08333333333333333,0.08333333333333333,15,0.348077221216154,primary,primary_all|top_up,PPARA
0.3075265794719817,4800,1.0,2.5,0.8333333333333333,1.6666666666666665,1.0,5.783333333333333,120,3,2700,15,4.5,600,mean,s3_top25,0.34973693417230683,0.041666666666666664,0.08333333333333333,0.08333333333333333,15,0.348077221216154,primary,primary_all|top_up,PPARA
0.2329009981029851,600,1.0,0.0,1.25,0.8333333333333333,1.0,1.0,120,3,600,1,1.0,600,mean,s3_top50,0.348077221216154,0.0,0.125,0.041666666666666664,1,0.348077221216154,primary,primary_all|top_up,PPARA
0.30010828826526975,1200,1.0,0.0,1.25,1.6666666666666665,1.0,2.2333333333333334,120,3,1200,3,2.0,600,mean,s3_top50,0.34922911885205626,0.0,0.125,0.08333333333333333,3,0.348077221216154,primary,primary_all|top_up,PPARA
0.3464275716942196,2400,1.0,2.5,1.25,1.6666666666666665,1.0,4.7,120,3,2400,7,4.0,600,mean,s3_top50,0.3603502730500379,0.041666666666666664,0.125,0.08333333333333333,7,0.348077221216154,primary,primary_all|top_up,PPARA
0.30562700992111963,3600,1.0,2.5,0.8333333333333333,1.6666666666666665,1.0,7.166666666666667,120,3,3600,11,6.0,600,mean,s3_top50,0.3367170543165187,0.041666666666666664,0.08333333333333333,0.08333333333333333,11,0.348077221216154,primary,primary_all|top_up,PPARA
0.28495106105821105,4800,1.0,2.5,0.8333333333333333,1.6666666666666665,1.0,9.633333333333333,120,3,4800,15,8.0,600,mean,s3_top50,0.3222743550589601,0.041666666666666664,0.08333333333333333,0.08333333333333333,15,0.348077221216154,primary,primary_all|top_up,PPARA
0.33284519359988907,600,0.41833333333333333,2.5,1.25,1.6666666666666665,0.55,2.515151515151515,120,3,600,7,2.3904382470119523,251,mean,s4_scaffold25,0.426132624893308,0.041666666666666664,0.125,0.08333333333333333,7,0.348077221216154,primary,scaffold_representatives|expand_top_groups,PPARA
0.342872079773678,1200,0.41833333333333333,2.5,1.25,1.6666666666666665,0.55,4.954545454545454,120,3,1184,15,4.717131474103586,251,mean,s4_scaffold25,0.4293523218630049,0.041666666666666664,0.125,0.08333333333333333,15,0.348077221216154,primary,scaffold_representatives|expand_top_groups,PPARA
0.342872079773678,2400,0.41833333333333333,2.5,1.25,1.6666666666666665,0.55,4.954545454545454,120,3,1184,15,4.717131474103586,251,mean,s4_scaffold25,0.4293523218630049,0.041666666666666664,0.125,0.08333333333333333,15,0.348077221216154,primary,scaffold_representatives|expand_top_groups,PPARA
0.342872079773678,3600,0.41833333333333333,2.5,1.25,1.6666666666666665,0.55,4.954545454545454,120,3,1184,15,4.717131474103586,251,mean,s4_scaffold25,0.4293523218630049,0.041666666666666664,0.125,0.08333333333333333,15,0.348077221216154,primary,scaffold_representatives|expand_top_groups,PPARA
0.342872079773678,4800,0.41833333333333333,2.5,1.25,1.6666666666666665,0.55,4.954545454545454,120,3,1184,15,4.717131474103586,251,mean,s4_scaffold25,0.4293523218630049,0.041666666666666664,0.125,0.08333333333333333,15,0.348077221216154,primary,scaffold_representatives|expand_top_groups,PPARA
0.39727301389513553,600,0.43833333333333335,0.0,2.0833333333333335,1.6666666666666665,0.5583333333333333,2.2388059701492535,120,3,600,4,2.2813688212927756,263,mean,s4_scaffold50,0.4350434257025368,0.0,0.20833333333333334,0.08333333333333333,4,0.348077221216154,primary,scaffold_representatives|expand_top_groups,PPARA
0.3525461417869614,1200,0.43833333333333335,2.5,1.6666666666666665,1.6666666666666665,0.5583333333333333,4.388059701492537,120,3,1200,8,4.562737642585551,263,mean,s4_scaffold50,0.4239228241764434,0.041666666666666664,0.16666666666666666,0.08333333333333333,8,0.348077221216154,primary,scaffold_representatives|expand_top_groups,PPARA
0.3422235837168203,2400,0.43833333333333335,2.5,1.25,1.6666666666666665,0.5583333333333333,8.014925373134329,120,3,2206,15,8.387832699619771,263,mean,s4_scaffold50,0.4162026134173768,0.041666666666666664,0.125,0.08333333333333333,15,0.348077221216154,primary,scaffold_representatives|expand_top_groups,PPARA
0.3422235837168203,3600,0.43833333333333335,2.5,1.25,1.6666666666666665,0.5583333333333333,8.014925373134329,120,3,2206,15,8.387832699619771,263,mean,s4_scaffold50,0.4162026134173768,0.041666666666666664,0.125,0.08333333333333333,15,0.348077221216154,primary,scaffold_representatives|expand_top_groups,PPARA
0.3422235837168203,4800,0.43833333333333335,2.5,1.25,1.6666666666666665,0.5583333333333333,8.014925373134329,120,3,2206,15,8.387832699619771,263,mean,s4_scaffold50,0.4162026134173768,0.041666666666666664,0.125,0.08333333333333333,15,0.348077221216154,primary,scaffold_representatives|expand_top_groups,PPARA
0.1202551487981136,600,1.0,0.0,0.8333333333333333,0.0,1.0,1.0,120,3,600,1,1.0,600,mean,s5_score_oracle,0.24416693804153766,0.0,0.08333333333333333,0.0,15,0.348077221216154,primary,score_oracle,PPARA
0.11800695593546873,1200,1.0,0.0,0.8333333333333333,0.0,1.0,2.0,120,3,1200,2,2.0,600,mean,s5_score_oracle,0.2529078862940921,0.0,0.08333333333333333,0.0,15,0.348077221216154,primary,score_oracle,PPARA
0.16119007051084833,2400,1.0,0.0,0.8333333333333333,0.8333333333333333,1.0,4.0,120,3,2400,4,4.0,600,mean,s5_score_oracle,0.26817094873668396,0.0,0.08333333333333333,0.041666666666666664,15,0.348077221216154,primary,score_oracle,PPARA
0.21119706273845607,3600,1.0,0.0,0.8333333333333333,0.8333333333333333,1.0,6.0,120,3,3600,6,6.0,600,mean,s5_score_oracle,0.2809622791613424,0.0,0.08333333333333333,0.041666666666666664,15,0.348077221216154,primary,score_oracle,PPARA
0.23931058255264712,4800,1.0,2.5,0.8333333333333333,0.8333333333333333,1.0,8.0,120,3,4800,8,8.0,600,mean,s5_score_oracle,0.2910337829480883,0.041666666666666664,0.08333333333333333,0.041666666666666664,15,0.348077221216154,primary,score_oracle,PPARA
0.2329009981029851,600,1.0,0.0,1.25,0.8333333333333333,1.0,1.0,120,3,600,1,1.0,600,min,s1_width,0.348077221216154,0.0,0.125,0.041666666666666664,1,0.348077221216154,primary,width,PPARA
0.2329009981029851,1200,1.0,0.0,1.25,0.8333333333333333,1.0,1.0,120,3,600,1,1.0,600,min,s1_width,0.348077221216154,0.0,0.125,0.041666666666666664,1,0.348077221216154,primary,width,PPARA
0.2329009981029851,2400,1.0,0.0,1.25,0.8333333333333333,1.0,1.0,120,3,600,1,1.0,600,min,s1_width,0.348077221216154,0.0,0.125,0.041666666666666664,1,0.348077221216154,primary,width,PPARA
0.2329009981029851,3600,1.0,0.0,1.25,0.8333333333333333,1.0,1.0,120,3,600,1,1.0,600,min,s1_width,0.348077221216154,0.0,0.125,0.041666666666666664,1,0.348077221216154,primary,width,PPARA
0.2329009981029851,4800,1.0,0.0,1.25,0.8333333333333333,1.0,1.0,120,3,600,1,1.0,600,min,s1_width,0.348077221216154,0.0,0.125,0.041666666666666664,1,0.348077221216154,primary,width,PPARA
0.2329009981029851,600,1.0,0.0,1.25,0.8333333333333333,1.0,1.0,120,3,600,1,1.0,600,min,s2_uniform,0.348077221216154,0.0,0.125,0.041666666666666664,1,0.348077221216154,primary,uniform,PPARA
0.20286510892793327,1200,1.0,0.0,1.25,0.8333333333333333,1.0,2.0,120,3,1200,2,2.0,600,min,s2_uniform,0.32467822023663545,0.0,0.125,0.041666666666666664,2,0.348077221216154,primary,uniform,PPARA
0.2636532165301086,2400,1.0,0.0,1.6666666666666665,1.6666666666666665,1.0,4.0,120,3,2400,4,4.0,600,min,s2_uniform,0.31644676930670457,0.0,0.16666666666666666,0.08333333333333333,4,0.348077221216154,primary,uniform,PPARA
0.2634408572519176,3600,1.0,0.0,1.6666666666666665,1.6666666666666665,1.0,6.0,120,3,3600,6,6.0,600,min,s2_uniform,0.30132077874817237,0.0,0.16666666666666666,0.08333333333333333,6,0.348077221216154,primary,uniform,PPARA
0.1448630997754909,4800,1.0,0.0,0.8333333333333333,0.0,1.0,8.0,120,3,4800,8,8.0,600,min,s2_uniform,0.26574148299039707,0.0,0.08333333333333333,0.0,8,0.348077221216154,primary,uniform,PPARA
0.2329009981029851,600,1.0,0.0,1.25,0.8333333333333333,1.0,1.0,120,3,600,1,1.0,600,min,s3_top10,0.348077221216154,0.0,0.125,0.041666666666666664,1,0.348077221216154,primary,primary_all|top_up,PPARA
0.21020145968650927,1200,1.0,0.0,0.8333333333333333,0.8333333333333333,1.0,2.5,120,3,1200,11,2.0,600,min,s3_top10,0.34207263552406825,0.0,0.08333333333333333,0.041666666666666664,11,0.348077221216154,primary,primary_all|top_up,PPARA
0.21345053199623804,2400,1.0,0.0,0.8333333333333333,0.8333333333333333,1.0,3.1,120,3,1440,15,2.4,600,min,s3_top10,0.34275944871088143,0.0,0.08333333333333333,0.041666666666666664,15,0.348077221216154,primary,primary_all|top_up,PPARA
0.21345053199623804,3600,1.0,0.0,0.8333333333333333,0.8333333333333333,1.0,3.1,120,3,1440,15,2.4,600,min,s3_top10,0.34275944871088143,0.0,0.08333333333333333,0.041666666666666664,15,0.348077221216154,primary,primary_all|top_up,PPARA
0.21345053199623804,4800,1.0,0.0,0.8333333333333333,0.8333333333333333,1.0,3.1,120,3,1440,15,2.4,600,min,s3_top10,0.34275944871088143,0.0,0.08333333333333333,0.041666666666666664,15,0.348077221216154,primary,primary_all|top_up,PPARA
0.2329009981029851,600,1.0,0.0,1.25,0.8333333333333333,1.0,1.0,120,3,600,1,1.0,600,min,s3_top25,0.348077221216154,0.0,0.125,0.041666666666666664,1,0.348077221216154,primary,primary_all|top_up,PPARA
0.27188145477941317,1200,1.0,0.0,1.6666666666666665,1.6666666666666665,1.0,2.3666666666666667,120,3,1200,5,2.0,600,min,s3_top25,0.34191061198908357,0.0,0.16666666666666666,0.08333333333333333,5,0.348077221216154,primary,primary_all|top_up,PPARA
0.15657599560008192,2400,1.0,0.0,0.8333333333333333,0.0,1.0,5.1,120,3,2400,13,4.0,600,min,s3_top25,0.3069248375894092,0.0,0.08333333333333333,0.0,13,0.348077221216154,primary,primary_all|top_up,PPARA
0.16110359234087987,3600,1.0,0.0,0.8333333333333333,0.0,1.0,5.783333333333333,120,3,2700,15,4.5,600,min,s3_top25,0.3082732626994442,0.0,0.08333333333333333,0.0,15,0.348077221216154,primary,primary_all|top_up,PPARA
0.16110359234087987,4800,1.0,0.0,0.8333333333333333,0.0,1.0,5.783333333333333,120,3,2700,15,4.5,600,min,s3_top25,0.3082732626994442,0.0,0.08333333333333333,0.0,15,0.348077221216154,primary,primary_all|top_up,PPARA
0.2329009981029851,600,1.0,0.0,1.25,0.8333333333333333,1.0,1.0,120,3,600,1,1.0,600,min,s3_top50,0.348077221216154,0.0,0.125,0.041666666666666664,1,0.348077221216154,primary,primary_all|top_up,PPARA
0.2651922446018141,1200,1.0,0.0,1.6666666666666665,0.8333333333333333,1.0,2.2333333333333334,120,3,1200,3,2.0,600,min,s3_top50,0.3351079831941443,0.0,0.16666666666666666,0.041666666666666664,3,0.348077221216154,primary,primary_all|top_up,PPARA
0.12194408515683929,2400,1.0,0.0,0.8333333333333333,0.0,1.0,4.7,120,3,2400,7,4.0,600,min,s3_top50,0.28023308484844694,0.0,0.08333333333333333,0.0,7,0.348077221216154,primary,primary_all|top_up,PPARA
0.13281758610086344,3600,1.0,0.0,0.8333333333333333,0.0,1.0,7.166666666666667,120,3,3600,11,6.0,600,min,s3_top50,0.2737067410286229,0.0,0.08333333333333333,0.0,11,0.348077221216154,primary,primary_all|top_up,PPARA
0.12142795053915104,4800,1.0,0.0,0.8333333333333333,0.0,1.0,9.633333333333333,120,3,4800,15,8.0,600,min,s3_top50,0.26724036152387637,0.0,0.08333333333333333,0.0,15,0.348077221216154,primary,primary_all|top_up,PPARA
0.22343513686283173,600,0.41833333333333333,0.0,1.25,0.8333333333333333,0.55,2.515151515151515,120,3,600,7,2.3904382470119523,251,min,s4_scaffold25,0.39961906626237154,0.0,0.125,0.041666666666666664,7,0.348077221216154,primary,scaffold_representatives|expand_top_groups,PPARA
0.24346220443707672,1200,0.41833333333333333,0.0,0.8333333333333333,1.6666666666666665,0.55,4.954545454545454,120,3,1184,15,4.717131474103586,251,min,s4_scaffold25,0.40304758219088743,0.0,0.08333333333333333,0.08333333333333333,15,0.348077221216154,primary,scaffold_representatives|expand_top_groups,PPARA
0.24346220443707672,2400,0.41833333333333333,0.0,0.8333333333333333,1.6666666666666665,0.55,4.954545454545454,120,3,1184,15,4.717131474103586,251,min,s4_scaffold25,0.40304758219088743,0.0,0.08333333333333333,0.08333333333333333,15,0.348077221216154,primary,scaffold_representatives|expand_top_groups,PPARA
0.24346220443707672,3600,0.41833333333333333,0.0,0.8333333333333333,1.6666666666666665,0.55,4.954545454545454,120,3,1184,15,4.717131474103586,251,min,s4_scaffold25,0.40304758219088743,0.0,0.08333333333333333,0.08333333333333333,15,0.348077221216154,primary,scaffold_representatives|expand_top_groups,PPARA
0.24346220443707672,4800,0.41833333333333333,0.0,0.8333333333333333,1.6666666666666665,0.55,4.954545454545454,120,3,1184,15,4.717131474103586,251,min,s4_scaffold25,0.40304758219088743,0.0,0.08333333333333333,0.08333333333333333,15,0.348077221216154,primary,scaffold_representatives|expand_top_groups,PPARA
0.4044921065560655,600,0.43833333333333335,2.5,2.0833333333333335,1.6666666666666665,0.5583333333333333,2.2388059701492535,120,3,600,4,2.2813688212927756,263,min,s4_scaffold50,0.4415561017451523,0.041666666666666664,0.20833333333333334,0.08333333333333333,4,0.348077221216154,primary,scaffold_representatives|expand_top_groups,PPARA
0.26667763999332,1200,0.43833333333333335,0.0,1.25,1.6666666666666665,0.5583333333333333,4.388059701492537,120,3,1200,8,4.562737642585551,263,min,s4_scaffold50,0.38924060699856905,0.0,0.125,0.08333333333333333,8,0.348077221216154,primary,scaffold_representatives|expand_top_groups,PPARA
0.23469436886711978,2400,0.43833333333333335,0.0,0.8333333333333333,1.6666666666666665,0.5583333333333333,8.014925373134329,120,3,2206,15,8.387832699619771,263,min,s4_scaffold50,0.38288511332026015,0.0,0.08333333333333333,0.08333333333333333,15,0.348077221216154,primary,scaffold_representatives|expand_top_groups,PPARA
0.23469436886711978,3600,0.43833333333333335,0.0,0.8333333333333333,1.6666666666666665,0.5583333333333333,8.014925373134329,120,3,2206,15,8.387832699619771,263,min,s4_scaffold50,0.38288511332026015,0.0,0.08333333333333333,0.08333333333333333,15,0.348077221216154,primary,scaffold_representatives|expand_top_groups,PPARA
0.23469436886711978,4800,0.43833333333333335,0.0,0.8333333333333333,1.6666666666666665,0.5583333333333333,8.014925373134329,120,3,2206,15,8.387832699619771,263,min,s4_scaffold50,0.38288511332026015,0.0,0.08333333333333333,0.08333333333333333,15,0.348077221216154,primary,scaffold_representatives|expand_top_groups,PPARA
0.1202551487981136,600,1.0,0.0,0.8333333333333333,0.0,1.0,1.0,120,3,600,1,1.0,600,min,s5_score_oracle,0.24416693804153766,0.0,0.08333333333333333,0.0,15,0.348077221216154,primary,score_oracle,PPARA
0.1202551487981136,1200,1.0,0.0,0.8333333333333333,0.0,1.0,2.0,120,3,1200,2,2.0,600,min,s5_score_oracle,0.24416693804153766,0.0,0.08333333333333333,0.0,15,0.348077221216154,primary,score_oracle,PPARA
0.1202551487981136,2400,1.0,0.0,0.8333333333333333,0.0,1.0,4.0,120,3,2400,4,4.0,600,min,s5_score_oracle,0.24416693804153766,0.0,0.08333333333333333,0.0,15,0.348077221216154,primary,score_oracle,PPARA
0.1202551487981136,3600,1.0,0.0,0.8333333333333333,0.0,1.0,6.0,120,3,3600,6,6.0,600,min,s5_score_oracle,0.24416693804153766,0.0,0.08333333333333333,0.0,15,0.348077221216154,primary,score_oracle,PPARA
0.1202551487981136,4800,1.0,0.0,0.8333333333333333,0.0,1.0,8.0,120,3,4800,8,8.0,600,min,s5_score_oracle,0.24416693804153766,0.0,0.08333333333333333,0.0,15,0.348077221216154,primary,score_oracle,PPARA
0.5288950984458926,600,1.0,2.5,3.333333333333333,2.5,1.0,1.0,120,4,600,1,1.0,600,mean,s1_width,0.5370444337218024,0.041666666666666664,0.3333333333333333,0.125,1,0.5370444337218024,primary,width,PPARA
0.5288950984458926,1200,1.0,2.5,3.333333333333333,2.5,1.0,1.0,120,4,600,1,1.0,600,mean,s1_width,0.5370444337218024,0.041666666666666664,0.3333333333333333,0.125,1,0.5370444337218024,primary,width,PPARA
0.5288950984458926,2400,1.0,2.5,3.333333333333333,2.5,1.0,1.0,120,4,600,1,1.0,600,mean,s1_width,0.5370444337218024,0.041666666666666664,0.3333333333333333,0.125,1,0.5370444337218024,primary,width,PPARA
0.5288950984458926,3600,1.0,2.5,3.333333333333333,2.5,1.0,1.0,120,4,600,1,1.0,600,mean,s1_width,0.5370444337218024,0.041666666666666664,0.3333333333333333,0.125,1,0.5370444337218024,primary,width,PPARA
0.5288950984458926,4800,1.0,2.5,3.333333333333333,2.5,1.0,1.0,120,4,600,1,1.0,600,mean,s1_width,0.5370444337218024,0.041666666666666664,0.3333333333333333,0.125,1,0.5370444337218024,primary,width,PPARA
0.5288950984458926,600,1.0,2.5,3.333333333333333,2.5,1.0,1.0,120,4,600,1,1.0,600,mean,s2_uniform,0.5370444337218024,0.041666666666666664,0.3333333333333333,0.125,1,0.5370444337218024,primary,uniform,PPARA
0.4885249893021125,1200,1.0,0.0,3.333333333333333,1.6666666666666665,1.0,2.0,120,4,1200,2,2.0,600,mean,s2_uniform,0.5530297697246748,0.0,0.3333333333333333,0.08333333333333333,2,0.5370444337218024,primary,uniform,PPARA
0.5696697295768958,2400,1.0,0.0,3.75,2.5,1.0,4.0,120,4,2400,4,4.0,600,mean,s2_uniform,0.602556830882397,0.0,0.375,0.125,4,0.5370444337218024,primary,uniform,PPARA
0.6486361976358401,3600,1.0,0.0,3.75,3.333333333333333,1.0,6.0,120,4,3600,6,6.0,600,mean,s2_uniform,0.6411001706758482,0.0,0.375,0.16666666666666666,6,0.5370444337218024,primary,uniform,PPARA
0.6333258396778033,4800,1.0,0.0,3.75,3.333333333333333,1.0,8.0,120,4,4800,8,8.0,600,mean,s2_uniform,0.6181521687828304,0.0,0.375,0.16666666666666666,8,0.5370444337218024,primary,uniform,PPARA
0.5288950984458926,600,1.0,2.5,3.333333333333333,2.5,1.0,1.0,120,4,600,1,1.0,600,mean,s3_top10,0.5370444337218024,0.041666666666666664,0.3333333333333333,0.125,1,0.5370444337218024,primary,primary_all|top_up,PPARA
0.5400352313532187,1200,1.0,0.0,2.5,3.333333333333333,1.0,2.5,120,4,1200,11,2.0,600,mean,s3_top10,0.52992216393173,0.0,0.25,0.16666666666666666,11,0.5370444337218024,primary,primary_all|top_up,PPARA
0.5380635096907496,2400,1.0,0.0,2.5,3.333333333333333,1.0,3.1,120,4,1440,15,2.4,600,mean,s3_top10,0.5290501300671991,0.0,0.25,0.16666666666666666,15,0.5370444337218024,primary,primary_all|top_up,PPARA
0.5380635096907496,3600,1.0,0.0,2.5,3.333333333333333,1.0,3.1,120,4,1440,15,2.4,600,mean,s3_top10,0.5290501300671991,0.0,0.25,0.16666666666666666,15,0.5370444337218024,primary,primary_all|top_up,PPARA
0.5380635096907496,4800,1.0,0.0,2.5,3.333333333333333,1.0,3.1,120,4,1440,15,2.4,600,mean,s3_top10,0.5290501300671991,0.0,0.25,0.16666666666666666,15,0.5370444337218024,primary,primary_all|top_up,PPARA
0.5288950984458926,600,1.0,2.5,3.333333333333333,2.5,1.0,1.0,120,4,600,1,1.0,600,mean,s3_top25,0.5370444337218024,0.041666666666666664,0.3333333333333333,0.125,1,0.5370444337218024,primary,primary_all|top_up,PPARA
0.6448838551783215,1200,1.0,0.0,3.75,3.333333333333333,1.0,2.3666666666666667,120,4,1200,5,2.0,600,mean,s3_top25,0.6565412657336712,0.0,0.375,0.16666666666666666,5,0.5370444337218024,primary,primary_all|top_up,PPARA
0.630293133958455,2400,1.0,0.0,3.75,3.333333333333333,1.0,5.1,120,4,2400,13,4.0,600,mean,s3_top25,0.6377017807082438,0.0,0.375,0.16666666666666666,13,0.5370444337218024,primary,primary_all|top_up,PPARA
0.6248623789334241,3600,1.0,0.0,3.75,3.333333333333333,1.0,5.783333333333333,120,4,2700,15,4.5,600,mean,s3_top25,0.6302320833830253,0.0,0.375,0.16666666666666666,15,0.5370444337218024,primary,primary_all|top_up,PPARA
0.6248623789334241,4800,1.0,0.0,3.75,3.333333333333333,1.0,5.783333333333333,120,4,2700,15,4.5,600,mean,s3_top25,0.6302320833830253,0.0,0.375,0.16666666666666666,15,0.5370444337218024,primary,primary_all|top_up,PPARA
0.5288950984458926,600,1.0,2.5,3.333333333333333,2.5,1.0,1.0,120,4,600,1,1.0,600,mean,s3_top50,0.5370444337218024,0.041666666666666664,0.3333333333333333,0.125,1,0.5370444337218024,primary,primary_all|top_up,PPARA
0.5437274674224781,1200,1.0,0.0,3.333333333333333,2.5,1.0,2.25,120,4,1200,3,2.0,600,mean,s3_top50,0.5939096581566146,0.0,0.3333333333333333,0.125,3,0.5370444337218024,primary,primary_all|top_up,PPARA
0.6278597447468462,2400,1.0,0.0,3.75,3.333333333333333,1.0,4.75,120,4,2400,7,4.0,600,mean,s3_top50,0.6140946044658884,0.0,0.375,0.16666666666666666,7,0.5370444337218024,primary,primary_all|top_up,PPARA
0.6090084080890003,3600,1.0,0.0,3.333333333333333,3.333333333333333,1.0,7.25,120,4,3600,11,6.0,600,mean,s3_top50,0.594655922415107,0.0,0.3333333333333333,0.16666666666666666,11,0.5370444337218024,primary,primary_all|top_up,PPARA
0.5759032535221777,4800,1.0,0.0,3.333333333333333,3.333333333333333,1.0,9.75,120,4,4800,15,8.0,600,mean,s3_top50,0.5566094068225121,0.0,0.3333333333333333,0.16666666666666666,15,0.5370444337218024,primary,primary_all|top_up,PPARA
0.6110697203766428,600,0.41833333333333333,0.0,3.75,3.333333333333333,0.5083333333333333,2.5737704918032787,120,4,600,7,2.3904382470119523,251,mean,s4_scaffold25,0.6303411788722353,0.0,0.375,0.16666666666666666,7,0.5370444337218024,primary,scaffold_representatives|expand_top_groups,PPARA
0.605508641608127,1200,0.41833333333333333,0.0,3.75,3.333333333333333,0.5083333333333333,5.131147540983607,120,4,1184,15,4.717131474103586,251,mean,s4_scaffold25,0.6244861649536718,0.0,0.375,0.16666666666666666,15,0.5370444337218024,primary,scaffold_representatives|expand_top_groups,PPARA
0.605508641608127,2400,0.41833333333333333,0.0,3.75,3.333333333333333,0.5083333333333333,5.131147540983607,120,4,1184,15,4.717131474103586,251,mean,s4_scaffold25,0.6244861649536718,0.0,0.375,0.16666666666666666,15,0.5370444337218024,primary,scaffold_representatives|expand_top_groups,PPARA
0.605508641608127,3600,0.41833333333333333,0.0,3.75,3.333333333333333,0.5083333333333333,5.131147540983607,120,4,1184,15,4.717131474103586,251,mean,s4_scaffold25,0.6244861649536718,0.0,0.375,0.16666666666666666,15,0.5370444337218024,primary,scaffold_representatives|expand_top_groups,PPARA
0.605508641608127,4800,0.41833333333333333,0.0,3.75,3.333333333333333,0.5083333333333333,5.131147540983607,120,4,1184,15,4.717131474103586,251,mean,s4_scaffold25,0.6244861649536718,0.0,0.375,0.16666666666666666,15,0.5370444337218024,primary,scaffold_representatives|expand_top_groups,PPARA
0.5400349547933408,600,0.43833333333333335,0.0,3.333333333333333,2.5,0.5916666666666667,2.3098591549295775,120,4,600,4,2.2813688212927756,263,mean,s4_scaffold50,0.5919567410883376,0.0,0.3333333333333333,0.125,4,0.5370444337218024,primary,scaffold_representatives|expand_top_groups,PPARA
0.6435592036514916,1200,0.43833333333333335,0.0,3.75,3.333333333333333,0.5916666666666667,4.943661971830986,120,4,1200,8,4.562737642585551,263,mean,s4_scaffold50,0.6563764576894648,0.0,0.375,0.16666666666666666,8,0.5370444337218024,primary,scaffold_representatives|expand_top_groups,PPARA
0.6220402464345193,2400,0.43833333333333335,0.0,3.75,3.333333333333333,0.5916666666666667,9.140845070422536,120,4,2206,15,8.387832699619771,263,mean,s4_scaffold50,0.6334490808272574,0.0,0.375,0.16666666666666666,15,0.5370444337218024,primary,scaffold_representatives|expand_top_groups,PPARA
0.6220402464345193,3600,0.43833333333333335,0.0,3.75,3.333333333333333,0.5916666666666667,9.140845070422536,120,4,2206,15,8.387832699619771,263,mean,s4_scaffold50,0.6334490808272574,0.0,0.375,0.16666666666666666,15,0.5370444337218024,primary,scaffold_representatives|expand_top_groups,PPARA
0.6220402464345193,4800,0.43833333333333335,0.0,3.75,3.333333333333333,0.5916666666666667,9.140845070422536,120,4,2206,15,8.387832699619771,263,mean,s4_scaffold50,0.6334490808272574,0.0,0.375,0.16666666666666666,15,0.5370444337218024,primary,scaffold_representatives|expand_top_groups,PPARA
0.3580332805069077,600,1.0,0.0,2.5,0.8333333333333333,1.0,1.0,120,4,600,1,1.0,600,mean,s5_score_oracle,0.40801099627553383,0.0,0.25,0.041666666666666664,15,0.5370444337218024,primary,score_oracle,PPARA
0.3910648005864507,1200,1.0,0.0,2.9166666666666665,1.6666666666666665,1.0,2.0,120,4,1200,2,2.0,600,mean,s5_score_oracle,0.4180699910040821,0.0,0.2916666666666667,0.08333333333333333,15,0.5370444337218024,primary,score_oracle,PPARA
0.4335945634700978,2400,1.0,0.0,2.9166666666666665,1.6666666666666665,1.0,4.0,120,4,2400,4,4.0,600,mean,s5_score_oracle,0.4433500961609214,0.0,0.2916666666666667,0.08333333333333333,15,0.5370444337218024,primary,score_oracle,PPARA
0.4314422082985387,3600,1.0,0.0,2.9166666666666665,1.6666666666666665,1.0,6.0,120,4,3600,6,6.0,600,mean,s5_score_oracle,0.45609813508612257,0.0,0.2916666666666667,0.08333333333333333,15,0.5370444337218024,primary,score_oracle,PPARA
0.43654527564448026,4800,1.0,0.0,2.9166666666666665,1.6666666666666665,1.0,8.0,120,4,4800,8,8.0,600,mean,s5_score_oracle,0.47076560958684804,0.0,0.2916666666666667,0.08333333333333333,15,0.5370444337218024,primary,score_oracle,PPARA
0.5288950984458926,600,1.0,2.5,3.333333333333333,2.5,1.0,1.0,120,4,600,1,1.0,600,min,s1_width,0.5370444337218024,0.041666666666666664,0.3333333333333333,0.125,1,0.5370444337218024,primary,width,PPARA
0.5288950984458926,1200,1.0,2.5,3.333333333333333,2.5,1.0,1.0,120,4,600,1,1.0,600,min,s1_width,0.5370444337218024,0.041666666666666664,0.3333333333333333,0.125,1,0.5370444337218024,primary,width,PPARA
0.5288950984458926,2400,1.0,2.5,3.333333333333333,2.5,1.0,1.0,120,4,600,1,1.0,600,min,s1_width,0.5370444337218024,0.041666666666666664,0.3333333333333333,0.125,1,0.5370444337218024,primary,width,PPARA
0.5288950984458926,3600,1.0,2.5,3.333333333333333,2.5,1.0,1.0,120,4,600,1,1.0,600,min,s1_width,0.5370444337218024,0.041666666666666664,0.3333333333333333,0.125,1,0.5370444337218024,primary,width,PPARA
0.5288950984458926,4800,1.0,2.5,3.333333333333333,2.5,1.0,1.0,120,4,600,1,1.0,600,min,s1_width,0.5370444337218024,0.041666666666666664,0.3333333333333333,0.125,1,0.5370444337218024,primary,width,PPARA
0.5288950984458926,600,1.0,2.5,3.333333333333333,2.5,1.0,1.0,120,4,600,1,1.0,600,min,s2_uniform,0.5370444337218024,0.041666666666666664,0.3333333333333333,0.125,1,0.5370444337218024,primary,uniform,PPARA
0.4375586396814394,1200,1.0,0.0,2.9166666666666665,1.6666666666666665,1.0,2.0,120,4,1200,2,2.0,600,min,s2_uniform,0.4884805682410029,0.0,0.2916666666666667,0.08333333333333333,2,0.5370444337218024,primary,uniform,PPARA
0.42123109234117473,2400,1.0,0.0,2.9166666666666665,1.6666666666666665,1.0,4.0,120,4,2400,4,4.0,600,min,s2_uniform,0.47917876219148003,0.0,0.2916666666666667,0.08333333333333333,4,0.5370444337218024,primary,uniform,PPARA
0.42061369307487884,3600,1.0,0.0,2.9166666666666665,1.6666666666666665,1.0,6.0,120,4,3600,6,6.0,600,min,s2_uniform,0.4717397372347163,0.0,0.2916666666666667,0.08333333333333333,6,0.5370444337218024,primary,uniform,PPARA
0.4162472553878672,4800,1.0,0.0,2.9166666666666665,1.6666666666666665,1.0,8.0,120,4,4800,8,8.0,600,min,s2_uniform,0.4459160513131047,0.0,0.2916666666666667,0.08333333333333333,8,0.5370444337218024,primary,uniform,PPARA
0.5288950984458926,600,1.0,2.5,3.333333333333333,2.5,1.0,1.0,120,4,600,1,1.0,600,min,s3_top10,0.5370444337218024,0.041666666666666664,0.3333333333333333,0.125,1,0.5370444337218024,primary,primary_all|top_up,PPARA
0.5342581204336458,1200,1.0,0.0,3.333333333333333,2.5,1.0,2.5,120,4,1200,11,2.0,600,min,s3_top10,0.5432847076091352,0.0,0.3333333333333333,0.125,11,0.5370444337218024,primary,primary_all|top_up,PPARA
0.5233842681560361,2400,1.0,0.0,3.333333333333333,2.5,1.0,3.1,120,4,1440,15,2.4,600,min,s3_top10,0.5425902631646906,0.0,0.3333333333333333,0.125,15,0.5370444337218024,primary,primary_all|top_up,PPARA
0.5233842681560361,3600,1.0,0.0,3.333333333333333,2.5,1.0,3.1,120,4,1440,15,2.4,600,min,s3_top10,0.5425902631646906,0.0,0.3333333333333333,0.125,15,0.5370444337218024,primary,primary_all|top_up,PPARA
0.5233842681560361,4800,1.0,0.0,3.333333333333333,2.5,1.0,3.1,120,4,1440,15,2.4,600,min,s3_top10,0.5425902631646906,0.0,0.3333333333333333,0.125,15,0.5370444337218024,primary,primary_all|top_up,PPARA
0.5288950984458926,600,1.0,2.5,3.333333333333333,2.5,1.0,1.0,120,4,600,1,1.0,600,min,s3_top25,0.5370444337218024,0.041666666666666664,0.3333333333333333,0.125,1,0.5370444337218024,primary,primary_all|top_up,PPARA
0.5260978764649991,1200,1.0,0.0,2.9166666666666665,2.5,1.0,2.3666666666666667,120,4,1200,5,2.0,600,min,s3_top25,0.5595138795157714,0.0,0.2916666666666667,0.125,5,0.5370444337218024,primary,primary_all|top_up,PPARA
0.5208944380871583,2400,1.0,0.0,2.9166666666666665,2.5,1.0,5.1,120,4,2400,13,4.0,600,min,s3_top25,0.539336287977562,0.0,0.2916666666666667,0.125,13,0.5370444337218024,primary,primary_all|top_up,PPARA
0.5030995189652547,3600,1.0,0.0,2.9166666666666665,2.5,1.0,5.783333333333333,120,4,2700,15,4.5,600,min,s3_top25,0.5335997366433866,0.0,0.2916666666666667,0.125,15,0.5370444337218024,primary,primary_all|top_up,PPARA
0.5030995189652547,4800,1.0,0.0,2.9166666666666665,2.5,1.0,5.783333333333333,120,4,2700,15,4.5,600,min,s3_top25,0.5335997366433866,0.0,0.2916666666666667,0.125,15,0.5370444337218024,primary,primary_all|top_up,PPARA
0.5288950984458926,600,1.0,2.5,3.333333333333333,2.5,1.0,1.0,120,4,600,1,1.0,600,min,s3_top50,0.5370444337218024,0.041666666666666664,0.3333333333333333,0.125,1,0.5370444337218024,primary,primary_all|top_up,PPARA
0.41492389635670307,1200,1.0,0.0,2.9166666666666665,1.6666666666666665,1.0,2.25,120,4,1200,3,2.0,600,min,s3_top50,0.4736495039328941,0.0,0.2916666666666667,0.08333333333333333,3,0.5370444337218024,primary,primary_all|top_up,PPARA
0.41212740689090344,2400,1.0,0.0,2.9166666666666665,1.6666666666666665,1.0,4.75,120,4,2400,7,4.0,600,min,s3_top50,0.4416743615867424,0.0,0.2916666666666667,0.08333333333333333,7,0.5370444337218024,primary,primary_all|top_up,PPARA
0.3678158506505212,3600,1.0,0.0,2.5,0.8333333333333333,1.0,7.25,120,4,3600,11,6.0,600,min,s3_top50,0.43010418234575076,0.0,0.25,0.041666666666666664,11,0.5370444337218024,primary,primary_all|top_up,PPARA
0.36040571989380005,4800,1.0,0.0,2.5,0.8333333333333333,1.0,9.75,120,4,4800,15,8.0,600,min,s3_top50,0.4219384809921179,0.0,0.25,0.041666666666666664,15,0.5370444337218024,primary,primary_all|top_up,PPARA
0.5461556973402932,600,0.41833333333333333,0.0,3.333333333333333,2.5,0.5083333333333333,2.5737704918032787,120,4,600,7,2.3904382470119523,251,min,s4_scaffold25,0.606935127598068,0.0,0.3333333333333333,0.125,7,0.5370444337218024,primary,scaffold_representatives|expand_top_groups,PPARA
0.5447285440866108,1200,0.41833333333333333,0.0,3.333333333333333,2.5,0.5083333333333333,5.131147540983607,120,4,1184,15,4.717131474103586,251,min,s4_scaffold25,0.6109724369662597,0.0,0.3333333333333333,0.125,15,0.5370444337218024,primary,scaffold_representatives|expand_top_groups,PPARA
0.5447285440866108,2400,0.41833333333333333,0.0,3.333333333333333,2.5,0.5083333333333333,5.131147540983607,120,4,1184,15,4.717131474103586,251,min,s4_scaffold25,0.6109724369662597,0.0,0.3333333333333333,0.125,15,0.5370444337218024,primary,scaffold_representatives|expand_top_groups,PPARA
0.5447285440866108,3600,0.41833333333333333,0.0,3.333333333333333,2.5,0.5083333333333333,5.131147540983607,120,4,1184,15,4.717131474103586,251,min,s4_scaffold25,0.6109724369662597,0.0,0.3333333333333333,0.125,15,0.5370444337218024,primary,scaffold_representatives|expand_top_groups,PPARA
0.5447285440866108,4800,0.41833333333333333,0.0,3.333333333333333,2.5,0.5083333333333333,5.131147540983607,120,4,1184,15,4.717131474103586,251,min,s4_scaffold25,0.6109724369662597,0.0,0.3333333333333333,0.125,15,0.5370444337218024,primary,scaffold_representatives|expand_top_groups,PPARA
0.5323161288307808,600,0.43833333333333335,0.0,2.9166666666666665,2.5,0.5916666666666667,2.3098591549295775,120,4,600,4,2.2813688212927756,263,min,s4_scaffold50,0.5849983020415682,0.0,0.2916666666666667,0.125,4,0.5370444337218024,primary,scaffold_representatives|expand_top_groups,PPARA
0.5304039185365141,1200,0.43833333333333335,0.0,2.9166666666666665,2.5,0.5916666666666667,4.943661971830986,120,4,1200,8,4.562737642585551,263,min,s4_scaffold50,0.5660075653593591,0.0,0.2916666666666667,0.125,8,0.5370444337218024,primary,scaffold_representatives|expand_top_groups,PPARA
0.5028328265871179,2400,0.43833333333333335,0.0,2.9166666666666665,2.5,0.5916666666666667,9.140845070422536,120,4,2206,15,8.387832699619771,263,min,s4_scaffold50,0.5394204016819284,0.0,0.2916666666666667,0.125,15,0.5370444337218024,primary,scaffold_representatives|expand_top_groups,PPARA
0.5028328265871179,3600,0.43833333333333335,0.0,2.9166666666666665,2.5,0.5916666666666667,9.140845070422536,120,4,2206,15,8.387832699619771,263,min,s4_scaffold50,0.5394204016819284,0.0,0.2916666666666667,0.125,15,0.5370444337218024,primary,scaffold_representatives|expand_top_groups,PPARA
0.5028328265871179,4800,0.43833333333333335,0.0,2.9166666666666665,2.5,0.5916666666666667,9.140845070422536,120,4,2206,15,8.387832699619771,263,min,s4_scaffold50,0.5394204016819284,0.0,0.2916666666666667,0.125,15,0.5370444337218024,primary,scaffold_representatives|expand_top_groups,PPARA
0.3580332805069077,600,1.0,0.0,2.5,0.8333333333333333,1.0,1.0,120,4,600,1,1.0,600,min,s5_score_oracle,0.40801099627553383,0.0,0.25,0.041666666666666664,15,0.5370444337218024,primary,score_oracle,PPARA
0.3580332805069077,1200,1.0,0.0,2.5,0.8333333333333333,1.0,2.0,120,4,1200,2,2.0,600,min,s5_score_oracle,0.40801099627553383,0.0,0.25,0.041666666666666664,15,0.5370444337218024,primary,score_oracle,PPARA
0.3580332805069077,2400,1.0,0.0,2.5,0.8333333333333333,1.0,4.0,120,4,2400,4,4.0,600,min,s5_score_oracle,0.40801099627553383,0.0,0.25,0.041666666666666664,15,0.5370444337218024,primary,score_oracle,PPARA
0.3580332805069077,3600,1.0,0.0,2.5,0.8333333333333333,1.0,6.0,120,4,3600,6,6.0,600,min,s5_score_oracle,0.40801099627553383,0.0,0.25,0.041666666666666664,15,0.5370444337218024,primary,score_oracle,PPARA
0.3580332805069077,4800,1.0,0.0,2.5,0.8333333333333333,1.0,8.0,120,4,4800,8,8.0,600,min,s5_score_oracle,0.40801099627553383,0.0,0.25,0.041666666666666664,15,0.5370444337218024,primary,score_oracle,PPARA
0.5263145043368187,600,1.0,5.0,2.5,2.5,1.0,1.0,120,5,600,1,1.0,600,mean,s1_width,0.5027985933582443,0.08333333333333333,0.25,0.125,1,0.5027985933582443,primary,width,PPARA
0.5263145043368187,1200,1.0,5.0,2.5,2.5,1.0,1.0,120,5,600,1,1.0,600,mean,s1_width,0.5027985933582443,0.08333333333333333,0.25,0.125,1,0.5027985933582443,primary,width,PPARA
0.5263145043368187,2400,1.0,5.0,2.5,2.5,1.0,1.0,120,5,600,1,1.0,600,mean,s1_width,0.5027985933582443,0.08333333333333333,0.25,0.125,1,0.5027985933582443,primary,width,PPARA
0.5263145043368187,3600,1.0,5.0,2.5,2.5,1.0,1.0,120,5,600,1,1.0,600,mean,s1_width,0.5027985933582443,0.08333333333333333,0.25,0.125,1,0.5027985933582443,primary,width,PPARA
0.5263145043368187,4800,1.0,5.0,2.5,2.5,1.0,1.0,120,5,600,1,1.0,600,mean,s1_width,0.5027985933582443,0.08333333333333333,0.25,0.125,1,0.5027985933582443,primary,width,PPARA
0.5263145043368187,600,1.0,5.0,2.5,2.5,1.0,1.0,120,5,600,1,1.0,600,mean,s2_uniform,0.5027985933582443,0.08333333333333333,0.25,0.125,1,0.5027985933582443,primary,uniform,PPARA
0.840827026763274,1200,1.0,5.0,4.166666666666667,5.0,1.0,2.0,120,5,1200,2,2.0,600,mean,s2_uniform,0.7388166156965973,0.08333333333333333,0.4166666666666667,0.25,2,0.5027985933582443,primary,uniform,PPARA
0.8681347643497885,2400,1.0,5.0,4.166666666666667,4.166666666666667,1.0,4.0,120,5,2400,4,4.0,600,mean,s2_uniform,0.7882041949780357,0.08333333333333333,0.4166666666666667,0.20833333333333334,4,0.5027985933582443,primary,uniform,PPARA
0.8491999119465542,3600,1.0,5.0,4.166666666666667,4.166666666666667,1.0,6.0,120,5,3600,6,6.0,600,mean,s2_uniform,0.776151841618173,0.08333333333333333,0.4166666666666667,0.20833333333333334,6,0.5027985933582443,primary,uniform,PPARA
0.8375127021925624,4800,1.0,5.0,4.166666666666667,4.166666666666667,1.0,8.0,120,5,4800,8,8.0,600,mean,s2_uniform,0.7504383457229293,0.08333333333333333,0.4166666666666667,0.20833333333333334,8,0.5027985933582443,primary,uniform,PPARA
0.5263145043368187,600,1.0,5.0,2.5,2.5,1.0,1.0,120,5,600,1,1.0,600,mean,s3_top10,0.5027985933582443,0.08333333333333333,0.25,0.125,1,0.5027985933582443,primary,primary_all|top_up,PPARA
0.6599117399987529,1200,1.0,5.0,2.5,4.166666666666667,1.0,2.0,120,5,1200,11,2.0,600,mean,s3_top10,0.5684830697841422,0.08333333333333333,0.25,0.20833333333333334,11,0.5027985933582443,primary,primary_all|top_up,PPARA
0.6154105462287695,2400,1.0,5.0,2.0833333333333335,3.333333333333333,1.0,2.4,120,5,1440,15,2.4,600,mean,s3_top10,0.543794485280531,0.08333333333333333,0.20833333333333334,0.16666666666666666,15,0.5027985933582443,primary,primary_all|top_up,PPARA
0.6154105462287695,3600,1.0,5.0,2.0833333333333335,3.333333333333333,1.0,2.4,120,5,1440,15,2.4,600,mean,s3_top10,0.543794485280531,0.08333333333333333,0.20833333333333334,0.16666666666666666,15,0.5027985933582443,primary,primary_all|top_up,PPARA
0.6154105462287695,4800,1.0,5.0,2.0833333333333335,3.333333333333333,1.0,2.4,120,5,1440,15,2.4,600,mean,s3_top10,0.543794485280531,0.08333333333333333,0.20833333333333334,0.16666666666666666,15,0.5027985933582443,primary,primary_all|top_up,PPARA
0.5263145043368187,600,1.0,5.0,2.5,2.5,1.0,1.0,120,5,600,1,1.0,600,mean,s3_top25,0.5027985933582443,0.08333333333333333,0.25,0.125,1,0.5027985933582443,primary,primary_all|top_up,PPARA
0.8512001821036485,1200,1.0,5.0,4.166666666666667,4.166666666666667,1.0,2.2,120,5,1200,5,2.0,600,mean,s3_top25,0.7436215279301989,0.08333333333333333,0.4166666666666667,0.20833333333333334,5,0.5027985933582443,primary,primary_all|top_up,PPARA
0.7169565964807729,2400,1.0,5.0,3.333333333333333,4.166666666666667,1.0,4.6,120,5,2400,13,4.0,600,mean,s3_top25,0.6241671282350295,0.08333333333333333,0.3333333333333333,0.20833333333333334,13,0.5027985933582443,primary,primary_all|top_up,PPARA
0.6744268913952134,3600,1.0,5.0,2.9166666666666665,3.333333333333333,1.0,5.2,120,5,2700,15,4.5,600,mean,s3_top25,0.5985741267249117,0.08333333333333333,0.2916666666666667,0.16666666666666666,15,0.5027985933582443,primary,primary_all|top_up,PPARA
0.6744268913952134,4800,1.0,5.0,2.9166666666666665,3.333333333333333,1.0,5.2,120,5,2700,15,4.5,600,mean,s3_top25,0.5985741267249117,0.08333333333333333,0.2916666666666667,0.16666666666666666,15,0.5027985933582443,primary,primary_all|top_up,PPARA
0.5263145043368187,600,1.0,5.0,2.5,2.5,1.0,1.0,120,5,600,1,1.0,600,mean,s3_top50,0.5027985933582443,0.08333333333333333,0.25,0.125,1,0.5027985933582443,primary,primary_all|top_up,PPARA
0.8574822799414121,1200,1.0,5.0,4.166666666666667,4.166666666666667,1.0,1.9,120,5,1200,3,2.0,600,mean,s3_top50,0.7647005035681379,0.08333333333333333,0.4166666666666667,0.20833333333333334,3,0.5027985933582443,primary,primary_all|top_up,PPARA
0.8549943953656868,2400,1.0,5.0,4.166666666666667,4.166666666666667,1.0,3.7,120,5,2400,7,4.0,600,mean,s3_top50,0.7660978457398088,0.08333333333333333,0.4166666666666667,0.20833333333333334,7,0.5027985933582443,primary,primary_all|top_up,PPARA
0.8026866086472526,3600,1.0,5.0,3.75,4.166666666666667,1.0,5.5,120,5,3600,11,6.0,600,mean,s3_top50,0.7102578009705202,0.08333333333333333,0.375,0.20833333333333334,11,0.5027985933582443,primary,primary_all|top_up,PPARA
0.6867541939092177,4800,1.0,5.0,2.9166666666666665,3.333333333333333,1.0,7.3,120,5,4800,15,8.0,600,mean,s3_top50,0.6250100393485606,0.08333333333333333,0.2916666666666667,0.16666666666666666,15,0.5027985933582443,primary,primary_all|top_up,PPARA
0.7840911596877526,600,0.42833333333333334,5.0,3.333333333333333,4.166666666666667,0.525,2.1746031746031744,120,5,600,6,2.3346303501945527,257,mean,s4_scaffold25,0.7181436100628303,0.08333333333333333,0.3333333333333333,0.20833333333333334,6,0.5027985933582443,primary,scaffold_representatives|expand_top_groups,PPARA
0.6770240093271875,1200,0.42833333333333334,5.0,2.5,4.166666666666667,0.525,4.285714285714286,120,5,1200,15,4.669260700389105,257,mean,s4_scaffold25,0.63315823184456,0.08333333333333333,0.25,0.20833333333333334,15,0.5027985933582443,primary,scaffold_representatives|expand_top_groups,PPARA
0.6592628825278132,2400,0.42833333333333334,5.0,2.5,3.333333333333333,0.525,4.523809523809524,120,5,1268,15,4.933852140077821,257,mean,s4_scaffold25,0.6246996969154369,0.08333333333333333,0.25,0.16666666666666666,15,0.5027985933582443,primary,scaffold_representatives|expand_top_groups,PPARA
0.6592628825278132,3600,0.42833333333333334,5.0,2.5,3.333333333333333,0.525,4.523809523809524,120,5,1268,15,4.933852140077821,257,mean,s4_scaffold25,0.6246996969154369,0.08333333333333333,0.25,0.16666666666666666,15,0.5027985933582443,primary,scaffold_representatives|expand_top_groups,PPARA
0.6592628825278132,4800,0.42833333333333334,5.0,2.5,3.333333333333333,0.525,4.523809523809524,120,5,1268,15,4.933852140077821,257,mean,s4_scaffold25,0.6246996969154369,0.08333333333333333,0.25,0.16666666666666666,15,0.5027985933582443,primary,scaffold_representatives|expand_top_groups,PPARA
0.8659782658416018,600,0.47833333333333333,5.0,4.166666666666667,4.166666666666667,0.7,2.0357142857142856,120,5,600,4,2.0905923344947737,287,mean,s4_scaffold50,0.7693782428672512,0.08333333333333333,0.4166666666666667,0.20833333333333334,4,0.5027985933582443,primary,scaffold_representatives|expand_top_groups,PPARA
0.8502266249924566,1200,0.47833333333333333,5.0,4.166666666666667,4.166666666666667,0.7,4.357142857142857,120,5,1200,7,4.181184668989547,287,mean,s4_scaffold50,0.7541755095212542,0.08333333333333333,0.4166666666666667,0.20833333333333334,7,0.5027985933582443,primary,scaffold_representatives|expand_top_groups,PPARA
0.7004556953640624,2400,0.47833333333333333,5.0,2.9166666666666665,4.166666666666667,0.7,8.821428571428571,120,5,2400,15,8.362369337979095,287,mean,s4_scaffold50,0.6194811933097277,0.08333333333333333,0.2916666666666667,0.20833333333333334,15,0.5027985933582443,primary,scaffold_representatives|expand_top_groups,PPARA
0.6802898891216984,3600,0.47833333333333333,5.0,2.9166666666666665,3.333333333333333,0.7,9.392857142857142,120,5,2542,15,8.857142857142858,287,mean,s4_scaffold50,0.6061096798491531,0.08333333333333333,0.2916666666666667,0.16666666666666666,15,0.5027985933582443,primary,scaffold_representatives|expand_top_groups,PPARA
0.6802898891216984,4800,0.47833333333333333,5.0,2.9166666666666665,3.333333333333333,0.7,9.392857142857142,120,5,2542,15,8.857142857142858,287,mean,s4_scaffold50,0.6061096798491531,0.08333333333333333,0.2916666666666667,0.16666666666666666,15,0.5027985933582443,primary,scaffold_representatives|expand_top_groups,PPARA
0.4199507343052088,600,1.0,2.5,1.6666666666666665,2.5,1.0,1.0,120,5,600,1,1.0,600,mean,s5_score_oracle,0.40179680436619974,0.041666666666666664,0.16666666666666666,0.125,15,0.5027985933582443,primary,score_oracle,PPARA
0.4312415594810348,1200,1.0,2.5,2.0833333333333335,1.6666666666666665,1.0,2.0,120,5,1200,2,2.0,600,mean,s5_score_oracle,0.4201697784864633,0.041666666666666664,0.20833333333333334,0.08333333333333333,15,0.5027985933582443,primary,score_oracle,PPARA
0.5279286385615977,2400,1.0,2.5,2.5,2.5,1.0,4.0,120,5,2400,4,4.0,600,mean,s5_score_oracle,0.4849015894593965,0.041666666666666664,0.25,0.125,15,0.5027985933582443,primary,score_oracle,PPARA
0.5543648213910957,3600,1.0,5.0,2.5,2.5,1.0,6.0,120,5,3600,6,6.0,600,mean,s5_score_oracle,0.5228436483754365,0.08333333333333333,0.25,0.125,15,0.5027985933582443,primary,score_oracle,PPARA
0.5872761788136442,4800,1.0,5.0,2.5,3.333333333333333,1.0,8.0,120,5,4800,8,8.0,600,mean,s5_score_oracle,0.5513248358159123,0.08333333333333333,0.25,0.16666666666666666,15,0.5027985933582443,primary,score_oracle,PPARA
0.5263145043368187,600,1.0,5.0,2.5,2.5,1.0,1.0,120,5,600,1,1.0,600,min,s1_width,0.5027985933582443,0.08333333333333333,0.25,0.125,1,0.5027985933582443,primary,width,PPARA
0.5263145043368187,1200,1.0,5.0,2.5,2.5,1.0,1.0,120,5,600,1,1.0,600,min,s1_width,0.5027985933582443,0.08333333333333333,0.25,0.125,1,0.5027985933582443,primary,width,PPARA
0.5263145043368187,2400,1.0,5.0,2.5,2.5,1.0,1.0,120,5,600,1,1.0,600,min,s1_width,0.5027985933582443,0.08333333333333333,0.25,0.125,1,0.5027985933582443,primary,width,PPARA
0.5263145043368187,3600,1.0,5.0,2.5,2.5,1.0,1.0,120,5,600,1,1.0,600,min,s1_width,0.5027985933582443,0.08333333333333333,0.25,0.125,1,0.5027985933582443,primary,width,PPARA
0.5263145043368187,4800,1.0,5.0,2.5,2.5,1.0,1.0,120,5,600,1,1.0,600,min,s1_width,0.5027985933582443,0.08333333333333333,0.25,0.125,1,0.5027985933582443,primary,width,PPARA
0.5263145043368187,600,1.0,5.0,2.5,2.5,1.0,1.0,120,5,600,1,1.0,600,min,s2_uniform,0.5027985933582443,0.08333333333333333,0.25,0.125,1,0.5027985933582443,primary,uniform,PPARA
0.6736977173445359,1200,1.0,5.0,3.333333333333333,2.5,1.0,2.0,120,5,1200,2,2.0,600,min,s2_uniform,0.627120091660308,0.08333333333333333,0.3333333333333333,0.125,2,0.5027985933582443,primary,uniform,PPARA
0.7579626618309753,2400,1.0,5.0,3.333333333333333,4.166666666666667,1.0,4.0,120,5,2400,4,4.0,600,min,s2_uniform,0.6715301181351078,0.08333333333333333,0.3333333333333333,0.20833333333333334,4,0.5027985933582443,primary,uniform,PPARA
0.7872165225692241,3600,1.0,5.0,3.75,4.166666666666667,1.0,6.0,120,5,3600,6,6.0,600,min,s2_uniform,0.687508051708804,0.08333333333333333,0.375,0.20833333333333334,6,0.5027985933582443,primary,uniform,PPARA
0.7028259829358521,4800,1.0,5.0,2.9166666666666665,3.333333333333333,1.0,8.0,120,5,4800,8,8.0,600,min,s2_uniform,0.6112412642216614,0.08333333333333333,0.2916666666666667,0.16666666666666666,8,0.5027985933582443,primary,uniform,PPARA
0.5263145043368187,600,1.0,5.0,2.5,2.5,1.0,1.0,120,5,600,1,1.0,600,min,s3_top10,0.5027985933582443,0.08333333333333333,0.25,0.125,1,0.5027985933582443,primary,primary_all|top_up,PPARA
0.5650471038950143,1200,1.0,5.0,2.5,2.5,1.0,2.0,120,5,1200,11,2.0,600,min,s3_top10,0.5213591994188503,0.08333333333333333,0.25,0.125,11,0.5027985933582443,primary,primary_all|top_up,PPARA
0.5318203957427516,2400,1.0,2.5,2.5,2.5,1.0,2.4,120,5,1440,15,2.4,600,min,s3_top10,0.49813589494554583,0.041666666666666664,0.25,0.125,15,0.5027985933582443,primary,primary_all|top_up,PPARA
0.5318203957427516,3600,1.0,2.5,2.5,2.5,1.0,2.4,120,5,1440,15,2.4,600,min,s3_top10,0.49813589494554583,0.041666666666666664,0.25,0.125,15,0.5027985933582443,primary,primary_all|top_up,PPARA
0.5318203957427516,4800,1.0,2.5,2.5,2.5,1.0,2.4,120,5,1440,15,2.4,600,min,s3_top10,0.49813589494554583,0.041666666666666664,0.25,0.125,15,0.5027985933582443,primary,primary_all|top_up,PPARA
0.5263145043368187,600,1.0,5.0,2.5,2.5,1.0,1.0,120,5,600,1,1.0,600,min,s3_top25,0.5027985933582443,0.08333333333333333,0.25,0.125,1,0.5027985933582443,primary,primary_all|top_up,PPARA
0.7674799907816804,1200,1.0,5.0,3.333333333333333,4.166666666666667,1.0,2.2,120,5,1200,5,2.0,600,min,s3_top25,0.6573105720939717,0.08333333333333333,0.3333333333333333,0.20833333333333334,5,0.5027985933582443,primary,primary_all|top_up,PPARA
0.439729958494136,2400,1.0,2.5,1.6666666666666665,2.5,1.0,4.6,120,5,2400,13,4.0,600,min,s3_top25,0.4553546692051375,0.041666666666666664,0.16666666666666666,0.125,13,0.5027985933582443,primary,primary_all|top_up,PPARA
0.4480323009291089,3600,1.0,2.5,2.0833333333333335,2.5,1.0,5.2,120,5,2700,15,4.5,600,min,s3_top25,0.45685853417439154,0.041666666666666664,0.20833333333333334,0.125,15,0.5027985933582443,primary,primary_all|top_up,PPARA
0.4480323009291089,4800,1.0,2.5,2.0833333333333335,2.5,1.0,5.2,120,5,2700,15,4.5,600,min,s3_top25,0.45685853417439154,0.041666666666666664,0.20833333333333334,0.125,15,0.5027985933582443,primary,primary_all|top_up,PPARA
0.5263145043368187,600,1.0,5.0,2.5,2.5,1.0,1.0,120,5,600,1,1.0,600,min,s3_top50,0.5027985933582443,0.08333333333333333,0.25,0.125,1,0.5027985933582443,primary,primary_all|top_up,PPARA
0.6759127642219483,1200,1.0,5.0,2.9166666666666665,2.5,1.0,1.9,120,5,1200,3,2.0,600,min,s3_top50,0.6322313740900894,0.08333333333333333,0.2916666666666667,0.125,3,0.5027985933582443,primary,primary_all|top_up,PPARA
0.7882866293387143,2400,1.0,5.0,3.75,4.166666666666667,1.0,3.7,120,5,2400,7,4.0,600,min,s3_top50,0.6925326681218769,0.08333333333333333,0.375,0.20833333333333334,7,0.5027985933582443,primary,primary_all|top_up,PPARA
0.6019785468433837,3600,1.0,2.5,2.5,3.333333333333333,1.0,5.5,120,5,3600,11,6.0,600,min,s3_top50,0.5350101249950868,0.041666666666666664,0.25,0.16666666666666666,11,0.5027985933582443,primary,primary_all|top_up,PPARA
0.45323576734468407,4800,1.0,2.5,2.0833333333333335,2.5,1.0,7.3,120,5,4800,15,8.0,600,min,s3_top50,0.4557922754948516,0.041666666666666664,0.20833333333333334,0.125,15,0.5027985933582443,primary,primary_all|top_up,PPARA
0.6549161763486736,600,0.42833333333333334,5.0,2.9166666666666665,3.333333333333333,0.525,2.1746031746031744,120,5,600,6,2.3346303501945527,257,min,s4_scaffold25,0.6146890350286967,0.08333333333333333,0.2916666666666667,0.16666666666666666,6,0.5027985933582443,primary,scaffold_representatives|expand_top_groups,PPARA
0.47967659101870996,1200,0.42833333333333334,2.5,2.5,2.5,0.525,4.285714285714286,120,5,1200,15,4.669260700389105,257,min,s4_scaffold25,0.5334746284127808,0.041666666666666664,0.25,0.125,15,0.5027985933582443,primary,scaffold_representatives|expand_top_groups,PPARA
0.47967659101870996,2400,0.42833333333333334,2.5,2.5,2.5,0.525,4.523809523809524,120,5,1268,15,4.933852140077821,257,min,s4_scaffold25,0.5334746284127808,0.041666666666666664,0.25,0.125,15,0.5027985933582443,primary,scaffold_representatives|expand_top_groups,PPARA
0.47967659101870996,3600,0.42833333333333334,2.5,2.5,2.5,0.525,4.523809523809524,120,5,1268,15,4.933852140077821,257,min,s4_scaffold25,0.5334746284127808,0.041666666666666664,0.25,0.125,15,0.5027985933582443,primary,scaffold_representatives|expand_top_groups,PPARA
0.47967659101870996,4800,0.42833333333333334,2.5,2.5,2.5,0.525,4.523809523809524,120,5,1268,15,4.933852140077821,257,min,s4_scaffold25,0.5334746284127808,0.041666666666666664,0.25,0.125,15,0.5027985933582443,primary,scaffold_representatives|expand_top_groups,PPARA
0.7064555202708582,600,0.47833333333333333,5.0,3.333333333333333,3.333333333333333,0.7,2.0357142857142856,120,5,600,4,2.0905923344947737,287,min,s4_scaffold50,0.6506724308371044,0.08333333333333333,0.3333333333333333,0.16666666666666666,4,0.5027985933582443,primary,scaffold_representatives|expand_top_groups,PPARA
0.7855002060020753,1200,0.47833333333333333,5.0,3.333333333333333,4.166666666666667,0.7,4.357142857142857,120,5,1200,7,4.181184668989547,287,min,s4_scaffold50,0.6694112147841403,0.08333333333333333,0.3333333333333333,0.20833333333333334,7,0.5027985933582443,primary,scaffold_representatives|expand_top_groups,PPARA
0.41834952348597476,2400,0.47833333333333333,2.5,1.6666666666666665,2.5,0.7,8.821428571428571,120,5,2400,15,8.362369337979095,287,min,s4_scaffold50,0.40709570649109744,0.041666666666666664,0.16666666666666666,0.125,15,0.5027985933582443,primary,scaffold_representatives|expand_top_groups,PPARA
0.41608312221324195,3600,0.47833333333333333,2.5,1.6666666666666665,2.5,0.7,9.392857142857142,120,5,2542,15,8.857142857142858,287,min,s4_scaffold50,0.4040037521409689,0.041666666666666664,0.16666666666666666,0.125,15,0.5027985933582443,primary,scaffold_representatives|expand_top_groups,PPARA
0.41608312221324195,4800,0.47833333333333333,2.5,1.6666666666666665,2.5,0.7,9.392857142857142,120,5,2542,15,8.857142857142858,287,min,s4_scaffold50,0.4040037521409689,0.041666666666666664,0.16666666666666666,0.125,15,0.5027985933582443,primary,scaffold_representatives|expand_top_groups,PPARA
0.4199507343052088,600,1.0,2.5,1.6666666666666665,2.5,1.0,1.0,120,5,600,1,1.0,600,min,s5_score_oracle,0.40179680436619974,0.041666666666666664,0.16666666666666666,0.125,15,0.5027985933582443,primary,score_oracle,PPARA
0.4199507343052088,1200,1.0,2.5,1.6666666666666665,2.5,1.0,2.0,120,5,1200,2,2.0,600,min,s5_score_oracle,0.40179680436619974,0.041666666666666664,0.16666666666666666,0.125,15,0.5027985933582443,primary,score_oracle,PPARA
0.4199507343052088,2400,1.0,2.5,1.6666666666666665,2.5,1.0,4.0,120,5,2400,4,4.0,600,min,s5_score_oracle,0.40179680436619974,0.041666666666666664,0.16666666666666666,0.125,15,0.5027985933582443,primary,score_oracle,PPARA
0.4199507343052088,3600,1.0,2.5,1.6666666666666665,2.5,1.0,6.0,120,5,3600,6,6.0,600,min,s5_score_oracle,0.40179680436619974,0.041666666666666664,0.16666666666666666,0.125,15,0.5027985933582443,primary,score_oracle,PPARA
0.4199507343052088,4800,1.0,2.5,1.6666666666666665,2.5,1.0,8.0,120,5,4800,8,8.0,600,min,s5_score_oracle,0.40179680436619974,0.041666666666666664,0.16666666666666666,0.125,15,0.5027985933582443,primary,score_oracle,PPARA
0.2192184272030232,600,1.0,2.5,0.8333333333333333,0.8333333333333333,1.0,1.0,120,1,600,1,1.0,600,mean,s1_width,0.24896294339467098,0.041666666666666664,0.08333333333333333,0.041666666666666664,1,0.24896294339467098,secondary,width,FA10
0.2192184272030232,1200,1.0,2.5,0.8333333333333333,0.8333333333333333,1.0,1.0,120,1,600,1,1.0,600,mean,s1_width,0.24896294339467098,0.041666666666666664,0.08333333333333333,0.041666666666666664,1,0.24896294339467098,secondary,width,FA10
0.2192184272030232,2400,1.0,2.5,0.8333333333333333,0.8333333333333333,1.0,1.0,120,1,600,1,1.0,600,mean,s1_width,0.24896294339467098,0.041666666666666664,0.08333333333333333,0.041666666666666664,1,0.24896294339467098,secondary,width,FA10
0.2192184272030232,3600,1.0,2.5,0.8333333333333333,0.8333333333333333,1.0,1.0,120,1,600,1,1.0,600,mean,s1_width,0.24896294339467098,0.041666666666666664,0.08333333333333333,0.041666666666666664,1,0.24896294339467098,secondary,width,FA10
0.2192184272030232,4800,1.0,2.5,0.8333333333333333,0.8333333333333333,1.0,1.0,120,1,600,1,1.0,600,mean,s1_width,0.24896294339467098,0.041666666666666664,0.08333333333333333,0.041666666666666664,1,0.24896294339467098,secondary,width,FA10
0.2192184272030232,600,1.0,2.5,0.8333333333333333,0.8333333333333333,1.0,1.0,120,1,600,1,1.0,600,mean,s2_uniform,0.24896294339467098,0.041666666666666664,0.08333333333333333,0.041666666666666664,1,0.24896294339467098,secondary,uniform,FA10
0.3207809107191888,1200,1.0,5.0,1.25,1.6666666666666665,1.0,2.0,120,1,1200,2,2.0,600,mean,s2_uniform,0.28545234684387827,0.08333333333333333,0.125,0.08333333333333333,2,0.24896294339467098,secondary,uniform,FA10
0.31698015206965763,2400,1.0,5.0,1.25,1.6666666666666665,1.0,4.0,120,1,2400,4,4.0,600,mean,s2_uniform,0.2849224348146689,0.08333333333333333,0.125,0.08333333333333333,4,0.24896294339467098,secondary,uniform,FA10
0.3047458264262778,3600,1.0,5.0,0.8333333333333333,1.6666666666666665,1.0,6.0,120,1,3600,6,6.0,600,mean,s2_uniform,0.2797359993605964,0.08333333333333333,0.08333333333333333,0.08333333333333333,6,0.24896294339467098,secondary,uniform,FA10
0.2951607116246036,4800,1.0,5.0,0.8333333333333333,1.6666666666666665,1.0,8.0,120,1,4800,8,8.0,600,mean,s2_uniform,0.27321569778452864,0.08333333333333333,0.08333333333333333,0.08333333333333333,8,0.24896294339467098,secondary,uniform,FA10
0.2192184272030232,600,1.0,2.5,0.8333333333333333,0.8333333333333333,1.0,1.0,120,1,600,1,1.0,600,mean,s3_top10,0.24896294339467098,0.041666666666666664,0.08333333333333333,0.041666666666666664,1,0.24896294339467098,secondary,primary_all|top_up,FA10
0.29986743094226437,1200,1.0,5.0,0.8333333333333333,1.6666666666666665,1.0,3.0,120,1,1200,11,2.0,600,mean,s3_top10,0.28371635415721685,0.08333333333333333,0.08333333333333333,0.08333333333333333,11,0.24896294339467098,secondary,primary_all|top_up,FA10
0.30874304849071105,2400,1.0,5.0,0.8333333333333333,1.6666666666666665,1.0,3.4,120,1,1320,13,2.2,600,mean,s3_top10,0.28788690119463684,0.08333333333333333,0.08333333333333333,0.08333333333333333,13,0.24896294339467098,secondary,primary_all|top_up,FA10
0.30874304849071105,3600,1.0,5.0,0.8333333333333333,1.6666666666666665,1.0,3.4,120,1,1320,13,2.2,600,mean,s3_top10,0.28788690119463684,0.08333333333333333,0.08333333333333333,0.08333333333333333,13,0.24896294339467098,secondary,primary_all|top_up,FA10
0.30874304849071105,4800,1.0,5.0,0.8333333333333333,1.6666666666666665,1.0,3.4,120,1,1320,13,2.2,600,mean,s3_top10,0.28788690119463684,0.08333333333333333,0.08333333333333333,0.08333333333333333,13,0.24896294339467098,secondary,primary_all|top_up,FA10
0.2192184272030232,600,1.0,2.5,0.8333333333333333,0.8333333333333333,1.0,1.0,120,1,600,1,1.0,600,mean,s3_top25,0.24896294339467098,0.041666666666666664,0.08333333333333333,0.041666666666666664,1,0.24896294339467098,secondary,primary_all|top_up,FA10
0.31741030195469433,1200,1.0,5.0,1.25,1.6666666666666665,1.0,2.7333333333333334,120,1,1200,5,2.0,600,mean,s3_top25,0.2859146554885261,0.08333333333333333,0.125,0.08333333333333333,5,0.24896294339467098,secondary,primary_all|top_up,FA10
0.2933153236489112,2400,1.0,5.0,0.8333333333333333,1.6666666666666665,1.0,6.2,120,1,2400,13,4.0,600,mean,s3_top25,0.2716778211967935,0.08333333333333333,0.08333333333333333,0.08333333333333333,13,0.24896294339467098,secondary,primary_all|top_up,FA10
0.2933153236489112,3600,1.0,5.0,0.8333333333333333,1.6666666666666665,1.0,6.2,120,1,2400,13,4.0,600,mean,s3_top25,0.2716778211967935,0.08333333333333333,0.08333333333333333,0.08333333333333333,13,0.24896294339467098,secondary,primary_all|top_up,FA10
0.2933153236489112,4800,1.0,5.0,0.8333333333333333,1.6666666666666665,1.0,6.2,120,1,2400,13,4.0,600,mean,s3_top25,0.2716778211967935,0.08333333333333333,0.08333333333333333,0.08333333333333333,13,0.24896294339467098,secondary,primary_all|top_up,FA10
0.2192184272030232,600,1.0,2.5,0.8333333333333333,0.8333333333333333,1.0,1.0,120,1,600,1,1.0,600,mean,s3_top50,0.24896294339467098,0.041666666666666664,0.08333333333333333,0.041666666666666664,1,0.24896294339467098,secondary,primary_all|top_up,FA10
0.30884790179415944,1200,1.0,5.0,0.8333333333333333,1.6666666666666665,1.0,2.4,120,1,1200,3,2.0,600,mean,s3_top50,0.2807076504781313,0.08333333333333333,0.08333333333333333,0.08333333333333333,3,0.24896294339467098,secondary,primary_all|top_up,FA10
0.29603874199858365,2400,1.0,5.0,0.8333333333333333,1.6666666666666665,1.0,5.2,120,1,2400,7,4.0,600,mean,s3_top50,0.27525636949278004,0.08333333333333333,0.08333333333333333,0.08333333333333333,7,0.24896294339467098,secondary,primary_all|top_up,FA10
0.2951691857080695,3600,1.0,5.0,0.8333333333333333,1.6666666666666665,1.0,8.0,120,1,3600,11,6.0,600,mean,s3_top50,0.26992733150976006,0.08333333333333333,0.08333333333333333,0.08333333333333333,11,0.24896294339467098,secondary,primary_all|top_up,FA10
0.2925716667695009,4800,1.0,5.0,0.8333333333333333,1.6666666666666665,1.0,9.4,120,1,4200,13,7.0,600,mean,s3_top50,0.2658630351715987,0.08333333333333333,0.08333333333333333,0.08333333333333333,13,0.24896294339467098,secondary,primary_all|top_up,FA10
0.3164397514416471,600,0.6216666666666667,5.0,0.8333333333333333,1.6666666666666665,0.85,1.6862745098039216,120,1,600,4,1.6085790884718498,373,mean,s4_scaffold25,0.29262476357703576,0.08333333333333333,0.08333333333333333,0.08333333333333333,4,0.24896294339467098,secondary,scaffold_representatives|expand_top_groups,FA10
0.29694539448224533,1200,0.6216666666666667,5.0,0.8333333333333333,1.6666666666666665,0.85,4.245098039215686,120,1,1200,8,3.2171581769436997,373,mean,s4_scaffold25,0.29033455464761526,0.08333333333333333,0.08333333333333333,0.08333333333333333,8,0.24896294339467098,secondary,scaffold_representatives|expand_top_groups,FA10
0.29371855887247855,2400,0.6216666666666667,5.0,0.8333333333333333,1.6666666666666665,0.85,6.862745098039215,120,1,1842,13,4.938337801608579,373,mean,s4_scaffold25,0.28514694821567016,0.08333333333333333,0.08333333333333333,0.08333333333333333,13,0.24896294339467098,secondary,scaffold_representatives|expand_top_groups,FA10
0.29371855887247855,3600,0.6216666666666667,5.0,0.8333333333333333,1.6666666666666665,0.85,6.862745098039215,120,1,1842,13,4.938337801608579,373,mean,s4_scaffold25,0.28514694821567016,0.08333333333333333,0.08333333333333333,0.08333333333333333,13,0.24896294339467098,secondary,scaffold_representatives|expand_top_groups,FA10
0.29371855887247855,4800,0.6216666666666667,5.0,0.8333333333333333,1.6666666666666665,0.85,6.862745098039215,120,1,1842,13,4.938337801608579,373,mean,s4_scaffold25,0.28514694821567016,0.08333333333333333,0.08333333333333333,0.08333333333333333,13,0.24896294339467098,secondary,scaffold_representatives|expand_top_groups,FA10
0.3289516157260623,600,0.68,5.0,1.25,1.6666666666666665,0.8916666666666667,1.3364485981308412,120,1,600,3,1.4705882352941178,408,mean,s4_scaffold50,0.29386234649536164,0.08333333333333333,0.125,0.08333333333333333,3,0.24896294339467098,secondary,scaffold_representatives|expand_top_groups,FA10
0.3224453168975827,1200,0.68,5.0,1.25,1.6666666666666665,0.8916666666666667,3.2803738317757007,120,1,1200,5,2.9411764705882355,408,mean,s4_scaffold50,0.28878307032788336,0.08333333333333333,0.125,0.08333333333333333,5,0.24896294339467098,secondary,scaffold_representatives|expand_top_groups,FA10
0.2954782872578551,2400,0.68,5.0,0.8333333333333333,1.6666666666666665,0.8916666666666667,6.850467289719626,120,1,2400,10,5.882352941176471,408,mean,s4_scaffold50,0.27575306520083337,0.08333333333333333,0.08333333333333333,0.08333333333333333,10,0.24896294339467098,secondary,scaffold_representatives|expand_top_groups,FA10
0.2934238644707523,3600,0.68,5.0,0.8333333333333333,1.6666666666666665,0.8916666666666667,9.233644859813085,120,1,3246,13,7.955882352941177,408,mean,s4_scaffold50,0.2711311700799928,0.08333333333333333,0.08333333333333333,0.08333333333333333,13,0.24896294339467098,secondary,scaffold_representatives|expand_top_groups,FA10
0.2934238644707523,4800,0.68,5.0,0.8333333333333333,1.6666666666666665,0.8916666666666667,9.233644859813085,120,1,3246,13,7.955882352941177,408,mean,s4_scaffold50,0.2711311700799928,0.08333333333333333,0.08333333333333333,0.08333333333333333,13,0.24896294339467098,secondary,scaffold_representatives|expand_top_groups,FA10
0.30303705619243776,600,1.0,5.0,0.8333333333333333,1.6666666666666665,1.0,1.0,120,1,600,1,1.0,600,mean,s5_score_oracle,0.28483657096246184,0.08333333333333333,0.08333333333333333,0.08333333333333333,13,0.24896294339467098,secondary,score_oracle,FA10
0.2975488635332578,1200,1.0,5.0,0.8333333333333333,1.6666666666666665,1.0,2.0,120,1,1200,2,2.0,600,mean,s5_score_oracle,0.2793887732221964,0.08333333333333333,0.08333333333333333,0.08333333333333333,13,0.24896294339467098,secondary,score_oracle,FA10
0.2935970321266316,2400,1.0,5.0,0.8333333333333333,1.6666666666666665,1.0,4.0,120,1,2400,4,4.0,600,mean,s5_score_oracle,0.2744986204591459,0.08333333333333333,0.08333333333333333,0.08333333333333333,13,0.24896294339467098,secondary,score_oracle,FA10
0.293615163540616,3600,1.0,5.0,0.8333333333333333,1.6666666666666665,1.0,6.0,120,1,3600,6,6.0,600,mean,s5_score_oracle,0.27523242634080125,0.08333333333333333,0.08333333333333333,0.08333333333333333,13,0.24896294339467098,secondary,score_oracle,FA10
0.29455209132665655,4800,1.0,5.0,0.8333333333333333,1.6666666666666665,1.0,8.0,120,1,4800,8,8.0,600,mean,s5_score_oracle,0.27467384298878267,0.08333333333333333,0.08333333333333333,0.08333333333333333,13,0.24896294339467098,secondary,score_oracle,FA10
0.2192184272030232,600,1.0,2.5,0.8333333333333333,0.8333333333333333,1.0,1.0,120,1,600,1,1.0,600,min,s1_width,0.24896294339467098,0.041666666666666664,0.08333333333333333,0.041666666666666664,1,0.24896294339467098,secondary,width,FA10
0.2192184272030232,1200,1.0,2.5,0.8333333333333333,0.8333333333333333,1.0,1.0,120,1,600,1,1.0,600,min,s1_width,0.24896294339467098,0.041666666666666664,0.08333333333333333,0.041666666666666664,1,0.24896294339467098,secondary,width,FA10
0.2192184272030232,2400,1.0,2.5,0.8333333333333333,0.8333333333333333,1.0,1.0,120,1,600,1,1.0,600,min,s1_width,0.24896294339467098,0.041666666666666664,0.08333333333333333,0.041666666666666664,1,0.24896294339467098,secondary,width,FA10
0.2192184272030232,3600,1.0,2.5,0.8333333333333333,0.8333333333333333,1.0,1.0,120,1,600,1,1.0,600,min,s1_width,0.24896294339467098,0.041666666666666664,0.08333333333333333,0.041666666666666664,1,0.24896294339467098,secondary,width,FA10
0.2192184272030232,4800,1.0,2.5,0.8333333333333333,0.8333333333333333,1.0,1.0,120,1,600,1,1.0,600,min,s1_width,0.24896294339467098,0.041666666666666664,0.08333333333333333,0.041666666666666664,1,0.24896294339467098,secondary,width,FA10
0.2192184272030232,600,1.0,2.5,0.8333333333333333,0.8333333333333333,1.0,1.0,120,1,600,1,1.0,600,min,s2_uniform,0.24896294339467098,0.041666666666666664,0.08333333333333333,0.041666666666666664,1,0.24896294339467098,secondary,uniform,FA10
0.3404319276873648,1200,1.0,5.0,1.25,1.6666666666666665,1.0,2.0,120,1,1200,2,2.0,600,min,s2_uniform,0.28980330753018524,0.08333333333333333,0.125,0.08333333333333333,2,0.24896294339467098,secondary,uniform,FA10
0.3534439323899703,2400,1.0,5.0,1.25,1.6666666666666665,1.0,4.0,120,1,2400,4,4.0,600,min,s2_uniform,0.30568574279100147,0.08333333333333333,0.125,0.08333333333333333,4,0.24896294339467098,secondary,uniform,FA10
0.3190597150999172,3600,1.0,5.0,0.8333333333333333,1.6666666666666665,1.0,6.0,120,1,3600,6,6.0,600,min,s2_uniform,0.2902964938612413,0.08333333333333333,0.08333333333333333,0.08333333333333333,6,0.24896294339467098,secondary,uniform,FA10
0.30806458073351584,4800,1.0,5.0,0.8333333333333333,1.6666666666666665,1.0,8.0,120,1,4800,8,8.0,600,min,s2_uniform,0.2875062260812098,0.08333333333333333,0.08333333333333333,0.08333333333333333,8,0.24896294339467098,secondary,uniform,FA10
0.2192184272030232,600,1.0,2.5,0.8333333333333333,0.8333333333333333,1.0,1.0,120,1,600,1,1.0,600,min,s3_top10,0.24896294339467098,0.041666666666666664,0.08333333333333333,0.041666666666666664,1,0.24896294339467098,secondary,primary_all|top_up,FA10
0.29406346725769,1200,1.0,5.0,0.8333333333333333,1.6666666666666665,1.0,3.0,120,1,1200,11,2.0,600,min,s3_top10,0.2787248481565758,0.08333333333333333,0.08333333333333333,0.08333333333333333,11,0.24896294339467098,secondary,primary_all|top_up,FA10
0.29406346725769,2400,1.0,5.0,0.8333333333333333,1.6666666666666665,1.0,3.4,120,1,1320,13,2.2,600,min,s3_top10,0.2787248481565758,0.08333333333333333,0.08333333333333333,0.08333333333333333,13,0.24896294339467098,secondary,primary_all|top_up,FA10
0.29406346725769,3600,1.0,5.0,0.8333333333333333,1.6666666666666665,1.0,3.4,120,1,1320,13,2.2,600,min,s3_top10,0.2787248481565758,0.08333333333333333,0.08333333333333333,0.08333333333333333,13,0.24896294339467098,secondary,primary_all|top_up,FA10
0.29406346725769,4800,1.0,5.0,0.8333333333333333,1.6666666666666665,1.0,3.4,120,1,1320,13,2.2,600,min,s3_top10,0.2787248481565758,0.08333333333333333,0.08333333333333333,0.08333333333333333,13,0.24896294339467098,secondary,primary_all|top_up,FA10
0.2192184272030232,600,1.0,2.5,0.8333333333333333,0.8333333333333333,1.0,1.0,120,1,600,1,1.0,600,min,s3_top25,0.24896294339467098,0.041666666666666664,0.08333333333333333,0.041666666666666664,1,0.24896294339467098,secondary,primary_all|top_up,FA10
0.33640303564683954,1200,1.0,5.0,1.25,1.6666666666666665,1.0,2.7333333333333334,120,1,1200,5,2.0,600,min,s3_top25,0.29907087743358685,0.08333333333333333,0.125,0.08333333333333333,5,0.24896294339467098,secondary,primary_all|top_up,FA10
0.3039086477518221,2400,1.0,5.0,0.8333333333333333,1.6666666666666665,1.0,6.2,120,1,2400,13,4.0,600,min,s3_top25,0.28556179901997203,0.08333333333333333,0.08333333333333333,0.08333333333333333,13,0.24896294339467098,secondary,primary_all|top_up,FA10
0.3039086477518221,3600,1.0,5.0,0.8333333333333333,1.6666666666666665,1.0,6.2,120,1,2400,13,4.0,600,min,s3_top25,0.28556179901997203,0.08333333333333333,0.08333333333333333,0.08333333333333333,13,0.24896294339467098,secondary,primary_all|top_up,FA10
0.3039086477518221,4800,1.0,5.0,0.8333333333333333,1.6666666666666665,1.0,6.2,120,1,2400,13,4.0,600,min,s3_top25,0.28556179901997203,0.08333333333333333,0.08333333333333333,0.08333333333333333,13,0.24896294339467098,secondary,primary_all|top_up,FA10
0.2192184272030232,600,1.0,2.5,0.8333333333333333,0.8333333333333333,1.0,1.0,120,1,600,1,1.0,600,min,s3_top50,0.24896294339467098,0.041666666666666664,0.08333333333333333,0.041666666666666664,1,0.24896294339467098,secondary,primary_all|top_up,FA10
0.35340954657239393,1200,1.0,5.0,1.25,1.6666666666666665,1.0,2.4,120,1,1200,3,2.0,600,min,s3_top50,0.3017425685231949,0.08333333333333333,0.125,0.08333333333333333,3,0.24896294339467098,secondary,primary_all|top_up,FA10
0.31471375461888934,2400,1.0,5.0,0.8333333333333333,1.6666666666666665,1.0,5.2,120,1,2400,7,4.0,600,min,s3_top50,0.2893994679845068,0.08333333333333333,0.08333333333333333,0.08333333333333333,7,0.24896294339467098,secondary,primary_all|top_up,FA10
0.3030372847058702,3600,1.0,5.0,0.8333333333333333,1.6666666666666665,1.0,8.0,120,1,3600,11,6.0,600,min,s3_top50,0.28521820897086597,0.08333333333333333,0.08333333333333333,0.08333333333333333,11,0.24896294339467098,secondary,primary_all|top_up,FA10
0.3030372847058702,4800,1.0,5.0,0.8333333333333333,1.6666666666666665,1.0,9.4,120,1,4200,13,7.0,600,min,s3_top50,0.28521820897086597,0.08333333333333333,0.08333333333333333,0.08333333333333333,13,0.24896294339467098,secondary,primary_all|top_up,FA10
0.4432170378478476,600,0.6216666666666667,5.0,1.6666666666666665,2.5,0.85,1.6862745098039216,120,1,600,4,1.6085790884718498,373,min,s4_scaffold25,0.3413883511327261,0.08333333333333333,0.16666666666666666,0.125,4,0.24896294339467098,secondary,scaffold_representatives|expand_top_groups,FA10
0.31338117682820094,1200,0.6216666666666667,5.0,0.8333333333333333,1.6666666666666665,0.85,4.245098039215686,120,1,1200,8,3.2171581769436997,373,min,s4_scaffold25,0.29096221906963354,0.08333333333333333,0.08333333333333333,0.08333333333333333,8,0.24896294339467098,secondary,scaffold_representatives|expand_top_groups,FA10
0.3079716744855783,2400,0.6216666666666667,5.0,0.8333333333333333,1.6666666666666665,0.85,6.862745098039215,120,1,1842,13,4.938337801608579,373,min,s4_scaffold25,0.28853438784748864,0.08333333333333333,0.08333333333333333,0.08333333333333333,13,0.24896294339467098,secondary,scaffold_representatives|expand_top_groups,FA10
0.3079716744855783,3600,0.6216666666666667,5.0,0.8333333333333333,1.6666666666666665,0.85,6.862745098039215,120,1,1842,13,4.938337801608579,373,min,s4_scaffold25,0.28853438784748864,0.08333333333333333,0.08333333333333333,0.08333333333333333,13,0.24896294339467098,secondary,scaffold_representatives|expand_top_groups,FA10
0.3079716744855783,4800,0.6216666666666667,5.0,0.8333333333333333,1.6666666666666665,0.85,6.862745098039215,120,1,1842,13,4.938337801608579,373,min,s4_scaffold25,0.28853438784748864,0.08333333333333333,0.08333333333333333,0.08333333333333333,13,0.24896294339467098,secondary,scaffold_representatives|expand_top_groups,FA10
0.4142452549577067,600,0.68,5.0,1.25,2.5,0.8916666666666667,1.3364485981308412,120,1,600,3,1.4705882352941178,408,min,s4_scaffold50,0.3393047898612802,0.08333333333333333,0.125,0.125,3,0.24896294339467098,secondary,scaffold_representatives|expand_top_groups,FA10
0.39749080231346867,1200,0.68,5.0,1.6666666666666665,2.5,0.8916666666666667,3.2803738317757007,120,1,1200,5,2.9411764705882355,408,min,s4_scaffold50,0.3240714866857159,0.08333333333333333,0.16666666666666666,0.125,5,0.24896294339467098,secondary,scaffold_representatives|expand_top_groups,FA10
0.30767343522122265,2400,0.68,5.0,0.8333333333333333,1.6666666666666665,0.8916666666666667,6.850467289719626,120,1,2400,10,5.882352941176471,408,min,s4_scaffold50,0.29057853198871236,0.08333333333333333,0.08333333333333333,0.08333333333333333,10,0.24896294339467098,secondary,scaffold_representatives|expand_top_groups,FA10
0.3080098409205835,3600,0.68,5.0,0.8333333333333333,1.6666666666666665,0.8916666666666667,9.233644859813085,120,1,3246,13,7.955882352941177,408,min,s4_scaffold50,0.28825247656236064,0.08333333333333333,0.08333333333333333,0.08333333333333333,13,0.24896294339467098,secondary,scaffold_representatives|expand_top_groups,FA10
0.3080098409205835,4800,0.68,5.0,0.8333333333333333,1.6666666666666665,0.8916666666666667,9.233644859813085,120,1,3246,13,7.955882352941177,408,min,s4_scaffold50,0.28825247656236064,0.08333333333333333,0.08333333333333333,0.08333333333333333,13,0.24896294339467098,secondary,scaffold_representatives|expand_top_groups,FA10
0.30303705619243776,600,1.0,5.0,0.8333333333333333,1.6666666666666665,1.0,1.0,120,1,600,1,1.0,600,min,s5_score_oracle,0.28483657096246184,0.08333333333333333,0.08333333333333333,0.08333333333333333,13,0.24896294339467098,secondary,score_oracle,FA10
0.30303705619243776,1200,1.0,5.0,0.8333333333333333,1.6666666666666665,1.0,2.0,120,1,1200,2,2.0,600,min,s5_score_oracle,0.28483657096246184,0.08333333333333333,0.08333333333333333,0.08333333333333333,13,0.24896294339467098,secondary,score_oracle,FA10
0.30303705619243776,2400,1.0,5.0,0.8333333333333333,1.6666666666666665,1.0,4.0,120,1,2400,4,4.0,600,min,s5_score_oracle,0.28483657096246184,0.08333333333333333,0.08333333333333333,0.08333333333333333,13,0.24896294339467098,secondary,score_oracle,FA10
0.30303705619243776,3600,1.0,5.0,0.8333333333333333,1.6666666666666665,1.0,6.0,120,1,3600,6,6.0,600,min,s5_score_oracle,0.28483657096246184,0.08333333333333333,0.08333333333333333,0.08333333333333333,13,0.24896294339467098,secondary,score_oracle,FA10
0.30303705619243776,4800,1.0,5.0,0.8333333333333333,1.6666666666666665,1.0,8.0,120,1,4800,8,8.0,600,min,s5_score_oracle,0.28483657096246184,0.08333333333333333,0.08333333333333333,0.08333333333333333,13,0.24896294339467098,secondary,score_oracle,FA10
0.8246454155768996,600,1.0,5.0,4.166666666666667,5.0,1.0,1.0,120,2,600,1,1.0,600,mean,s1_width,0.5862891098302389,0.08333333333333333,0.4166666666666667,0.25,1,0.5862891098302389,secondary,width,FA10
0.8246454155768996,1200,1.0,5.0,4.166666666666667,5.0,1.0,1.0,120,2,600,1,1.0,600,mean,s1_width,0.5862891098302389,0.08333333333333333,0.4166666666666667,0.25,1,0.5862891098302389,secondary,width,FA10
0.8246454155768996,2400,1.0,5.0,4.166666666666667,5.0,1.0,1.0,120,2,600,1,1.0,600,mean,s1_width,0.5862891098302389,0.08333333333333333,0.4166666666666667,0.25,1,0.5862891098302389,secondary,width,FA10
0.8246454155768996,3600,1.0,5.0,4.166666666666667,5.0,1.0,1.0,120,2,600,1,1.0,600,mean,s1_width,0.5862891098302389,0.08333333333333333,0.4166666666666667,0.25,1,0.5862891098302389,secondary,width,FA10
0.8246454155768996,4800,1.0,5.0,4.166666666666667,5.0,1.0,1.0,120,2,600,1,1.0,600,mean,s1_width,0.5862891098302389,0.08333333333333333,0.4166666666666667,0.25,1,0.5862891098302389,secondary,width,FA10
0.8246454155768996,600,1.0,5.0,4.166666666666667,5.0,1.0,1.0,120,2,600,1,1.0,600,mean,s2_uniform,0.5862891098302389,0.08333333333333333,0.4166666666666667,0.25,1,0.5862891098302389,secondary,uniform,FA10
0.8381761228721604,1200,1.0,5.0,4.166666666666667,5.0,1.0,2.0,120,2,1200,2,2.0,600,mean,s2_uniform,0.5965972994380281,0.08333333333333333,0.4166666666666667,0.25,2,0.5862891098302389,secondary,uniform,FA10
0.859395003396204,2400,1.0,5.0,4.583333333333333,5.0,1.0,4.0,120,2,2400,4,4.0,600,mean,s2_uniform,0.6557171103741185,0.08333333333333333,0.4583333333333333,0.25,4,0.5862891098302389,secondary,uniform,FA10
0.8611573628512298,3600,1.0,5.0,4.166666666666667,5.0,1.0,6.0,120,2,3600,6,6.0,600,mean,s2_uniform,0.6389677123936437,0.08333333333333333,0.4166666666666667,0.25,6,0.5862891098302389,secondary,uniform,FA10
0.8366254701497763,4800,1.0,5.0,3.75,5.0,1.0,8.0,120,2,4800,8,8.0,600,mean,s2_uniform,0.6084140364400964,0.08333333333333333,0.375,0.25,8,0.5862891098302389,secondary,uniform,FA10
0.8246454155768996,600,1.0,5.0,4.166666666666667,5.0,1.0,1.0,120,2,600,1,1.0,600,mean,s3_top10,0.5862891098302389,0.08333333333333333,0.4166666666666667,0.25,1,0.5862891098302389,secondary,primary_all|top_up,FA10
0.7706522174280824,1200,1.0,5.0,3.333333333333333,5.0,1.0,1.9166666666666667,120,2,1200,11,2.0,600,mean,s3_top10,0.544433028819746,0.08333333333333333,0.3333333333333333,0.25,11,0.5862891098302389,secondary,primary_all|top_up,FA10
0.7668790151999635,2400,1.0,5.0,3.333333333333333,5.0,1.0,2.1,120,2,1320,13,2.2,600,mean,s3_top10,0.5367231514877756,0.08333333333333333,0.3333333333333333,0.25,13,0.5862891098302389,secondary,primary_all|top_up,FA10
0.7668790151999635,3600,1.0,5.0,3.333333333333333,5.0,1.0,2.1,120,2,1320,13,2.2,600,mean,s3_top10,0.5367231514877756,0.08333333333333333,0.3333333333333333,0.25,13,0.5862891098302389,secondary,primary_all|top_up,FA10
0.7668790151999635,4800,1.0,5.0,3.333333333333333,5.0,1.0,2.1,120,2,1320,13,2.2,600,mean,s3_top10,0.5367231514877756,0.08333333333333333,0.3333333333333333,0.25,13,0.5862891098302389,secondary,primary_all|top_up,FA10
0.8246454155768996,600,1.0,5.0,4.166666666666667,5.0,1.0,1.0,120,2,600,1,1.0,600,mean,s3_top25,0.5862891098302389,0.08333333333333333,0.4166666666666667,0.25,1,0.5862891098302389,secondary,primary_all|top_up,FA10
0.8419142088447531,1200,1.0,5.0,4.166666666666667,5.0,1.0,2.066666666666667,120,2,1200,5,2.0,600,mean,s3_top25,0.6064941279250212,0.08333333333333333,0.4166666666666667,0.25,5,0.5862891098302389,secondary,primary_all|top_up,FA10
0.7971196435492065,2400,1.0,5.0,3.333333333333333,5.0,1.0,4.2,120,2,2400,13,4.0,600,mean,s3_top25,0.5721276875750172,0.08333333333333333,0.3333333333333333,0.25,13,0.5862891098302389,secondary,primary_all|top_up,FA10
0.7971196435492065,3600,1.0,5.0,3.333333333333333,5.0,1.0,4.2,120,2,2400,13,4.0,600,mean,s3_top25,0.5721276875750172,0.08333333333333333,0.3333333333333333,0.25,13,0.5862891098302389,secondary,primary_all|top_up,FA10
0.7971196435492065,4800,1.0,5.0,3.333333333333333,5.0,1.0,4.2,120,2,2400,13,4.0,600,mean,s3_top25,0.5721276875750172,0.08333333333333333,0.3333333333333333,0.25,13,0.5862891098302389,secondary,primary_all|top_up,FA10
0.8246454155768996,600,1.0,5.0,4.166666666666667,5.0,1.0,1.0,120,2,600,1,1.0,600,mean,s3_top50,0.5862891098302389,0.08333333333333333,0.4166666666666667,0.25,1,0.5862891098302389,secondary,primary_all|top_up,FA10
0.8446453083048625,1200,1.0,5.0,4.166666666666667,5.0,1.0,2.283333333333333,120,2,1200,3,2.0,600,mean,s3_top50,0.6401035021337266,0.08333333333333333,0.4166666666666667,0.25,3,0.5862891098302389,secondary,primary_all|top_up,FA10
0.8519615979757816,2400,1.0,5.0,4.166666666666667,5.0,1.0,4.85,120,2,2400,7,4.0,600,mean,s3_top50,0.6232042161981172,0.08333333333333333,0.4166666666666667,0.25,7,0.5862891098302389,secondary,primary_all|top_up,FA10
0.8263899341319604,3600,1.0,5.0,3.75,5.0,1.0,7.416666666666667,120,2,3600,11,6.0,600,mean,s3_top50,0.6081742041294641,0.08333333333333333,0.375,0.25,11,0.5862891098302389,secondary,primary_all|top_up,FA10
0.819104087531408,4800,1.0,5.0,3.75,5.0,1.0,8.7,120,2,4200,13,7.0,600,mean,s3_top50,0.5957446728627894,0.08333333333333333,0.375,0.25,13,0.5862891098302389,secondary,primary_all|top_up,FA10
0.8673454441498772,600,0.6466666666666666,5.0,4.583333333333333,5.0,0.6666666666666666,1.55,120,2,600,3,1.5463917525773196,388,mean,s4_scaffold25,0.7134676761652065,0.08333333333333333,0.4583333333333333,0.25,3,0.5862891098302389,secondary,scaffold_representatives|expand_top_groups,FA10
0.8525769061078164,1200,0.6466666666666666,5.0,3.75,5.0,0.6666666666666666,3.2125,120,2,1200,8,3.0927835051546393,388,mean,s4_scaffold25,0.6793253717242091,0.08333333333333333,0.375,0.25,8,0.5862891098302389,secondary,scaffold_representatives|expand_top_groups,FA10
0.8144149710359131,2400,0.6466666666666666,5.0,3.75,5.0,0.6666666666666666,5.475,120,2,2022,13,5.211340206185567,388,mean,s4_scaffold25,0.65569751698783,0.08333333333333333,0.375,0.25,13,0.5862891098302389,secondary,scaffold_representatives|expand_top_groups,FA10
0.8144149710359131,3600,0.6466666666666666,5.0,3.75,5.0,0.6666666666666666,5.475,120,2,2022,13,5.211340206185567,388,mean,s4_scaffold25,0.65569751698783,0.08333333333333333,0.375,0.25,13,0.5862891098302389,secondary,scaffold_representatives|expand_top_groups,FA10
0.8144149710359131,4800,0.6466666666666666,5.0,3.75,5.0,0.6666666666666666,5.475,120,2,2022,13,5.211340206185567,388,mean,s4_scaffold25,0.65569751698783,0.08333333333333333,0.375,0.25,13,0.5862891098302389,secondary,scaffold_representatives|expand_top_groups,FA10
0.8503189941283333,600,0.7466666666666667,5.0,4.166666666666667,5.0,0.8666666666666667,1.2884615384615385,120,2,600,2,1.3392857142857142,448,mean,s4_scaffold50,0.6278968387249653,0.08333333333333333,0.4166666666666667,0.25,2,0.5862891098302389,secondary,scaffold_representatives|expand_top_groups,FA10
0.8714579653918344,1200,0.75,5.0,4.583333333333333,5.0,0.8666666666666667,2.7596153846153846,120,2,1200,5,2.6666666666666665,450,mean,s4_scaffold50,0.6812743778821866,0.08333333333333333,0.4583333333333333,0.25,5,0.5862891098302389,secondary,scaffold_representatives|expand_top_groups,FA10
0.8234933204314467,2400,0.75,5.0,3.75,5.0,0.8666666666666667,5.5673076923076925,120,2,2400,9,5.333333333333333,450,mean,s4_scaffold50,0.6075968122989578,0.08333333333333333,0.375,0.25,9,0.5862891098302389,secondary,scaffold_representatives|expand_top_groups,FA10
0.8145046419044576,3600,0.75,5.0,3.75,5.0,0.8666666666666667,8.528846153846153,120,2,3600,13,8.0,450,mean,s4_scaffold50,0.6018001720939226,0.08333333333333333,0.375,0.25,13,0.5862891098302389,secondary,scaffold_representatives|expand_top_groups,FA10
0.8249894505443631,4800,0.75,5.0,3.75,5.0,0.8666666666666667,8.942307692307692,120,2,3750,13,8.333333333333334,450,mean,s4_scaffold50,0.6086270706057718,0.08333333333333333,0.375,0.25,13,0.5862891098302389,secondary,scaffold_representatives|expand_top_groups,FA10
0.8175042221296668,600,1.0,5.0,3.75,5.0,1.0,1.0,120,2,600,1,1.0,600,mean,s5_score_oracle,0.5973398365045746,0.08333333333333333,0.375,0.25,13,0.5862891098302389,secondary,score_oracle,FA10
0.8236333232423384,1200,1.0,5.0,3.75,5.0,1.0,2.0,120,2,1200,2,2.0,600,mean,s5_score_oracle,0.5989800533248039,0.08333333333333333,0.375,0.25,13,0.5862891098302389,secondary,score_oracle,FA10
0.827106994184886,2400,1.0,5.0,4.166666666666667,5.0,1.0,4.0,120,2,2400,4,4.0,600,mean,s5_score_oracle,0.5983387347008277,0.08333333333333333,0.4166666666666667,0.25,13,0.5862891098302389,secondary,score_oracle,FA10
0.8203542563594102,3600,1.0,5.0,4.166666666666667,5.0,1.0,6.0,120,2,3600,6,6.0,600,mean,s5_score_oracle,0.5935851935283981,0.08333333333333333,0.4166666666666667,0.25,13,0.5862891098302389,secondary,score_oracle,FA10
0.8186975892809123,4800,1.0,5.0,4.166666666666667,5.0,1.0,8.0,120,2,4800,8,8.0,600,mean,s5_score_oracle,0.5916857639928607,0.08333333333333333,0.4166666666666667,0.25,13,0.5862891098302389,secondary,score_oracle,FA10
0.8246454155768996,600,1.0,5.0,4.166666666666667,5.0,1.0,1.0,120,2,600,1,1.0,600,min,s1_width,0.5862891098302389,0.08333333333333333,0.4166666666666667,0.25,1,0.5862891098302389,secondary,width,FA10
0.8246454155768996,1200,1.0,5.0,4.166666666666667,5.0,1.0,1.0,120,2,600,1,1.0,600,min,s1_width,0.5862891098302389,0.08333333333333333,0.4166666666666667,0.25,1,0.5862891098302389,secondary,width,FA10
0.8246454155768996,2400,1.0,5.0,4.166666666666667,5.0,1.0,1.0,120,2,600,1,1.0,600,min,s1_width,0.5862891098302389,0.08333333333333333,0.4166666666666667,0.25,1,0.5862891098302389,secondary,width,FA10
0.8246454155768996,3600,1.0,5.0,4.166666666666667,5.0,1.0,1.0,120,2,600,1,1.0,600,min,s1_width,0.5862891098302389,0.08333333333333333,0.4166666666666667,0.25,1,0.5862891098302389,secondary,width,FA10
0.8246454155768996,4800,1.0,5.0,4.166666666666667,5.0,1.0,1.0,120,2,600,1,1.0,600,min,s1_width,0.5862891098302389,0.08333333333333333,0.4166666666666667,0.25,1,0.5862891098302389,secondary,width,FA10
0.8246454155768996,600,1.0,5.0,4.166666666666667,5.0,1.0,1.0,120,2,600,1,1.0,600,min,s2_uniform,0.5862891098302389,0.08333333333333333,0.4166666666666667,0.25,1,0.5862891098302389,secondary,uniform,FA10
0.8242434070478473,1200,1.0,5.0,4.166666666666667,5.0,1.0,2.0,120,2,1200,2,2.0,600,min,s2_uniform,0.5841698880885892,0.08333333333333333,0.4166666666666667,0.25,2,0.5862891098302389,secondary,uniform,FA10
0.851965890981903,2400,1.0,5.0,4.166666666666667,5.0,1.0,4.0,120,2,2400,4,4.0,600,min,s2_uniform,0.6452848016237432,0.08333333333333333,0.4166666666666667,0.25,4,0.5862891098302389,secondary,uniform,FA10
0.8420493411303601,3600,1.0,5.0,4.166666666666667,5.0,1.0,6.0,120,2,3600,6,6.0,600,min,s2_uniform,0.6235389954902313,0.08333333333333333,0.4166666666666667,0.25,6,0.5862891098302389,secondary,uniform,FA10
0.8251970800371762,4800,1.0,5.0,4.166666666666667,5.0,1.0,8.0,120,2,4800,8,8.0,600,min,s2_uniform,0.6033255646915362,0.08333333333333333,0.4166666666666667,0.25,8,0.5862891098302389,secondary,uniform,FA10
0.8246454155768996,600,1.0,5.0,4.166666666666667,5.0,1.0,1.0,120,2,600,1,1.0,600,min,s3_top10,0.5862891098302389,0.08333333333333333,0.4166666666666667,0.25,1,0.5862891098302389,secondary,primary_all|top_up,FA10
0.79915590641834,1200,1.0,5.0,4.166666666666667,5.0,1.0,1.9166666666666667,120,2,1200,11,2.0,600,min,s3_top10,0.5703800189211479,0.08333333333333333,0.4166666666666667,0.25,11,0.5862891098302389,secondary,primary_all|top_up,FA10
0.79915590641834,2400,1.0,5.0,4.166666666666667,5.0,1.0,2.1,120,2,1320,13,2.2,600,min,s3_top10,0.5703800189211479,0.08333333333333333,0.4166666666666667,0.25,13,0.5862891098302389,secondary,primary_all|top_up,FA10
0.79915590641834,3600,1.0,5.0,4.166666666666667,5.0,1.0,2.1,120,2,1320,13,2.2,600,min,s3_top10,0.5703800189211479,0.08333333333333333,0.4166666666666667,0.25,13,0.5862891098302389,secondary,primary_all|top_up,FA10
0.79915590641834,4800,1.0,5.0,4.166666666666667,5.0,1.0,2.1,120,2,1320,13,2.2,600,min,s3_top10,0.5703800189211479,0.08333333333333333,0.4166666666666667,0.25,13,0.5862891098302389,secondary,primary_all|top_up,FA10
0.8246454155768996,600,1.0,5.0,4.166666666666667,5.0,1.0,1.0,120,2,600,1,1.0,600,min,s3_top25,0.5862891098302389,0.08333333333333333,0.4166666666666667,0.25,1,0.5862891098302389,secondary,primary_all|top_up,FA10
0.8108562167579244,1200,1.0,5.0,3.75,5.0,1.0,2.066666666666667,120,2,1200,5,2.0,600,min,s3_top25,0.5800954740313399,0.08333333333333333,0.375,0.25,5,0.5862891098302389,secondary,primary_all|top_up,FA10
0.7819105482947334,2400,1.0,5.0,3.75,5.0,1.0,4.2,120,2,2400,13,4.0,600,min,s3_top25,0.5589327257928204,0.08333333333333333,0.375,0.25,13,0.5862891098302389,secondary,primary_all|top_up,FA10
0.7819105482947334,3600,1.0,5.0,3.75,5.0,1.0,4.2,120,2,2400,13,4.0,600,min,s3_top25,0.5589327257928204,0.08333333333333333,0.375,0.25,13,0.5862891098302389,secondary,primary_all|top_up,FA10
0.7819105482947334,4800,1.0,5.0,3.75,5.0,1.0,4.2,120,2,2400,13,4.0,600,min,s3_top25,0.5589327257928204,0.08333333333333333,0.375,0.25,13,0.5862891098302389,secondary,primary_all|top_up,FA10
0.8246454155768996,600,1.0,5.0,4.166666666666667,5.0,1.0,1.0,120,2,600,1,1.0,600,min,s3_top50,0.5862891098302389,0.08333333333333333,0.4166666666666667,0.25,1,0.5862891098302389,secondary,primary_all|top_up,FA10
0.8268859458196346,1200,1.0,5.0,4.166666666666667,5.0,1.0,2.283333333333333,120,2,1200,3,2.0,600,min,s3_top50,0.6034614271837325,0.08333333333333333,0.4166666666666667,0.25,3,0.5862891098302389,secondary,primary_all|top_up,FA10
0.826697779516333,2400,1.0,5.0,4.166666666666667,5.0,1.0,4.85,120,2,2400,7,4.0,600,min,s3_top50,0.6081105465599989,0.08333333333333333,0.4166666666666667,0.25,7,0.5862891098302389,secondary,primary_all|top_up,FA10
0.8168183137731329,3600,1.0,5.0,3.75,5.0,1.0,7.416666666666667,120,2,3600,11,6.0,600,min,s3_top50,0.5974574705980057,0.08333333333333333,0.375,0.25,11,0.5862891098302389,secondary,primary_all|top_up,FA10
0.8176387610535174,4800,1.0,5.0,3.75,5.0,1.0,8.7,120,2,4200,13,7.0,600,min,s3_top50,0.5984231647964536,0.08333333333333333,0.375,0.25,13,0.5862891098302389,secondary,primary_all|top_up,FA10
0.8671805175626676,600,0.6466666666666666,5.0,4.166666666666667,5.0,0.6666666666666666,1.55,120,2,600,3,1.5463917525773196,388,min,s4_scaffold25,0.6957907511985745,0.08333333333333333,0.4166666666666667,0.25,3,0.5862891098302389,secondary,scaffold_representatives|expand_top_groups,FA10
0.8087481395519468,1200,0.6466666666666666,5.0,3.75,5.0,0.6666666666666666,3.2125,120,2,1200,8,3.0927835051546393,388,min,s4_scaffold25,0.6268102711511818,0.08333333333333333,0.375,0.25,8,0.5862891098302389,secondary,scaffold_representatives|expand_top_groups,FA10
0.8022634878752544,2400,0.6466666666666666,5.0,3.75,5.0,0.6666666666666666,5.475,120,2,2022,13,5.211340206185567,388,min,s4_scaffold25,0.6252329032694661,0.08333333333333333,0.375,0.25,13,0.5862891098302389,secondary,scaffold_representatives|expand_top_groups,FA10
0.8022634878752544,3600,0.6466666666666666,5.0,3.75,5.0,0.6666666666666666,5.475,120,2,2022,13,5.211340206185567,388,min,s4_scaffold25,0.6252329032694661,0.08333333333333333,0.375,0.25,13,0.5862891098302389,secondary,scaffold_representatives|expand_top_groups,FA10
0.8022634878752544,4800,0.6466666666666666,5.0,3.75,5.0,0.6666666666666666,5.475,120,2,2022,13,5.211340206185567,388,min,s4_scaffold25,0.6252329032694661,0.08333333333333333,0.375,0.25,13,0.5862891098302389,secondary,scaffold_representatives|expand_top_groups,FA10
0.8560558893522645,600,0.7466666666666667,5.0,4.166666666666667,5.0,0.8666666666666667,1.2884615384615385,120,2,600,2,1.3392857142857142,448,min,s4_scaffold50,0.6458679388919505,0.08333333333333333,0.4166666666666667,0.25,2,0.5862891098302389,secondary,scaffold_representatives|expand_top_groups,FA10
0.870795524648699,1200,0.75,5.0,4.166666666666667,5.0,0.8666666666666667,2.7596153846153846,120,2,1200,5,2.6666666666666665,450,min,s4_scaffold50,0.6832400892052624,0.08333333333333333,0.4166666666666667,0.25,5,0.5862891098302389,secondary,scaffold_representatives|expand_top_groups,FA10
0.8258845007436958,2400,0.75,5.0,4.166666666666667,5.0,0.8666666666666667,5.5673076923076925,120,2,2400,9,5.333333333333333,450,min,s4_scaffold50,0.6118934505416901,0.08333333333333333,0.4166666666666667,0.25,9,0.5862891098302389,secondary,scaffold_representatives|expand_top_groups,FA10
0.8187716288691655,3600,0.75,5.0,3.75,5.0,0.8666666666666667,8.528846153846153,120,2,3600,13,8.0,450,min,s4_scaffold50,0.6068064823271947,0.08333333333333333,0.375,0.25,13,0.5862891098302389,secondary,scaffold_representatives|expand_top_groups,FA10
0.817812453891998,4800,0.75,5.0,3.75,5.0,0.8666666666666667,8.942307692307692,120,2,3750,13,8.333333333333334,450,min,s4_scaffold50,0.605139815660528,0.08333333333333333,0.375,0.25,13,0.5862891098302389,secondary,scaffold_representatives|expand_top_groups,FA10
0.8175042221296668,600,1.0,5.0,3.75,5.0,1.0,1.0,120,2,600,1,1.0,600,min,s5_score_oracle,0.5973398365045746,0.08333333333333333,0.375,0.25,13,0.5862891098302389,secondary,score_oracle,FA10
0.8175042221296668,1200,1.0,5.0,3.75,5.0,1.0,2.0,120,2,1200,2,2.0,600,min,s5_score_oracle,0.5973398365045746,0.08333333333333333,0.375,0.25,13,0.5862891098302389,secondary,score_oracle,FA10
0.8175042221296668,2400,1.0,5.0,3.75,5.0,1.0,4.0,120,2,2400,4,4.0,600,min,s5_score_oracle,0.5973398365045746,0.08333333333333333,0.375,0.25,13,0.5862891098302389,secondary,score_oracle,FA10
0.8175042221296668,3600,1.0,5.0,3.75,5.0,1.0,6.0,120,2,3600,6,6.0,600,min,s5_score_oracle,0.5973398365045746,0.08333333333333333,0.375,0.25,13,0.5862891098302389,secondary,score_oracle,FA10
0.8175042221296668,4800,1.0,5.0,3.75,5.0,1.0,8.0,120,2,4800,8,8.0,600,min,s5_score_oracle,0.5973398365045746,0.08333333333333333,0.375,0.25,13,0.5862891098302389,secondary,score_oracle,FA10
0.8591416315207184,600,1.0,5.0,3.75,5.0,1.0,1.0,120,3,600,1,1.0,600,mean,s1_width,0.7181442927461084,0.08333333333333333,0.375,0.25,1,0.7181442927461084,secondary,width,FA10
0.8591416315207184,1200,1.0,5.0,3.75,5.0,1.0,1.0,120,3,600,1,1.0,600,mean,s1_width,0.7181442927461084,0.08333333333333333,0.375,0.25,1,0.7181442927461084,secondary,width,FA10
0.8591416315207184,2400,1.0,5.0,3.75,5.0,1.0,1.0,120,3,600,1,1.0,600,mean,s1_width,0.7181442927461084,0.08333333333333333,0.375,0.25,1,0.7181442927461084,secondary,width,FA10
0.8591416315207184,3600,1.0,5.0,3.75,5.0,1.0,1.0,120,3,600,1,1.0,600,mean,s1_width,0.7181442927461084,0.08333333333333333,0.375,0.25,1,0.7181442927461084,secondary,width,FA10
0.8591416315207184,4800,1.0,5.0,3.75,5.0,1.0,1.0,120,3,600,1,1.0,600,mean,s1_width,0.7181442927461084,0.08333333333333333,0.375,0.25,1,0.7181442927461084,secondary,width,FA10
0.8591416315207184,600,1.0,5.0,3.75,5.0,1.0,1.0,120,3,600,1,1.0,600,mean,s2_uniform,0.7181442927461084,0.08333333333333333,0.375,0.25,1,0.7181442927461084,secondary,uniform,FA10
0.8879450381039407,1200,1.0,5.0,3.75,5.0,1.0,2.0,120,3,1200,2,2.0,600,mean,s2_uniform,0.7635161631628532,0.08333333333333333,0.375,0.25,2,0.7181442927461084,secondary,uniform,FA10
0.8626865159286569,2400,1.0,5.0,3.75,5.0,1.0,4.0,120,3,2400,4,4.0,600,mean,s2_uniform,0.7427605421088893,0.08333333333333333,0.375,0.25,4,0.7181442927461084,secondary,uniform,FA10
0.8654210547966347,3600,1.0,5.0,4.166666666666667,5.0,1.0,6.0,120,3,3600,6,6.0,600,mean,s2_uniform,0.7388172238167267,0.08333333333333333,0.4166666666666667,0.25,6,0.7181442927461084,secondary,uniform,FA10
0.8621642749386096,4800,1.0,5.0,3.75,5.0,1.0,8.0,120,3,4800,8,8.0,600,mean,s2_uniform,0.7403856953992157,0.08333333333333333,0.375,0.25,8,0.7181442927461084,secondary,uniform,FA10
0.8591416315207184,600,1.0,5.0,3.75,5.0,1.0,1.0,120,3,600,1,1.0,600,mean,s3_top10,0.7181442927461084,0.08333333333333333,0.375,0.25,1,0.7181442927461084,secondary,primary_all|top_up,FA10
0.8629799569259701,1200,1.0,5.0,4.166666666666667,5.0,1.0,1.9166666666666667,120,3,1200,11,2.0,600,mean,s3_top10,0.7208152329170486,0.08333333333333333,0.4166666666666667,0.25,11,0.7181442927461084,secondary,primary_all|top_up,FA10
0.8501471052464239,2400,1.0,5.0,4.166666666666667,5.0,1.0,2.1,120,3,1320,13,2.2,600,mean,s3_top10,0.712776512378328,0.08333333333333333,0.4166666666666667,0.25,13,0.7181442927461084,secondary,primary_all|top_up,FA10
0.8501471052464239,3600,1.0,5.0,4.166666666666667,5.0,1.0,2.1,120,3,1320,13,2.2,600,mean,s3_top10,0.712776512378328,0.08333333333333333,0.4166666666666667,0.25,13,0.7181442927461084,secondary,primary_all|top_up,FA10
0.8501471052464239,4800,1.0,5.0,4.166666666666667,5.0,1.0,2.1,120,3,1320,13,2.2,600,mean,s3_top10,0.712776512378328,0.08333333333333333,0.4166666666666667,0.25,13,0.7181442927461084,secondary,primary_all|top_up,FA10
0.8591416315207184,600,1.0,5.0,3.75,5.0,1.0,1.0,120,3,600,1,1.0,600,mean,s3_top25,0.7181442927461084,0.08333333333333333,0.375,0.25,1,0.7181442927461084,secondary,primary_all|top_up,FA10
0.8583273187408113,1200,1.0,5.0,4.166666666666667,5.0,1.0,1.7,120,3,1200,5,2.0,600,mean,s3_top25,0.7262699185375272,0.08333333333333333,0.4166666666666667,0.25,5,0.7181442927461084,secondary,primary_all|top_up,FA10
0.8483390891150462,2400,1.0,5.0,3.75,5.0,1.0,3.1,120,3,2400,13,4.0,600,mean,s3_top25,0.7127327129432915,0.08333333333333333,0.375,0.25,13,0.7181442927461084,secondary,primary_all|top_up,FA10
0.8483390891150462,3600,1.0,5.0,3.75,5.0,1.0,3.1,120,3,2400,13,4.0,600,mean,s3_top25,0.7127327129432915,0.08333333333333333,0.375,0.25,13,0.7181442927461084,secondary,primary_all|top_up,FA10
0.8483390891150462,4800,1.0,5.0,3.75,5.0,1.0,3.1,120,3,2400,13,4.0,600,mean,s3_top25,0.7127327129432915,0.08333333333333333,0.375,0.25,13,0.7181442927461084,secondary,primary_all|top_up,FA10
0.8591416315207184,600,1.0,5.0,3.75,5.0,1.0,1.0,120,3,600,1,1.0,600,mean,s3_top50,0.7181442927461084,0.08333333333333333,0.375,0.25,1,0.7181442927461084,secondary,primary_all|top_up,FA10
0.8746446059988318,1200,1.0,5.0,3.75,5.0,1.0,1.7833333333333334,120,3,1200,3,2.0,600,mean,s3_top50,0.7453711156479962,0.08333333333333333,0.375,0.25,3,0.7181442927461084,secondary,primary_all|top_up,FA10
0.8555481326215346,2400,1.0,5.0,3.75,5.0,1.0,3.35,120,3,2400,7,4.0,600,mean,s3_top50,0.7289250227649129,0.08333333333333333,0.375,0.25,7,0.7181442927461084,secondary,primary_all|top_up,FA10
0.8586867585833398,3600,1.0,5.0,3.75,5.0,1.0,4.916666666666667,120,3,3600,11,6.0,600,mean,s3_top50,0.7360747163802804,0.08333333333333333,0.375,0.25,11,0.7181442927461084,secondary,primary_all|top_up,FA10
0.8484877275345175,4800,1.0,5.0,3.75,5.0,1.0,5.7,120,3,4200,13,7.0,600,mean,s3_top50,0.725978143426156,0.08333333333333333,0.375,0.25,13,0.7181442927461084,secondary,primary_all|top_up,FA10
0.8673278755681862,600,0.645,5.0,3.75,5.0,0.5666666666666667,1.5147058823529411,120,3,600,3,1.550387596899225,387,mean,s4_scaffold25,0.7558837013171379,0.08333333333333333,0.375,0.25,3,0.7181442927461084,secondary,scaffold_representatives|expand_top_groups,FA10
0.8479383676116118,1200,0.645,5.0,3.75,5.0,0.5666666666666667,2.75,120,3,1200,8,3.10077519379845,387,mean,s4_scaffold25,0.7384718225079899,0.08333333333333333,0.375,0.25,8,0.7181442927461084,secondary,scaffold_representatives|expand_top_groups,FA10
0.8255837098188044,2400,0.645,5.0,3.75,5.0,0.5666666666666667,4.323529411764706,120,3,2010,13,5.1937984496124034,387,mean,s4_scaffold25,0.7172647007786327,0.08333333333333333,0.375,0.25,13,0.7181442927461084,secondary,scaffold_representatives|expand_top_groups,FA10
0.8255837098188044,3600,0.645,5.0,3.75,5.0,0.5666666666666667,4.323529411764706,120,3,2010,13,5.1937984496124034,387,mean,s4_scaffold25,0.7172647007786327,0.08333333333333333,0.375,0.25,13,0.7181442927461084,secondary,scaffold_representatives|expand_top_groups,FA10
0.8255837098188044,4800,0.645,5.0,3.75,5.0,0.5666666666666667,4.323529411764706,120,3,2010,13,5.1937984496124034,387,mean,s4_scaffold25,0.7172647007786327,0.08333333333333333,0.375,0.25,13,0.7181442927461084,secondary,scaffold_representatives|expand_top_groups,FA10
0.8609481372259218,600,0.7416666666666667,5.0,3.75,5.0,0.7416666666666667,1.3595505617977528,120,3,600,2,1.348314606741573,445,mean,s4_scaffold50,0.7068654166059799,0.08333333333333333,0.375,0.25,2,0.7181442927461084,secondary,scaffold_representatives|expand_top_groups,FA10
0.8472638744633986,1200,0.76,5.0,3.75,5.0,0.7416666666666667,2.651685393258427,120,3,1200,4,2.6315789473684212,456,mean,s4_scaffold50,0.7081335397299381,0.08333333333333333,0.375,0.25,4,0.7181442927461084,secondary,scaffold_representatives|expand_top_groups,FA10
0.8573164225494403,2400,0.76,5.0,3.75,5.0,0.7416666666666667,5.314606741573034,120,3,2400,9,5.2631578947368425,456,mean,s4_scaffold50,0.7263623828048776,0.08333333333333333,0.375,0.25,9,0.7181442927461084,secondary,scaffold_representatives|expand_top_groups,FA10
0.8440750744273198,3600,0.76,5.0,3.75,5.0,0.7416666666666667,7.921348314606742,120,3,3600,13,7.894736842105263,456,mean,s4_scaffold50,0.7213015824504524,0.08333333333333333,0.375,0.25,13,0.7181442927461084,secondary,scaffold_representatives|expand_top_groups,FA10
0.8414161428265818,4800,0.76,5.0,3.75,5.0,0.7416666666666667,8.426966292134832,120,3,3822,13,8.381578947368421,456,mean,s4_scaffold50,0.7188242328705496,0.08333333333333333,0.375,0.25,13,0.7181442927461084,secondary,scaffold_representatives|expand_top_groups,FA10
0.7905839217533259,600,1.0,5.0,3.75,4.166666666666667,1.0,1.0,120,3,600,1,1.0,600,mean,s5_score_oracle,0.6739720958216878,0.08333333333333333,0.375,0.20833333333333334,13,0.7181442927461084,secondary,score_oracle,FA10
0.8532666177003674,1200,1.0,5.0,3.75,5.0,1.0,2.0,120,3,1200,2,2.0,600,mean,s5_score_oracle,0.7204721576876699,0.08333333333333333,0.375,0.25,13,0.7181442927461084,secondary,score_oracle,FA10
0.8653517699968635,2400,1.0,5.0,3.75,5.0,1.0,4.0,120,3,2400,4,4.0,600,mean,s5_score_oracle,0.7396641807077263,0.08333333333333333,0.375,0.25,13,0.7181442927461084,secondary,score_oracle,FA10
0.8659816590057893,3600,1.0,5.0,3.75,5.0,1.0,6.0,120,3,3600,6,6.0,600,mean,s5_score_oracle,0.7427885811163709,0.08333333333333333,0.375,0.25,13,0.7181442927461084,secondary,score_oracle,FA10
0.8635705971339271,4800,1.0,5.0,3.75,5.0,1.0,8.0,120,3,4800,8,8.0,600,mean,s5_score_oracle,0.741756595441097,0.08333333333333333,0.375,0.25,13,0.7181442927461084,secondary,score_oracle,FA10
0.8591416315207184,600,1.0,5.0,3.75,5.0,1.0,1.0,120,3,600,1,1.0,600,min,s1_width,0.7181442927461084,0.08333333333333333,0.375,0.25,1,0.7181442927461084,secondary,width,FA10
0.8591416315207184,1200,1.0,5.0,3.75,5.0,1.0,1.0,120,3,600,1,1.0,600,min,s1_width,0.7181442927461084,0.08333333333333333,0.375,0.25,1,0.7181442927461084,secondary,width,FA10
0.8591416315207184,2400,1.0,5.0,3.75,5.0,1.0,1.0,120,3,600,1,1.0,600,min,s1_width,0.7181442927461084,0.08333333333333333,0.375,0.25,1,0.7181442927461084,secondary,width,FA10
0.8591416315207184,3600,1.0,5.0,3.75,5.0,1.0,1.0,120,3,600,1,1.0,600,min,s1_width,0.7181442927461084,0.08333333333333333,0.375,0.25,1,0.7181442927461084,secondary,width,FA10
0.8591416315207184,4800,1.0,5.0,3.75,5.0,1.0,1.0,120,3,600,1,1.0,600,min,s1_width,0.7181442927461084,0.08333333333333333,0.375,0.25,1,0.7181442927461084,secondary,width,FA10
0.8591416315207184,600,1.0,5.0,3.75,5.0,1.0,1.0,120,3,600,1,1.0,600,min,s2_uniform,0.7181442927461084,0.08333333333333333,0.375,0.25,1,0.7181442927461084,secondary,uniform,FA10
0.875531002563373,1200,1.0,5.0,4.166666666666667,5.0,1.0,2.0,120,3,1200,2,2.0,600,min,s2_uniform,0.7539861204308419,0.08333333333333333,0.4166666666666667,0.25,2,0.7181442927461084,secondary,uniform,FA10
0.7964467510856451,2400,1.0,5.0,3.75,4.166666666666667,1.0,4.0,120,3,2400,4,4.0,600,min,s2_uniform,0.6920159176590897,0.08333333333333333,0.375,0.20833333333333334,4,0.7181442927461084,secondary,uniform,FA10
0.7991175319929356,3600,1.0,5.0,3.75,4.166666666666667,1.0,6.0,120,3,3600,6,6.0,600,min,s2_uniform,0.6915688593319288,0.08333333333333333,0.375,0.20833333333333334,6,0.7181442927461084,secondary,uniform,FA10
0.8010986821553001,4800,1.0,5.0,3.75,4.166666666666667,1.0,8.0,120,3,4800,8,8.0,600,min,s2_uniform,0.681211631940377,0.08333333333333333,0.375,0.20833333333333334,8,0.7181442927461084,secondary,uniform,FA10
0.8591416315207184,600,1.0,5.0,3.75,5.0,1.0,1.0,120,3,600,1,1.0,600,min,s3_top10,0.7181442927461084,0.08333333333333333,0.375,0.25,1,0.7181442927461084,secondary,primary_all|top_up,FA10
0.8654699602602255,1200,1.0,5.0,3.75,5.0,1.0,1.9166666666666667,120,3,1200,11,2.0,600,min,s3_top10,0.7223109594127749,0.08333333333333333,0.375,0.25,11,0.7181442927461084,secondary,primary_all|top_up,FA10
0.8654699602602255,2400,1.0,5.0,3.75,5.0,1.0,2.1,120,3,1320,13,2.2,600,min,s3_top10,0.7223109594127749,0.08333333333333333,0.375,0.25,13,0.7181442927461084,secondary,primary_all|top_up,FA10
0.8654699602602255,3600,1.0,5.0,3.75,5.0,1.0,2.1,120,3,1320,13,2.2,600,min,s3_top10,0.7223109594127749,0.08333333333333333,0.375,0.25,13,0.7181442927461084,secondary,primary_all|top_up,FA10
0.8654699602602255,4800,1.0,5.0,3.75,5.0,1.0,2.1,120,3,1320,13,2.2,600,min,s3_top10,0.7223109594127749,0.08333333333333333,0.375,0.25,13,0.7181442927461084,secondary,primary_all|top_up,FA10
0.8591416315207184,600,1.0,5.0,3.75,5.0,1.0,1.0,120,3,600,1,1.0,600,min,s3_top25,0.7181442927461084,0.08333333333333333,0.375,0.25,1,0.7181442927461084,secondary,primary_all|top_up,FA10
0.7993806071874626,1200,1.0,5.0,3.75,4.166666666666667,1.0,1.7,120,3,1200,5,2.0,600,min,s3_top25,0.6833639325690762,0.08333333333333333,0.375,0.20833333333333334,5,0.7181442927461084,secondary,primary_all|top_up,FA10
0.8014883495048264,2400,1.0,5.0,3.75,4.166666666666667,1.0,3.1,120,3,2400,13,4.0,600,min,s3_top25,0.6844836461887899,0.08333333333333333,0.375,0.20833333333333334,13,0.7181442927461084,secondary,primary_all|top_up,FA10
0.8014883495048264,3600,1.0,5.0,3.75,4.166666666666667,1.0,3.1,120,3,2400,13,4.0,600,min,s3_top25,0.6844836461887899,0.08333333333333333,0.375,0.20833333333333334,13,0.7181442927461084,secondary,primary_all|top_up,FA10
0.8014883495048264,4800,1.0,5.0,3.75,4.166666666666667,1.0,3.1,120,3,2400,13,4.0,600,min,s3_top25,0.6844836461887899,0.08333333333333333,0.375,0.20833333333333334,13,0.7181442927461084,secondary,primary_all|top_up,FA10
0.8591416315207184,600,1.0,5.0,3.75,5.0,1.0,1.0,120,3,600,1,1.0,600,min,s3_top50,0.7181442927461084,0.08333333333333333,0.375,0.25,1,0.7181442927461084,secondary,primary_all|top_up,FA10
0.874046004648552,1200,1.0,5.0,4.166666666666667,5.0,1.0,1.7833333333333334,120,3,1200,3,2.0,600,min,s3_top50,0.7411045668722079,0.08333333333333333,0.4166666666666667,0.25,3,0.7181442927461084,secondary,primary_all|top_up,FA10
0.8052446948692227,2400,1.0,5.0,3.75,4.166666666666667,1.0,3.35,120,3,2400,7,4.0,600,min,s3_top50,0.6871697325861691,0.08333333333333333,0.375,0.20833333333333334,7,0.7181442927461084,secondary,primary_all|top_up,FA10
0.7936397121855051,3600,1.0,5.0,3.75,4.166666666666667,1.0,4.916666666666667,120,3,3600,11,6.0,600,min,s3_top50,0.6759742689329645,0.08333333333333333,0.375,0.20833333333333334,11,0.7181442927461084,secondary,primary_all|top_up,FA10
0.7936397121855051,4800,1.0,5.0,3.75,4.166666666666667,1.0,5.7,120,3,4200,13,7.0,600,min,s3_top50,0.6759742689329645,0.08333333333333333,0.375,0.20833333333333334,13,0.7181442927461084,secondary,primary_all|top_up,FA10
0.8601211243800443,600,0.645,5.0,4.166666666666667,5.0,0.5666666666666667,1.5147058823529411,120,3,600,3,1.550387596899225,387,min,s4_scaffold25,0.747269135978763,0.08333333333333333,0.4166666666666667,0.25,3,0.7181442927461084,secondary,scaffold_representatives|expand_top_groups,FA10
0.802461051088168,1200,0.645,5.0,3.75,4.166666666666667,0.5666666666666667,2.75,120,3,1200,8,3.10077519379845,387,min,s4_scaffold25,0.7118094697625178,0.08333333333333333,0.375,0.20833333333333334,8,0.7181442927461084,secondary,scaffold_representatives|expand_top_groups,FA10
0.7992119787784394,2400,0.645,5.0,3.75,4.166666666666667,0.5666666666666667,4.323529411764706,120,3,2010,13,5.1937984496124034,387,min,s4_scaffold25,0.7095200924731405,0.08333333333333333,0.375,0.20833333333333334,13,0.7181442927461084,secondary,scaffold_representatives|expand_top_groups,FA10
0.7992119787784394,3600,0.645,5.0,3.75,4.166666666666667,0.5666666666666667,4.323529411764706,120,3,2010,13,5.1937984496124034,387,min,s4_scaffold25,0.7095200924731405,0.08333333333333333,0.375,0.20833333333333334,13,0.7181442927461084,secondary,scaffold_representatives|expand_top_groups,FA10
0.7992119787784394,4800,0.645,5.0,3.75,4.166666666666667,0.5666666666666667,4.323529411764706,120,3,2010,13,5.1937984496124034,387,min,s4_scaffold25,0.7095200924731405,0.08333333333333333,0.375,0.20833333333333334,13,0.7181442927461084,secondary,scaffold_representatives|expand_top_groups,FA10
0.8616211482922768,600,0.7416666666666667,5.0,4.166666666666667,5.0,0.7416666666666667,1.3595505617977528,120,3,600,2,1.348314606741573,445,min,s4_scaffold50,0.7122377478147669,0.08333333333333333,0.4166666666666667,0.25,2,0.7181442927461084,secondary,scaffold_representatives|expand_top_groups,FA10
0.7840948550971746,1200,0.76,5.0,3.75,4.166666666666667,0.7416666666666667,2.651685393258427,120,3,1200,4,2.6315789473684212,456,min,s4_scaffold50,0.6584122967937659,0.08333333333333333,0.375,0.20833333333333334,4,0.7181442927461084,secondary,scaffold_representatives|expand_top_groups,FA10
0.7894676031322229,2400,0.76,5.0,3.75,4.166666666666667,0.7416666666666667,5.314606741573034,120,3,2400,9,5.2631578947368425,456,min,s4_scaffold50,0.6542390164957759,0.08333333333333333,0.375,0.20833333333333334,9,0.7181442927461084,secondary,scaffold_representatives|expand_top_groups,FA10
0.7808645953901875,3600,0.76,5.0,3.75,4.166666666666667,0.7416666666666667,7.921348314606742,120,3,3600,13,7.894736842105263,456,min,s4_scaffold50,0.6455239854437627,0.08333333333333333,0.375,0.20833333333333334,13,0.7181442927461084,secondary,scaffold_representatives|expand_top_groups,FA10
0.7808645953901875,4800,0.76,5.0,3.75,4.166666666666667,0.7416666666666667,8.426966292134832,120,3,3822,13,8.381578947368421,456,min,s4_scaffold50,0.6455239854437627,0.08333333333333333,0.375,0.20833333333333334,13,0.7181442927461084,secondary,scaffold_representatives|expand_top_groups,FA10
0.7905839217533259,600,1.0,5.0,3.75,4.166666666666667,1.0,1.0,120,3,600,1,1.0,600,min,s5_score_oracle,0.6739720958216878,0.08333333333333333,0.375,0.20833333333333334,13,0.7181442927461084,secondary,score_oracle,FA10
0.7905839217533259,1200,1.0,5.0,3.75,4.166666666666667,1.0,2.0,120,3,1200,2,2.0,600,min,s5_score_oracle,0.6739720958216878,0.08333333333333333,0.375,0.20833333333333334,13,0.7181442927461084,secondary,score_oracle,FA10
0.7905839217533259,2400,1.0,5.0,3.75,4.166666666666667,1.0,4.0,120,3,2400,4,4.0,600,min,s5_score_oracle,0.6739720958216878,0.08333333333333333,0.375,0.20833333333333334,13,0.7181442927461084,secondary,score_oracle,FA10
0.7905839217533259,3600,1.0,5.0,3.75,4.166666666666667,1.0,6.0,120,3,3600,6,6.0,600,min,s5_score_oracle,0.6739720958216878,0.08333333333333333,0.375,0.20833333333333334,13,0.7181442927461084,secondary,score_oracle,FA10
0.7905839217533259,4800,1.0,5.0,3.75,4.166666666666667,1.0,8.0,120,3,4800,8,8.0,600,min,s5_score_oracle,0.6739720958216878,0.08333333333333333,0.375,0.20833333333333334,13,0.7181442927461084,secondary,score_oracle,FA10
0.7354960602672656,600,1.0,5.0,3.333333333333333,4.166666666666667,1.0,1.0,120,4,600,1,1.0,600,mean,s1_width,0.6039588001592279,0.08333333333333333,0.3333333333333333,0.20833333333333334,1,0.6039588001592279,secondary,width,FA10
0.7354960602672656,1200,1.0,5.0,3.333333333333333,4.166666666666667,1.0,1.0,120,4,600,1,1.0,600,mean,s1_width,0.6039588001592279,0.08333333333333333,0.3333333333333333,0.20833333333333334,1,0.6039588001592279,secondary,width,FA10
0.7354960602672656,2400,1.0,5.0,3.333333333333333,4.166666666666667,1.0,1.0,120,4,600,1,1.0,600,mean,s1_width,0.6039588001592279,0.08333333333333333,0.3333333333333333,0.20833333333333334,1,0.6039588001592279,secondary,width,FA10
0.7354960602672656,3600,1.0,5.0,3.333333333333333,4.166666666666667,1.0,1.0,120,4,600,1,1.0,600,mean,s1_width,0.6039588001592279,0.08333333333333333,0.3333333333333333,0.20833333333333334,1,0.6039588001592279,secondary,width,FA10
0.7354960602672656,4800,1.0,5.0,3.333333333333333,4.166666666666667,1.0,1.0,120,4,600,1,1.0,600,mean,s1_width,0.6039588001592279,0.08333333333333333,0.3333333333333333,0.20833333333333334,1,0.6039588001592279,secondary,width,FA10
0.7354960602672656,600,1.0,5.0,3.333333333333333,4.166666666666667,1.0,1.0,120,4,600,1,1.0,600,mean,s2_uniform,0.6039588001592279,0.08333333333333333,0.3333333333333333,0.20833333333333334,1,0.6039588001592279,secondary,uniform,FA10
0.7917550092763219,1200,1.0,5.0,3.75,4.166666666666667,1.0,2.0,120,4,1200,2,2.0,600,mean,s2_uniform,0.6627373504687536,0.08333333333333333,0.375,0.20833333333333334,2,0.6039588001592279,secondary,uniform,FA10
0.8554190913691759,2400,1.0,5.0,4.166666666666667,5.0,1.0,4.0,120,4,2400,4,4.0,600,mean,s2_uniform,0.723569014660379,0.08333333333333333,0.4166666666666667,0.25,4,0.6039588001592279,secondary,uniform,FA10
0.804162741850792,3600,1.0,5.0,4.166666666666667,4.166666666666667,1.0,6.0,120,4,3600,6,6.0,600,mean,s2_uniform,0.6803572397102137,0.08333333333333333,0.4166666666666667,0.20833333333333334,6,0.6039588001592279,secondary,uniform,FA10
0.850655397086686,4800,1.0,5.0,4.583333333333333,4.166666666666667,1.0,8.0,120,4,4800,8,8.0,600,mean,s2_uniform,0.7221989897231428,0.08333333333333333,0.4583333333333333,0.20833333333333334,8,0.6039588001592279,secondary,uniform,FA10
0.7354960602672656,600,1.0,5.0,3.333333333333333,4.166666666666667,1.0,1.0,120,4,600,1,1.0,600,mean,s3_top10,0.6039588001592279,0.08333333333333333,0.3333333333333333,0.20833333333333334,1,0.6039588001592279,secondary,primary_all|top_up,FA10
0.7013435838132014,1200,1.0,5.0,3.333333333333333,3.333333333333333,1.0,1.4166666666666667,120,4,1200,11,2.0,600,mean,s3_top10,0.5884378627632904,0.08333333333333333,0.3333333333333333,0.16666666666666666,11,0.6039588001592279,secondary,primary_all|top_up,FA10
0.706337152626835,2400,1.0,5.0,2.9166666666666665,3.333333333333333,1.0,1.5,120,4,1320,13,2.2,600,mean,s3_top10,0.5900213487217764,0.08333333333333333,0.2916666666666667,0.16666666666666666,13,0.6039588001592279,secondary,primary_all|top_up,FA10
0.706337152626835,3600,1.0,5.0,2.9166666666666665,3.333333333333333,1.0,1.5,120,4,1320,13,2.2,600,mean,s3_top10,0.5900213487217764,0.08333333333333333,0.2916666666666667,0.16666666666666666,13,0.6039588001592279,secondary,primary_all|top_up,FA10
0.706337152626835,4800,1.0,5.0,2.9166666666666665,3.333333333333333,1.0,1.5,120,4,1320,13,2.2,600,mean,s3_top10,0.5900213487217764,0.08333333333333333,0.2916666666666667,0.16666666666666666,13,0.6039588001592279,secondary,primary_all|top_up,FA10
0.7354960602672656,600,1.0,5.0,3.333333333333333,4.166666666666667,1.0,1.0,120,4,600,1,1.0,600,mean,s3_top25,0.6039588001592279,0.08333333333333333,0.3333333333333333,0.20833333333333334,1,0.6039588001592279,secondary,primary_all|top_up,FA10
0.7989299953335554,1200,1.0,5.0,3.75,4.166666666666667,1.0,1.5666666666666667,120,4,1200,5,2.0,600,mean,s3_top25,0.6468968367901278,0.08333333333333333,0.375,0.20833333333333334,5,0.6039588001592279,secondary,primary_all|top_up,FA10
0.8201163195456967,2400,1.0,5.0,3.75,4.166666666666667,1.0,2.7,120,4,2400,13,4.0,600,mean,s3_top25,0.6675373347534485,0.08333333333333333,0.375,0.20833333333333334,13,0.6039588001592279,secondary,primary_all|top_up,FA10
0.8201163195456967,3600,1.0,5.0,3.75,4.166666666666667,1.0,2.7,120,4,2400,13,4.0,600,mean,s3_top25,0.6675373347534485,0.08333333333333333,0.375,0.20833333333333334,13,0.6039588001592279,secondary,primary_all|top_up,FA10
0.8201163195456967,4800,1.0,5.0,3.75,4.166666666666667,1.0,2.7,120,4,2400,13,4.0,600,mean,s3_top25,0.6675373347534485,0.08333333333333333,0.375,0.20833333333333334,13,0.6039588001592279,secondary,primary_all|top_up,FA10
0.7354960602672656,600,1.0,5.0,3.333333333333333,4.166666666666667,1.0,1.0,120,4,600,1,1.0,600,mean,s3_top50,0.6039588001592279,0.08333333333333333,0.3333333333333333,0.20833333333333334,1,0.6039588001592279,secondary,primary_all|top_up,FA10
0.8306786619191799,1200,1.0,5.0,3.75,4.166666666666667,1.0,1.8,120,4,1200,3,2.0,600,mean,s3_top50,0.6891137036054734,0.08333333333333333,0.375,0.20833333333333334,3,0.6039588001592279,secondary,primary_all|top_up,FA10
0.8543676396805855,2400,1.0,5.0,4.583333333333333,5.0,1.0,3.4,120,4,2400,7,4.0,600,mean,s3_top50,0.7023259112899624,0.08333333333333333,0.4583333333333333,0.25,7,0.6039588001592279,secondary,primary_all|top_up,FA10
0.8738204044029273,3600,1.0,5.0,4.583333333333333,5.0,1.0,5.0,120,4,3600,11,6.0,600,mean,s3_top50,0.725900889846233,0.08333333333333333,0.4583333333333333,0.25,11,0.6039588001592279,secondary,primary_all|top_up,FA10
0.8325190338488125,4800,1.0,5.0,4.583333333333333,4.166666666666667,1.0,5.8,120,4,4200,13,7.0,600,mean,s3_top50,0.6955543350387368,0.08333333333333333,0.4583333333333333,0.20833333333333334,13,0.6039588001592279,secondary,primary_all|top_up,FA10
0.7982407337575881,600,0.6466666666666666,5.0,3.333333333333333,4.166666666666667,0.5833333333333334,1.4714285714285715,120,4,600,3,1.5463917525773196,388,mean,s4_scaffold25,0.6709222664337253,0.08333333333333333,0.3333333333333333,0.20833333333333334,3,0.6039588001592279,secondary,scaffold_representatives|expand_top_groups,FA10
0.8089829566296618,1200,0.6466666666666666,5.0,4.166666666666667,4.166666666666667,0.5833333333333334,2.5428571428571427,120,4,1200,8,3.0927835051546393,388,mean,s4_scaffold25,0.6829593503885052,0.08333333333333333,0.4166666666666667,0.20833333333333334,8,0.6039588001592279,secondary,scaffold_representatives|expand_top_groups,FA10
0.8049797504030318,2400,0.6466666666666666,5.0,3.75,4.166666666666667,0.5833333333333334,4.042857142857143,120,4,2022,13,5.211340206185567,388,mean,s4_scaffold25,0.6822682734605466,0.08333333333333333,0.375,0.20833333333333334,13,0.6039588001592279,secondary,scaffold_representatives|expand_top_groups,FA10
0.8049797504030318,3600,0.6466666666666666,5.0,3.75,4.166666666666667,0.5833333333333334,4.042857142857143,120,4,2022,13,5.211340206185567,388,mean,s4_scaffold25,0.6822682734605466,0.08333333333333333,0.375,0.20833333333333334,13,0.6039588001592279,secondary,scaffold_representatives|expand_top_groups,FA10
0.8049797504030318,4800,0.6466666666666666,5.0,3.75,4.166666666666667,0.5833333333333334,4.042857142857143,120,4,2022,13,5.211340206185567,388,mean,s4_scaffold25,0.6822682734605466,0.08333333333333333,0.375,0.20833333333333334,13,0.6039588001592279,secondary,scaffold_representatives|expand_top_groups,FA10
0.7869933164438663,600,0.7466666666666667,5.0,3.75,4.166666666666667,0.6,1.4166666666666667,120,4,600,2,1.3392857142857142,448,mean,s4_scaffold50,0.6700928976198535,0.08333333333333333,0.375,0.20833333333333334,2,0.6039588001592279,secondary,scaffold_representatives|expand_top_groups,FA10
0.8545227054288627,1200,0.75,5.0,4.166666666666667,5.0,0.6083333333333333,2.493150684931507,120,4,1200,5,2.6666666666666665,450,mean,s4_scaffold50,0.7179579506983048,0.08333333333333333,0.4166666666666667,0.25,5,0.6039588001592279,secondary,scaffold_representatives|expand_top_groups,FA10
0.8381050729391081,2400,0.75,5.0,4.583333333333333,4.166666666666667,0.6083333333333333,4.63013698630137,120,4,2400,9,5.333333333333333,450,mean,s4_scaffold50,0.7118420064234993,0.08333333333333333,0.4583333333333333,0.20833333333333334,9,0.6039588001592279,secondary,scaffold_representatives|expand_top_groups,FA10
0.8385866190138523,3600,0.75,5.0,4.166666666666667,4.166666666666667,0.6083333333333333,6.890410958904109,120,4,3600,13,8.0,450,mean,s4_scaffold50,0.7093143115359645,0.08333333333333333,0.4166666666666667,0.20833333333333334,13,0.6039588001592279,secondary,scaffold_representatives|expand_top_groups,FA10
0.831987370172483,4800,0.75,5.0,4.583333333333333,4.166666666666667,0.6083333333333333,7.164383561643835,120,4,3750,13,8.333333333333334,450,mean,s4_scaffold50,0.7070393805152779,0.08333333333333333,0.4583333333333333,0.20833333333333334,13,0.6039588001592279,secondary,scaffold_representatives|expand_top_groups,FA10
0.7892964563547012,600,1.0,5.0,3.333333333333333,5.0,1.0,1.0,120,4,600,1,1.0,600,mean,s5_score_oracle,0.6622956352126055,0.08333333333333333,0.3333333333333333,0.25,13,0.6039588001592279,secondary,score_oracle,FA10
0.8076151009039821,1200,1.0,5.0,3.75,4.166666666666667,1.0,2.0,120,4,1200,2,2.0,600,mean,s5_score_oracle,0.682392267144539,0.08333333333333333,0.375,0.20833333333333334,13,0.6039588001592279,secondary,score_oracle,FA10
0.8195210245849442,2400,1.0,5.0,4.166666666666667,4.166666666666667,1.0,4.0,120,4,2400,4,4.0,600,mean,s5_score_oracle,0.7021843349070361,0.08333333333333333,0.4166666666666667,0.20833333333333334,13,0.6039588001592279,secondary,score_oracle,FA10
0.822361307789902,3600,1.0,5.0,4.166666666666667,4.166666666666667,1.0,6.0,120,4,3600,6,6.0,600,mean,s5_score_oracle,0.7082717470396777,0.08333333333333333,0.4166666666666667,0.20833333333333334,13,0.6039588001592279,secondary,score_oracle,FA10
0.8495383967726029,4800,1.0,5.0,4.166666666666667,5.0,1.0,8.0,120,4,4800,8,8.0,600,mean,s5_score_oracle,0.7212221521305512,0.08333333333333333,0.4166666666666667,0.25,13,0.6039588001592279,secondary,score_oracle,FA10
0.7354960602672656,600,1.0,5.0,3.333333333333333,4.166666666666667,1.0,1.0,120,4,600,1,1.0,600,min,s1_width,0.6039588001592279,0.08333333333333333,0.3333333333333333,0.20833333333333334,1,0.6039588001592279,secondary,width,FA10
0.7354960602672656,1200,1.0,5.0,3.333333333333333,4.166666666666667,1.0,1.0,120,4,600,1,1.0,600,min,s1_width,0.6039588001592279,0.08333333333333333,0.3333333333333333,0.20833333333333334,1,0.6039588001592279,secondary,width,FA10
0.7354960602672656,2400,1.0,5.0,3.333333333333333,4.166666666666667,1.0,1.0,120,4,600,1,1.0,600,min,s1_width,0.6039588001592279,0.08333333333333333,0.3333333333333333,0.20833333333333334,1,0.6039588001592279,secondary,width,FA10
0.7354960602672656,3600,1.0,5.0,3.333333333333333,4.166666666666667,1.0,1.0,120,4,600,1,1.0,600,min,s1_width,0.6039588001592279,0.08333333333333333,0.3333333333333333,0.20833333333333334,1,0.6039588001592279,secondary,width,FA10
0.7354960602672656,4800,1.0,5.0,3.333333333333333,4.166666666666667,1.0,1.0,120,4,600,1,1.0,600,min,s1_width,0.6039588001592279,0.08333333333333333,0.3333333333333333,0.20833333333333334,1,0.6039588001592279,secondary,width,FA10
0.7354960602672656,600,1.0,5.0,3.333333333333333,4.166666666666667,1.0,1.0,120,4,600,1,1.0,600,min,s2_uniform,0.6039588001592279,0.08333333333333333,0.3333333333333333,0.20833333333333334,1,0.6039588001592279,secondary,uniform,FA10
0.8007402598814082,1200,1.0,5.0,3.75,4.166666666666667,1.0,2.0,120,4,1200,2,2.0,600,min,s2_uniform,0.6659816688682086,0.08333333333333333,0.375,0.20833333333333334,2,0.6039588001592279,secondary,uniform,FA10
0.8131803308713164,2400,1.0,5.0,3.75,4.166666666666667,1.0,4.0,120,4,2400,4,4.0,600,min,s2_uniform,0.6873648605796258,0.08333333333333333,0.375,0.20833333333333334,4,0.6039588001592279,secondary,uniform,FA10
0.7980140899911685,3600,1.0,5.0,3.333333333333333,4.166666666666667,1.0,6.0,120,4,3600,6,6.0,600,min,s2_uniform,0.6674127327764086,0.08333333333333333,0.3333333333333333,0.20833333333333334,6,0.6039588001592279,secondary,uniform,FA10
0.8004300943704045,4800,1.0,5.0,3.333333333333333,4.166666666666667,1.0,8.0,120,4,4800,8,8.0,600,min,s2_uniform,0.6804801023903111,0.08333333333333333,0.3333333333333333,0.20833333333333334,8,0.6039588001592279,secondary,uniform,FA10
0.7354960602672656,600,1.0,5.0,3.333333333333333,4.166666666666667,1.0,1.0,120,4,600,1,1.0,600,min,s3_top10,0.6039588001592279,0.08333333333333333,0.3333333333333333,0.20833333333333334,1,0.6039588001592279,secondary,primary_all|top_up,FA10
0.7500573921265151,1200,1.0,5.0,3.333333333333333,4.166666666666667,1.0,1.4166666666666667,120,4,1200,11,2.0,600,min,s3_top10,0.6122921334925612,0.08333333333333333,0.3333333333333333,0.20833333333333334,11,0.6039588001592279,secondary,primary_all|top_up,FA10
0.7500573921265151,2400,1.0,5.0,3.333333333333333,4.166666666666667,1.0,1.5,120,4,1320,13,2.2,600,min,s3_top10,0.6122921334925612,0.08333333333333333,0.3333333333333333,0.20833333333333334,13,0.6039588001592279,secondary,primary_all|top_up,FA10
0.7500573921265151,3600,1.0,5.0,3.333333333333333,4.166666666666667,1.0,1.5,120,4,1320,13,2.2,600,min,s3_top10,0.6122921334925612,0.08333333333333333,0.3333333333333333,0.20833333333333334,13,0.6039588001592279,secondary,primary_all|top_up,FA10
0.7500573921265151,4800,1.0,5.0,3.333333333333333,4.166666666666667,1.0,1.5,120,4,1320,13,2.2,600,min,s3_top10,0.6122921334925612,0.08333333333333333,0.3333333333333333,0.20833333333333334,13,0.6039588001592279,secondary,primary_all|top_up,FA10
0.7354960602672656,600,1.0,5.0,3.333333333333333,4.166666666666667,1.0,1.0,120,4,600,1,1.0,600,min,s3_top25,0.6039588001592279,0.08333333333333333,0.3333333333333333,0.20833333333333334,1,0.6039588001592279,secondary,primary_all|top_up,FA10
0.7594874734536842,1200,1.0,5.0,2.9166666666666665,4.166666666666667,1.0,1.5666666666666667,120,4,1200,5,2.0,600,min,s3_top25,0.6162839749844027,0.08333333333333333,0.2916666666666667,0.20833333333333334,5,0.6039588001592279,secondary,primary_all|top_up,FA10
0.7726714039875255,2400,1.0,5.0,2.9166666666666665,5.0,1.0,2.7,120,4,2400,13,4.0,600,min,s3_top25,0.6240220702224979,0.08333333333333333,0.2916666666666667,0.25,13,0.6039588001592279,secondary,primary_all|top_up,FA10
0.7726714039875255,3600,1.0,5.0,2.9166666666666665,5.0,1.0,2.7,120,4,2400,13,4.0,600,min,s3_top25,0.6240220702224979,0.08333333333333333,0.2916666666666667,0.25,13,0.6039588001592279,secondary,primary_all|top_up,FA10
0.7726714039875255,4800,1.0,5.0,2.9166666666666665,5.0,1.0,2.7,120,4,2400,13,4.0,600,min,s3_top25,0.6240220702224979,0.08333333333333333,0.2916666666666667,0.25,13,0.6039588001592279,secondary,primary_all|top_up,FA10
0.7354960602672656,600,1.0,5.0,3.333333333333333,4.166666666666667,1.0,1.0,120,4,600,1,1.0,600,min,s3_top50,0.6039588001592279,0.08333333333333333,0.3333333333333333,0.20833333333333334,1,0.6039588001592279,secondary,primary_all|top_up,FA10
0.8072096225082248,1200,1.0,5.0,3.75,4.166666666666667,1.0,1.8,120,4,1200,3,2.0,600,min,s3_top50,0.6726206850638491,0.08333333333333333,0.375,0.20833333333333334,3,0.6039588001592279,secondary,primary_all|top_up,FA10
0.7967067068292599,2400,1.0,5.0,3.333333333333333,4.166666666666667,1.0,3.4,120,4,2400,7,4.0,600,min,s3_top50,0.6522418756450846,0.08333333333333333,0.3333333333333333,0.20833333333333334,7,0.6039588001592279,secondary,primary_all|top_up,FA10
0.7908570123281632,3600,1.0,5.0,3.333333333333333,5.0,1.0,5.0,120,4,3600,11,6.0,600,min,s3_top50,0.6459585381991656,0.08333333333333333,0.3333333333333333,0.25,11,0.6039588001592279,secondary,primary_all|top_up,FA10
0.7908570123281632,4800,1.0,5.0,3.333333333333333,5.0,1.0,5.8,120,4,4200,13,7.0,600,min,s3_top50,0.6459585381991656,0.08333333333333333,0.3333333333333333,0.25,13,0.6039588001592279,secondary,primary_all|top_up,FA10
0.7682364081861126,600,0.6466666666666666,5.0,3.75,4.166666666666667,0.5833333333333334,1.4714285714285715,120,4,600,3,1.5463917525773196,388,min,s4_scaffold25,0.6488639848886774,0.08333333333333333,0.375,0.20833333333333334,3,0.6039588001592279,secondary,scaffold_representatives|expand_top_groups,FA10
0.7641261196862373,1200,0.6466666666666666,5.0,3.333333333333333,4.166666666666667,0.5833333333333334,2.5428571428571427,120,4,1200,8,3.0927835051546393,388,min,s4_scaffold25,0.6437663291331269,0.08333333333333333,0.3333333333333333,0.20833333333333334,8,0.6039588001592279,secondary,scaffold_representatives|expand_top_groups,FA10
0.7636724401370473,2400,0.6466666666666666,5.0,2.9166666666666665,5.0,0.5833333333333334,4.042857142857143,120,4,2022,13,5.211340206185567,388,min,s4_scaffold25,0.6425282698068322,0.08333333333333333,0.2916666666666667,0.25,13,0.6039588001592279,secondary,scaffold_representatives|expand_top_groups,FA10
0.7636724401370473,3600,0.6466666666666666,5.0,2.9166666666666665,5.0,0.5833333333333334,4.042857142857143,120,4,2022,13,5.211340206185567,388,min,s4_scaffold25,0.6425282698068322,0.08333333333333333,0.2916666666666667,0.25,13,0.6039588001592279,secondary,scaffold_representatives|expand_top_groups,FA10
0.7636724401370473,4800,0.6466666666666666,5.0,2.9166666666666665,5.0,0.5833333333333334,4.042857142857143,120,4,2022,13,5.211340206185567,388,min,s4_scaffold25,0.6425282698068322,0.08333333333333333,0.2916666666666667,0.25,13,0.6039588001592279,secondary,scaffold_representatives|expand_top_groups,FA10
0.8039556013980643,600,0.7466666666666667,5.0,3.75,4.166666666666667,0.6,1.4166666666666667,120,4,600,2,1.3392857142857142,448,min,s4_scaffold50,0.6816585382292751,0.08333333333333333,0.375,0.20833333333333334,2,0.6039588001592279,secondary,scaffold_representatives|expand_top_groups,FA10
0.8135007134537239,1200,0.75,5.0,3.75,4.166666666666667,0.6083333333333333,2.493150684931507,120,4,1200,5,2.6666666666666665,450,min,s4_scaffold50,0.6885976195011406,0.08333333333333333,0.375,0.20833333333333334,5,0.6039588001592279,secondary,scaffold_representatives|expand_top_groups,FA10
0.7992903290660605,2400,0.75,5.0,3.333333333333333,4.166666666666667,0.6083333333333333,4.63013698630137,120,4,2400,9,5.333333333333333,450,min,s4_scaffold50,0.6772192862418774,0.08333333333333333,0.3333333333333333,0.20833333333333334,9,0.6039588001592279,secondary,scaffold_representatives|expand_top_groups,FA10
0.791572050492896,3600,0.75,5.0,3.333333333333333,5.0,0.6083333333333333,6.890410958904109,120,4,3600,13,8.0,450,min,s4_scaffold50,0.66325767981302,0.08333333333333333,0.3333333333333333,0.25,13,0.6039588001592279,secondary,scaffold_representatives|expand_top_groups,FA10
0.791572050492896,4800,0.75,5.0,3.333333333333333,5.0,0.6083333333333333,7.164383561643835,120,4,3750,13,8.333333333333334,450,min,s4_scaffold50,0.66325767981302,0.08333333333333333,0.3333333333333333,0.25,13,0.6039588001592279,secondary,scaffold_representatives|expand_top_groups,FA10
0.7892964563547012,600,1.0,5.0,3.333333333333333,5.0,1.0,1.0,120,4,600,1,1.0,600,min,s5_score_oracle,0.6622956352126055,0.08333333333333333,0.3333333333333333,0.25,13,0.6039588001592279,secondary,score_oracle,FA10
0.7892964563547012,1200,1.0,5.0,3.333333333333333,5.0,1.0,2.0,120,4,1200,2,2.0,600,min,s5_score_oracle,0.6622956352126055,0.08333333333333333,0.3333333333333333,0.25,13,0.6039588001592279,secondary,score_oracle,FA10
0.7892964563547012,2400,1.0,5.0,3.333333333333333,5.0,1.0,4.0,120,4,2400,4,4.0,600,min,s5_score_oracle,0.6622956352126055,0.08333333333333333,0.3333333333333333,0.25,13,0.6039588001592279,secondary,score_oracle,FA10
0.7892964563547012,3600,1.0,5.0,3.333333333333333,5.0,1.0,6.0,120,4,3600,6,6.0,600,min,s5_score_oracle,0.6622956352126055,0.08333333333333333,0.3333333333333333,0.25,13,0.6039588001592279,secondary,score_oracle,FA10
0.7892964563547012,4800,1.0,5.0,3.333333333333333,5.0,1.0,8.0,120,4,4800,8,8.0,600,min,s5_score_oracle,0.6622956352126055,0.08333333333333333,0.3333333333333333,0.25,13,0.6039588001592279,secondary,score_oracle,FA10
0.797598889742422,600,1.0,5.0,3.75,5.0,1.0,1.0,120,5,600,1,1.0,600,mean,s1_width,0.6361962532358498,0.08333333333333333,0.375,0.25,1,0.6361962532358498,secondary,width,FA10
0.797598889742422,1200,1.0,5.0,3.75,5.0,1.0,1.0,120,5,600,1,1.0,600,mean,s1_width,0.6361962532358498,0.08333333333333333,0.375,0.25,1,0.6361962532358498,secondary,width,FA10
0.797598889742422,2400,1.0,5.0,3.75,5.0,1.0,1.0,120,5,600,1,1.0,600,mean,s1_width,0.6361962532358498,0.08333333333333333,0.375,0.25,1,0.6361962532358498,secondary,width,FA10
0.797598889742422,3600,1.0,5.0,3.75,5.0,1.0,1.0,120,5,600,1,1.0,600,mean,s1_width,0.6361962532358498,0.08333333333333333,0.375,0.25,1,0.6361962532358498,secondary,width,FA10
0.797598889742422,4800,1.0,5.0,3.75,5.0,1.0,1.0,120,5,600,1,1.0,600,mean,s1_width,0.6361962532358498,0.08333333333333333,0.375,0.25,1,0.6361962532358498,secondary,width,FA10
0.797598889742422,600,1.0,5.0,3.75,5.0,1.0,1.0,120,5,600,1,1.0,600,mean,s2_uniform,0.6361962532358498,0.08333333333333333,0.375,0.25,1,0.6361962532358498,secondary,uniform,FA10
0.8171249640336992,1200,1.0,5.0,3.75,5.0,1.0,2.0,120,5,1200,2,2.0,600,mean,s2_uniform,0.6490277476710874,0.08333333333333333,0.375,0.25,2,0.6361962532358498,secondary,uniform,FA10
0.8385975057077757,2400,1.0,5.0,3.75,5.0,1.0,4.0,120,5,2400,4,4.0,600,mean,s2_uniform,0.6589831356426055,0.08333333333333333,0.375,0.25,4,0.6361962532358498,secondary,uniform,FA10
0.8136869977571055,3600,1.0,5.0,3.75,5.0,1.0,6.0,120,5,3600,6,6.0,600,mean,s2_uniform,0.6302201657571022,0.08333333333333333,0.375,0.25,6,0.6361962532358498,secondary,uniform,FA10
0.8085648218772237,4800,1.0,5.0,3.75,5.0,1.0,8.0,120,5,4800,8,8.0,600,mean,s2_uniform,0.6309349014153774,0.08333333333333333,0.375,0.25,8,0.6361962532358498,secondary,uniform,FA10
0.797598889742422,600,1.0,5.0,3.75,5.0,1.0,1.0,120,5,600,1,1.0,600,mean,s3_top10,0.6361962532358498,0.08333333333333333,0.375,0.25,1,0.6361962532358498,secondary,primary_all|top_up,FA10
0.8114032555343822,1200,1.0,5.0,3.75,5.0,1.0,1.75,120,5,1200,11,2.0,600,mean,s3_top10,0.6439508828654795,0.08333333333333333,0.375,0.25,11,0.6361962532358498,secondary,primary_all|top_up,FA10
0.8055040510190349,2400,1.0,5.0,3.75,4.166666666666667,1.0,1.9,120,5,1320,13,2.2,600,mean,s3_top10,0.6408394110040075,0.08333333333333333,0.375,0.20833333333333334,13,0.6361962532358498,secondary,primary_all|top_up,FA10
0.8055040510190349,3600,1.0,5.0,3.75,4.166666666666667,1.0,1.9,120,5,1320,13,2.2,600,mean,s3_top10,0.6408394110040075,0.08333333333333333,0.375,0.20833333333333334,13,0.6361962532358498,secondary,primary_all|top_up,FA10
0.8055040510190349,4800,1.0,5.0,3.75,4.166666666666667,1.0,1.9,120,5,1320,13,2.2,600,mean,s3_top10,0.6408394110040075,0.08333333333333333,0.375,0.20833333333333334,13,0.6361962532358498,secondary,primary_all|top_up,FA10
0.797598889742422,600,1.0,5.0,3.75,5.0,1.0,1.0,120,5,600,1,1.0,600,mean,s3_top25,0.6361962532358498,0.08333333333333333,0.375,0.25,1,0.6361962532358498,secondary,primary_all|top_up,FA10
0.8360515994156485,1200,1.0,5.0,3.75,5.0,1.0,1.6,120,5,1200,5,2.0,600,mean,s3_top25,0.663602822621074,0.08333333333333333,0.375,0.25,5,0.6361962532358498,secondary,primary_all|top_up,FA10
0.8170659630118466,2400,1.0,5.0,3.333333333333333,5.0,1.0,2.8,120,5,2400,13,4.0,600,mean,s3_top25,0.6495570805264649,0.08333333333333333,0.3333333333333333,0.25,13,0.6361962532358498,secondary,primary_all|top_up,FA10
0.8170659630118466,3600,1.0,5.0,3.333333333333333,5.0,1.0,2.8,120,5,2400,13,4.0,600,mean,s3_top25,0.6495570805264649,0.08333333333333333,0.3333333333333333,0.25,13,0.6361962532358498,secondary,primary_all|top_up,FA10
0.8170659630118466,4800,1.0,5.0,3.333333333333333,5.0,1.0,2.8,120,5,2400,13,4.0,600,mean,s3_top25,0.6495570805264649,0.08333333333333333,0.3333333333333333,0.25,13,0.6361962532358498,secondary,primary_all|top_up,FA10
0.797598889742422,600,1.0,5.0,3.75,5.0,1.0,1.0,120,5,600,1,1.0,600,mean,s3_top50,0.6361962532358498,0.08333333333333333,0.375,0.25,1,0.6361962532358498,secondary,primary_all|top_up,FA10
0.8175851584335647,1200,1.0,5.0,3.75,5.0,1.0,1.8,120,5,1200,3,2.0,600,mean,s3_top50,0.6342738341616775,0.08333333333333333,0.375,0.25,3,0.6361962532358498,secondary,primary_all|top_up,FA10
0.8157104894015575,2400,1.0,5.0,3.75,5.0,1.0,3.4,120,5,2400,7,4.0,600,mean,s3_top50,0.6258888694373334,0.08333333333333333,0.375,0.25,7,0.6361962532358498,secondary,primary_all|top_up,FA10
0.8030132814474642,3600,1.0,5.0,3.333333333333333,5.0,1.0,5.0,120,5,3600,11,6.0,600,mean,s3_top50,0.6211841466104017,0.08333333333333333,0.3333333333333333,0.25,11,0.6361962532358498,secondary,primary_all|top_up,FA10
0.8056309625306054,4800,1.0,5.0,3.333333333333333,5.0,1.0,5.8,120,5,4200,13,7.0,600,mean,s3_top50,0.6230326674830625,0.08333333333333333,0.3333333333333333,0.25,13,0.6361962532358498,secondary,primary_all|top_up,FA10
0.8594656662631013,600,0.645,5.0,4.166666666666667,5.0,0.5666666666666667,1.338235294117647,120,5,600,3,1.550387596899225,387,mean,s4_scaffold25,0.7150493318947865,0.08333333333333333,0.4166666666666667,0.25,3,0.6361962532358498,secondary,scaffold_representatives|expand_top_groups,FA10
0.8407948185179142,1200,0.645,5.0,3.75,5.0,0.5666666666666667,2.2205882352941178,120,5,1200,8,3.10077519379845,387,mean,s4_scaffold25,0.7011551378535336,0.08333333333333333,0.375,0.25,8,0.6361962532358498,secondary,scaffold_representatives|expand_top_groups,FA10
0.8149064533776614,2400,0.645,5.0,3.333333333333333,5.0,0.5666666666666667,3.2794117647058822,120,5,2010,13,5.1937984496124034,387,mean,s4_scaffold25,0.6835125207527123,0.08333333333333333,0.3333333333333333,0.25,13,0.6361962532358498,secondary,scaffold_representatives|expand_top_groups,FA10
0.8149064533776614,3600,0.645,5.0,3.333333333333333,5.0,0.5666666666666667,3.2794117647058822,120,5,2010,13,5.1937984496124034,387,mean,s4_scaffold25,0.6835125207527123,0.08333333333333333,0.3333333333333333,0.25,13,0.6361962532358498,secondary,scaffold_representatives|expand_top_groups,FA10
0.8149064533776614,4800,0.645,5.0,3.333333333333333,5.0,0.5666666666666667,3.2794117647058822,120,5,2010,13,5.1937984496124034,387,mean,s4_scaffold25,0.6835125207527123,0.08333333333333333,0.3333333333333333,0.25,13,0.6361962532358498,secondary,scaffold_representatives|expand_top_groups,FA10
0.8110429879782448,600,0.7416666666666667,5.0,3.75,5.0,0.6166666666666667,1.3918918918918919,120,5,600,2,1.348314606741573,445,mean,s4_scaffold50,0.6649394128109999,0.08333333333333333,0.375,0.25,2,0.6361962532358498,secondary,scaffold_representatives|expand_top_groups,FA10
0.8332906641926667,1200,0.76,5.0,3.75,5.0,0.6666666666666666,2.5375,120,5,1200,4,2.6315789473684212,456,mean,s4_scaffold50,0.661125508601069,0.08333333333333333,0.375,0.25,4,0.6361962532358498,secondary,scaffold_representatives|expand_top_groups,FA10
0.8088217981544262,2400,0.76,5.0,3.75,5.0,0.6666666666666666,4.9375,120,5,2400,9,5.2631578947368425,456,mean,s4_scaffold50,0.645222252125673,0.08333333333333333,0.375,0.25,9,0.6361962532358498,secondary,scaffold_representatives|expand_top_groups,FA10
0.8063923107163232,3600,0.76,5.0,3.333333333333333,5.0,0.6666666666666666,7.25,120,5,3600,13,7.894736842105263,456,mean,s4_scaffold50,0.6476775386663074,0.08333333333333333,0.3333333333333333,0.25,13,0.6361962532358498,secondary,scaffold_representatives|expand_top_groups,FA10
0.806338071404874,4800,0.76,5.0,3.333333333333333,5.0,0.6666666666666666,7.7375,120,5,3822,13,8.381578947368421,456,mean,s4_scaffold50,0.6455096430132147,0.08333333333333333,0.3333333333333333,0.25,13,0.6361962532358498,secondary,scaffold_representatives|expand_top_groups,FA10
0.789154518480232,600,1.0,5.0,3.75,5.0,1.0,1.0,120,5,600,1,1.0,600,mean,s5_score_oracle,0.5988216212627088,0.08333333333333333,0.375,0.25,13,0.6361962532358498,secondary,score_oracle,FA10
0.801435017870066,1200,1.0,5.0,3.75,5.0,1.0,2.0,120,5,1200,2,2.0,600,mean,s5_score_oracle,0.6116410352919766,0.08333333333333333,0.375,0.25,13,0.6361962532358498,secondary,score_oracle,FA10
0.8094192224446837,2400,1.0,5.0,3.75,5.0,1.0,4.0,120,5,2400,4,4.0,600,mean,s5_score_oracle,0.6241459402855837,0.08333333333333333,0.375,0.25,13,0.6361962532358498,secondary,score_oracle,FA10
0.815021520946216,3600,1.0,5.0,3.75,5.0,1.0,6.0,120,5,3600,6,6.0,600,mean,s5_score_oracle,0.6227828088780613,0.08333333333333333,0.375,0.25,13,0.6361962532358498,secondary,score_oracle,FA10
0.797051679610725,4800,1.0,5.0,3.75,5.0,1.0,8.0,120,5,4800,8,8.0,600,mean,s5_score_oracle,0.6144848902987644,0.08333333333333333,0.375,0.25,13,0.6361962532358498,secondary,score_oracle,FA10
0.797598889742422,600,1.0,5.0,3.75,5.0,1.0,1.0,120,5,600,1,1.0,600,min,s1_width,0.6361962532358498,0.08333333333333333,0.375,0.25,1,0.6361962532358498,secondary,width,FA10
0.797598889742422,1200,1.0,5.0,3.75,5.0,1.0,1.0,120,5,600,1,1.0,600,min,s1_width,0.6361962532358498,0.08333333333333333,0.375,0.25,1,0.6361962532358498,secondary,width,FA10
0.797598889742422,2400,1.0,5.0,3.75,5.0,1.0,1.0,120,5,600,1,1.0,600,min,s1_width,0.6361962532358498,0.08333333333333333,0.375,0.25,1,0.6361962532358498,secondary,width,FA10
0.797598889742422,3600,1.0,5.0,3.75,5.0,1.0,1.0,120,5,600,1,1.0,600,min,s1_width,0.6361962532358498,0.08333333333333333,0.375,0.25,1,0.6361962532358498,secondary,width,FA10
0.797598889742422,4800,1.0,5.0,3.75,5.0,1.0,1.0,120,5,600,1,1.0,600,min,s1_width,0.6361962532358498,0.08333333333333333,0.375,0.25,1,0.6361962532358498,secondary,width,FA10
0.797598889742422,600,1.0,5.0,3.75,5.0,1.0,1.0,120,5,600,1,1.0,600,min,s2_uniform,0.6361962532358498,0.08333333333333333,0.375,0.25,1,0.6361962532358498,secondary,uniform,FA10
0.8284685466474931,1200,1.0,5.0,3.75,5.0,1.0,2.0,120,5,1200,2,2.0,600,min,s2_uniform,0.6494708462879303,0.08333333333333333,0.375,0.25,2,0.6361962532358498,secondary,uniform,FA10
0.8235853547641908,2400,1.0,5.0,3.75,5.0,1.0,4.0,120,5,2400,4,4.0,600,min,s2_uniform,0.6413295237606368,0.08333333333333333,0.375,0.25,4,0.6361962532358498,secondary,uniform,FA10
0.8095256626985428,3600,1.0,5.0,3.75,5.0,1.0,6.0,120,5,3600,6,6.0,600,min,s2_uniform,0.622840545726253,0.08333333333333333,0.375,0.25,6,0.6361962532358498,secondary,uniform,FA10
0.8008440748242183,4800,1.0,5.0,3.75,5.0,1.0,8.0,120,5,4800,8,8.0,600,min,s2_uniform,0.6120690640158192,0.08333333333333333,0.375,0.25,8,0.6361962532358498,secondary,uniform,FA10
0.797598889742422,600,1.0,5.0,3.75,5.0,1.0,1.0,120,5,600,1,1.0,600,min,s3_top10,0.6361962532358498,0.08333333333333333,0.375,0.25,1,0.6361962532358498,secondary,primary_all|top_up,FA10
0.8050749267948754,1200,1.0,5.0,3.75,5.0,1.0,1.75,120,5,1200,11,2.0,600,min,s3_top10,0.6402471791617758,0.08333333333333333,0.375,0.25,11,0.6361962532358498,secondary,primary_all|top_up,FA10
0.8050749267948754,2400,1.0,5.0,3.75,5.0,1.0,1.9,120,5,1320,13,2.2,600,min,s3_top10,0.6402471791617758,0.08333333333333333,0.375,0.25,13,0.6361962532358498,secondary,primary_all|top_up,FA10
0.8050749267948754,3600,1.0,5.0,3.75,5.0,1.0,1.9,120,5,1320,13,2.2,600,min,s3_top10,0.6402471791617758,0.08333333333333333,0.375,0.25,13,0.6361962532358498,secondary,primary_all|top_up,FA10
0.8050749267948754,4800,1.0,5.0,3.75,5.0,1.0,1.9,120,5,1320,13,2.2,600,min,s3_top10,0.6402471791617758,0.08333333333333333,0.375,0.25,13,0.6361962532358498,secondary,primary_all|top_up,FA10
0.797598889742422,600,1.0,5.0,3.75,5.0,1.0,1.0,120,5,600,1,1.0,600,min,s3_top25,0.6361962532358498,0.08333333333333333,0.375,0.25,1,0.6361962532358498,secondary,primary_all|top_up,FA10
0.8273043704637987,1200,1.0,5.0,3.75,5.0,1.0,1.6,120,5,1200,5,2.0,600,min,s3_top25,0.6521705703131081,0.08333333333333333,0.375,0.25,5,0.6361962532358498,secondary,primary_all|top_up,FA10
0.8179513644516776,2400,1.0,5.0,3.75,5.0,1.0,2.8,120,5,2400,13,4.0,600,min,s3_top25,0.6455275469421435,0.08333333333333333,0.375,0.25,13,0.6361962532358498,secondary,primary_all|top_up,FA10
0.8179513644516776,3600,1.0,5.0,3.75,5.0,1.0,2.8,120,5,2400,13,4.0,600,min,s3_top25,0.6455275469421435,0.08333333333333333,0.375,0.25,13,0.6361962532358498,secondary,primary_all|top_up,FA10
0.8179513644516776,4800,1.0,5.0,3.75,5.0,1.0,2.8,120,5,2400,13,4.0,600,min,s3_top25,0.6455275469421435,0.08333333333333333,0.375,0.25,13,0.6361962532358498,secondary,primary_all|top_up,FA10
0.797598889742422,600,1.0,5.0,3.75,5.0,1.0,1.0,120,5,600,1,1.0,600,min,s3_top50,0.6361962532358498,0.08333333333333333,0.375,0.25,1,0.6361962532358498,secondary,primary_all|top_up,FA10
0.8112010716856122,1200,1.0,5.0,3.75,5.0,1.0,1.8,120,5,1200,3,2.0,600,min,s3_top50,0.6199159567285712,0.08333333333333333,0.375,0.25,3,0.6361962532358498,secondary,primary_all|top_up,FA10
0.797321641489396,2400,1.0,5.0,3.75,5.0,1.0,3.4,120,5,2400,7,4.0,600,min,s3_top50,0.606633914501799,0.08333333333333333,0.375,0.25,7,0.6361962532358498,secondary,primary_all|top_up,FA10
0.7972995670016104,3600,1.0,5.0,3.75,5.0,1.0,5.0,120,5,3600,11,6.0,600,min,s3_top50,0.6093445752827611,0.08333333333333333,0.375,0.25,11,0.6361962532358498,secondary,primary_all|top_up,FA10
0.7871769531242128,4800,1.0,5.0,3.75,5.0,1.0,5.8,120,5,4200,13,7.0,600,min,s3_top50,0.5965871569351774,0.08333333333333333,0.375,0.25,13,0.6361962532358498,secondary,primary_all|top_up,FA10
0.8483426148393557,600,0.645,5.0,3.75,5.0,0.5666666666666667,1.338235294117647,120,5,600,3,1.550387596899225,387,min,s4_scaffold25,0.7070392863847409,0.08333333333333333,0.375,0.25,3,0.6361962532358498,secondary,scaffold_representatives|expand_top_groups,FA10
0.8420142860998489,1200,0.645,5.0,3.75,5.0,0.5666666666666667,2.2205882352941178,120,5,1200,8,3.10077519379845,387,min,s4_scaffold25,0.7028726197180744,0.08333333333333333,0.375,0.25,8,0.6361962532358498,secondary,scaffold_representatives|expand_top_groups,FA10
0.8420142860998489,2400,0.645,5.0,3.75,5.0,0.5666666666666667,3.2794117647058822,120,5,2010,13,5.1937984496124034,387,min,s4_scaffold25,0.7028726197180744,0.08333333333333333,0.375,0.25,13,0.6361962532358498,secondary,scaffold_representatives|expand_top_groups,FA10
0.8420142860998489,3600,0.645,5.0,3.75,5.0,0.5666666666666667,3.2794117647058822,120,5,2010,13,5.1937984496124034,387,min,s4_scaffold25,0.7028726197180744,0.08333333333333333,0.375,0.25,13,0.6361962532358498,secondary,scaffold_representatives|expand_top_groups,FA10
0.8420142860998489,4800,0.645,5.0,3.75,5.0,0.5666666666666667,3.2794117647058822,120,5,2010,13,5.1937984496124034,387,min,s4_scaffold25,0.7028726197180744,0.08333333333333333,0.375,0.25,13,0.6361962532358498,secondary,scaffold_representatives|expand_top_groups,FA10
0.821454936891788,600,0.7416666666666667,5.0,3.75,5.0,0.6166666666666667,1.3918918918918919,120,5,600,2,1.348314606741573,445,min,s4_scaffold50,0.6704924521891228,0.08333333333333333,0.375,0.25,2,0.6361962532358498,secondary,scaffold_representatives|expand_top_groups,FA10
0.8164231050521688,1200,0.76,5.0,3.75,5.0,0.6666666666666666,2.5375,120,5,1200,4,2.6315789473684212,456,min,s4_scaffold50,0.6402457943125485,0.08333333333333333,0.375,0.25,4,0.6361962532358498,secondary,scaffold_representatives|expand_top_groups,FA10
0.7993317063086571,2400,0.76,5.0,3.75,5.0,0.6666666666666666,4.9375,120,5,2400,9,5.2631578947368425,456,min,s4_scaffold50,0.6207058752947426,0.08333333333333333,0.375,0.25,9,0.6361962532358498,secondary,scaffold_representatives|expand_top_groups,FA10
0.7993309162158759,3600,0.76,5.0,3.75,5.0,0.6666666666666666,7.25,120,5,3600,13,7.894736842105263,456,min,s4_scaffold50,0.6206915378718704,0.08333333333333333,0.375,0.25,13,0.6361962532358498,secondary,scaffold_representatives|expand_top_groups,FA10
0.7893906297347353,4800,0.76,5.0,3.75,5.0,0.6666666666666666,7.7375,120,5,3822,13,8.381578947368421,456,min,s4_scaffold50,0.6108063459822027,0.08333333333333333,0.375,0.25,13,0.6361962532358498,secondary,scaffold_representatives|expand_top_groups,FA10
0.789154518480232,600,1.0,5.0,3.75,5.0,1.0,1.0,120,5,600,1,1.0,600,min,s5_score_oracle,0.5988216212627088,0.08333333333333333,0.375,0.25,13,0.6361962532358498,secondary,score_oracle,FA10
0.789154518480232,1200,1.0,5.0,3.75,5.0,1.0,2.0,120,5,1200,2,2.0,600,min,s5_score_oracle,0.5988216212627088,0.08333333333333333,0.375,0.25,13,0.6361962532358498,secondary,score_oracle,FA10
0.789154518480232,2400,1.0,5.0,3.75,5.0,1.0,4.0,120,5,2400,4,4.0,600,min,s5_score_oracle,0.5988216212627088,0.08333333333333333,0.375,0.25,13,0.6361962532358498,secondary,score_oracle,FA10
0.789154518480232,3600,1.0,5.0,3.75,5.0,1.0,6.0,120,5,3600,6,6.0,600,min,s5_score_oracle,0.5988216212627088,0.08333333333333333,0.375,0.25,13,0.6361962532358498,secondary,score_oracle,FA10
0.789154518480232,4800,1.0,5.0,3.75,5.0,1.0,8.0,120,5,4800,8,8.0,600,min,s5_score_oracle,0.5988216212627088,0.08333333333333333,0.375,0.25,13,0.6361962532358498,secondary,score_oracle,FA10
0.21587884664622198,600,1.0,0.0,0.8333333333333333,0.8333333333333333,1.0,1.0,120,1,600,1,1.0,600,mean,s1_width,0.2892425455618353,0.0,0.08333333333333333,0.041666666666666664,1,0.2892425455618353,secondary,width,EGFR
0.21587884664622198,1200,1.0,0.0,0.8333333333333333,0.8333333333333333,1.0,1.0,120,1,600,1,1.0,600,mean,s1_width,0.2892425455618353,0.0,0.08333333333333333,0.041666666666666664,1,0.2892425455618353,secondary,width,EGFR
0.21587884664622198,2400,1.0,0.0,0.8333333333333333,0.8333333333333333,1.0,1.0,120,1,600,1,1.0,600,mean,s1_width,0.2892425455618353,0.0,0.08333333333333333,0.041666666666666664,1,0.2892425455618353,secondary,width,EGFR
0.21587884664622198,3600,1.0,0.0,0.8333333333333333,0.8333333333333333,1.0,1.0,120,1,600,1,1.0,600,mean,s1_width,0.2892425455618353,0.0,0.08333333333333333,0.041666666666666664,1,0.2892425455618353,secondary,width,EGFR
0.21587884664622198,4800,1.0,0.0,0.8333333333333333,0.8333333333333333,1.0,1.0,120,1,600,1,1.0,600,mean,s1_width,0.2892425455618353,0.0,0.08333333333333333,0.041666666666666664,1,0.2892425455618353,secondary,width,EGFR
0.21587884664622198,600,1.0,0.0,0.8333333333333333,0.8333333333333333,1.0,1.0,120,1,600,1,1.0,600,mean,s2_uniform,0.2892425455618353,0.0,0.08333333333333333,0.041666666666666664,1,0.2892425455618353,secondary,uniform,EGFR
0.18758195700222488,1200,1.0,0.0,1.25,0.8333333333333333,1.0,2.0,120,1,1200,2,2.0,600,mean,s2_uniform,0.26846026670381,0.0,0.125,0.041666666666666664,2,0.2892425455618353,secondary,uniform,EGFR
0.1492971325595261,2400,1.0,0.0,0.8333333333333333,0.8333333333333333,1.0,4.0,120,1,2400,4,4.0,600,mean,s2_uniform,0.257070437888606,0.0,0.08333333333333333,0.041666666666666664,4,0.2892425455618353,secondary,uniform,EGFR
0.1389642904014361,3600,1.0,0.0,0.8333333333333333,0.0,1.0,6.0,120,1,3600,6,6.0,600,mean,s2_uniform,0.26645832723579915,0.0,0.08333333333333333,0.0,6,0.2892425455618353,secondary,uniform,EGFR
0.12276756541740308,4800,1.0,0.0,0.8333333333333333,0.0,1.0,8.0,120,1,4800,8,8.0,600,mean,s2_uniform,0.26511161426654667,0.0,0.08333333333333333,0.0,8,0.2892425455618353,secondary,uniform,EGFR
0.21587884664622198,600,1.0,0.0,0.8333333333333333,0.8333333333333333,1.0,1.0,120,1,600,1,1.0,600,mean,s3_top10,0.2892425455618353,0.0,0.08333333333333333,0.041666666666666664,1,0.2892425455618353,secondary,primary_all|top_up,EGFR
0.14778626440847314,1200,1.0,0.0,1.25,0.0,1.0,1.8333333333333333,120,1,1200,11,2.0,600,mean,s3_top10,0.2791591179659328,0.0,0.125,0.0,11,0.2892425455618353,secondary,primary_all|top_up,EGFR
0.14803321692304436,2400,1.0,0.0,1.25,0.0,1.0,1.9166666666666667,120,1,1260,12,2.1,600,mean,s3_top10,0.2778459829961268,0.0,0.125,0.0,12,0.2892425455618353,secondary,primary_all|top_up,EGFR
0.14803321692304436,3600,1.0,0.0,1.25,0.0,1.0,1.9166666666666667,120,1,1260,12,2.1,600,mean,s3_top10,0.2778459829961268,0.0,0.125,0.0,12,0.2892425455618353,secondary,primary_all|top_up,EGFR
0.14803321692304436,4800,1.0,0.0,1.25,0.0,1.0,1.9166666666666667,120,1,1260,12,2.1,600,mean,s3_top10,0.2778459829961268,0.0,0.125,0.0,12,0.2892425455618353,secondary,primary_all|top_up,EGFR
0.21587884664622198,600,1.0,0.0,0.8333333333333333,0.8333333333333333,1.0,1.0,120,1,600,1,1.0,600,mean,s3_top25,0.2892425455618353,0.0,0.08333333333333333,0.041666666666666664,1,0.2892425455618353,secondary,primary_all|top_up,EGFR
0.1641795360618393,1200,1.0,0.0,1.25,0.0,1.0,2.033333333333333,120,1,1200,5,2.0,600,mean,s3_top25,0.28038735636737977,0.0,0.125,0.0,5,0.2892425455618353,secondary,primary_all|top_up,EGFR
0.13317320087062964,2400,1.0,0.0,0.41666666666666663,0.8333333333333333,1.0,3.841666666666667,120,1,2250,12,3.75,600,mean,s3_top25,0.2738745476446363,0.0,0.041666666666666664,0.041666666666666664,12,0.2892425455618353,secondary,primary_all|top_up,EGFR
0.13317320087062964,3600,1.0,0.0,0.41666666666666663,0.8333333333333333,1.0,3.841666666666667,120,1,2250,12,3.75,600,mean,s3_top25,0.2738745476446363,0.0,0.041666666666666664,0.041666666666666664,12,0.2892425455618353,secondary,primary_all|top_up,EGFR
0.13317320087062964,4800,1.0,0.0,0.41666666666666663,0.8333333333333333,1.0,3.841666666666667,120,1,2250,12,3.75,600,mean,s3_top25,0.2738745476446363,0.0,0.041666666666666664,0.041666666666666664,12,0.2892425455618353,secondary,primary_all|top_up,EGFR
0.21587884664622198,600,1.0,0.0,0.8333333333333333,0.8333333333333333,1.0,1.0,120,1,600,1,1.0,600,mean,s3_top50,0.2892425455618353,0.0,0.08333333333333333,0.041666666666666664,1,0.2892425455618353,secondary,primary_all|top_up,EGFR
0.161268711877961,1200,1.0,0.0,0.8333333333333333,0.8333333333333333,1.0,1.8166666666666667,120,1,1200,3,2.0,600,mean,s3_top50,0.2667651724960656,0.0,0.08333333333333333,0.041666666666666664,3,0.2892425455618353,secondary,primary_all|top_up,EGFR
0.10594460571501432,2400,1.0,0.0,0.8333333333333333,0.0,1.0,3.45,120,1,2400,7,4.0,600,mean,s3_top50,0.2495169058010068,0.0,0.08333333333333333,0.0,7,0.2892425455618353,secondary,primary_all|top_up,EGFR
0.13776983647457872,3600,1.0,0.0,0.8333333333333333,0.8333333333333333,1.0,5.083333333333333,120,1,3600,11,6.0,600,mean,s3_top50,0.26038932825864064,0.0,0.08333333333333333,0.041666666666666664,11,0.2892425455618353,secondary,primary_all|top_up,EGFR
0.1262935795370478,4800,1.0,0.0,0.8333333333333333,0.8333333333333333,1.0,5.491666666666666,120,1,3900,12,6.5,600,mean,s3_top50,0.25528011530623473,0.0,0.08333333333333333,0.041666666666666664,12,0.2892425455618353,secondary,primary_all|top_up,EGFR
0.20046042915243273,600,0.7783333333333333,0.0,1.25,0.8333333333333333,0.7333333333333333,1.3068181818181819,120,1,600,3,1.284796573875803,467,mean,s4_scaffold25,0.306012652511825,0.0,0.125,0.041666666666666664,3,0.2892425455618353,secondary,scaffold_representatives|expand_top_groups,EGFR
0.18988723148777373,1200,0.7783333333333333,0.0,1.6666666666666665,0.0,0.7333333333333333,2.590909090909091,120,1,1200,7,2.569593147751606,467,mean,s4_scaffold25,0.31407530671625034,0.0,0.16666666666666666,0.0,7,0.2892425455618353,secondary,scaffold_representatives|expand_top_groups,EGFR
0.20530257695223908,2400,0.7783333333333333,0.0,1.25,0.8333333333333333,0.7333333333333333,4.340909090909091,120,1,1977,12,4.233404710920771,467,mean,s4_scaffold25,0.31624362875962614,0.0,0.125,0.041666666666666664,12,0.2892425455618353,secondary,scaffold_representatives|expand_top_groups,EGFR
0.20530257695223908,3600,0.7783333333333333,0.0,1.25,0.8333333333333333,0.7333333333333333,4.340909090909091,120,1,1977,12,4.233404710920771,467,mean,s4_scaffold25,0.31624362875962614,0.0,0.125,0.041666666666666664,12,0.2892425455618353,secondary,scaffold_representatives|expand_top_groups,EGFR
0.20530257695223908,4800,0.7783333333333333,0.0,1.25,0.8333333333333333,0.7333333333333333,4.340909090909091,120,1,1977,12,4.233404710920771,467,mean,s4_scaffold25,0.31624362875962614,0.0,0.125,0.041666666666666664,12,0.2892425455618353,secondary,scaffold_representatives|expand_top_groups,EGFR
0.2125382984118279,600,0.7883333333333333,0.0,1.25,0.8333333333333333,0.7333333333333333,1.3068181818181819,120,1,600,2,1.2684989429175475,473,mean,s4_scaffold50,0.30556892495560595,0.0,0.125,0.041666666666666664,2,0.2892425455618353,secondary,scaffold_representatives|expand_top_groups,EGFR
0.15457928322675918,1200,0.8233333333333334,0.0,0.8333333333333333,0.8333333333333333,0.75,2.2888888888888888,120,1,1200,4,2.42914979757085,494,mean,s4_scaffold50,0.28323567547720396,0.0,0.08333333333333333,0.041666666666666664,4,0.2892425455618353,secondary,scaffold_representatives|expand_top_groups,EGFR
0.13756711682938128,2400,0.8233333333333334,0.0,0.8333333333333333,0.0,0.75,4.4,120,1,2400,9,4.8582995951417,494,mean,s4_scaffold50,0.2697832767362931,0.0,0.08333333333333333,0.0,9,0.2892425455618353,secondary,scaffold_representatives|expand_top_groups,EGFR
0.12743857606494677,3600,0.8233333333333334,0.0,0.8333333333333333,0.8333333333333333,0.75,6.322222222222222,120,1,3473,12,7.030364372469635,494,mean,s4_scaffold50,0.270467500652614,0.0,0.08333333333333333,0.041666666666666664,12,0.2892425455618353,secondary,scaffold_representatives|expand_top_groups,EGFR
0.12743857606494677,4800,0.8233333333333334,0.0,0.8333333333333333,0.8333333333333333,0.75,6.322222222222222,120,1,3473,12,7.030364372469635,494,mean,s4_scaffold50,0.270467500652614,0.0,0.08333333333333333,0.041666666666666664,12,0.2892425455618353,secondary,scaffold_representatives|expand_top_groups,EGFR
0.11585044020483148,600,1.0,0.0,0.8333333333333333,0.0,1.0,1.0,120,1,600,1,1.0,600,mean,s5_score_oracle,0.2496512862579859,0.0,0.08333333333333333,0.0,11,0.2892425455618353,secondary,score_oracle,EGFR
0.1327099742700671,1200,1.0,0.0,0.8333333333333333,0.8333333333333333,1.0,2.0,120,1,1200,2,2.0,600,mean,s5_score_oracle,0.2620633023221454,0.0,0.08333333333333333,0.041666666666666664,12,0.2892425455618353,secondary,score_oracle,EGFR
0.14223919758750528,2400,1.0,0.0,0.8333333333333333,0.8333333333333333,1.0,4.0,120,1,2400,4,4.0,600,mean,s5_score_oracle,0.2694067211705132,0.0,0.08333333333333333,0.041666666666666664,12,0.2892425455618353,secondary,score_oracle,EGFR
0.13175647269865015,3600,1.0,0.0,0.8333333333333333,0.0,1.0,6.0,120,1,3600,6,6.0,600,mean,s5_score_oracle,0.2669114656154509,0.0,0.08333333333333333,0.0,12,0.2892425455618353,secondary,score_oracle,EGFR
0.12219749336056984,4800,1.0,0.0,0.8333333333333333,0.0,1.0,8.0,120,1,4800,8,8.0,600,mean,s5_score_oracle,0.2680878725980952,0.0,0.08333333333333333,0.0,12,0.2892425455618353,secondary,score_oracle,EGFR
0.21587884664622198,600,1.0,0.0,0.8333333333333333,0.8333333333333333,1.0,1.0,120,1,600,1,1.0,600,min,s1_width,0.2892425455618353,0.0,0.08333333333333333,0.041666666666666664,1,0.2892425455618353,secondary,width,EGFR
0.21587884664622198,1200,1.0,0.0,0.8333333333333333,0.8333333333333333,1.0,1.0,120,1,600,1,1.0,600,min,s1_width,0.2892425455618353,0.0,0.08333333333333333,0.041666666666666664,1,0.2892425455618353,secondary,width,EGFR
0.21587884664622198,2400,1.0,0.0,0.8333333333333333,0.8333333333333333,1.0,1.0,120,1,600,1,1.0,600,min,s1_width,0.2892425455618353,0.0,0.08333333333333333,0.041666666666666664,1,0.2892425455618353,secondary,width,EGFR
0.21587884664622198,3600,1.0,0.0,0.8333333333333333,0.8333333333333333,1.0,1.0,120,1,600,1,1.0,600,min,s1_width,0.2892425455618353,0.0,0.08333333333333333,0.041666666666666664,1,0.2892425455618353,secondary,width,EGFR
0.21587884664622198,4800,1.0,0.0,0.8333333333333333,0.8333333333333333,1.0,1.0,120,1,600,1,1.0,600,min,s1_width,0.2892425455618353,0.0,0.08333333333333333,0.041666666666666664,1,0.2892425455618353,secondary,width,EGFR
0.21587884664622198,600,1.0,0.0,0.8333333333333333,0.8333333333333333,1.0,1.0,120,1,600,1,1.0,600,min,s2_uniform,0.2892425455618353,0.0,0.08333333333333333,0.041666666666666664,1,0.2892425455618353,secondary,uniform,EGFR
0.14726778588695688,1200,1.0,0.0,0.8333333333333333,0.8333333333333333,1.0,2.0,120,1,1200,2,2.0,600,min,s2_uniform,0.256413122577784,0.0,0.08333333333333333,0.041666666666666664,2,0.2892425455618353,secondary,uniform,EGFR
0.11574123953530764,2400,1.0,0.0,0.8333333333333333,0.8333333333333333,1.0,4.0,120,1,2400,4,4.0,600,min,s2_uniform,0.23737871483575254,0.0,0.08333333333333333,0.041666666666666664,4,0.2892425455618353,secondary,uniform,EGFR
0.10909667793993738,3600,1.0,0.0,0.8333333333333333,0.0,1.0,6.0,120,1,3600,6,6.0,600,min,s2_uniform,0.2458016177428554,0.0,0.08333333333333333,0.0,6,0.2892425455618353,secondary,uniform,EGFR
0.11587251181351177,4800,1.0,0.0,0.8333333333333333,0.0,1.0,8.0,120,1,4800,8,8.0,600,min,s2_uniform,0.25164734982971243,0.0,0.08333333333333333,0.0,8,0.2892425455618353,secondary,uniform,EGFR
0.21587884664622198,600,1.0,0.0,0.8333333333333333,0.8333333333333333,1.0,1.0,120,1,600,1,1.0,600,min,s3_top10,0.2892425455618353,0.0,0.08333333333333333,0.041666666666666664,1,0.2892425455618353,secondary,primary_all|top_up,EGFR
0.1766392967174023,1200,1.0,0.0,0.8333333333333333,0.8333333333333333,1.0,1.8333333333333333,120,1,1200,11,2.0,600,min,s3_top10,0.28252958259887234,0.0,0.08333333333333333,0.041666666666666664,11,0.2892425455618353,secondary,primary_all|top_up,EGFR
0.1766392967174023,2400,1.0,0.0,0.8333333333333333,0.8333333333333333,1.0,1.9166666666666667,120,1,1260,12,2.1,600,min,s3_top10,0.28252958259887234,0.0,0.08333333333333333,0.041666666666666664,12,0.2892425455618353,secondary,primary_all|top_up,EGFR
0.1766392967174023,3600,1.0,0.0,0.8333333333333333,0.8333333333333333,1.0,1.9166666666666667,120,1,1260,12,2.1,600,min,s3_top10,0.28252958259887234,0.0,0.08333333333333333,0.041666666666666664,12,0.2892425455618353,secondary,primary_all|top_up,EGFR
0.1766392967174023,4800,1.0,0.0,0.8333333333333333,0.8333333333333333,1.0,1.9166666666666667,120,1,1260,12,2.1,600,min,s3_top10,0.28252958259887234,0.0,0.08333333333333333,0.041666666666666664,12,0.2892425455618353,secondary,primary_all|top_up,EGFR
0.21587884664622198,600,1.0,0.0,0.8333333333333333,0.8333333333333333,1.0,1.0,120,1,600,1,1.0,600,min,s3_top25,0.2892425455618353,0.0,0.08333333333333333,0.041666666666666664,1,0.2892425455618353,secondary,primary_all|top_up,EGFR
0.1297728221461864,1200,1.0,0.0,0.8333333333333333,0.8333333333333333,1.0,2.033333333333333,120,1,1200,5,2.0,600,min,s3_top25,0.27103575420819825,0.0,0.08333333333333333,0.041666666666666664,5,0.2892425455618353,secondary,primary_all|top_up,EGFR
0.14710844380875232,2400,1.0,0.0,0.8333333333333333,0.8333333333333333,1.0,3.841666666666667,120,1,2250,12,3.75,600,min,s3_top25,0.2768763551945681,0.0,0.08333333333333333,0.041666666666666664,12,0.2892425455618353,secondary,primary_all|top_up,EGFR
0.14710844380875232,3600,1.0,0.0,0.8333333333333333,0.8333333333333333,1.0,3.841666666666667,120,1,2250,12,3.75,600,min,s3_top25,0.2768763551945681,0.0,0.08333333333333333,0.041666666666666664,12,0.2892425455618353,secondary,primary_all|top_up,EGFR
0.14710844380875232,4800,1.0,0.0,0.8333333333333333,0.8333333333333333,1.0,3.841666666666667,120,1,2250,12,3.75,600,min,s3_top25,0.2768763551945681,0.0,0.08333333333333333,0.041666666666666664,12,0.2892425455618353,secondary,primary_all|top_up,EGFR
0.21587884664622198,600,1.0,0.0,0.8333333333333333,0.8333333333333333,1.0,1.0,120,1,600,1,1.0,600,min,s3_top50,0.2892425455618353,0.0,0.08333333333333333,0.041666666666666664,1,0.2892425455618353,secondary,primary_all|top_up,EGFR
0.1330365091554526,1200,1.0,0.0,0.8333333333333333,0.8333333333333333,1.0,1.8166666666666667,120,1,1200,3,2.0,600,min,s3_top50,0.2579340030207873,0.0,0.08333333333333333,0.041666666666666664,3,0.2892425455618353,secondary,primary_all|top_up,EGFR
0.11268850801132585,2400,1.0,0.0,0.8333333333333333,0.0,1.0,3.45,120,1,2400,7,4.0,600,min,s3_top50,0.25895548881916713,0.0,0.08333333333333333,0.0,7,0.2892425455618353,secondary,primary_all|top_up,EGFR
0.1186485482770939,3600,1.0,0.0,0.8333333333333333,0.0,1.0,5.083333333333333,120,1,3600,11,6.0,600,min,s3_top50,0.2607049581501582,0.0,0.08333333333333333,0.0,11,0.2892425455618353,secondary,primary_all|top_up,EGFR
0.1186485482770939,4800,1.0,0.0,0.8333333333333333,0.0,1.0,5.491666666666666,120,1,3900,12,6.5,600,min,s3_top50,0.2607049581501582,0.0,0.08333333333333333,0.0,12,0.2892425455618353,secondary,primary_all|top_up,EGFR
0.18713748767715974,600,0.7783333333333333,0.0,0.8333333333333333,0.8333333333333333,0.7333333333333333,1.3068181818181819,120,1,600,3,1.284796573875803,467,min,s4_scaffold25,0.30151155485656916,0.0,0.08333333333333333,0.041666666666666664,3,0.2892425455618353,secondary,scaffold_representatives|expand_top_groups,EGFR
0.15562312465171851,1200,0.7783333333333333,0.0,0.8333333333333333,0.8333333333333333,0.7333333333333333,2.590909090909091,120,1,1200,7,2.569593147751606,467,min,s4_scaffold25,0.2958372434855792,0.0,0.08333333333333333,0.041666666666666664,7,0.2892425455618353,secondary,scaffold_representatives|expand_top_groups,EGFR
0.16195145339122538,2400,0.7783333333333333,0.0,0.8333333333333333,0.8333333333333333,0.7333333333333333,4.340909090909091,120,1,1977,12,4.233404710920771,467,min,s4_scaffold25,0.2967631694115052,0.0,0.08333333333333333,0.041666666666666664,12,0.2892425455618353,secondary,scaffold_representatives|expand_top_groups,EGFR
0.16195145339122538,3600,0.7783333333333333,0.0,0.8333333333333333,0.8333333333333333,0.7333333333333333,4.340909090909091,120,1,1977,12,4.233404710920771,467,min,s4_scaffold25,0.2967631694115052,0.0,0.08333333333333333,0.041666666666666664,12,0.2892425455618353,secondary,scaffold_representatives|expand_top_groups,EGFR
0.16195145339122538,4800,0.7783333333333333,0.0,0.8333333333333333,0.8333333333333333,0.7333333333333333,4.340909090909091,120,1,1977,12,4.233404710920771,467,min,s4_scaffold25,0.2967631694115052,0.0,0.08333333333333333,0.041666666666666664,12,0.2892425455618353,secondary,scaffold_representatives|expand_top_groups,EGFR
0.17341201402964332,600,0.7883333333333333,0.0,0.8333333333333333,0.8333333333333333,0.7333333333333333,1.3068181818181819,120,1,600,2,1.2684989429175475,473,min,s4_scaffold50,0.29702353324945524,0.0,0.08333333333333333,0.041666666666666664,2,0.2892425455618353,secondary,scaffold_representatives|expand_top_groups,EGFR
0.12834928716666705,1200,0.8233333333333334,0.0,0.8333333333333333,0.8333333333333333,0.75,2.2888888888888888,120,1,1200,4,2.42914979757085,494,min,s4_scaffold50,0.2758817755609008,0.0,0.08333333333333333,0.041666666666666664,4,0.2892425455618353,secondary,scaffold_representatives|expand_top_groups,EGFR
0.12195793552189592,2400,0.8233333333333334,0.0,0.8333333333333333,0.0,0.75,4.4,120,1,2400,9,4.8582995951417,494,min,s4_scaffold50,0.27643416763476486,0.0,0.08333333333333333,0.0,9,0.2892425455618353,secondary,scaffold_representatives|expand_top_groups,EGFR
0.12195793552189592,3600,0.8233333333333334,0.0,0.8333333333333333,0.0,0.75,6.322222222222222,120,1,3473,12,7.030364372469635,494,min,s4_scaffold50,0.27643416763476486,0.0,0.08333333333333333,0.0,12,0.2892425455618353,secondary,scaffold_representatives|expand_top_groups,EGFR
0.12195793552189592,4800,0.8233333333333334,0.0,0.8333333333333333,0.0,0.75,6.322222222222222,120,1,3473,12,7.030364372469635,494,min,s4_scaffold50,0.27643416763476486,0.0,0.08333333333333333,0.0,12,0.2892425455618353,secondary,scaffold_representatives|expand_top_groups,EGFR
0.11585044020483148,600,1.0,0.0,0.8333333333333333,0.0,1.0,1.0,120,1,600,1,1.0,600,min,s5_score_oracle,0.2496512862579859,0.0,0.08333333333333333,0.0,11,0.2892425455618353,secondary,score_oracle,EGFR
0.11585044020483148,1200,1.0,0.0,0.8333333333333333,0.0,1.0,2.0,120,1,1200,2,2.0,600,min,s5_score_oracle,0.2496512862579859,0.0,0.08333333333333333,0.0,12,0.2892425455618353,secondary,score_oracle,EGFR
0.11585044020483148,2400,1.0,0.0,0.8333333333333333,0.0,1.0,4.0,120,1,2400,4,4.0,600,min,s5_score_oracle,0.2496512862579859,0.0,0.08333333333333333,0.0,12,0.2892425455618353,secondary,score_oracle,EGFR
0.11585044020483148,3600,1.0,0.0,0.8333333333333333,0.0,1.0,6.0,120,1,3600,6,6.0,600,min,s5_score_oracle,0.2496512862579859,0.0,0.08333333333333333,0.0,12,0.2892425455618353,secondary,score_oracle,EGFR
0.11585044020483148,4800,1.0,0.0,0.8333333333333333,0.0,1.0,8.0,120,1,4800,8,8.0,600,min,s5_score_oracle,0.2496512862579859,0.0,0.08333333333333333,0.0,12,0.2892425455618353,secondary,score_oracle,EGFR
0.31279271795971686,600,1.0,2.5,1.6666666666666665,0.8333333333333333,1.0,1.0,120,2,600,1,1.0,600,mean,s1_width,0.2787052175930859,0.041666666666666664,0.16666666666666666,0.041666666666666664,1,0.2787052175930859,secondary,width,EGFR
0.31279271795971686,1200,1.0,2.5,1.6666666666666665,0.8333333333333333,1.0,1.0,120,2,600,1,1.0,600,mean,s1_width,0.2787052175930859,0.041666666666666664,0.16666666666666666,0.041666666666666664,1,0.2787052175930859,secondary,width,EGFR
0.31279271795971686,2400,1.0,2.5,1.6666666666666665,0.8333333333333333,1.0,1.0,120,2,600,1,1.0,600,mean,s1_width,0.2787052175930859,0.041666666666666664,0.16666666666666666,0.041666666666666664,1,0.2787052175930859,secondary,width,EGFR
0.31279271795971686,3600,1.0,2.5,1.6666666666666665,0.8333333333333333,1.0,1.0,120,2,600,1,1.0,600,mean,s1_width,0.2787052175930859,0.041666666666666664,0.16666666666666666,0.041666666666666664,1,0.2787052175930859,secondary,width,EGFR
0.31279271795971686,4800,1.0,2.5,1.6666666666666665,0.8333333333333333,1.0,1.0,120,2,600,1,1.0,600,mean,s1_width,0.2787052175930859,0.041666666666666664,0.16666666666666666,0.041666666666666664,1,0.2787052175930859,secondary,width,EGFR
0.31279271795971686,600,1.0,2.5,1.6666666666666665,0.8333333333333333,1.0,1.0,120,2,600,1,1.0,600,mean,s2_uniform,0.2787052175930859,0.041666666666666664,0.16666666666666666,0.041666666666666664,1,0.2787052175930859,secondary,uniform,EGFR
0.2704768558106109,1200,1.0,2.5,1.6666666666666665,0.8333333333333333,1.0,2.0,120,2,1200,2,2.0,600,mean,s2_uniform,0.25186799079387284,0.041666666666666664,0.16666666666666666,0.041666666666666664,2,0.2787052175930859,secondary,uniform,EGFR
0.2929376729826348,2400,1.0,2.5,1.25,0.8333333333333333,1.0,4.0,120,2,2400,4,4.0,600,mean,s2_uniform,0.284312860467527,0.041666666666666664,0.125,0.041666666666666664,4,0.2787052175930859,secondary,uniform,EGFR
0.3993028223480286,3600,1.0,2.5,2.0833333333333335,1.6666666666666665,1.0,6.0,120,2,3600,6,6.0,600,mean,s2_uniform,0.31043519848422735,0.041666666666666664,0.20833333333333334,0.08333333333333333,6,0.2787052175930859,secondary,uniform,EGFR
0.36032545652134357,4800,1.0,2.5,2.0833333333333335,0.8333333333333333,1.0,8.0,120,2,4800,8,8.0,600,mean,s2_uniform,0.30719130114695453,0.041666666666666664,0.20833333333333334,0.041666666666666664,8,0.2787052175930859,secondary,uniform,EGFR
0.31279271795971686,600,1.0,2.5,1.6666666666666665,0.8333333333333333,1.0,1.0,120,2,600,1,1.0,600,mean,s3_top10,0.2787052175930859,0.041666666666666664,0.16666666666666666,0.041666666666666664,1,0.2787052175930859,secondary,primary_all|top_up,EGFR
0.32885950835466676,1200,1.0,2.5,1.6666666666666665,1.6666666666666665,1.0,2.3333333333333335,120,2,1200,11,2.0,600,mean,s3_top10,0.26118844719849693,0.041666666666666664,0.16666666666666666,0.08333333333333333,11,0.2787052175930859,secondary,primary_all|top_up,EGFR
0.27196295413197796,2400,1.0,0.0,1.6666666666666665,1.6666666666666665,1.0,2.466666666666667,120,2,1260,12,2.1,600,mean,s3_top10,0.24267356935975368,0.0,0.16666666666666666,0.08333333333333333,12,0.2787052175930859,secondary,primary_all|top_up,EGFR
0.27196295413197796,3600,1.0,0.0,1.6666666666666665,1.6666666666666665,1.0,2.466666666666667,120,2,1260,12,2.1,600,mean,s3_top10,0.24267356935975368,0.0,0.16666666666666666,0.08333333333333333,12,0.2787052175930859,secondary,primary_all|top_up,EGFR
0.27196295413197796,4800,1.0,0.0,1.6666666666666665,1.6666666666666665,1.0,2.466666666666667,120,2,1260,12,2.1,600,mean,s3_top10,0.24267356935975368,0.0,0.16666666666666666,0.08333333333333333,12,0.2787052175930859,secondary,primary_all|top_up,EGFR
0.31279271795971686,600,1.0,2.5,1.6666666666666665,0.8333333333333333,1.0,1.0,120,2,600,1,1.0,600,mean,s3_top25,0.2787052175930859,0.041666666666666664,0.16666666666666666,0.041666666666666664,1,0.2787052175930859,secondary,primary_all|top_up,EGFR
0.3927528110450882,1200,1.0,2.5,1.6666666666666665,2.5,1.0,2.3666666666666667,120,2,1200,5,2.0,600,mean,s3_top25,0.2982060317512431,0.041666666666666664,0.16666666666666666,0.125,5,0.2787052175930859,secondary,primary_all|top_up,EGFR
0.29675364726541786,2400,1.0,0.0,1.6666666666666665,2.5,1.0,4.758333333333334,120,2,2250,12,3.75,600,mean,s3_top25,0.23677997367555018,0.0,0.16666666666666666,0.125,12,0.2787052175930859,secondary,primary_all|top_up,EGFR
0.29675364726541786,3600,1.0,0.0,1.6666666666666665,2.5,1.0,4.758333333333334,120,2,2250,12,3.75,600,mean,s3_top25,0.23677997367555018,0.0,0.16666666666666666,0.125,12,0.2787052175930859,secondary,primary_all|top_up,EGFR
0.29675364726541786,4800,1.0,0.0,1.6666666666666665,2.5,1.0,4.758333333333334,120,2,2250,12,3.75,600,mean,s3_top25,0.23677997367555018,0.0,0.16666666666666666,0.125,12,0.2787052175930859,secondary,primary_all|top_up,EGFR
0.31279271795971686,600,1.0,2.5,1.6666666666666665,0.8333333333333333,1.0,1.0,120,2,600,1,1.0,600,mean,s3_top50,0.2787052175930859,0.041666666666666664,0.16666666666666666,0.041666666666666664,1,0.2787052175930859,secondary,primary_all|top_up,EGFR
0.30317847852443813,1200,1.0,2.5,1.6666666666666665,0.8333333333333333,1.0,2.1166666666666667,120,2,1200,3,2.0,600,mean,s3_top50,0.284417675341267,0.041666666666666664,0.16666666666666666,0.041666666666666664,3,0.2787052175930859,secondary,primary_all|top_up,EGFR
0.36373088210898424,2400,1.0,2.5,2.0833333333333335,0.8333333333333333,1.0,4.35,120,2,2400,7,4.0,600,mean,s3_top50,0.3047741659989908,0.041666666666666664,0.20833333333333334,0.041666666666666664,7,0.2787052175930859,secondary,primary_all|top_up,EGFR
0.3135828680266466,3600,1.0,2.5,1.6666666666666665,0.8333333333333333,1.0,6.583333333333333,120,2,3600,11,6.0,600,mean,s3_top50,0.27408146980967574,0.041666666666666664,0.16666666666666666,0.041666666666666664,11,0.2787052175930859,secondary,primary_all|top_up,EGFR
0.3262993248945248,4800,1.0,0.0,1.6666666666666665,2.5,1.0,7.141666666666667,120,2,3900,12,6.5,600,mean,s3_top50,0.272505493811259,0.0,0.16666666666666666,0.125,12,0.2787052175930859,secondary,primary_all|top_up,EGFR
0.2733469395707283,600,0.7783333333333333,2.5,0.8333333333333333,0.8333333333333333,0.8416666666666667,1.2673267326732673,120,2,600,3,1.284796573875803,467,mean,s4_scaffold25,0.2941702159157496,0.041666666666666664,0.08333333333333333,0.041666666666666664,3,0.2787052175930859,secondary,scaffold_representatives|expand_top_groups,EGFR
0.39210147459110306,1200,0.7783333333333333,2.5,2.0833333333333335,1.6666666666666665,0.8416666666666667,2.871287128712871,120,2,1200,7,2.569593147751606,467,mean,s4_scaffold25,0.3185316043872631,0.041666666666666664,0.20833333333333334,0.08333333333333333,7,0.2787052175930859,secondary,scaffold_representatives|expand_top_groups,EGFR
0.28165248725619374,2400,0.7783333333333333,2.5,1.25,1.6666666666666665,0.8416666666666667,4.792079207920792,120,2,1977,12,4.233404710920771,467,mean,s4_scaffold25,0.2566902127495719,0.041666666666666664,0.125,0.08333333333333333,12,0.2787052175930859,secondary,scaffold_representatives|expand_top_groups,EGFR
0.28165248725619374,3600,0.7783333333333333,2.5,1.25,1.6666666666666665,0.8416666666666667,4.792079207920792,120,2,1977,12,4.233404710920771,467,mean,s4_scaffold25,0.2566902127495719,0.041666666666666664,0.125,0.08333333333333333,12,0.2787052175930859,secondary,scaffold_representatives|expand_top_groups,EGFR
0.28165248725619374,4800,0.7783333333333333,2.5,1.25,1.6666666666666665,0.8416666666666667,4.792079207920792,120,2,1977,12,4.233404710920771,467,mean,s4_scaffold25,0.2566902127495719,0.041666666666666664,0.125,0.08333333333333333,12,0.2787052175930859,secondary,scaffold_representatives|expand_top_groups,EGFR
0.22588059212669945,600,0.7883333333333333,0.0,0.8333333333333333,0.8333333333333333,0.875,1.2571428571428571,120,2,600,2,1.2684989429175475,473,mean,s4_scaffold50,0.2551470702821095,0.0,0.08333333333333333,0.041666666666666664,2,0.2787052175930859,secondary,scaffold_representatives|expand_top_groups,EGFR
0.29793942369058857,1200,0.8233333333333334,2.5,1.6666666666666665,0.8333333333333333,0.9083333333333333,2.4862385321100917,120,2,1200,4,2.42914979757085,494,mean,s4_scaffold50,0.2983774459651081,0.041666666666666664,0.16666666666666666,0.041666666666666664,4,0.2787052175930859,secondary,scaffold_representatives|expand_top_groups,EGFR
0.3855137280434644,2400,0.8233333333333334,2.5,2.0833333333333335,1.6666666666666665,0.9083333333333333,5.027522935779817,120,2,2400,9,4.8582995951417,494,mean,s4_scaffold50,0.3258408775027302,0.041666666666666664,0.20833333333333334,0.08333333333333333,9,0.2787052175930859,secondary,scaffold_representatives|expand_top_groups,EGFR
0.35080674283082536,3600,0.8233333333333334,2.5,1.6666666666666665,2.5,0.9083333333333333,7.26605504587156,120,2,3473,12,7.030364372469635,494,mean,s4_scaffold50,0.294702607092245,0.041666666666666664,0.16666666666666666,0.125,12,0.2787052175930859,secondary,scaffold_representatives|expand_top_groups,EGFR
0.35080674283082536,4800,0.8233333333333334,2.5,1.6666666666666665,2.5,0.9083333333333333,7.26605504587156,120,2,3473,12,7.030364372469635,494,mean,s4_scaffold50,0.294702607092245,0.041666666666666664,0.16666666666666666,0.125,12,0.2787052175930859,secondary,scaffold_representatives|expand_top_groups,EGFR
0.27901581038222034,600,1.0,2.5,1.6666666666666665,0.8333333333333333,1.0,1.0,120,2,600,1,1.0,600,mean,s5_score_oracle,0.2561251481163774,0.041666666666666664,0.16666666666666666,0.041666666666666664,11,0.2787052175930859,secondary,score_oracle,EGFR
0.2557420524815327,1200,1.0,2.5,0.8333333333333333,0.8333333333333333,1.0,2.0,120,2,1200,2,2.0,600,mean,s5_score_oracle,0.2559582186218597,0.041666666666666664,0.08333333333333333,0.041666666666666664,12,0.2787052175930859,secondary,score_oracle,EGFR
0.3163580022270141,2400,1.0,2.5,0.8333333333333333,1.6666666666666665,1.0,4.0,120,2,2400,4,4.0,600,mean,s5_score_oracle,0.2883440402610513,0.041666666666666664,0.08333333333333333,0.08333333333333333,12,0.2787052175930859,secondary,score_oracle,EGFR
0.32399141527871017,3600,1.0,2.5,1.6666666666666665,0.8333333333333333,1.0,6.0,120,2,3600,6,6.0,600,mean,s5_score_oracle,0.28844133957387985,0.041666666666666664,0.16666666666666666,0.041666666666666664,12,0.2787052175930859,secondary,score_oracle,EGFR
0.319448910992855,4800,1.0,2.5,1.6666666666666665,0.8333333333333333,1.0,8.0,120,2,4800,8,8.0,600,mean,s5_score_oracle,0.291553720755191,0.041666666666666664,0.16666666666666666,0.041666666666666664,12,0.2787052175930859,secondary,score_oracle,EGFR
0.31279271795971686,600,1.0,2.5,1.6666666666666665,0.8333333333333333,1.0,1.0,120,2,600,1,1.0,600,min,s1_width,0.2787052175930859,0.041666666666666664,0.16666666666666666,0.041666666666666664,1,0.2787052175930859,secondary,width,EGFR
0.31279271795971686,1200,1.0,2.5,1.6666666666666665,0.8333333333333333,1.0,1.0,120,2,600,1,1.0,600,min,s1_width,0.2787052175930859,0.041666666666666664,0.16666666666666666,0.041666666666666664,1,0.2787052175930859,secondary,width,EGFR
0.31279271795971686,2400,1.0,2.5,1.6666666666666665,0.8333333333333333,1.0,1.0,120,2,600,1,1.0,600,min,s1_width,0.2787052175930859,0.041666666666666664,0.16666666666666666,0.041666666666666664,1,0.2787052175930859,secondary,width,EGFR
0.31279271795971686,3600,1.0,2.5,1.6666666666666665,0.8333333333333333,1.0,1.0,120,2,600,1,1.0,600,min,s1_width,0.2787052175930859,0.041666666666666664,0.16666666666666666,0.041666666666666664,1,0.2787052175930859,secondary,width,EGFR
0.31279271795971686,4800,1.0,2.5,1.6666666666666665,0.8333333333333333,1.0,1.0,120,2,600,1,1.0,600,min,s1_width,0.2787052175930859,0.041666666666666664,0.16666666666666666,0.041666666666666664,1,0.2787052175930859,secondary,width,EGFR
0.31279271795971686,600,1.0,2.5,1.6666666666666665,0.8333333333333333,1.0,1.0,120,2,600,1,1.0,600,min,s2_uniform,0.2787052175930859,0.041666666666666664,0.16666666666666666,0.041666666666666664,1,0.2787052175930859,secondary,uniform,EGFR
0.31203505705540285,1200,1.0,2.5,1.6666666666666665,1.6666666666666665,1.0,2.0,120,2,1200,2,2.0,600,min,s2_uniform,0.25921030530671724,0.041666666666666664,0.16666666666666666,0.08333333333333333,2,0.2787052175930859,secondary,uniform,EGFR
0.2832418406656589,2400,1.0,2.5,1.25,0.8333333333333333,1.0,4.0,120,2,2400,4,4.0,600,min,s2_uniform,0.24814768950216817,0.041666666666666664,0.125,0.041666666666666664,4,0.2787052175930859,secondary,uniform,EGFR
0.30909864862311054,3600,1.0,2.5,1.6666666666666665,0.8333333333333333,1.0,6.0,120,2,3600,6,6.0,600,min,s2_uniform,0.2656738234536422,0.041666666666666664,0.16666666666666666,0.041666666666666664,6,0.2787052175930859,secondary,uniform,EGFR
0.27901581038222034,4800,1.0,2.5,1.6666666666666665,0.8333333333333333,1.0,8.0,120,2,4800,8,8.0,600,min,s2_uniform,0.2561251481163774,0.041666666666666664,0.16666666666666666,0.041666666666666664,8,0.2787052175930859,secondary,uniform,EGFR
0.31279271795971686,600,1.0,2.5,1.6666666666666665,0.8333333333333333,1.0,1.0,120,2,600,1,1.0,600,min,s3_top10,0.2787052175930859,0.041666666666666664,0.16666666666666666,0.041666666666666664,1,0.2787052175930859,secondary,primary_all|top_up,EGFR
0.3261679595275176,1200,1.0,2.5,1.6666666666666665,1.6666666666666665,1.0,2.3333333333333335,120,2,1200,11,2.0,600,min,s3_top10,0.2811628294256977,0.041666666666666664,0.16666666666666666,0.08333333333333333,11,0.2787052175930859,secondary,primary_all|top_up,EGFR
0.3261679595275176,2400,1.0,2.5,1.6666666666666665,1.6666666666666665,1.0,2.466666666666667,120,2,1260,12,2.1,600,min,s3_top10,0.2811628294256977,0.041666666666666664,0.16666666666666666,0.08333333333333333,12,0.2787052175930859,secondary,primary_all|top_up,EGFR
0.3261679595275176,3600,1.0,2.5,1.6666666666666665,1.6666666666666665,1.0,2.466666666666667,120,2,1260,12,2.1,600,min,s3_top10,0.2811628294256977,0.041666666666666664,0.16666666666666666,0.08333333333333333,12,0.2787052175930859,secondary,primary_all|top_up,EGFR
0.3261679595275176,4800,1.0,2.5,1.6666666666666665,1.6666666666666665,1.0,2.466666666666667,120,2,1260,12,2.1,600,min,s3_top10,0.2811628294256977,0.041666666666666664,0.16666666666666666,0.08333333333333333,12,0.2787052175930859,secondary,primary_all|top_up,EGFR
0.31279271795971686,600,1.0,2.5,1.6666666666666665,0.8333333333333333,1.0,1.0,120,2,600,1,1.0,600,min,s3_top25,0.2787052175930859,0.041666666666666664,0.16666666666666666,0.041666666666666664,1,0.2787052175930859,secondary,primary_all|top_up,EGFR
0.3127490257644152,1200,1.0,2.5,1.6666666666666665,1.6666666666666665,1.0,2.3666666666666667,120,2,1200,5,2.0,600,min,s3_top25,0.26646127602203157,0.041666666666666664,0.16666666666666666,0.08333333333333333,5,0.2787052175930859,secondary,primary_all|top_up,EGFR
0.30788981220250217,2400,1.0,2.5,1.6666666666666665,1.6666666666666665,1.0,4.758333333333334,120,2,2250,12,3.75,600,min,s3_top25,0.26368286401209556,0.041666666666666664,0.16666666666666666,0.08333333333333333,12,0.2787052175930859,secondary,primary_all|top_up,EGFR
0.30788981220250217,3600,1.0,2.5,1.6666666666666665,1.6666666666666665,1.0,4.758333333333334,120,2,2250,12,3.75,600,min,s3_top25,0.26368286401209556,0.041666666666666664,0.16666666666666666,0.08333333333333333,12,0.2787052175930859,secondary,primary_all|top_up,EGFR
0.30788981220250217,4800,1.0,2.5,1.6666666666666665,1.6666666666666665,1.0,4.758333333333334,120,2,2250,12,3.75,600,min,s3_top25,0.26368286401209556,0.041666666666666664,0.16666666666666666,0.08333333333333333,12,0.2787052175930859,secondary,primary_all|top_up,EGFR
0.31279271795971686,600,1.0,2.5,1.6666666666666665,0.8333333333333333,1.0,1.0,120,2,600,1,1.0,600,min,s3_top50,0.2787052175930859,0.041666666666666664,0.16666666666666666,0.041666666666666664,1,0.2787052175930859,secondary,primary_all|top_up,EGFR
0.31228045385980435,1200,1.0,2.5,1.6666666666666665,1.6666666666666665,1.0,2.1166666666666667,120,2,1200,3,2.0,600,min,s3_top50,0.2632958303187407,0.041666666666666664,0.16666666666666666,0.08333333333333333,3,0.2787052175930859,secondary,primary_all|top_up,EGFR
0.28075554430444427,2400,1.0,2.5,1.6666666666666665,0.8333333333333333,1.0,4.35,120,2,2400,7,4.0,600,min,s3_top50,0.2571741586364545,0.041666666666666664,0.16666666666666666,0.041666666666666664,7,0.2787052175930859,secondary,primary_all|top_up,EGFR
0.28137208948196496,3600,1.0,2.5,1.6666666666666665,0.8333333333333333,1.0,6.583333333333333,120,2,3600,11,6.0,600,min,s3_top50,0.2589870719200586,0.041666666666666664,0.16666666666666666,0.041666666666666664,11,0.2787052175930859,secondary,primary_all|top_up,EGFR
0.28137208948196496,4800,1.0,2.5,1.6666666666666665,0.8333333333333333,1.0,7.141666666666667,120,2,3900,12,6.5,600,min,s3_top50,0.2589870719200586,0.041666666666666664,0.16666666666666666,0.041666666666666664,12,0.2787052175930859,secondary,primary_all|top_up,EGFR
0.321032753690005,600,0.7783333333333333,2.5,1.6666666666666665,1.6666666666666665,0.8416666666666667,1.2673267326732673,120,2,600,3,1.284796573875803,467,min,s4_scaffold25,0.294102474671927,0.041666666666666664,0.16666666666666666,0.08333333333333333,3,0.2787052175930859,secondary,scaffold_representatives|expand_top_groups,EGFR
0.3307923195689974,1200,0.7783333333333333,2.5,1.6666666666666665,1.6666666666666665,0.8416666666666667,2.871287128712871,120,2,1200,7,2.569593147751606,467,min,s4_scaffold25,0.29483310443762684,0.041666666666666664,0.16666666666666666,0.08333333333333333,7,0.2787052175930859,secondary,scaffold_representatives|expand_top_groups,EGFR
0.31088230545438317,2400,0.7783333333333333,2.5,1.6666666666666665,1.6666666666666665,0.8416666666666667,4.792079207920792,120,2,1977,12,4.233404710920771,467,min,s4_scaffold25,0.2873808732432849,0.041666666666666664,0.16666666666666666,0.08333333333333333,12,0.2787052175930859,secondary,scaffold_representatives|expand_top_groups,EGFR
0.31088230545438317,3600,0.7783333333333333,2.5,1.6666666666666665,1.6666666666666665,0.8416666666666667,4.792079207920792,120,2,1977,12,4.233404710920771,467,min,s4_scaffold25,0.2873808732432849,0.041666666666666664,0.16666666666666666,0.08333333333333333,12,0.2787052175930859,secondary,scaffold_representatives|expand_top_groups,EGFR
0.31088230545438317,4800,0.7783333333333333,2.5,1.6666666666666665,1.6666666666666665,0.8416666666666667,4.792079207920792,120,2,1977,12,4.233404710920771,467,min,s4_scaffold25,0.2873808732432849,0.041666666666666664,0.16666666666666666,0.08333333333333333,12,0.2787052175930859,secondary,scaffold_representatives|expand_top_groups,EGFR
0.3150273867428215,600,0.7883333333333333,2.5,1.6666666666666665,1.6666666666666665,0.875,1.2571428571428571,120,2,600,2,1.2684989429175475,473,min,s4_scaffold50,0.2830597852108752,0.041666666666666664,0.16666666666666666,0.08333333333333333,2,0.2787052175930859,secondary,scaffold_representatives|expand_top_groups,EGFR
0.31294560641419733,1200,0.8233333333333334,2.5,1.6666666666666665,1.6666666666666665,0.9083333333333333,2.4862385321100917,120,2,1200,4,2.42914979757085,494,min,s4_scaffold50,0.2742008233975108,0.041666666666666664,0.16666666666666666,0.08333333333333333,4,0.2787052175930859,secondary,scaffold_representatives|expand_top_groups,EGFR
0.28165346551901765,2400,0.8233333333333334,2.5,1.6666666666666665,0.8333333333333333,0.9083333333333333,5.027522935779817,120,2,2400,9,4.8582995951417,494,min,s4_scaffold50,0.2686430713918823,0.041666666666666664,0.16666666666666666,0.041666666666666664,9,0.2787052175930859,secondary,scaffold_representatives|expand_top_groups,EGFR
0.28161082557537803,3600,0.8233333333333334,2.5,1.6666666666666665,0.8333333333333333,0.9083333333333333,7.26605504587156,120,2,3473,12,7.030364372469635,494,min,s4_scaffold50,0.26834926797307895,0.041666666666666664,0.16666666666666666,0.041666666666666664,12,0.2787052175930859,secondary,scaffold_representatives|expand_top_groups,EGFR
0.28161082557537803,4800,0.8233333333333334,2.5,1.6666666666666665,0.8333333333333333,0.9083333333333333,7.26605504587156,120,2,3473,12,7.030364372469635,494,min,s4_scaffold50,0.26834926797307895,0.041666666666666664,0.16666666666666666,0.041666666666666664,12,0.2787052175930859,secondary,scaffold_representatives|expand_top_groups,EGFR
0.27901581038222034,600,1.0,2.5,1.6666666666666665,0.8333333333333333,1.0,1.0,120,2,600,1,1.0,600,min,s5_score_oracle,0.2561251481163774,0.041666666666666664,0.16666666666666666,0.041666666666666664,11,0.2787052175930859,secondary,score_oracle,EGFR
0.27901581038222034,1200,1.0,2.5,1.6666666666666665,0.8333333333333333,1.0,2.0,120,2,1200,2,2.0,600,min,s5_score_oracle,0.2561251481163774,0.041666666666666664,0.16666666666666666,0.041666666666666664,12,0.2787052175930859,secondary,score_oracle,EGFR
0.27901581038222034,2400,1.0,2.5,1.6666666666666665,0.8333333333333333,1.0,4.0,120,2,2400,4,4.0,600,min,s5_score_oracle,0.2561251481163774,0.041666666666666664,0.16666666666666666,0.041666666666666664,12,0.2787052175930859,secondary,score_oracle,EGFR
0.27901581038222034,3600,1.0,2.5,1.6666666666666665,0.8333333333333333,1.0,6.0,120,2,3600,6,6.0,600,min,s5_score_oracle,0.2561251481163774,0.041666666666666664,0.16666666666666666,0.041666666666666664,12,0.2787052175930859,secondary,score_oracle,EGFR
0.27901581038222034,4800,1.0,2.5,1.6666666666666665,0.8333333333333333,1.0,8.0,120,2,4800,8,8.0,600,min,s5_score_oracle,0.2561251481163774,0.041666666666666664,0.16666666666666666,0.041666666666666664,12,0.2787052175930859,secondary,score_oracle,EGFR
0.5672172906129306,600,1.0,2.5,2.5,3.333333333333333,1.0,1.0,120,3,600,1,1.0,600,mean,s1_width,0.41046019499843306,0.041666666666666664,0.25,0.16666666666666666,1,0.41046019499843306,secondary,width,EGFR
0.5672172906129306,1200,1.0,2.5,2.5,3.333333333333333,1.0,1.0,120,3,600,1,1.0,600,mean,s1_width,0.41046019499843306,0.041666666666666664,0.25,0.16666666666666666,1,0.41046019499843306,secondary,width,EGFR
0.5672172906129306,2400,1.0,2.5,2.5,3.333333333333333,1.0,1.0,120,3,600,1,1.0,600,mean,s1_width,0.41046019499843306,0.041666666666666664,0.25,0.16666666666666666,1,0.41046019499843306,secondary,width,EGFR
0.5672172906129306,3600,1.0,2.5,2.5,3.333333333333333,1.0,1.0,120,3,600,1,1.0,600,mean,s1_width,0.41046019499843306,0.041666666666666664,0.25,0.16666666666666666,1,0.41046019499843306,secondary,width,EGFR
0.5672172906129306,4800,1.0,2.5,2.5,3.333333333333333,1.0,1.0,120,3,600,1,1.0,600,mean,s1_width,0.41046019499843306,0.041666666666666664,0.25,0.16666666666666666,1,0.41046019499843306,secondary,width,EGFR
0.5672172906129306,600,1.0,2.5,2.5,3.333333333333333,1.0,1.0,120,3,600,1,1.0,600,mean,s2_uniform,0.41046019499843306,0.041666666666666664,0.25,0.16666666666666666,1,0.41046019499843306,secondary,uniform,EGFR
0.577282633727582,1200,1.0,2.5,2.5,3.333333333333333,1.0,2.0,120,3,1200,2,2.0,600,mean,s2_uniform,0.4091346414447261,0.041666666666666664,0.25,0.16666666666666666,2,0.41046019499843306,secondary,uniform,EGFR
0.6455732239833931,2400,1.0,5.0,2.9166666666666665,4.166666666666667,1.0,4.0,120,3,2400,4,4.0,600,mean,s2_uniform,0.45541960492326217,0.08333333333333333,0.2916666666666667,0.20833333333333334,4,0.41046019499843306,secondary,uniform,EGFR
0.6196039563482177,3600,1.0,5.0,2.5,4.166666666666667,1.0,6.0,120,3,3600,6,6.0,600,mean,s2_uniform,0.44545392122115013,0.08333333333333333,0.25,0.20833333333333334,6,0.41046019499843306,secondary,uniform,EGFR
0.5829908212080489,4800,1.0,5.0,2.5,3.333333333333333,1.0,8.0,120,3,4800,8,8.0,600,mean,s2_uniform,0.42776512173572884,0.08333333333333333,0.25,0.16666666666666666,8,0.41046019499843306,secondary,uniform,EGFR
0.5672172906129306,600,1.0,2.5,2.5,3.333333333333333,1.0,1.0,120,3,600,1,1.0,600,mean,s3_top10,0.41046019499843306,0.041666666666666664,0.25,0.16666666666666666,1,0.41046019499843306,secondary,primary_all|top_up,EGFR
0.5460653841485285,1200,1.0,5.0,2.9166666666666665,2.5,1.0,1.9166666666666667,120,3,1200,11,2.0,600,mean,s3_top10,0.4059339729013076,0.08333333333333333,0.2916666666666667,0.125,11,0.41046019499843306,secondary,primary_all|top_up,EGFR
0.4935786146833937,2400,1.0,5.0,2.0833333333333335,2.5,1.0,2.0083333333333333,120,3,1260,12,2.1,600,mean,s3_top10,0.38101069457169934,0.08333333333333333,0.20833333333333334,0.125,12,0.41046019499843306,secondary,primary_all|top_up,EGFR
0.4935786146833937,3600,1.0,5.0,2.0833333333333335,2.5,1.0,2.0083333333333333,120,3,1260,12,2.1,600,mean,s3_top10,0.38101069457169934,0.08333333333333333,0.20833333333333334,0.125,12,0.41046019499843306,secondary,primary_all|top_up,EGFR
0.4935786146833937,4800,1.0,5.0,2.0833333333333335,2.5,1.0,2.0083333333333333,120,3,1260,12,2.1,600,mean,s3_top10,0.38101069457169934,0.08333333333333333,0.20833333333333334,0.125,12,0.41046019499843306,secondary,primary_all|top_up,EGFR
0.5672172906129306,600,1.0,2.5,2.5,3.333333333333333,1.0,1.0,120,3,600,1,1.0,600,mean,s3_top25,0.41046019499843306,0.041666666666666664,0.25,0.16666666666666666,1,0.41046019499843306,secondary,primary_all|top_up,EGFR
0.6187016174131597,1200,1.0,5.0,2.5,4.166666666666667,1.0,1.8666666666666667,120,3,1200,5,2.0,600,mean,s3_top25,0.44264966475627227,0.08333333333333333,0.25,0.20833333333333334,5,0.41046019499843306,secondary,primary_all|top_up,EGFR
0.5751843119850673,2400,1.0,5.0,2.5,3.333333333333333,1.0,3.3833333333333333,120,3,2250,12,3.75,600,mean,s3_top25,0.41166617365828856,0.08333333333333333,0.25,0.16666666666666666,12,0.41046019499843306,secondary,primary_all|top_up,EGFR
0.5751843119850673,3600,1.0,5.0,2.5,3.333333333333333,1.0,3.3833333333333333,120,3,2250,12,3.75,600,mean,s3_top25,0.41166617365828856,0.08333333333333333,0.25,0.16666666666666666,12,0.41046019499843306,secondary,primary_all|top_up,EGFR
0.5751843119850673,4800,1.0,5.0,2.5,3.333333333333333,1.0,3.3833333333333333,120,3,2250,12,3.75,600,mean,s3_top25,0.41166617365828856,0.08333333333333333,0.25,0.16666666666666666,12,0.41046019499843306,secondary,primary_all|top_up,EGFR
0.5672172906129306,600,1.0,2.5,2.5,3.333333333333333,1.0,1.0,120,3,600,1,1.0,600,mean,s3_top50,0.41046019499843306,0.041666666666666664,0.25,0.16666666666666666,1,0.41046019499843306,secondary,primary_all|top_up,EGFR
0.6477950317186075,1200,1.0,5.0,2.9166666666666665,4.166666666666667,1.0,1.9833333333333334,120,3,1200,3,2.0,600,mean,s3_top50,0.4524837396286448,0.08333333333333333,0.2916666666666667,0.20833333333333334,3,0.41046019499843306,secondary,primary_all|top_up,EGFR
0.6036522429100684,2400,1.0,5.0,2.5,4.166666666666667,1.0,3.95,120,3,2400,7,4.0,600,mean,s3_top50,0.4448343311446605,0.08333333333333333,0.25,0.20833333333333334,7,0.41046019499843306,secondary,primary_all|top_up,EGFR
0.5617437591610851,3600,1.0,5.0,2.5,3.333333333333333,1.0,5.916666666666667,120,3,3600,11,6.0,600,mean,s3_top50,0.42570383326468847,0.08333333333333333,0.25,0.16666666666666666,11,0.41046019499843306,secondary,primary_all|top_up,EGFR
0.5595483150425125,4800,1.0,5.0,2.5,3.333333333333333,1.0,6.408333333333333,120,3,3900,12,6.5,600,mean,s3_top50,0.4276790788036877,0.08333333333333333,0.25,0.16666666666666666,12,0.41046019499843306,secondary,primary_all|top_up,EGFR
0.6322113181524912,600,0.7783333333333333,5.0,2.5,4.166666666666667,0.7416666666666667,1.3370786516853932,120,3,600,3,1.284796573875803,467,mean,s4_scaffold25,0.47082335321441543,0.08333333333333333,0.25,0.20833333333333334,3,0.41046019499843306,secondary,scaffold_representatives|expand_top_groups,EGFR
0.6129421756738384,1200,0.7783333333333333,5.0,2.5,4.166666666666667,0.7416666666666667,2.50561797752809,120,3,1200,7,2.569593147751606,467,mean,s4_scaffold25,0.4625242671579765,0.08333333333333333,0.25,0.20833333333333334,7,0.41046019499843306,secondary,scaffold_representatives|expand_top_groups,EGFR
0.5844954883330516,2400,0.7783333333333333,5.0,2.9166666666666665,3.333333333333333,0.7416666666666667,4.078651685393258,120,3,1977,12,4.233404710920771,467,mean,s4_scaffold25,0.4438952756240188,0.08333333333333333,0.2916666666666667,0.16666666666666666,12,0.41046019499843306,secondary,scaffold_representatives|expand_top_groups,EGFR
0.5844954883330516,3600,0.7783333333333333,5.0,2.9166666666666665,3.333333333333333,0.7416666666666667,4.078651685393258,120,3,1977,12,4.233404710920771,467,mean,s4_scaffold25,0.4438952756240188,0.08333333333333333,0.2916666666666667,0.16666666666666666,12,0.41046019499843306,secondary,scaffold_representatives|expand_top_groups,EGFR
0.5844954883330516,4800,0.7783333333333333,5.0,2.9166666666666665,3.333333333333333,0.7416666666666667,4.078651685393258,120,3,1977,12,4.233404710920771,467,mean,s4_scaffold25,0.4438952756240188,0.08333333333333333,0.2916666666666667,0.16666666666666666,12,0.41046019499843306,secondary,scaffold_representatives|expand_top_groups,EGFR
0.583202602369444,600,0.7883333333333333,2.5,2.5,4.166666666666667,0.7583333333333333,1.2857142857142858,120,3,600,2,1.2684989429175475,473,mean,s4_scaffold50,0.43375757346831206,0.041666666666666664,0.25,0.20833333333333334,2,0.41046019499843306,secondary,scaffold_representatives|expand_top_groups,EGFR
0.6414267848516447,1200,0.8233333333333334,5.0,2.5,4.166666666666667,0.825,2.4343434343434343,120,3,1200,4,2.42914979757085,494,mean,s4_scaffold50,0.460160030786861,0.08333333333333333,0.25,0.20833333333333334,4,0.41046019499843306,secondary,scaffold_representatives|expand_top_groups,EGFR
0.5620137740960114,2400,0.8233333333333334,5.0,2.5,3.333333333333333,0.825,4.97979797979798,120,3,2400,9,4.8582995951417,494,mean,s4_scaffold50,0.43310722825427206,0.08333333333333333,0.25,0.16666666666666666,9,0.41046019499843306,secondary,scaffold_representatives|expand_top_groups,EGFR
0.5397500890830377,3600,0.8233333333333334,5.0,2.5,2.5,0.825,7.222222222222222,120,3,3473,12,7.030364372469635,494,mean,s4_scaffold50,0.43235406536867266,0.08333333333333333,0.25,0.125,12,0.41046019499843306,secondary,scaffold_representatives|expand_top_groups,EGFR
0.5397500890830377,4800,0.8233333333333334,5.0,2.5,2.5,0.825,7.222222222222222,120,3,3473,12,7.030364372469635,494,mean,s4_scaffold50,0.43235406536867266,0.08333333333333333,0.25,0.125,12,0.41046019499843306,secondary,scaffold_representatives|expand_top_groups,EGFR
0.4694841287718325,600,1.0,2.5,2.5,2.5,1.0,1.0,120,3,600,1,1.0,600,mean,s5_score_oracle,0.36303697282862496,0.041666666666666664,0.25,0.125,11,0.41046019499843306,secondary,score_oracle,EGFR
0.47859607952347955,1200,1.0,2.5,2.5,2.5,1.0,2.0,120,3,1200,2,2.0,600,mean,s5_score_oracle,0.36797002304592635,0.041666666666666664,0.25,0.125,12,0.41046019499843306,secondary,score_oracle,EGFR
0.5363617976081434,2400,1.0,5.0,2.5,2.5,1.0,4.0,120,3,2400,4,4.0,600,mean,s5_score_oracle,0.40307983024339844,0.08333333333333333,0.25,0.125,12,0.41046019499843306,secondary,score_oracle,EGFR
0.5142964806354217,3600,1.0,5.0,2.5,2.5,1.0,6.0,120,3,3600,6,6.0,600,mean,s5_score_oracle,0.39888875614328473,0.08333333333333333,0.25,0.125,12,0.41046019499843306,secondary,score_oracle,EGFR
0.539889378460158,4800,1.0,5.0,2.5,3.333333333333333,1.0,8.0,120,3,4800,8,8.0,600,mean,s5_score_oracle,0.4101214653287613,0.08333333333333333,0.25,0.16666666666666666,12,0.41046019499843306,secondary,score_oracle,EGFR
0.5672172906129306,600,1.0,2.5,2.5,3.333333333333333,1.0,1.0,120,3,600,1,1.0,600,min,s1_width,0.41046019499843306,0.041666666666666664,0.25,0.16666666666666666,1,0.41046019499843306,secondary,width,EGFR
0.5672172906129306,1200,1.0,2.5,2.5,3.333333333333333,1.0,1.0,120,3,600,1,1.0,600,min,s1_width,0.41046019499843306,0.041666666666666664,0.25,0.16666666666666666,1,0.41046019499843306,secondary,width,EGFR
0.5672172906129306,2400,1.0,2.5,2.5,3.333333333333333,1.0,1.0,120,3,600,1,1.0,600,min,s1_width,0.41046019499843306,0.041666666666666664,0.25,0.16666666666666666,1,0.41046019499843306,secondary,width,EGFR
0.5672172906129306,3600,1.0,2.5,2.5,3.333333333333333,1.0,1.0,120,3,600,1,1.0,600,min,s1_width,0.41046019499843306,0.041666666666666664,0.25,0.16666666666666666,1,0.41046019499843306,secondary,width,EGFR
0.5672172906129306,4800,1.0,2.5,2.5,3.333333333333333,1.0,1.0,120,3,600,1,1.0,600,min,s1_width,0.41046019499843306,0.041666666666666664,0.25,0.16666666666666666,1,0.41046019499843306,secondary,width,EGFR
0.5672172906129306,600,1.0,2.5,2.5,3.333333333333333,1.0,1.0,120,3,600,1,1.0,600,min,s2_uniform,0.41046019499843306,0.041666666666666664,0.25,0.16666666666666666,1,0.41046019499843306,secondary,uniform,EGFR
0.5444515681924949,1200,1.0,2.5,2.5,3.333333333333333,1.0,2.0,120,3,1200,2,2.0,600,min,s2_uniform,0.3874168271443646,0.041666666666666664,0.25,0.16666666666666666,2,0.41046019499843306,secondary,uniform,EGFR
0.5615298049952708,2400,1.0,2.5,2.5,3.333333333333333,1.0,4.0,120,3,2400,4,4.0,600,min,s2_uniform,0.39336876162200546,0.041666666666666664,0.25,0.16666666666666666,4,0.41046019499843306,secondary,uniform,EGFR
0.4710936227377135,3600,1.0,2.5,2.5,2.5,1.0,6.0,120,3,3600,6,6.0,600,min,s2_uniform,0.3602995826797904,0.041666666666666664,0.25,0.125,6,0.41046019499843306,secondary,uniform,EGFR
0.46948413930854466,4800,1.0,2.5,2.5,2.5,1.0,8.0,120,3,4800,8,8.0,600,min,s2_uniform,0.3633924115619313,0.041666666666666664,0.25,0.125,8,0.41046019499843306,secondary,uniform,EGFR
0.5672172906129306,600,1.0,2.5,2.5,3.333333333333333,1.0,1.0,120,3,600,1,1.0,600,min,s3_top10,0.41046019499843306,0.041666666666666664,0.25,0.16666666666666666,1,0.41046019499843306,secondary,primary_all|top_up,EGFR
0.5883750861407379,1200,1.0,2.5,2.5,3.333333333333333,1.0,1.9166666666666667,120,3,1200,11,2.0,600,min,s3_top10,0.4197359886492267,0.041666666666666664,0.25,0.16666666666666666,11,0.41046019499843306,secondary,primary_all|top_up,EGFR
0.5883750861407379,2400,1.0,2.5,2.5,3.333333333333333,1.0,2.0083333333333333,120,3,1260,12,2.1,600,min,s3_top10,0.4197359886492267,0.041666666666666664,0.25,0.16666666666666666,12,0.41046019499843306,secondary,primary_all|top_up,EGFR
0.5883750861407379,3600,1.0,2.5,2.5,3.333333333333333,1.0,2.0083333333333333,120,3,1260,12,2.1,600,min,s3_top10,0.4197359886492267,0.041666666666666664,0.25,0.16666666666666666,12,0.41046019499843306,secondary,primary_all|top_up,EGFR
0.5883750861407379,4800,1.0,2.5,2.5,3.333333333333333,1.0,2.0083333333333333,120,3,1260,12,2.1,600,min,s3_top10,0.4197359886492267,0.041666666666666664,0.25,0.16666666666666666,12,0.41046019499843306,secondary,primary_all|top_up,EGFR
0.5672172906129306,600,1.0,2.5,2.5,3.333333333333333,1.0,1.0,120,3,600,1,1.0,600,min,s3_top25,0.41046019499843306,0.041666666666666664,0.25,0.16666666666666666,1,0.41046019499843306,secondary,primary_all|top_up,EGFR
0.575917849405845,1200,1.0,2.5,2.5,3.333333333333333,1.0,1.8666666666666667,120,3,1200,5,2.0,600,min,s3_top25,0.41219546147344416,0.041666666666666664,0.25,0.16666666666666666,5,0.41046019499843306,secondary,primary_all|top_up,EGFR
0.575917849405845,2400,1.0,2.5,2.5,3.333333333333333,1.0,3.3833333333333333,120,3,2250,12,3.75,600,min,s3_top25,0.41219546147344416,0.041666666666666664,0.25,0.16666666666666666,12,0.41046019499843306,secondary,primary_all|top_up,EGFR
0.575917849405845,3600,1.0,2.5,2.5,3.333333333333333,1.0,3.3833333333333333,120,3,2250,12,3.75,600,min,s3_top25,0.41219546147344416,0.041666666666666664,0.25,0.16666666666666666,12,0.41046019499843306,secondary,primary_all|top_up,EGFR
0.575917849405845,4800,1.0,2.5,2.5,3.333333333333333,1.0,3.3833333333333333,120,3,2250,12,3.75,600,min,s3_top25,0.41219546147344416,0.041666666666666664,0.25,0.16666666666666666,12,0.41046019499843306,secondary,primary_all|top_up,EGFR
0.5672172906129306,600,1.0,2.5,2.5,3.333333333333333,1.0,1.0,120,3,600,1,1.0,600,min,s3_top50,0.41046019499843306,0.041666666666666664,0.25,0.16666666666666666,1,0.41046019499843306,secondary,primary_all|top_up,EGFR
0.5618296498324667,1200,1.0,2.5,2.5,3.333333333333333,1.0,1.9833333333333334,120,3,1200,3,2.0,600,min,s3_top50,0.40241339265230125,0.041666666666666664,0.25,0.16666666666666666,3,0.41046019499843306,secondary,primary_all|top_up,EGFR
0.4710780081798138,2400,1.0,2.5,2.5,2.5,1.0,3.95,120,3,2400,7,4.0,600,min,s3_top50,0.3677106016548171,0.041666666666666664,0.25,0.125,7,0.41046019499843306,secondary,primary_all|top_up,EGFR
0.47333525558019457,3600,1.0,2.5,2.5,2.5,1.0,5.916666666666667,120,3,3600,11,6.0,600,min,s3_top50,0.3691350160044135,0.041666666666666664,0.25,0.125,11,0.41046019499843306,secondary,primary_all|top_up,EGFR
0.47333525558019457,4800,1.0,2.5,2.5,2.5,1.0,6.408333333333333,120,3,3900,12,6.5,600,min,s3_top50,0.3691350160044135,0.041666666666666664,0.25,0.125,12,0.41046019499843306,secondary,primary_all|top_up,EGFR
0.5727578819305109,600,0.7783333333333333,2.5,2.5,3.333333333333333,0.7416666666666667,1.3370786516853932,120,3,600,3,1.284796573875803,467,min,s4_scaffold25,0.436034133197579,0.041666666666666664,0.25,0.16666666666666666,3,0.41046019499843306,secondary,scaffold_representatives|expand_top_groups,EGFR
0.5766227378895685,1200,0.7783333333333333,2.5,2.5,3.333333333333333,0.7416666666666667,2.50561797752809,120,3,1200,7,2.569593147751606,467,min,s4_scaffold25,0.4366635406623192,0.041666666666666664,0.25,0.16666666666666666,7,0.41046019499843306,secondary,scaffold_representatives|expand_top_groups,EGFR
0.5766227378895685,2400,0.7783333333333333,2.5,2.5,3.333333333333333,0.7416666666666667,4.078651685393258,120,3,1977,12,4.233404710920771,467,min,s4_scaffold25,0.4366635406623192,0.041666666666666664,0.25,0.16666666666666666,12,0.41046019499843306,secondary,scaffold_representatives|expand_top_groups,EGFR
0.5766227378895685,3600,0.7783333333333333,2.5,2.5,3.333333333333333,0.7416666666666667,4.078651685393258,120,3,1977,12,4.233404710920771,467,min,s4_scaffold25,0.4366635406623192,0.041666666666666664,0.25,0.16666666666666666,12,0.41046019499843306,secondary,scaffold_representatives|expand_top_groups,EGFR
0.5766227378895685,4800,0.7783333333333333,2.5,2.5,3.333333333333333,0.7416666666666667,4.078651685393258,120,3,1977,12,4.233404710920771,467,min,s4_scaffold25,0.4366635406623192,0.041666666666666664,0.25,0.16666666666666666,12,0.41046019499843306,secondary,scaffold_representatives|expand_top_groups,EGFR
0.5543095134782354,600,0.7883333333333333,2.5,2.5,3.333333333333333,0.7583333333333333,1.2857142857142858,120,3,600,2,1.2684989429175475,473,min,s4_scaffold50,0.4192155491215339,0.041666666666666664,0.25,0.16666666666666666,2,0.41046019499843306,secondary,scaffold_representatives|expand_top_groups,EGFR
0.566614191900279,1200,0.8233333333333334,2.5,2.5,3.333333333333333,0.825,2.4343434343434343,120,3,1200,4,2.42914979757085,494,min,s4_scaffold50,0.4158218057773748,0.041666666666666664,0.25,0.16666666666666666,4,0.41046019499843306,secondary,scaffold_representatives|expand_top_groups,EGFR
0.47822762450871215,2400,0.8233333333333334,2.5,2.5,2.5,0.825,4.97979797979798,120,3,2400,9,4.8582995951417,494,min,s4_scaffold50,0.38113593213737335,0.041666666666666664,0.25,0.125,9,0.41046019499843306,secondary,scaffold_representatives|expand_top_groups,EGFR
0.47822762450871215,3600,0.8233333333333334,2.5,2.5,2.5,0.825,7.222222222222222,120,3,3473,12,7.030364372469635,494,min,s4_scaffold50,0.38113593213737335,0.041666666666666664,0.25,0.125,12,0.41046019499843306,secondary,scaffold_representatives|expand_top_groups,EGFR
0.47822762450871215,4800,0.8233333333333334,2.5,2.5,2.5,0.825,7.222222222222222,120,3,3473,12,7.030364372469635,494,min,s4_scaffold50,0.38113593213737335,0.041666666666666664,0.25,0.125,12,0.41046019499843306,secondary,scaffold_representatives|expand_top_groups,EGFR
0.4694841287718325,600,1.0,2.5,2.5,2.5,1.0,1.0,120,3,600,1,1.0,600,min,s5_score_oracle,0.36303697282862496,0.041666666666666664,0.25,0.125,11,0.41046019499843306,secondary,score_oracle,EGFR
0.4694841287718325,1200,1.0,2.5,2.5,2.5,1.0,2.0,120,3,1200,2,2.0,600,min,s5_score_oracle,0.36303697282862496,0.041666666666666664,0.25,0.125,12,0.41046019499843306,secondary,score_oracle,EGFR
0.4694841287718325,2400,1.0,2.5,2.5,2.5,1.0,4.0,120,3,2400,4,4.0,600,min,s5_score_oracle,0.36303697282862496,0.041666666666666664,0.25,0.125,12,0.41046019499843306,secondary,score_oracle,EGFR
0.4694841287718325,3600,1.0,2.5,2.5,2.5,1.0,6.0,120,3,3600,6,6.0,600,min,s5_score_oracle,0.36303697282862496,0.041666666666666664,0.25,0.125,12,0.41046019499843306,secondary,score_oracle,EGFR
0.4694841287718325,4800,1.0,2.5,2.5,2.5,1.0,8.0,120,3,4800,8,8.0,600,min,s5_score_oracle,0.36303697282862496,0.041666666666666664,0.25,0.125,12,0.41046019499843306,secondary,score_oracle,EGFR
0.3017731556704894,600,1.0,0.0,2.5,0.8333333333333333,1.0,1.0,120,4,600,1,1.0,600,mean,s1_width,0.29251065514488767,0.0,0.25,0.041666666666666664,1,0.29251065514488767,secondary,width,EGFR
0.3017731556704894,1200,1.0,0.0,2.5,0.8333333333333333,1.0,1.0,120,4,600,1,1.0,600,mean,s1_width,0.29251065514488767,0.0,0.25,0.041666666666666664,1,0.29251065514488767,secondary,width,EGFR
0.3017731556704894,2400,1.0,0.0,2.5,0.8333333333333333,1.0,1.0,120,4,600,1,1.0,600,mean,s1_width,0.29251065514488767,0.0,0.25,0.041666666666666664,1,0.29251065514488767,secondary,width,EGFR
0.3017731556704894,3600,1.0,0.0,2.5,0.8333333333333333,1.0,1.0,120,4,600,1,1.0,600,mean,s1_width,0.29251065514488767,0.0,0.25,0.041666666666666664,1,0.29251065514488767,secondary,width,EGFR
0.3017731556704894,4800,1.0,0.0,2.5,0.8333333333333333,1.0,1.0,120,4,600,1,1.0,600,mean,s1_width,0.29251065514488767,0.0,0.25,0.041666666666666664,1,0.29251065514488767,secondary,width,EGFR
0.3017731556704894,600,1.0,0.0,2.5,0.8333333333333333,1.0,1.0,120,4,600,1,1.0,600,mean,s2_uniform,0.29251065514488767,0.0,0.25,0.041666666666666664,1,0.29251065514488767,secondary,uniform,EGFR
0.5035409231888683,1200,1.0,2.5,2.5,3.333333333333333,1.0,2.0,120,4,1200,2,2.0,600,mean,s2_uniform,0.3685478446727701,0.041666666666666664,0.25,0.16666666666666666,2,0.29251065514488767,secondary,uniform,EGFR
0.46111642603586095,2400,1.0,2.5,2.0833333333333335,2.5,1.0,4.0,120,4,2400,4,4.0,600,mean,s2_uniform,0.35096948071567624,0.041666666666666664,0.20833333333333334,0.125,4,0.29251065514488767,secondary,uniform,EGFR
0.4039629030409344,3600,1.0,0.0,2.5,2.5,1.0,6.0,120,4,3600,6,6.0,600,mean,s2_uniform,0.32587909624924416,0.0,0.25,0.125,6,0.29251065514488767,secondary,uniform,EGFR
0.35903637170648295,4800,1.0,0.0,2.0833333333333335,2.5,1.0,8.0,120,4,4800,8,8.0,600,mean,s2_uniform,0.31410985862099383,0.0,0.20833333333333334,0.125,8,0.29251065514488767,secondary,uniform,EGFR
0.3017731556704894,600,1.0,0.0,2.5,0.8333333333333333,1.0,1.0,120,4,600,1,1.0,600,mean,s3_top10,0.29251065514488767,0.0,0.25,0.041666666666666664,1,0.29251065514488767,secondary,primary_all|top_up,EGFR
0.23558148561471803,1200,1.0,0.0,1.25,1.6666666666666665,1.0,2.0,120,4,1200,11,2.0,600,mean,s3_top10,0.26597326322877635,0.0,0.125,0.08333333333333333,11,0.29251065514488767,secondary,primary_all|top_up,EGFR
0.21450223801334836,2400,1.0,0.0,1.25,0.8333333333333333,1.0,2.1,120,4,1260,12,2.1,600,mean,s3_top10,0.2574472361644428,0.0,0.125,0.041666666666666664,12,0.29251065514488767,secondary,primary_all|top_up,EGFR
0.21450223801334836,3600,1.0,0.0,1.25,0.8333333333333333,1.0,2.1,120,4,1260,12,2.1,600,mean,s3_top10,0.2574472361644428,0.0,0.125,0.041666666666666664,12,0.29251065514488767,secondary,primary_all|top_up,EGFR
0.21450223801334836,4800,1.0,0.0,1.25,0.8333333333333333,1.0,2.1,120,4,1260,12,2.1,600,mean,s3_top10,0.2574472361644428,0.0,0.125,0.041666666666666664,12,0.29251065514488767,secondary,primary_all|top_up,EGFR
0.3017731556704894,600,1.0,0.0,2.5,0.8333333333333333,1.0,1.0,120,4,600,1,1.0,600,mean,s3_top25,0.29251065514488767,0.0,0.25,0.041666666666666664,1,0.29251065514488767,secondary,primary_all|top_up,EGFR
0.43628871509320893,1200,1.0,0.0,2.5,2.5,1.0,1.8666666666666667,120,4,1200,5,2.0,600,mean,s3_top25,0.33546014667244717,0.0,0.25,0.125,5,0.29251065514488767,secondary,primary_all|top_up,EGFR
0.2878023297608591,2400,1.0,0.0,1.6666666666666665,1.6666666666666665,1.0,3.3833333333333333,120,4,2250,12,3.75,600,mean,s3_top25,0.27845671282440415,0.0,0.16666666666666666,0.08333333333333333,12,0.29251065514488767,secondary,primary_all|top_up,EGFR
0.2878023297608591,3600,1.0,0.0,1.6666666666666665,1.6666666666666665,1.0,3.3833333333333333,120,4,2250,12,3.75,600,mean,s3_top25,0.27845671282440415,0.0,0.16666666666666666,0.08333333333333333,12,0.29251065514488767,secondary,primary_all|top_up,EGFR
0.2878023297608591,4800,1.0,0.0,1.6666666666666665,1.6666666666666665,1.0,3.3833333333333333,120,4,2250,12,3.75,600,mean,s3_top25,0.27845671282440415,0.0,0.16666666666666666,0.08333333333333333,12,0.29251065514488767,secondary,primary_all|top_up,EGFR
0.3017731556704894,600,1.0,0.0,2.5,0.8333333333333333,1.0,1.0,120,4,600,1,1.0,600,mean,s3_top50,0.29251065514488767,0.0,0.25,0.041666666666666664,1,0.29251065514488767,secondary,primary_all|top_up,EGFR
0.5057952448974001,1200,1.0,2.5,2.5,3.333333333333333,1.0,2.0166666666666666,120,4,1200,3,2.0,600,mean,s3_top50,0.36867657688267325,0.041666666666666664,0.25,0.16666666666666666,3,0.29251065514488767,secondary,primary_all|top_up,EGFR
0.385193534505857,2400,1.0,0.0,2.5,2.5,1.0,4.05,120,4,2400,7,4.0,600,mean,s3_top50,0.3182857516178928,0.0,0.25,0.125,7,0.29251065514488767,secondary,primary_all|top_up,EGFR
0.2950946443681237,3600,1.0,0.0,1.6666666666666665,1.6666666666666665,1.0,6.083333333333333,120,4,3600,11,6.0,600,mean,s3_top50,0.2836743324116645,0.0,0.16666666666666666,0.08333333333333333,11,0.29251065514488767,secondary,primary_all|top_up,EGFR
0.2663441676650119,4800,1.0,0.0,1.6666666666666665,1.6666666666666665,1.0,6.591666666666667,120,4,3900,12,6.5,600,mean,s3_top50,0.275032814702121,0.0,0.16666666666666666,0.08333333333333333,12,0.29251065514488767,secondary,primary_all|top_up,EGFR
0.5183914557899933,600,0.7916666666666666,2.5,2.5,3.333333333333333,0.7666666666666667,1.2282608695652173,120,4,600,3,1.263157894736842,475,mean,s4_scaffold25,0.4002665195280519,0.041666666666666664,0.25,0.16666666666666666,3,0.29251065514488767,secondary,scaffold_representatives|expand_top_groups,EGFR
0.43561133935567464,1200,0.7916666666666666,0.0,2.9166666666666665,2.5,0.7666666666666667,2.1956521739130435,120,4,1200,7,2.526315789473684,475,mean,s4_scaffold25,0.37129976204117954,0.0,0.2916666666666667,0.125,7,0.29251065514488767,secondary,scaffold_representatives|expand_top_groups,EGFR
0.3157037173596574,2400,0.7916666666666666,0.0,2.0833333333333335,1.6666666666666665,0.7666666666666667,3.5869565217391304,120,4,2065,12,4.347368421052631,475,mean,s4_scaffold25,0.32413243610715387,0.0,0.20833333333333334,0.08333333333333333,12,0.29251065514488767,secondary,scaffold_representatives|expand_top_groups,EGFR
0.3157037173596574,3600,0.7916666666666666,0.0,2.0833333333333335,1.6666666666666665,0.7666666666666667,3.5869565217391304,120,4,2065,12,4.347368421052631,475,mean,s4_scaffold25,0.32413243610715387,0.0,0.20833333333333334,0.08333333333333333,12,0.29251065514488767,secondary,scaffold_representatives|expand_top_groups,EGFR
0.3157037173596574,4800,0.7916666666666666,0.0,2.0833333333333335,1.6666666666666665,0.7666666666666667,3.5869565217391304,120,4,2065,12,4.347368421052631,475,mean,s4_scaffold25,0.32413243610715387,0.0,0.20833333333333334,0.08333333333333333,12,0.29251065514488767,secondary,scaffold_representatives|expand_top_groups,EGFR
0.541071461176243,600,0.8,2.5,2.5,3.333333333333333,0.7916666666666666,1.2210526315789474,120,4,600,2,1.25,480,mean,s4_scaffold50,0.40297121305612843,0.041666666666666664,0.25,0.16666666666666666,2,0.29251065514488767,secondary,scaffold_representatives|expand_top_groups,EGFR
0.4717405580036678,1200,0.8466666666666667,2.5,2.5,2.5,0.8583333333333333,2.262135922330097,120,4,1200,4,2.3622047244094486,508,mean,s4_scaffold50,0.3529540780393651,0.041666666666666664,0.25,0.125,4,0.29251065514488767,secondary,scaffold_representatives|expand_top_groups,EGFR
0.3745610284286528,2400,0.8466666666666667,0.0,2.5,2.5,0.8583333333333333,4.466019417475728,120,4,2400,8,4.724409448818897,508,mean,s4_scaffold50,0.3199189845157868,0.0,0.25,0.125,8,0.29251065514488767,secondary,scaffold_representatives|expand_top_groups,EGFR
0.27417206602558986,3600,0.8466666666666667,0.0,1.6666666666666665,1.6666666666666665,0.8583333333333333,6.689320388349515,120,4,3600,12,7.086614173228346,508,mean,s4_scaffold50,0.2771929626004378,0.0,0.16666666666666666,0.08333333333333333,12,0.29251065514488767,secondary,scaffold_representatives|expand_top_groups,EGFR
0.28068945781093607,4800,0.8466666666666667,0.0,1.6666666666666665,1.6666666666666665,0.8583333333333333,6.728155339805825,120,4,3627,12,7.139763779527559,508,mean,s4_scaffold50,0.2804395147202213,0.0,0.16666666666666666,0.08333333333333333,12,0.29251065514488767,secondary,scaffold_representatives|expand_top_groups,EGFR
0.2813144678196907,600,1.0,0.0,1.25,1.6666666666666665,1.0,1.0,120,4,600,1,1.0,600,mean,s5_score_oracle,0.28410974912923487,0.0,0.125,0.08333333333333333,11,0.29251065514488767,secondary,score_oracle,EGFR
0.3269122820341996,1200,1.0,0.0,1.6666666666666665,1.6666666666666665,1.0,2.0,120,4,1200,2,2.0,600,mean,s5_score_oracle,0.29655171891076076,0.0,0.16666666666666666,0.08333333333333333,12,0.29251065514488767,secondary,score_oracle,EGFR
0.30879297604406003,2400,1.0,0.0,2.0833333333333335,1.6666666666666665,1.0,4.0,120,4,2400,4,4.0,600,mean,s5_score_oracle,0.29898386982503383,0.0,0.20833333333333334,0.08333333333333333,12,0.29251065514488767,secondary,score_oracle,EGFR
0.323881909862027,3600,1.0,0.0,2.0833333333333335,1.6666666666666665,1.0,6.0,120,4,3600,6,6.0,600,mean,s5_score_oracle,0.3023995427007217,0.0,0.20833333333333334,0.08333333333333333,12,0.29251065514488767,secondary,score_oracle,EGFR
0.33915702523972424,4800,1.0,0.0,2.0833333333333335,1.6666666666666665,1.0,8.0,120,4,4800,8,8.0,600,mean,s5_score_oracle,0.3082684963564328,0.0,0.20833333333333334,0.08333333333333333,12,0.29251065514488767,secondary,score_oracle,EGFR
0.3017731556704894,600,1.0,0.0,2.5,0.8333333333333333,1.0,1.0,120,4,600,1,1.0,600,min,s1_width,0.29251065514488767,0.0,0.25,0.041666666666666664,1,0.29251065514488767,secondary,width,EGFR
0.3017731556704894,1200,1.0,0.0,2.5,0.8333333333333333,1.0,1.0,120,4,600,1,1.0,600,min,s1_width,0.29251065514488767,0.0,0.25,0.041666666666666664,1,0.29251065514488767,secondary,width,EGFR
0.3017731556704894,2400,1.0,0.0,2.5,0.8333333333333333,1.0,1.0,120,4,600,1,1.0,600,min,s1_width,0.29251065514488767,0.0,0.25,0.041666666666666664,1,0.29251065514488767,secondary,width,EGFR
0.3017731556704894,3600,1.0,0.0,2.5,0.8333333333333333,1.0,1.0,120,4,600,1,1.0,600,min,s1_width,0.29251065514488767,0.0,0.25,0.041666666666666664,1,0.29251065514488767,secondary,width,EGFR
0.3017731556704894,4800,1.0,0.0,2.5,0.8333333333333333,1.0,1.0,120,4,600,1,1.0,600,min,s1_width,0.29251065514488767,0.0,0.25,0.041666666666666664,1,0.29251065514488767,secondary,width,EGFR
0.3017731556704894,600,1.0,0.0,2.5,0.8333333333333333,1.0,1.0,120,4,600,1,1.0,600,min,s2_uniform,0.29251065514488767,0.0,0.25,0.041666666666666664,1,0.29251065514488767,secondary,uniform,EGFR
0.4428769129547437,1200,1.0,2.5,2.0833333333333335,2.5,1.0,2.0,120,4,1200,2,2.0,600,min,s2_uniform,0.3477664939972807,0.041666666666666664,0.20833333333333334,0.125,2,0.29251065514488767,secondary,uniform,EGFR
0.4236420541447,2400,1.0,2.5,2.0833333333333335,1.6666666666666665,1.0,4.0,120,4,2400,4,4.0,600,min,s2_uniform,0.3418702550785971,0.041666666666666664,0.20833333333333334,0.08333333333333333,4,0.29251065514488767,secondary,uniform,EGFR
0.2955784738389663,3600,1.0,0.0,1.25,1.6666666666666665,1.0,6.0,120,4,3600,6,6.0,600,min,s2_uniform,0.291931440035611,0.0,0.125,0.08333333333333333,6,0.29251065514488767,secondary,uniform,EGFR
0.28555467602219864,4800,1.0,0.0,1.25,1.6666666666666665,1.0,8.0,120,4,4800,8,8.0,600,min,s2_uniform,0.2867246389192315,0.0,0.125,0.08333333333333333,8,0.29251065514488767,secondary,uniform,EGFR
0.3017731556704894,600,1.0,0.0,2.5,0.8333333333333333,1.0,1.0,120,4,600,1,1.0,600,min,s3_top10,0.29251065514488767,0.0,0.25,0.041666666666666664,1,0.29251065514488767,secondary,primary_all|top_up,EGFR
0.3643711482081817,1200,1.0,0.0,2.5,1.6666666666666665,1.0,2.0,120,4,1200,11,2.0,600,min,s3_top10,0.30582084033007284,0.0,0.25,0.08333333333333333,11,0.29251065514488767,secondary,primary_all|top_up,EGFR
0.3643711482081817,2400,1.0,0.0,2.5,1.6666666666666665,1.0,2.1,120,4,1260,12,2.1,600,min,s3_top10,0.30582084033007284,0.0,0.25,0.08333333333333333,12,0.29251065514488767,secondary,primary_all|top_up,EGFR
0.3643711482081817,3600,1.0,0.0,2.5,1.6666666666666665,1.0,2.1,120,4,1260,12,2.1,600,min,s3_top10,0.30582084033007284,0.0,0.25,0.08333333333333333,12,0.29251065514488767,secondary,primary_all|top_up,EGFR
0.3643711482081817,4800,1.0,0.0,2.5,1.6666666666666665,1.0,2.1,120,4,1260,12,2.1,600,min,s3_top10,0.30582084033007284,0.0,0.25,0.08333333333333333,12,0.29251065514488767,secondary,primary_all|top_up,EGFR
0.3017731556704894,600,1.0,0.0,2.5,0.8333333333333333,1.0,1.0,120,4,600,1,1.0,600,min,s3_top25,0.29251065514488767,0.0,0.25,0.041666666666666664,1,0.29251065514488767,secondary,primary_all|top_up,EGFR
0.42466772314491724,1200,1.0,2.5,2.0833333333333335,1.6666666666666665,1.0,1.8666666666666667,120,4,1200,5,2.0,600,min,s3_top25,0.32628290141713395,0.041666666666666664,0.20833333333333334,0.08333333333333333,5,0.29251065514488767,secondary,primary_all|top_up,EGFR
0.3135011620235204,2400,1.0,0.0,1.6666666666666665,1.6666666666666665,1.0,3.3833333333333333,120,4,2250,12,3.75,600,min,s3_top25,0.28920112390385483,0.0,0.16666666666666666,0.08333333333333333,12,0.29251065514488767,secondary,primary_all|top_up,EGFR
0.3135011620235204,3600,1.0,0.0,1.6666666666666665,1.6666666666666665,1.0,3.3833333333333333,120,4,2250,12,3.75,600,min,s3_top25,0.28920112390385483,0.0,0.16666666666666666,0.08333333333333333,12,0.29251065514488767,secondary,primary_all|top_up,EGFR
0.3135011620235204,4800,1.0,0.0,1.6666666666666665,1.6666666666666665,1.0,3.3833333333333333,120,4,2250,12,3.75,600,min,s3_top25,0.28920112390385483,0.0,0.16666666666666666,0.08333333333333333,12,0.29251065514488767,secondary,primary_all|top_up,EGFR
0.3017731556704894,600,1.0,0.0,2.5,0.8333333333333333,1.0,1.0,120,4,600,1,1.0,600,min,s3_top50,0.29251065514488767,0.0,0.25,0.041666666666666664,1,0.29251065514488767,secondary,primary_all|top_up,EGFR
0.4238302843110913,1200,1.0,2.5,2.0833333333333335,1.6666666666666665,1.0,2.0166666666666666,120,4,1200,3,2.0,600,min,s3_top50,0.33946538425118616,0.041666666666666664,0.20833333333333334,0.08333333333333333,3,0.29251065514488767,secondary,primary_all|top_up,EGFR
0.29025631043895506,2400,1.0,0.0,1.25,1.6666666666666665,1.0,4.05,120,4,2400,7,4.0,600,min,s3_top50,0.2848936262060641,0.0,0.125,0.08333333333333333,7,0.29251065514488767,secondary,primary_all|top_up,EGFR
0.2813064627687677,3600,1.0,0.0,1.25,1.6666666666666665,1.0,6.083333333333333,120,4,3600,11,6.0,600,min,s3_top50,0.2773898808610434,0.0,0.125,0.08333333333333333,11,0.29251065514488767,secondary,primary_all|top_up,EGFR
0.2813064627687677,4800,1.0,0.0,1.25,1.6666666666666665,1.0,6.591666666666667,120,4,3900,12,6.5,600,min,s3_top50,0.2773898808610434,0.0,0.125,0.08333333333333333,12,0.29251065514488767,secondary,primary_all|top_up,EGFR
0.517379684198012,600,0.7916666666666666,2.5,2.5,3.333333333333333,0.7666666666666667,1.2282608695652173,120,4,600,3,1.263157894736842,475,min,s4_scaffold25,0.3993736623851947,0.041666666666666664,0.25,0.16666666666666666,3,0.29251065514488767,secondary,scaffold_representatives|expand_top_groups,EGFR
0.3527921909387712,1200,0.7916666666666666,0.0,2.0833333333333335,1.6666666666666665,0.7666666666666667,2.1956521739130435,120,4,1200,7,2.526315789473684,475,min,s4_scaffold25,0.3367193542612042,0.0,0.20833333333333334,0.08333333333333333,7,0.29251065514488767,secondary,scaffold_representatives|expand_top_groups,EGFR
0.33911357885606763,2400,0.7916666666666666,0.0,2.0833333333333335,1.6666666666666665,0.7666666666666667,3.5869565217391304,120,4,2065,12,4.347368421052631,475,min,s4_scaffold25,0.33231563570307393,0.0,0.20833333333333334,0.08333333333333333,12,0.29251065514488767,secondary,scaffold_representatives|expand_top_groups,EGFR
0.33911357885606763,3600,0.7916666666666666,0.0,2.0833333333333335,1.6666666666666665,0.7666666666666667,3.5869565217391304,120,4,2065,12,4.347368421052631,475,min,s4_scaffold25,0.33231563570307393,0.0,0.20833333333333334,0.08333333333333333,12,0.29251065514488767,secondary,scaffold_representatives|expand_top_groups,EGFR
0.33911357885606763,4800,0.7916666666666666,0.0,2.0833333333333335,1.6666666666666665,0.7666666666666667,3.5869565217391304,120,4,2065,12,4.347368421052631,475,min,s4_scaffold25,0.33231563570307393,0.0,0.20833333333333334,0.08333333333333333,12,0.29251065514488767,secondary,scaffold_representatives|expand_top_groups,EGFR
0.5411881038966541,600,0.8,2.5,2.5,3.333333333333333,0.7916666666666666,1.2210526315789474,120,4,600,2,1.25,480,min,s4_scaffold50,0.40215903734225883,0.041666666666666664,0.25,0.16666666666666666,2,0.29251065514488767,secondary,scaffold_representatives|expand_top_groups,EGFR
0.4252208574239659,1200,0.8466666666666667,2.5,2.0833333333333335,1.6666666666666665,0.8583333333333333,2.262135922330097,120,4,1200,4,2.3622047244094486,508,min,s4_scaffold50,0.3365341198080573,0.041666666666666664,0.20833333333333334,0.08333333333333333,4,0.29251065514488767,secondary,scaffold_representatives|expand_top_groups,EGFR
0.28519075853002773,2400,0.8466666666666667,0.0,1.25,1.6666666666666665,0.8583333333333333,4.466019417475728,120,4,2400,8,4.724409448818897,508,min,s4_scaffold50,0.282468249898368,0.0,0.125,0.08333333333333333,8,0.29251065514488767,secondary,scaffold_representatives|expand_top_groups,EGFR
0.2784592290781886,3600,0.8466666666666667,0.0,1.25,1.6666666666666665,0.8583333333333333,6.689320388349515,120,4,3600,12,7.086614173228346,508,min,s4_scaffold50,0.2756616733671289,0.0,0.125,0.08333333333333333,12,0.29251065514488767,secondary,scaffold_representatives|expand_top_groups,EGFR
0.2784592290781886,4800,0.8466666666666667,0.0,1.25,1.6666666666666665,0.8583333333333333,6.728155339805825,120,4,3627,12,7.139763779527559,508,min,s4_scaffold50,0.2756616733671289,0.0,0.125,0.08333333333333333,12,0.29251065514488767,secondary,scaffold_representatives|expand_top_groups,EGFR
0.2813144678196907,600,1.0,0.0,1.25,1.6666666666666665,1.0,1.0,120,4,600,1,1.0,600,min,s5_score_oracle,0.28410974912923487,0.0,0.125,0.08333333333333333,11,0.29251065514488767,secondary,score_oracle,EGFR
0.2813144678196907,1200,1.0,0.0,1.25,1.6666666666666665,1.0,2.0,120,4,1200,2,2.0,600,min,s5_score_oracle,0.28410974912923487,0.0,0.125,0.08333333333333333,12,0.29251065514488767,secondary,score_oracle,EGFR
0.2813144678196907,2400,1.0,0.0,1.25,1.6666666666666665,1.0,4.0,120,4,2400,4,4.0,600,min,s5_score_oracle,0.28410974912923487,0.0,0.125,0.08333333333333333,12,0.29251065514488767,secondary,score_oracle,EGFR
0.2813144678196907,3600,1.0,0.0,1.25,1.6666666666666665,1.0,6.0,120,4,3600,6,6.0,600,min,s5_score_oracle,0.28410974912923487,0.0,0.125,0.08333333333333333,12,0.29251065514488767,secondary,score_oracle,EGFR
0.2813144678196907,4800,1.0,0.0,1.25,1.6666666666666665,1.0,8.0,120,4,4800,8,8.0,600,min,s5_score_oracle,0.28410974912923487,0.0,0.125,0.08333333333333333,12,0.29251065514488767,secondary,score_oracle,EGFR
0.2595049474709724,600,1.0,0.0,1.6666666666666665,0.8333333333333333,1.0,1.0,120,5,600,1,1.0,600,mean,s1_width,0.2752781823066089,0.0,0.16666666666666666,0.041666666666666664,1,0.2752781823066089,secondary,width,EGFR
0.2595049474709724,1200,1.0,0.0,1.6666666666666665,0.8333333333333333,1.0,1.0,120,5,600,1,1.0,600,mean,s1_width,0.2752781823066089,0.0,0.16666666666666666,0.041666666666666664,1,0.2752781823066089,secondary,width,EGFR
0.2595049474709724,2400,1.0,0.0,1.6666666666666665,0.8333333333333333,1.0,1.0,120,5,600,1,1.0,600,mean,s1_width,0.2752781823066089,0.0,0.16666666666666666,0.041666666666666664,1,0.2752781823066089,secondary,width,EGFR
0.2595049474709724,3600,1.0,0.0,1.6666666666666665,0.8333333333333333,1.0,1.0,120,5,600,1,1.0,600,mean,s1_width,0.2752781823066089,0.0,0.16666666666666666,0.041666666666666664,1,0.2752781823066089,secondary,width,EGFR
0.2595049474709724,4800,1.0,0.0,1.6666666666666665,0.8333333333333333,1.0,1.0,120,5,600,1,1.0,600,mean,s1_width,0.2752781823066089,0.0,0.16666666666666666,0.041666666666666664,1,0.2752781823066089,secondary,width,EGFR
0.2595049474709724,600,1.0,0.0,1.6666666666666665,0.8333333333333333,1.0,1.0,120,5,600,1,1.0,600,mean,s2_uniform,0.2752781823066089,0.0,0.16666666666666666,0.041666666666666664,1,0.2752781823066089,secondary,uniform,EGFR
0.30375624740454915,1200,1.0,2.5,1.6666666666666665,0.8333333333333333,1.0,2.0,120,5,1200,2,2.0,600,mean,s2_uniform,0.29821958750986804,0.041666666666666664,0.16666666666666666,0.041666666666666664,2,0.2752781823066089,secondary,uniform,EGFR
0.32029160042114296,2400,1.0,2.5,1.6666666666666665,0.8333333333333333,1.0,4.0,120,5,2400,4,4.0,600,mean,s2_uniform,0.30665679066081974,0.041666666666666664,0.16666666666666666,0.041666666666666664,4,0.2752781823066089,secondary,uniform,EGFR
0.23141915774883395,3600,1.0,0.0,1.25,0.8333333333333333,1.0,6.0,120,5,3600,6,6.0,600,mean,s2_uniform,0.2719761435794394,0.0,0.125,0.041666666666666664,6,0.2752781823066089,secondary,uniform,EGFR
0.1917698328189614,4800,1.0,0.0,1.25,0.8333333333333333,1.0,8.0,120,5,4800,8,8.0,600,mean,s2_uniform,0.2657115284276593,0.0,0.125,0.041666666666666664,8,0.2752781823066089,secondary,uniform,EGFR
0.2595049474709724,600,1.0,0.0,1.6666666666666665,0.8333333333333333,1.0,1.0,120,5,600,1,1.0,600,mean,s3_top10,0.2752781823066089,0.0,0.16666666666666666,0.041666666666666664,1,0.2752781823066089,secondary,primary_all|top_up,EGFR
0.18919562833597203,1200,1.0,0.0,1.25,0.8333333333333333,1.0,2.0,120,5,1200,11,2.0,600,mean,s3_top10,0.24996267794235147,0.0,0.125,0.041666666666666664,11,0.2752781823066089,secondary,primary_all|top_up,EGFR
0.2057983890202357,2400,1.0,0.0,0.8333333333333333,0.8333333333333333,1.0,2.1,120,5,1260,12,2.1,600,mean,s3_top10,0.24937211309439952,0.0,0.08333333333333333,0.041666666666666664,12,0.2752781823066089,secondary,primary_all|top_up,EGFR
0.2057983890202357,3600,1.0,0.0,0.8333333333333333,0.8333333333333333,1.0,2.1,120,5,1260,12,2.1,600,mean,s3_top10,0.24937211309439952,0.0,0.08333333333333333,0.041666666666666664,12,0.2752781823066089,secondary,primary_all|top_up,EGFR
0.2057983890202357,4800,1.0,0.0,0.8333333333333333,0.8333333333333333,1.0,2.1,120,5,1260,12,2.1,600,mean,s3_top10,0.24937211309439952,0.0,0.08333333333333333,0.041666666666666664,12,0.2752781823066089,secondary,primary_all|top_up,EGFR
0.2595049474709724,600,1.0,0.0,1.6666666666666665,0.8333333333333333,1.0,1.0,120,5,600,1,1.0,600,mean,s3_top25,0.2752781823066089,0.0,0.16666666666666666,0.041666666666666664,1,0.2752781823066089,secondary,primary_all|top_up,EGFR
0.2658128543288244,1200,1.0,2.5,1.6666666666666665,0.8333333333333333,1.0,2.033333333333333,120,5,1200,5,2.0,600,mean,s3_top25,0.26756474837724037,0.041666666666666664,0.16666666666666666,0.041666666666666664,5,0.2752781823066089,secondary,primary_all|top_up,EGFR
0.12980154817023018,2400,1.0,0.0,0.8333333333333333,0.8333333333333333,1.0,3.841666666666667,120,5,2250,12,3.75,600,mean,s3_top25,0.22332669314314366,0.0,0.08333333333333333,0.041666666666666664,12,0.2752781823066089,secondary,primary_all|top_up,EGFR
0.12980154817023018,3600,1.0,0.0,0.8333333333333333,0.8333333333333333,1.0,3.841666666666667,120,5,2250,12,3.75,600,mean,s3_top25,0.22332669314314366,0.0,0.08333333333333333,0.041666666666666664,12,0.2752781823066089,secondary,primary_all|top_up,EGFR
0.12980154817023018,4800,1.0,0.0,0.8333333333333333,0.8333333333333333,1.0,3.841666666666667,120,5,2250,12,3.75,600,mean,s3_top25,0.22332669314314366,0.0,0.08333333333333333,0.041666666666666664,12,0.2752781823066089,secondary,primary_all|top_up,EGFR
0.2595049474709724,600,1.0,0.0,1.6666666666666665,0.8333333333333333,1.0,1.0,120,5,600,1,1.0,600,mean,s3_top50,0.2752781823066089,0.0,0.16666666666666666,0.041666666666666664,1,0.2752781823066089,secondary,primary_all|top_up,EGFR
0.3196645435438905,1200,1.0,2.5,1.6666666666666665,0.8333333333333333,1.0,2.033333333333333,120,5,1200,3,2.0,600,mean,s3_top50,0.3043358315459795,0.041666666666666664,0.16666666666666666,0.041666666666666664,3,0.2752781823066089,secondary,primary_all|top_up,EGFR
0.20548592949675848,2400,1.0,0.0,1.25,0.8333333333333333,1.0,4.1,120,5,2400,7,4.0,600,mean,s3_top50,0.2604032776891065,0.0,0.125,0.041666666666666664,7,0.2752781823066089,secondary,primary_all|top_up,EGFR
0.16611446190385348,3600,1.0,0.0,1.25,0.8333333333333333,1.0,6.166666666666667,120,5,3600,11,6.0,600,mean,s3_top50,0.24377329518745613,0.0,0.125,0.041666666666666664,11,0.2752781823066089,secondary,primary_all|top_up,EGFR
0.14622317372767138,4800,1.0,0.0,0.8333333333333333,0.8333333333333333,1.0,6.683333333333334,120,5,3900,12,6.5,600,mean,s3_top50,0.2371105118362129,0.0,0.08333333333333333,0.041666666666666664,12,0.2752781823066089,secondary,primary_all|top_up,EGFR
0.32986512332401624,600,0.7783333333333333,2.5,1.6666666666666665,0.8333333333333333,0.825,1.2828282828282829,120,5,600,3,1.284796573875803,467,mean,s4_scaffold25,0.31818611224401316,0.041666666666666664,0.16666666666666666,0.041666666666666664,3,0.2752781823066089,secondary,scaffold_representatives|expand_top_groups,EGFR
0.2444731104991217,1200,0.7783333333333333,0.0,1.25,0.8333333333333333,0.825,2.727272727272727,120,5,1200,7,2.569593147751606,467,mean,s4_scaffold25,0.2735904590945158,0.0,0.125,0.041666666666666664,7,0.2752781823066089,secondary,scaffold_representatives|expand_top_groups,EGFR
0.17206081803380083,2400,0.7783333333333333,0.0,1.25,0.8333333333333333,0.825,4.666666666666667,120,5,1977,12,4.233404710920771,467,mean,s4_scaffold25,0.24363756829598518,0.0,0.125,0.041666666666666664,12,0.2752781823066089,secondary,scaffold_representatives|expand_top_groups,EGFR
0.17206081803380083,3600,0.7783333333333333,0.0,1.25,0.8333333333333333,0.825,4.666666666666667,120,5,1977,12,4.233404710920771,467,mean,s4_scaffold25,0.24363756829598518,0.0,0.125,0.041666666666666664,12,0.2752781823066089,secondary,scaffold_representatives|expand_top_groups,EGFR
0.17206081803380083,4800,0.7783333333333333,0.0,1.25,0.8333333333333333,0.825,4.666666666666667,120,5,1977,12,4.233404710920771,467,mean,s4_scaffold25,0.24363756829598518,0.0,0.125,0.041666666666666664,12,0.2752781823066089,secondary,scaffold_representatives|expand_top_groups,EGFR
0.3072572367464317,600,0.7883333333333333,2.5,1.6666666666666665,0.8333333333333333,0.825,1.2727272727272727,120,5,600,2,1.2684989429175475,473,mean,s4_scaffold50,0.3103732531865257,0.041666666666666664,0.16666666666666666,0.041666666666666664,2,0.2752781823066089,secondary,scaffold_representatives|expand_top_groups,EGFR
0.3208351332365809,1200,0.8233333333333334,2.5,1.6666666666666665,0.8333333333333333,0.85,2.519607843137255,120,5,1200,4,2.42914979757085,494,mean,s4_scaffold50,0.3063002873354306,0.041666666666666664,0.16666666666666666,0.041666666666666664,4,0.2752781823066089,secondary,scaffold_representatives|expand_top_groups,EGFR
0.1897315921542109,2400,0.8233333333333334,0.0,1.25,0.8333333333333333,0.85,5.098039215686274,120,5,2400,9,4.8582995951417,494,mean,s4_scaffold50,0.2587116193414047,0.0,0.125,0.041666666666666664,9,0.2752781823066089,secondary,scaffold_representatives|expand_top_groups,EGFR
0.155067028833993,3600,0.8233333333333334,0.0,0.8333333333333333,0.8333333333333333,0.85,7.4411764705882355,120,5,3473,12,7.030364372469635,494,mean,s4_scaffold50,0.25077868430468325,0.0,0.08333333333333333,0.041666666666666664,12,0.2752781823066089,secondary,scaffold_representatives|expand_top_groups,EGFR
0.155067028833993,4800,0.8233333333333334,0.0,0.8333333333333333,0.8333333333333333,0.85,7.4411764705882355,120,5,3473,12,7.030364372469635,494,mean,s4_scaffold50,0.25077868430468325,0.0,0.08333333333333333,0.041666666666666664,12,0.2752781823066089,secondary,scaffold_representatives|expand_top_groups,EGFR
0.2139454497270608,600,1.0,2.5,0.8333333333333333,0.8333333333333333,1.0,1.0,120,5,600,1,1.0,600,mean,s5_score_oracle,0.25909803808877024,0.041666666666666664,0.08333333333333333,0.041666666666666664,11,0.2752781823066089,secondary,score_oracle,EGFR
0.2244624969230374,1200,1.0,2.5,1.25,0.8333333333333333,1.0,2.0,120,5,1200,2,2.0,600,mean,s5_score_oracle,0.26770702494811693,0.041666666666666664,0.125,0.041666666666666664,12,0.2752781823066089,secondary,score_oracle,EGFR
0.19964029203408698,2400,1.0,0.0,1.25,0.8333333333333333,1.0,4.0,120,5,2400,4,4.0,600,mean,s5_score_oracle,0.25836070009863593,0.0,0.125,0.041666666666666664,12,0.2752781823066089,secondary,score_oracle,EGFR
0.18403552305039672,3600,1.0,0.0,1.25,0.8333333333333333,1.0,6.0,120,5,3600,6,6.0,600,mean,s5_score_oracle,0.2553205116212694,0.0,0.125,0.041666666666666664,12,0.2752781823066089,secondary,score_oracle,EGFR
0.1815228362358787,4800,1.0,0.0,1.25,0.8333333333333333,1.0,8.0,120,5,4800,8,8.0,600,mean,s5_score_oracle,0.25361773328127374,0.0,0.125,0.041666666666666664,12,0.2752781823066089,secondary,score_oracle,EGFR
0.2595049474709724,600,1.0,0.0,1.6666666666666665,0.8333333333333333,1.0,1.0,120,5,600,1,1.0,600,min,s1_width,0.2752781823066089,0.0,0.16666666666666666,0.041666666666666664,1,0.2752781823066089,secondary,width,EGFR
0.2595049474709724,1200,1.0,0.0,1.6666666666666665,0.8333333333333333,1.0,1.0,120,5,600,1,1.0,600,min,s1_width,0.2752781823066089,0.0,0.16666666666666666,0.041666666666666664,1,0.2752781823066089,secondary,width,EGFR
0.2595049474709724,2400,1.0,0.0,1.6666666666666665,0.8333333333333333,1.0,1.0,120,5,600,1,1.0,600,min,s1_width,0.2752781823066089,0.0,0.16666666666666666,0.041666666666666664,1,0.2752781823066089,secondary,width,EGFR
0.2595049474709724,3600,1.0,0.0,1.6666666666666665,0.8333333333333333,1.0,1.0,120,5,600,1,1.0,600,min,s1_width,0.2752781823066089,0.0,0.16666666666666666,0.041666666666666664,1,0.2752781823066089,secondary,width,EGFR
0.2595049474709724,4800,1.0,0.0,1.6666666666666665,0.8333333333333333,1.0,1.0,120,5,600,1,1.0,600,min,s1_width,0.2752781823066089,0.0,0.16666666666666666,0.041666666666666664,1,0.2752781823066089,secondary,width,EGFR
0.2595049474709724,600,1.0,0.0,1.6666666666666665,0.8333333333333333,1.0,1.0,120,5,600,1,1.0,600,min,s2_uniform,0.2752781823066089,0.0,0.16666666666666666,0.041666666666666664,1,0.2752781823066089,secondary,uniform,EGFR
0.2762527571534262,1200,1.0,2.5,1.6666666666666665,0.8333333333333333,1.0,2.0,120,5,1200,2,2.0,600,min,s2_uniform,0.2893861664331147,0.041666666666666664,0.16666666666666666,0.041666666666666664,2,0.2752781823066089,secondary,uniform,EGFR
0.27289531510065645,2400,1.0,2.5,1.6666666666666665,0.8333333333333333,1.0,4.0,120,5,2400,4,4.0,600,min,s2_uniform,0.28223023620499804,0.041666666666666664,0.16666666666666666,0.041666666666666664,4,0.2752781823066089,secondary,uniform,EGFR
0.2203962909822411,3600,1.0,2.5,1.25,0.8333333333333333,1.0,6.0,120,5,3600,6,6.0,600,min,s2_uniform,0.2643661255451739,0.041666666666666664,0.125,0.041666666666666664,6,0.2752781823066089,secondary,uniform,EGFR
0.2139454497270608,4800,1.0,2.5,0.8333333333333333,0.8333333333333333,1.0,8.0,120,5,4800,8,8.0,600,min,s2_uniform,0.25909803808877024,0.041666666666666664,0.08333333333333333,0.041666666666666664,8,0.2752781823066089,secondary,uniform,EGFR
0.2595049474709724,600,1.0,0.0,1.6666666666666665,0.8333333333333333,1.0,1.0,120,5,600,1,1.0,600,min,s3_top10,0.2752781823066089,0.0,0.16666666666666666,0.041666666666666664,1,0.2752781823066089,secondary,primary_all|top_up,EGFR
0.2974178297468258,1200,1.0,2.5,1.6666666666666665,0.8333333333333333,1.0,2.0,120,5,1200,11,2.0,600,min,s3_top10,0.30280944733787396,0.041666666666666664,0.16666666666666666,0.041666666666666664,11,0.2752781823066089,secondary,primary_all|top_up,EGFR
0.2974178297468258,2400,1.0,2.5,1.6666666666666665,0.8333333333333333,1.0,2.1,120,5,1260,12,2.1,600,min,s3_top10,0.30280944733787396,0.041666666666666664,0.16666666666666666,0.041666666666666664,12,0.2752781823066089,secondary,primary_all|top_up,EGFR
0.2974178297468258,3600,1.0,2.5,1.6666666666666665,0.8333333333333333,1.0,2.1,120,5,1260,12,2.1,600,min,s3_top10,0.30280944733787396,0.041666666666666664,0.16666666666666666,0.041666666666666664,12,0.2752781823066089,secondary,primary_all|top_up,EGFR
0.2974178297468258,4800,1.0,2.5,1.6666666666666665,0.8333333333333333,1.0,2.1,120,5,1260,12,2.1,600,min,s3_top10,0.30280944733787396,0.041666666666666664,0.16666666666666666,0.041666666666666664,12,0.2752781823066089,secondary,primary_all|top_up,EGFR
0.2595049474709724,600,1.0,0.0,1.6666666666666665,0.8333333333333333,1.0,1.0,120,5,600,1,1.0,600,min,s3_top25,0.2752781823066089,0.0,0.16666666666666666,0.041666666666666664,1,0.2752781823066089,secondary,primary_all|top_up,EGFR
0.28585182060222025,1200,1.0,2.5,1.6666666666666665,0.8333333333333333,1.0,2.033333333333333,120,5,1200,5,2.0,600,min,s3_top25,0.294497887051676,0.041666666666666664,0.16666666666666666,0.041666666666666664,5,0.2752781823066089,secondary,primary_all|top_up,EGFR
0.22494464659860494,2400,1.0,2.5,0.8333333333333333,0.8333333333333333,1.0,3.841666666666667,120,5,2250,12,3.75,600,min,s3_top25,0.2669260657570286,0.041666666666666664,0.08333333333333333,0.041666666666666664,12,0.2752781823066089,secondary,primary_all|top_up,EGFR
0.22494464659860494,3600,1.0,2.5,0.8333333333333333,0.8333333333333333,1.0,3.841666666666667,120,5,2250,12,3.75,600,min,s3_top25,0.2669260657570286,0.041666666666666664,0.08333333333333333,0.041666666666666664,12,0.2752781823066089,secondary,primary_all|top_up,EGFR
0.22494464659860494,4800,1.0,2.5,0.8333333333333333,0.8333333333333333,1.0,3.841666666666667,120,5,2250,12,3.75,600,min,s3_top25,0.2669260657570286,0.041666666666666664,0.08333333333333333,0.041666666666666664,12,0.2752781823066089,secondary,primary_all|top_up,EGFR
0.2595049474709724,600,1.0,0.0,1.6666666666666665,0.8333333333333333,1.0,1.0,120,5,600,1,1.0,600,min,s3_top50,0.2752781823066089,0.0,0.16666666666666666,0.041666666666666664,1,0.2752781823066089,secondary,primary_all|top_up,EGFR
0.2748408809268025,1200,1.0,2.5,1.6666666666666665,0.8333333333333333,1.0,2.033333333333333,120,5,1200,3,2.0,600,min,s3_top50,0.2880369569358308,0.041666666666666664,0.16666666666666666,0.041666666666666664,3,0.2752781823066089,secondary,primary_all|top_up,EGFR
0.2168442340791555,2400,1.0,2.5,1.25,0.8333333333333333,1.0,4.1,120,5,2400,7,4.0,600,min,s3_top50,0.25629388323446983,0.041666666666666664,0.125,0.041666666666666664,7,0.2752781823066089,secondary,primary_all|top_up,EGFR
0.21302227711215704,3600,1.0,2.5,0.8333333333333333,0.8333333333333333,1.0,6.166666666666667,120,5,3600,11,6.0,600,min,s3_top50,0.25622864487497504,0.041666666666666664,0.08333333333333333,0.041666666666666664,11,0.2752781823066089,secondary,primary_all|top_up,EGFR
0.21302227711215704,4800,1.0,2.5,0.8333333333333333,0.8333333333333333,1.0,6.683333333333334,120,5,3900,12,6.5,600,min,s3_top50,0.25622864487497504,0.041666666666666664,0.08333333333333333,0.041666666666666664,12,0.2752781823066089,secondary,primary_all|top_up,EGFR
0.29032382850703,600,0.7783333333333333,2.5,1.6666666666666665,0.8333333333333333,0.825,1.2828282828282829,120,5,600,3,1.284796573875803,467,min,s4_scaffold25,0.30658431874883735,0.041666666666666664,0.16666666666666666,0.041666666666666664,3,0.2752781823066089,secondary,scaffold_representatives|expand_top_groups,EGFR
0.22805022793249832,1200,0.7783333333333333,2.5,1.25,0.8333333333333333,0.825,2.727272727272727,120,5,1200,7,2.569593147751606,467,min,s4_scaffold25,0.26843914988189005,0.041666666666666664,0.125,0.041666666666666664,7,0.2752781823066089,secondary,scaffold_representatives|expand_top_groups,EGFR
0.2207209489104015,2400,0.7783333333333333,2.5,0.8333333333333333,0.8333333333333333,0.825,4.666666666666667,120,5,1977,12,4.233404710920771,467,min,s4_scaffold25,0.265954390862637,0.041666666666666664,0.08333333333333333,0.041666666666666664,12,0.2752781823066089,secondary,scaffold_representatives|expand_top_groups,EGFR
0.2207209489104015,3600,0.7783333333333333,2.5,0.8333333333333333,0.8333333333333333,0.825,4.666666666666667,120,5,1977,12,4.233404710920771,467,min,s4_scaffold25,0.265954390862637,0.041666666666666664,0.08333333333333333,0.041666666666666664,12,0.2752781823066089,secondary,scaffold_representatives|expand_top_groups,EGFR
0.2207209489104015,4800,0.7783333333333333,2.5,0.8333333333333333,0.8333333333333333,0.825,4.666666666666667,120,5,1977,12,4.233404710920771,467,min,s4_scaffold25,0.265954390862637,0.041666666666666664,0.08333333333333333,0.041666666666666664,12,0.2752781823066089,secondary,scaffold_representatives|expand_top_groups,EGFR
0.29032382850703,600,0.7883333333333333,2.5,1.6666666666666665,0.8333333333333333,0.825,1.2727272727272727,120,5,600,2,1.2684989429175475,473,min,s4_scaffold50,0.30658431874883735,0.041666666666666664,0.16666666666666666,0.041666666666666664,2,0.2752781823066089,secondary,scaffold_representatives|expand_top_groups,EGFR
0.2747442477599385,1200,0.8233333333333334,2.5,1.6666666666666665,0.8333333333333333,0.85,2.519607843137255,120,5,1200,4,2.42914979757085,494,min,s4_scaffold50,0.29025122046074364,0.041666666666666664,0.16666666666666666,0.041666666666666664,4,0.2752781823066089,secondary,scaffold_representatives|expand_top_groups,EGFR
0.21293858492657344,2400,0.8233333333333334,2.5,0.8333333333333333,0.8333333333333333,0.85,5.098039215686274,120,5,2400,9,4.8582995951417,494,min,s4_scaffold50,0.2536685543671377,0.041666666666666664,0.08333333333333333,0.041666666666666664,9,0.2752781823066089,secondary,scaffold_representatives|expand_top_groups,EGFR
0.21293858492657344,3600,0.8233333333333334,2.5,0.8333333333333333,0.8333333333333333,0.85,7.4411764705882355,120,5,3473,12,7.030364372469635,494,min,s4_scaffold50,0.2536685543671377,0.041666666666666664,0.08333333333333333,0.041666666666666664,12,0.2752781823066089,secondary,scaffold_representatives|expand_top_groups,EGFR
0.21293858492657344,4800,0.8233333333333334,2.5,0.8333333333333333,0.8333333333333333,0.85,7.4411764705882355,120,5,3473,12,7.030364372469635,494,min,s4_scaffold50,0.2536685543671377,0.041666666666666664,0.08333333333333333,0.041666666666666664,12,0.2752781823066089,secondary,scaffold_representatives|expand_top_groups,EGFR
0.2139454497270608,600,1.0,2.5,0.8333333333333333,0.8333333333333333,1.0,1.0,120,5,600,1,1.0,600,min,s5_score_oracle,0.25909803808877024,0.041666666666666664,0.08333333333333333,0.041666666666666664,11,0.2752781823066089,secondary,score_oracle,EGFR
0.2139454497270608,1200,1.0,2.5,0.8333333333333333,0.8333333333333333,1.0,2.0,120,5,1200,2,2.0,600,min,s5_score_oracle,0.25909803808877024,0.041666666666666664,0.08333333333333333,0.041666666666666664,12,0.2752781823066089,secondary,score_oracle,EGFR
0.2139454497270608,2400,1.0,2.5,0.8333333333333333,0.8333333333333333,1.0,4.0,120,5,2400,4,4.0,600,min,s5_score_oracle,0.25909803808877024,0.041666666666666664,0.08333333333333333,0.041666666666666664,12,0.2752781823066089,secondary,score_oracle,EGFR
0.2139454497270608,3600,1.0,2.5,0.8333333333333333,0.8333333333333333,1.0,6.0,120,5,3600,6,6.0,600,min,s5_score_oracle,0.25909803808877024,0.041666666666666664,0.08333333333333333,0.041666666666666664,12,0.2752781823066089,secondary,score_oracle,EGFR
0.2139454497270608,4800,1.0,2.5,0.8333333333333333,0.8333333333333333,1.0,8.0,120,5,4800,8,8.0,600,min,s5_score_oracle,0.25909803808877024,0.041666666666666664,0.08333333333333333,0.041666666666666664,12,0.2752781823066089,secondary,score_oracle,EGFR
0.9797486151029245,600,1.0,5.0,5.0,5.0,1.0,1.0,120,1,600,1,1.0,600,mean,s1_width,0.9144458439161149,0.08333333333333333,0.5,0.25,1,0.9144458439161149,pool,width,PPARA_pool30
0.9797486151029245,1200,1.0,5.0,5.0,5.0,1.0,1.0,120,1,600,1,1.0,600,mean,s1_width,0.9144458439161149,0.08333333333333333,0.5,0.25,1,0.9144458439161149,pool,width,PPARA_pool30
0.9797486151029245,2400,1.0,5.0,5.0,5.0,1.0,1.0,120,1,600,1,1.0,600,mean,s1_width,0.9144458439161149,0.08333333333333333,0.5,0.25,1,0.9144458439161149,pool,width,PPARA_pool30
0.9797486151029245,3600,1.0,5.0,5.0,5.0,1.0,1.0,120,1,600,1,1.0,600,mean,s1_width,0.9144458439161149,0.08333333333333333,0.5,0.25,1,0.9144458439161149,pool,width,PPARA_pool30
0.9797486151029245,4800,1.0,5.0,5.0,5.0,1.0,1.0,120,1,600,1,1.0,600,mean,s1_width,0.9144458439161149,0.08333333333333333,0.5,0.25,1,0.9144458439161149,pool,width,PPARA_pool30
0.9797486151029245,600,1.0,5.0,5.0,5.0,1.0,1.0,120,1,600,1,1.0,600,mean,s2_uniform,0.9144458439161149,0.08333333333333333,0.5,0.25,1,0.9144458439161149,pool,uniform,PPARA_pool30
0.9757526065308041,1200,1.0,5.0,4.583333333333333,5.0,1.0,2.0,120,1,1200,2,2.0,600,mean,s2_uniform,0.9606052178220791,0.08333333333333333,0.4583333333333333,0.25,2,0.9144458439161149,pool,uniform,PPARA_pool30
0.9900259369855022,2400,1.0,5.0,5.0,5.0,1.0,4.0,120,1,2400,4,4.0,600,mean,s2_uniform,0.9755664310369688,0.08333333333333333,0.5,0.25,4,0.9144458439161149,pool,uniform,PPARA_pool30
0.9915585334969731,3600,1.0,5.0,5.0,5.0,1.0,6.0,120,1,3600,6,6.0,600,mean,s2_uniform,0.9827779694985073,0.08333333333333333,0.5,0.25,6,0.9144458439161149,pool,uniform,PPARA_pool30
0.9849492432735202,4800,1.0,5.0,5.0,5.0,1.0,8.0,120,1,4800,8,8.0,600,mean,s2_uniform,0.9764835062003675,0.08333333333333333,0.5,0.25,8,0.9144458439161149,pool,uniform,PPARA_pool30
0.9797486151029245,600,1.0,5.0,5.0,5.0,1.0,1.0,120,1,600,1,1.0,600,mean,s3_top10,0.9144458439161149,0.08333333333333333,0.5,0.25,1,0.9144458439161149,pool,primary_all|top_up,PPARA_pool30
0.9797486151029245,1200,1.0,5.0,5.0,5.0,1.0,1.8333333333333333,120,1,1200,11,2.0,600,mean,s3_top10,0.9144458439161149,0.08333333333333333,0.5,0.25,11,0.9144458439161149,pool,primary_all|top_up,PPARA_pool30
0.9797486151029245,2400,1.0,5.0,5.0,5.0,1.0,3.4166666666666665,120,1,2340,30,3.9,600,mean,s3_top10,0.9144458439161149,0.08333333333333333,0.5,0.25,30,0.9144458439161149,pool,primary_all|top_up,PPARA_pool30
0.9797486151029245,3600,1.0,5.0,5.0,5.0,1.0,3.4166666666666665,120,1,2340,30,3.9,600,mean,s3_top10,0.9144458439161149,0.08333333333333333,0.5,0.25,30,0.9144458439161149,pool,primary_all|top_up,PPARA_pool30
0.9797486151029245,4800,1.0,5.0,5.0,5.0,1.0,3.4166666666666665,120,1,2340,30,3.9,600,mean,s3_top10,0.9144458439161149,0.08333333333333333,0.5,0.25,30,0.9144458439161149,pool,primary_all|top_up,PPARA_pool30
0.9797486151029245,600,1.0,5.0,5.0,5.0,1.0,1.0,120,1,600,1,1.0,600,mean,s3_top25,0.9144458439161149,0.08333333333333333,0.5,0.25,1,0.9144458439161149,pool,primary_all|top_up,PPARA_pool30
0.9795847694587565,1200,1.0,5.0,5.0,5.0,1.0,1.8333333333333333,120,1,1200,5,2.0,600,mean,s3_top25,0.9228672846295322,0.08333333333333333,0.5,0.25,5,0.9144458439161149,pool,primary_all|top_up,PPARA_pool30
0.9832235607750199,2400,1.0,5.0,5.0,5.0,1.0,3.5,120,1,2400,13,4.0,600,mean,s3_top25,0.9276330798365039,0.08333333333333333,0.5,0.25,13,0.9144458439161149,pool,primary_all|top_up,PPARA_pool30
0.9815554314302304,3600,1.0,5.0,5.0,5.0,1.0,5.166666666666667,120,1,3600,21,6.0,600,mean,s3_top25,0.925318265021689,0.08333333333333333,0.5,0.25,21,0.9144458439161149,pool,primary_all|top_up,PPARA_pool30
0.962884583685043,4800,1.0,5.0,4.583333333333333,5.0,1.0,6.833333333333333,120,1,4800,29,8.0,600,mean,s3_top25,0.9078317992815469,0.08333333333333333,0.4583333333333333,0.25,29,0.9144458439161149,pool,primary_all|top_up,PPARA_pool30
0.9797486151029245,600,1.0,5.0,5.0,5.0,1.0,1.0,120,1,600,1,1.0,600,mean,s3_top50,0.9144458439161149,0.08333333333333333,0.5,0.25,1,0.9144458439161149,pool,primary_all|top_up,PPARA_pool30
0.9903629926427778,1200,1.0,5.0,5.0,5.0,1.0,1.9833333333333334,120,1,1200,3,2.0,600,mean,s3_top50,0.962772983097196,0.08333333333333333,0.5,0.25,3,0.9144458439161149,pool,primary_all|top_up,PPARA_pool30
0.9902910573747035,2400,1.0,5.0,5.0,5.0,1.0,3.95,120,1,2400,7,4.0,600,mean,s3_top50,0.9617006902962281,0.08333333333333333,0.5,0.25,7,0.9144458439161149,pool,primary_all|top_up,PPARA_pool30
0.9848423772593478,3600,1.0,5.0,5.0,5.0,1.0,5.916666666666667,120,1,3600,11,6.0,600,mean,s3_top50,0.9556547266010961,0.08333333333333333,0.5,0.25,11,0.9144458439161149,pool,primary_all|top_up,PPARA_pool30
0.9820893033899012,4800,1.0,5.0,5.0,5.0,1.0,7.883333333333334,120,1,4800,15,8.0,600,mean,s3_top50,0.9521085062003675,0.08333333333333333,0.5,0.25,15,0.9144458439161149,pool,primary_all|top_up,PPARA_pool30
0.9962736848738027,600,0.41833333333333333,5.0,5.0,5.0,0.21666666666666667,3.076923076923077,120,1,600,7,2.3904382470119523,251,mean,s4_scaffold25,0.9909075616412574,0.08333333333333333,0.5,0.25,7,0.9144458439161149,pool,scaffold_representatives|expand_top_groups,PPARA_pool30
0.9962736848738027,1200,0.41833333333333333,5.0,5.0,5.0,0.21666666666666667,6.538461538461538,120,1,1200,16,4.780876494023905,251,mean,s4_scaffold25,0.9909075616412574,0.08333333333333333,0.5,0.25,16,0.9144458439161149,pool,scaffold_representatives|expand_top_groups,PPARA_pool30
0.9962736848738027,2400,0.41833333333333333,5.0,5.0,5.0,0.21666666666666667,12.153846153846153,120,1,2189,30,8.721115537848606,251,mean,s4_scaffold25,0.9909075616412574,0.08333333333333333,0.5,0.25,30,0.9144458439161149,pool,scaffold_representatives|expand_top_groups,PPARA_pool30
0.9962736848738027,3600,0.41833333333333333,5.0,5.0,5.0,0.21666666666666667,12.153846153846153,120,1,2189,30,8.721115537848606,251,mean,s4_scaffold25,0.9909075616412574,0.08333333333333333,0.5,0.25,30,0.9144458439161149,pool,scaffold_representatives|expand_top_groups,PPARA_pool30
0.9962736848738027,4800,0.41833333333333333,5.0,5.0,5.0,0.21666666666666667,12.153846153846153,120,1,2189,30,8.721115537848606,251,mean,s4_scaffold25,0.9909075616412574,0.08333333333333333,0.5,0.25,30,0.9144458439161149,pool,scaffold_representatives|expand_top_groups,PPARA_pool30
0.9950784179681743,600,0.45666666666666667,5.0,5.0,5.0,0.21666666666666667,2.9615384615384617,120,1,600,4,2.18978102189781,274,mean,s4_scaffold50,0.9888242283079238,0.08333333333333333,0.5,0.25,4,0.9144458439161149,pool,scaffold_representatives|expand_top_groups,PPARA_pool30
0.9919982476182665,1200,0.45666666666666667,5.0,5.0,5.0,0.21666666666666667,6.153846153846154,120,1,1200,8,4.37956204379562,274,mean,s4_scaffold50,0.9843164310369689,0.08333333333333333,0.5,0.25,8,0.9144458439161149,pool,scaffold_representatives|expand_top_groups,PPARA_pool30
0.9817001709637915,2400,0.45666666666666667,5.0,5.0,5.0,0.21666666666666667,12.576923076923077,120,1,2400,16,8.75912408759124,274,mean,s4_scaffold50,0.973507315724177,0.08333333333333333,0.5,0.25,16,0.9144458439161149,pool,scaffold_representatives|expand_top_groups,PPARA_pool30
0.9900275856467926,3600,0.45666666666666667,5.0,5.0,5.0,0.21666666666666667,19.0,120,1,3600,24,13.138686131386862,274,mean,s4_scaffold50,0.9818654506448118,0.08333333333333333,0.5,0.25,24,0.9144458439161149,pool,scaffold_representatives|expand_top_groups,PPARA_pool30
0.9733273998730793,4800,0.45666666666666667,5.0,4.583333333333333,5.0,0.21666666666666667,24.423076923076923,120,1,4625,30,16.87956204379562,274,mean,s4_scaffold50,0.9668299652968265,0.08333333333333333,0.4583333333333333,0.25,30,0.9144458439161149,pool,scaffold_representatives|expand_top_groups,PPARA_pool30
0.9333278295660029,600,1.0,5.0,4.583333333333333,4.166666666666667,1.0,1.0,120,1,600,1,1.0,600,mean,s5_score_oracle,0.9382887641469297,0.08333333333333333,0.4583333333333333,0.20833333333333334,25,0.9144458439161149,pool,score_oracle,PPARA_pool30
0.9349006750343333,1200,1.0,5.0,4.583333333333333,4.166666666666667,1.0,2.0,120,1,1200,2,2.0,600,mean,s5_score_oracle,0.9430850759269372,0.08333333333333333,0.4583333333333333,0.20833333333333334,29,0.9144458439161149,pool,score_oracle,PPARA_pool30
0.9448946111138479,2400,1.0,5.0,4.583333333333333,5.0,1.0,4.0,120,1,2400,4,4.0,600,mean,s5_score_oracle,0.9474989953408567,0.08333333333333333,0.4583333333333333,0.25,30,0.9144458439161149,pool,score_oracle,PPARA_pool30
0.9448946111138479,3600,1.0,5.0,4.583333333333333,5.0,1.0,6.0,120,1,3600,6,6.0,600,mean,s5_score_oracle,0.9474989953408567,0.08333333333333333,0.4583333333333333,0.25,30,0.9144458439161149,pool,score_oracle,PPARA_pool30
0.9453343252351409,4800,1.0,5.0,4.583333333333333,5.0,1.0,8.0,120,1,4800,8,8.0,600,mean,s5_score_oracle,0.9490374568793181,0.08333333333333333,0.4583333333333333,0.25,30,0.9144458439161149,pool,score_oracle,PPARA_pool30
0.9797486151029245,600,1.0,5.0,5.0,5.0,1.0,1.0,120,1,600,1,1.0,600,min,s1_width,0.9144458439161149,0.08333333333333333,0.5,0.25,1,0.9144458439161149,pool,width,PPARA_pool30
0.9797486151029245,1200,1.0,5.0,5.0,5.0,1.0,1.0,120,1,600,1,1.0,600,min,s1_width,0.9144458439161149,0.08333333333333333,0.5,0.25,1,0.9144458439161149,pool,width,PPARA_pool30
0.9797486151029245,2400,1.0,5.0,5.0,5.0,1.0,1.0,120,1,600,1,1.0,600,min,s1_width,0.9144458439161149,0.08333333333333333,0.5,0.25,1,0.9144458439161149,pool,width,PPARA_pool30
0.9797486151029245,3600,1.0,5.0,5.0,5.0,1.0,1.0,120,1,600,1,1.0,600,min,s1_width,0.9144458439161149,0.08333333333333333,0.5,0.25,1,0.9144458439161149,pool,width,PPARA_pool30
0.9797486151029245,4800,1.0,5.0,5.0,5.0,1.0,1.0,120,1,600,1,1.0,600,min,s1_width,0.9144458439161149,0.08333333333333333,0.5,0.25,1,0.9144458439161149,pool,width,PPARA_pool30
0.9797486151029245,600,1.0,5.0,5.0,5.0,1.0,1.0,120,1,600,1,1.0,600,min,s2_uniform,0.9144458439161149,0.08333333333333333,0.5,0.25,1,0.9144458439161149,pool,uniform,PPARA_pool30
0.9598317076589321,1200,1.0,5.0,4.583333333333333,5.0,1.0,2.0,120,1,1200,2,2.0,600,min,s2_uniform,0.9511334843584102,0.08333333333333333,0.4583333333333333,0.25,2,0.9144458439161149,pool,uniform,PPARA_pool30
0.9602485633856541,2400,1.0,5.0,4.583333333333333,5.0,1.0,4.0,120,1,2400,4,4.0,600,min,s2_uniform,0.9533581784629708,0.08333333333333333,0.4583333333333333,0.25,4,0.9144458439161149,pool,uniform,PPARA_pool30
0.9600228066283015,3600,1.0,5.0,4.583333333333333,5.0,1.0,6.0,120,1,3600,6,6.0,600,min,s2_uniform,0.9522087531756144,0.08333333333333333,0.4583333333333333,0.25,6,0.9144458439161149,pool,uniform,PPARA_pool30
0.9602485633856541,4800,1.0,5.0,4.583333333333333,5.0,1.0,8.0,120,1,4800,8,8.0,600,min,s2_uniform,0.9533581784629708,0.08333333333333333,0.4583333333333333,0.25,8,0.9144458439161149,pool,uniform,PPARA_pool30
0.9797486151029245,600,1.0,5.0,5.0,5.0,1.0,1.0,120,1,600,1,1.0,600,min,s3_top10,0.9144458439161149,0.08333333333333333,0.5,0.25,1,0.9144458439161149,pool,primary_all|top_up,PPARA_pool30
0.9797486151029245,1200,1.0,5.0,5.0,5.0,1.0,1.8333333333333333,120,1,1200,11,2.0,600,min,s3_top10,0.9144458439161149,0.08333333333333333,0.5,0.25,11,0.9144458439161149,pool,primary_all|top_up,PPARA_pool30
0.9797486151029245,2400,1.0,5.0,5.0,5.0,1.0,3.4166666666666665,120,1,2340,30,3.9,600,min,s3_top10,0.9144458439161149,0.08333333333333333,0.5,0.25,30,0.9144458439161149,pool,primary_all|top_up,PPARA_pool30
0.9797486151029245,3600,1.0,5.0,5.0,5.0,1.0,3.4166666666666665,120,1,2340,30,3.9,600,min,s3_top10,0.9144458439161149,0.08333333333333333,0.5,0.25,30,0.9144458439161149,pool,primary_all|top_up,PPARA_pool30
0.9797486151029245,4800,1.0,5.0,5.0,5.0,1.0,3.4166666666666665,120,1,2340,30,3.9,600,min,s3_top10,0.9144458439161149,0.08333333333333333,0.5,0.25,30,0.9144458439161149,pool,primary_all|top_up,PPARA_pool30
0.9797486151029245,600,1.0,5.0,5.0,5.0,1.0,1.0,120,1,600,1,1.0,600,min,s3_top25,0.9144458439161149,0.08333333333333333,0.5,0.25,1,0.9144458439161149,pool,primary_all|top_up,PPARA_pool30
0.9415509601229929,1200,1.0,5.0,4.583333333333333,5.0,1.0,1.8333333333333333,120,1,1200,5,2.0,600,min,s3_top25,0.8862166121700489,0.08333333333333333,0.4583333333333333,0.25,5,0.9144458439161149,pool,primary_all|top_up,PPARA_pool30
0.9415509601229929,2400,1.0,5.0,4.583333333333333,5.0,1.0,3.5,120,1,2400,13,4.0,600,min,s3_top25,0.8862166121700489,0.08333333333333333,0.4583333333333333,0.25,13,0.9144458439161149,pool,primary_all|top_up,PPARA_pool30
0.9553553259149529,3600,1.0,5.0,4.583333333333333,5.0,1.0,5.166666666666667,120,1,3600,21,6.0,600,min,s3_top25,0.8950129084663452,0.08333333333333333,0.4583333333333333,0.25,21,0.9144458439161149,pool,primary_all|top_up,PPARA_pool30
0.9222854157032996,4800,1.0,5.0,4.583333333333333,4.166666666666667,1.0,6.833333333333333,120,1,4800,29,8.0,600,min,s3_top25,0.8750558978843346,0.08333333333333333,0.4583333333333333,0.20833333333333334,29,0.9144458439161149,pool,primary_all|top_up,PPARA_pool30
0.9797486151029245,600,1.0,5.0,5.0,5.0,1.0,1.0,120,1,600,1,1.0,600,min,s3_top50,0.9144458439161149,0.08333333333333333,0.5,0.25,1,0.9144458439161149,pool,primary_all|top_up,PPARA_pool30
0.9571325173699085,1200,1.0,5.0,4.583333333333333,5.0,1.0,1.9833333333333334,120,1,1200,3,2.0,600,min,s3_top50,0.9268696848999024,0.08333333333333333,0.4583333333333333,0.25,3,0.9144458439161149,pool,primary_all|top_up,PPARA_pool30
0.9566400605164831,2400,1.0,5.0,4.583333333333333,5.0,1.0,3.95,120,1,2400,7,4.0,600,min,s3_top50,0.9245879388681564,0.08333333333333333,0.4583333333333333,0.25,7,0.9144458439161149,pool,primary_all|top_up,PPARA_pool30
0.9582595103946613,3600,1.0,5.0,4.583333333333333,5.0,1.0,5.916666666666667,120,1,3600,11,6.0,600,min,s3_top50,0.930976827757045,0.08333333333333333,0.4583333333333333,0.25,11,0.9144458439161149,pool,primary_all|top_up,PPARA_pool30
0.9582595103946613,4800,1.0,5.0,4.583333333333333,5.0,1.0,7.883333333333334,120,1,4800,15,8.0,600,min,s3_top50,0.930976827757045,0.08333333333333333,0.4583333333333333,0.25,15,0.9144458439161149,pool,primary_all|top_up,PPARA_pool30
0.9962736848738027,600,0.41833333333333333,5.0,5.0,5.0,0.21666666666666667,3.076923076923077,120,1,600,7,2.3904382470119523,251,min,s4_scaffold25,0.9909075616412574,0.08333333333333333,0.5,0.25,7,0.9144458439161149,pool,scaffold_representatives|expand_top_groups,PPARA_pool30
0.9962736848738027,1200,0.41833333333333333,5.0,5.0,5.0,0.21666666666666667,6.538461538461538,120,1,1200,16,4.780876494023905,251,min,s4_scaffold25,0.9909075616412574,0.08333333333333333,0.5,0.25,16,0.9144458439161149,pool,scaffold_representatives|expand_top_groups,PPARA_pool30
0.9962736848738027,2400,0.41833333333333333,5.0,5.0,5.0,0.21666666666666667,12.153846153846153,120,1,2189,30,8.721115537848606,251,min,s4_scaffold25,0.9909075616412574,0.08333333333333333,0.5,0.25,30,0.9144458439161149,pool,scaffold_representatives|expand_top_groups,PPARA_pool30
0.9962736848738027,3600,0.41833333333333333,5.0,5.0,5.0,0.21666666666666667,12.153846153846153,120,1,2189,30,8.721115537848606,251,min,s4_scaffold25,0.9909075616412574,0.08333333333333333,0.5,0.25,30,0.9144458439161149,pool,scaffold_representatives|expand_top_groups,PPARA_pool30
0.9962736848738027,4800,0.41833333333333333,5.0,5.0,5.0,0.21666666666666667,12.153846153846153,120,1,2189,30,8.721115537848606,251,min,s4_scaffold25,0.9909075616412574,0.08333333333333333,0.5,0.25,30,0.9144458439161149,pool,scaffold_representatives|expand_top_groups,PPARA_pool30
0.9541662194540262,600,0.45666666666666667,5.0,4.583333333333333,5.0,0.21666666666666667,2.9615384615384617,120,1,600,4,2.18978102189781,274,min,s4_scaffold50,0.9542457902126514,0.08333333333333333,0.4583333333333333,0.25,4,0.9144458439161149,pool,scaffold_representatives|expand_top_groups,PPARA_pool30
0.9541662194540262,1200,0.45666666666666667,5.0,4.583333333333333,5.0,0.21666666666666667,6.153846153846154,120,1,1200,8,4.37956204379562,274,min,s4_scaffold50,0.9542457902126514,0.08333333333333333,0.4583333333333333,0.25,8,0.9144458439161149,pool,scaffold_representatives|expand_top_groups,PPARA_pool30
0.9541662194540262,2400,0.45666666666666667,5.0,4.583333333333333,5.0,0.21666666666666667,12.576923076923077,120,1,2400,16,8.75912408759124,274,min,s4_scaffold50,0.9542457902126514,0.08333333333333333,0.4583333333333333,0.25,16,0.9144458439161149,pool,scaffold_representatives|expand_top_groups,PPARA_pool30
0.9679705852459866,3600,0.45666666666666667,5.0,4.583333333333333,5.0,0.21666666666666667,19.0,120,1,3600,24,13.138686131386862,274,min,s4_scaffold50,0.9630420865089477,0.08333333333333333,0.4583333333333333,0.25,24,0.9144458439161149,pool,scaffold_representatives|expand_top_groups,PPARA_pool30
0.9349006750343333,4800,0.45666666666666667,5.0,4.583333333333333,4.166666666666667,0.21666666666666667,24.423076923076923,120,1,4625,30,16.87956204379562,274,min,s4_scaffold50,0.9430850759269372,0.08333333333333333,0.4583333333333333,0.20833333333333334,30,0.9144458439161149,pool,scaffold_representatives|expand_top_groups,PPARA_pool30
0.9333278295660029,600,1.0,5.0,4.583333333333333,4.166666666666667,1.0,1.0,120,1,600,1,1.0,600,min,s5_score_oracle,0.9382887641469297,0.08333333333333333,0.4583333333333333,0.20833333333333334,25,0.9144458439161149,pool,score_oracle,PPARA_pool30
0.9333278295660029,1200,1.0,5.0,4.583333333333333,4.166666666666667,1.0,2.0,120,1,1200,2,2.0,600,min,s5_score_oracle,0.9382887641469297,0.08333333333333333,0.4583333333333333,0.20833333333333334,29,0.9144458439161149,pool,score_oracle,PPARA_pool30
0.9333278295660029,2400,1.0,5.0,4.583333333333333,4.166666666666667,1.0,4.0,120,1,2400,4,4.0,600,min,s5_score_oracle,0.9382887641469297,0.08333333333333333,0.4583333333333333,0.20833333333333334,30,0.9144458439161149,pool,score_oracle,PPARA_pool30
0.9333278295660029,3600,1.0,5.0,4.583333333333333,4.166666666666667,1.0,6.0,120,1,3600,6,6.0,600,min,s5_score_oracle,0.9382887641469297,0.08333333333333333,0.4583333333333333,0.20833333333333334,30,0.9144458439161149,pool,score_oracle,PPARA_pool30
0.9333278295660029,4800,1.0,5.0,4.583333333333333,4.166666666666667,1.0,8.0,120,1,4800,8,8.0,600,min,s5_score_oracle,0.9382887641469297,0.08333333333333333,0.4583333333333333,0.20833333333333334,30,0.9144458439161149,pool,score_oracle,PPARA_pool30
0.8892217138278805,600,1.0,5.0,3.75,5.0,1.0,1.0,120,2,600,1,1.0,600,mean,s1_width,0.8154638257894655,0.08333333333333333,0.375,0.25,1,0.8154638257894655,pool,width,PPARA_pool30
0.8892217138278805,1200,1.0,5.0,3.75,5.0,1.0,1.0,120,2,600,1,1.0,600,mean,s1_width,0.8154638257894655,0.08333333333333333,0.375,0.25,1,0.8154638257894655,pool,width,PPARA_pool30
0.8892217138278805,2400,1.0,5.0,3.75,5.0,1.0,1.0,120,2,600,1,1.0,600,mean,s1_width,0.8154638257894655,0.08333333333333333,0.375,0.25,1,0.8154638257894655,pool,width,PPARA_pool30
0.8892217138278805,3600,1.0,5.0,3.75,5.0,1.0,1.0,120,2,600,1,1.0,600,mean,s1_width,0.8154638257894655,0.08333333333333333,0.375,0.25,1,0.8154638257894655,pool,width,PPARA_pool30
0.8892217138278805,4800,1.0,5.0,3.75,5.0,1.0,1.0,120,2,600,1,1.0,600,mean,s1_width,0.8154638257894655,0.08333333333333333,0.375,0.25,1,0.8154638257894655,pool,width,PPARA_pool30
0.8892217138278805,600,1.0,5.0,3.75,5.0,1.0,1.0,120,2,600,1,1.0,600,mean,s2_uniform,0.8154638257894655,0.08333333333333333,0.375,0.25,1,0.8154638257894655,pool,uniform,PPARA_pool30
0.8592064049426751,1200,1.0,5.0,4.166666666666667,4.166666666666667,1.0,2.0,120,2,1200,2,2.0,600,mean,s2_uniform,0.8225844040650646,0.08333333333333333,0.4166666666666667,0.20833333333333334,2,0.8154638257894655,pool,uniform,PPARA_pool30
0.8811918313414677,2400,1.0,5.0,3.75,5.0,1.0,4.0,120,2,2400,4,4.0,600,mean,s2_uniform,0.8325604068202752,0.08333333333333333,0.375,0.25,4,0.8154638257894655,pool,uniform,PPARA_pool30
0.8534398752527047,3600,1.0,5.0,4.166666666666667,4.166666666666667,1.0,6.0,120,2,3600,6,6.0,600,mean,s2_uniform,0.8177078844934652,0.08333333333333333,0.4166666666666667,0.20833333333333334,6,0.8154638257894655,pool,uniform,PPARA_pool30
0.8257678408371099,4800,1.0,5.0,4.166666666666667,4.166666666666667,1.0,8.0,120,2,4800,8,8.0,600,mean,s2_uniform,0.8012340576989146,0.08333333333333333,0.4166666666666667,0.20833333333333334,8,0.8154638257894655,pool,uniform,PPARA_pool30
0.8892217138278805,600,1.0,5.0,3.75,5.0,1.0,1.0,120,2,600,1,1.0,600,mean,s3_top10,0.8154638257894655,0.08333333333333333,0.375,0.25,1,0.8154638257894655,pool,primary_all|top_up,PPARA_pool30
0.8000519066930247,1200,1.0,5.0,3.75,4.166666666666667,1.0,1.8333333333333333,120,2,1200,11,2.0,600,mean,s3_top10,0.7633834987091385,0.08333333333333333,0.375,0.20833333333333334,11,0.8154638257894655,pool,primary_all|top_up,PPARA_pool30
0.7842643767099149,2400,1.0,2.5,3.75,4.166666666666667,1.0,3.4166666666666665,120,2,2340,30,3.9,600,mean,s3_top10,0.7523355189111586,0.041666666666666664,0.375,0.20833333333333334,30,0.8154638257894655,pool,primary_all|top_up,PPARA_pool30
0.7842643767099149,3600,1.0,2.5,3.75,4.166666666666667,1.0,3.4166666666666665,120,2,2340,30,3.9,600,mean,s3_top10,0.7523355189111586,0.041666666666666664,0.375,0.20833333333333334,30,0.8154638257894655,pool,primary_all|top_up,PPARA_pool30
0.7842643767099149,4800,1.0,2.5,3.75,4.166666666666667,1.0,3.4166666666666665,120,2,2340,30,3.9,600,mean,s3_top10,0.7523355189111586,0.041666666666666664,0.375,0.20833333333333334,30,0.8154638257894655,pool,primary_all|top_up,PPARA_pool30
0.8892217138278805,600,1.0,5.0,3.75,5.0,1.0,1.0,120,2,600,1,1.0,600,mean,s3_top25,0.8154638257894655,0.08333333333333333,0.375,0.25,1,0.8154638257894655,pool,primary_all|top_up,PPARA_pool30
0.835154598349223,1200,1.0,5.0,3.75,4.166666666666667,1.0,1.6666666666666667,120,2,1200,5,2.0,600,mean,s3_top25,0.7832200218351352,0.08333333333333333,0.375,0.20833333333333334,5,0.8154638257894655,pool,primary_all|top_up,PPARA_pool30
0.8341741092923504,2400,1.0,5.0,4.166666666666667,4.166666666666667,1.0,3.0,120,2,2400,13,4.0,600,mean,s3_top25,0.7839795632196767,0.08333333333333333,0.4166666666666667,0.20833333333333334,13,0.8154638257894655,pool,primary_all|top_up,PPARA_pool30
0.8150474005294087,3600,1.0,2.5,4.166666666666667,4.166666666666667,1.0,4.333333333333333,120,2,3600,21,6.0,600,mean,s3_top25,0.7718450602957002,0.041666666666666664,0.4166666666666667,0.20833333333333334,21,0.8154638257894655,pool,primary_all|top_up,PPARA_pool30
0.8093176879383195,4800,1.0,2.5,4.166666666666667,4.166666666666667,1.0,5.666666666666667,120,2,4800,29,8.0,600,mean,s3_top25,0.7669341086742222,0.041666666666666664,0.4166666666666667,0.20833333333333334,29,0.8154638257894655,pool,primary_all|top_up,PPARA_pool30
0.8892217138278805,600,1.0,5.0,3.75,5.0,1.0,1.0,120,2,600,1,1.0,600,mean,s3_top50,0.8154638257894655,0.08333333333333333,0.375,0.25,1,0.8154638257894655,pool,primary_all|top_up,PPARA_pool30
0.84262052356381,1200,1.0,5.0,4.166666666666667,4.166666666666667,1.0,1.6166666666666667,120,2,1200,3,2.0,600,mean,s3_top50,0.798001569807859,0.08333333333333333,0.4166666666666667,0.20833333333333334,3,0.8154638257894655,pool,primary_all|top_up,PPARA_pool30
0.8505160071474644,2400,1.0,5.0,4.166666666666667,4.166666666666667,1.0,2.85,120,2,2400,7,4.0,600,mean,s3_top50,0.8092202249845251,0.08333333333333333,0.4166666666666667,0.20833333333333334,7,0.8154638257894655,pool,primary_all|top_up,PPARA_pool30
0.8484999896960667,3600,1.0,5.0,4.166666666666667,4.166666666666667,1.0,4.083333333333333,120,2,3600,11,6.0,600,mean,s3_top50,0.816269766441246,0.08333333333333333,0.4166666666666667,0.20833333333333334,11,0.8154638257894655,pool,primary_all|top_up,PPARA_pool30
0.8317193608083303,4800,1.0,2.5,4.583333333333333,4.166666666666667,1.0,5.316666666666666,120,2,4800,15,8.0,600,mean,s3_top50,0.8013650471457945,0.041666666666666664,0.4583333333333333,0.20833333333333334,15,0.8154638257894655,pool,primary_all|top_up,PPARA_pool30
0.8371425911616673,600,0.41833333333333333,5.0,3.75,4.166666666666667,0.30833333333333335,2.675675675675676,120,2,600,7,2.3904382470119523,251,mean,s4_scaffold25,0.8194430953521251,0.08333333333333333,0.375,0.20833333333333334,7,0.8154638257894655,pool,scaffold_representatives|expand_top_groups,PPARA_pool30
0.8107358929123938,1200,0.41833333333333333,5.0,3.75,4.166666666666667,0.30833333333333335,5.594594594594595,120,2,1200,16,4.780876494023905,251,mean,s4_scaffold25,0.8037233983824281,0.08333333333333333,0.375,0.20833333333333334,16,0.8154638257894655,pool,scaffold_representatives|expand_top_groups,PPARA_pool30
0.78293788019137,2400,0.41833333333333333,2.5,3.75,4.166666666666667,0.30833333333333335,10.405405405405405,120,2,2189,30,8.721115537848606,251,mean,s4_scaffold25,0.7857835835676134,0.041666666666666664,0.375,0.20833333333333334,30,0.8154638257894655,pool,scaffold_representatives|expand_top_groups,PPARA_pool30
0.78293788019137,3600,0.41833333333333333,2.5,3.75,4.166666666666667,0.30833333333333335,10.405405405405405,120,2,2189,30,8.721115537848606,251,mean,s4_scaffold25,0.7857835835676134,0.041666666666666664,0.375,0.20833333333333334,30,0.8154638257894655,pool,scaffold_representatives|expand_top_groups,PPARA_pool30
0.78293788019137,4800,0.41833333333333333,2.5,3.75,4.166666666666667,0.30833333333333335,10.405405405405405,120,2,2189,30,8.721115537848606,251,mean,s4_scaffold25,0.7857835835676134,0.041666666666666664,0.375,0.20833333333333334,30,0.8154638257894655,pool,scaffold_representatives|expand_top_groups,PPARA_pool30
0.856684796031241,600,0.45666666666666667,5.0,3.75,5.0,0.30833333333333335,2.3513513513513513,120,2,600,4,2.18978102189781,274,mean,s4_scaffold50,0.8258072794494749,0.08333333333333333,0.375,0.25,4,0.8154638257894655,pool,scaffold_representatives|expand_top_groups,PPARA_pool30
0.8351155781145939,1200,0.45666666666666667,5.0,4.166666666666667,4.166666666666667,0.30833333333333335,4.45945945945946,120,2,1200,8,4.37956204379562,274,mean,s4_scaffold50,0.8178975283460318,0.08333333333333333,0.4166666666666667,0.20833333333333334,8,0.8154638257894655,pool,scaffold_representatives|expand_top_groups,PPARA_pool30
0.835970017454148,2400,0.45666666666666667,5.0,4.166666666666667,4.166666666666667,0.30833333333333335,8.675675675675675,120,2,2400,16,8.75912408759124,274,mean,s4_scaffold50,0.8184410515869235,0.08333333333333333,0.4166666666666667,0.20833333333333334,16,0.8154638257894655,pool,scaffold_representatives|expand_top_groups,PPARA_pool30
0.8125256371052352,3600,0.45666666666666667,2.5,4.166666666666667,4.166666666666667,0.30833333333333335,12.972972972972974,120,2,3600,24,13.138686131386862,274,mean,s4_scaffold50,0.803223082421586,0.041666666666666664,0.4166666666666667,0.20833333333333334,24,0.8154638257894655,pool,scaffold_representatives|expand_top_groups,PPARA_pool30
0.8125256371052352,4800,0.45666666666666667,2.5,4.166666666666667,4.166666666666667,0.30833333333333335,16.675675675675677,120,2,4625,30,16.87956204379562,274,mean,s4_scaffold50,0.803223082421586,0.041666666666666664,0.4166666666666667,0.20833333333333334,30,0.8154638257894655,pool,scaffold_representatives|expand_top_groups,PPARA_pool30
0.7250995105643646,600,1.0,2.5,3.75,4.166666666666667,1.0,1.0,120,2,600,1,1.0,600,mean,s5_score_oracle,0.5944373295807018,0.041666666666666664,0.375,0.20833333333333334,25,0.8154638257894655,pool,score_oracle,PPARA_pool30
0.7379690801820672,1200,1.0,2.5,3.75,4.166666666666667,1.0,2.0,120,2,1200,2,2.0,600,mean,s5_score_oracle,0.5989151945307909,0.041666666666666664,0.375,0.20833333333333334,29,0.8154638257894655,pool,score_oracle,PPARA_pool30
0.7472521840480115,2400,1.0,2.5,3.75,4.166666666666667,1.0,4.0,120,2,2400,4,4.0,600,mean,s5_score_oracle,0.6057117015267431,0.041666666666666664,0.375,0.20833333333333334,30,0.8154638257894655,pool,score_oracle,PPARA_pool30
0.7562570318007121,3600,1.0,2.5,3.75,4.166666666666667,1.0,6.0,120,2,3600,6,6.0,600,mean,s5_score_oracle,0.6209139684033287,0.041666666666666664,0.375,0.20833333333333334,30,0.8154638257894655,pool,score_oracle,PPARA_pool30
0.7895398457409218,4800,1.0,5.0,3.75,4.166666666666667,1.0,8.0,120,2,4800,8,8.0,600,mean,s5_score_oracle,0.6540994769866345,0.08333333333333333,0.375,0.20833333333333334,30,0.8154638257894655,pool,score_oracle,PPARA_pool30
0.8892217138278805,600,1.0,5.0,3.75,5.0,1.0,1.0,120,2,600,1,1.0,600,min,s1_width,0.8154638257894655,0.08333333333333333,0.375,0.25,1,0.8154638257894655,pool,width,PPARA_pool30
0.8892217138278805,1200,1.0,5.0,3.75,5.0,1.0,1.0,120,2,600,1,1.0,600,min,s1_width,0.8154638257894655,0.08333333333333333,0.375,0.25,1,0.8154638257894655,pool,width,PPARA_pool30
0.8892217138278805,2400,1.0,5.0,3.75,5.0,1.0,1.0,120,2,600,1,1.0,600,min,s1_width,0.8154638257894655,0.08333333333333333,0.375,0.25,1,0.8154638257894655,pool,width,PPARA_pool30
0.8892217138278805,3600,1.0,5.0,3.75,5.0,1.0,1.0,120,2,600,1,1.0,600,min,s1_width,0.8154638257894655,0.08333333333333333,0.375,0.25,1,0.8154638257894655,pool,width,PPARA_pool30
0.8892217138278805,4800,1.0,5.0,3.75,5.0,1.0,1.0,120,2,600,1,1.0,600,min,s1_width,0.8154638257894655,0.08333333333333333,0.375,0.25,1,0.8154638257894655,pool,width,PPARA_pool30
0.8892217138278805,600,1.0,5.0,3.75,5.0,1.0,1.0,120,2,600,1,1.0,600,min,s2_uniform,0.8154638257894655,0.08333333333333333,0.375,0.25,1,0.8154638257894655,pool,uniform,PPARA_pool30
0.829438420728914,1200,1.0,5.0,4.166666666666667,4.166666666666667,1.0,2.0,120,2,1200,2,2.0,600,min,s2_uniform,0.7963695290930772,0.08333333333333333,0.4166666666666667,0.20833333333333334,2,0.8154638257894655,pool,uniform,PPARA_pool30
0.8214567038991751,2400,1.0,5.0,4.166666666666667,4.166666666666667,1.0,4.0,120,2,2400,4,4.0,600,min,s2_uniform,0.7732098678664693,0.08333333333333333,0.4166666666666667,0.20833333333333334,4,0.8154638257894655,pool,uniform,PPARA_pool30
0.7879355449613317,3600,1.0,5.0,3.75,3.333333333333333,1.0,6.0,120,2,3600,6,6.0,600,min,s2_uniform,0.7400595820231396,0.08333333333333333,0.375,0.16666666666666666,6,0.8154638257894655,pool,uniform,PPARA_pool30
0.7880999838045439,4800,1.0,5.0,3.75,3.333333333333333,1.0,8.0,120,2,4800,8,8.0,600,min,s2_uniform,0.7396123940924314,0.08333333333333333,0.375,0.16666666666666666,8,0.8154638257894655,pool,uniform,PPARA_pool30
0.8892217138278805,600,1.0,5.0,3.75,5.0,1.0,1.0,120,2,600,1,1.0,600,min,s3_top10,0.8154638257894655,0.08333333333333333,0.375,0.25,1,0.8154638257894655,pool,primary_all|top_up,PPARA_pool30
0.7584335747906207,1200,1.0,5.0,3.75,3.333333333333333,1.0,1.8333333333333333,120,2,1200,11,2.0,600,min,s3_top10,0.7449942490698889,0.08333333333333333,0.375,0.16666666666666666,11,0.8154638257894655,pool,primary_all|top_up,PPARA_pool30
0.7141040215559818,2400,1.0,2.5,3.75,3.333333333333333,1.0,3.4166666666666665,120,2,2340,30,3.9,600,min,s3_top10,0.7102720268476667,0.041666666666666664,0.375,0.16666666666666666,30,0.8154638257894655,pool,primary_all|top_up,PPARA_pool30
0.7141040215559818,3600,1.0,2.5,3.75,3.333333333333333,1.0,3.4166666666666665,120,2,2340,30,3.9,600,min,s3_top10,0.7102720268476667,0.041666666666666664,0.375,0.16666666666666666,30,0.8154638257894655,pool,primary_all|top_up,PPARA_pool30
0.7141040215559818,4800,1.0,2.5,3.75,3.333333333333333,1.0,3.4166666666666665,120,2,2340,30,3.9,600,min,s3_top10,0.7102720268476667,0.041666666666666664,0.375,0.16666666666666666,30,0.8154638257894655,pool,primary_all|top_up,PPARA_pool30
0.8892217138278805,600,1.0,5.0,3.75,5.0,1.0,1.0,120,2,600,1,1.0,600,min,s3_top25,0.8154638257894655,0.08333333333333333,0.375,0.25,1,0.8154638257894655,pool,primary_all|top_up,PPARA_pool30
0.7655087904548391,1200,1.0,5.0,4.166666666666667,3.333333333333333,1.0,1.6666666666666667,120,2,1200,5,2.0,600,min,s3_top25,0.7421697052285108,0.08333333333333333,0.4166666666666667,0.16666666666666666,5,0.8154638257894655,pool,primary_all|top_up,PPARA_pool30
0.7655087904548391,2400,1.0,5.0,4.166666666666667,3.333333333333333,1.0,3.0,120,2,2400,13,4.0,600,min,s3_top25,0.7421697052285108,0.08333333333333333,0.4166666666666667,0.16666666666666666,13,0.8154638257894655,pool,primary_all|top_up,PPARA_pool30
0.7126172580037132,3600,1.0,2.5,4.166666666666667,3.333333333333333,1.0,4.333333333333333,120,2,3600,21,6.0,600,min,s3_top25,0.7058983377071432,0.041666666666666664,0.4166666666666667,0.16666666666666666,21,0.8154638257894655,pool,primary_all|top_up,PPARA_pool30
0.7295066519032016,4800,1.0,2.5,4.166666666666667,3.333333333333333,1.0,5.666666666666667,120,2,4800,29,8.0,600,min,s3_top25,0.7142316710404765,0.041666666666666664,0.4166666666666667,0.16666666666666666,29,0.8154638257894655,pool,primary_all|top_up,PPARA_pool30
0.8892217138278805,600,1.0,5.0,3.75,5.0,1.0,1.0,120,2,600,1,1.0,600,min,s3_top50,0.8154638257894655,0.08333333333333333,0.375,0.25,1,0.8154638257894655,pool,primary_all|top_up,PPARA_pool30
0.8291716808807033,1200,1.0,5.0,4.166666666666667,4.166666666666667,1.0,1.6166666666666667,120,2,1200,3,2.0,600,min,s3_top50,0.792991753695062,0.08333333333333333,0.4166666666666667,0.20833333333333334,3,0.8154638257894655,pool,primary_all|top_up,PPARA_pool30
0.7985324820443188,2400,1.0,5.0,3.75,3.333333333333333,1.0,2.85,120,2,2400,7,4.0,600,min,s3_top50,0.7718347859003112,0.08333333333333333,0.375,0.16666666666666666,7,0.8154638257894655,pool,primary_all|top_up,PPARA_pool30
0.8267840204779466,3600,1.0,5.0,4.166666666666667,4.166666666666667,1.0,4.083333333333333,120,2,3600,11,6.0,600,min,s3_top50,0.7855130696216982,0.08333333333333333,0.4166666666666667,0.20833333333333334,11,0.8154638257894655,pool,primary_all|top_up,PPARA_pool30
0.8273130467774955,4800,1.0,5.0,4.166666666666667,4.166666666666667,1.0,5.316666666666666,120,2,4800,15,8.0,600,min,s3_top50,0.7868988884644136,0.08333333333333333,0.4166666666666667,0.20833333333333334,15,0.8154638257894655,pool,primary_all|top_up,PPARA_pool30
0.7517502636449831,600,0.41833333333333333,5.0,3.75,3.333333333333333,0.30833333333333335,2.675675675675676,120,2,600,7,2.3904382470119523,251,min,s4_scaffold25,0.7754120106960404,0.08333333333333333,0.375,0.16666666666666666,7,0.8154638257894655,pool,scaffold_representatives|expand_top_groups,PPARA_pool30
0.7517502636449831,1200,0.41833333333333333,5.0,3.75,3.333333333333333,0.30833333333333335,5.594594594594595,120,2,1200,16,4.780876494023905,251,min,s4_scaffold25,0.7754120106960404,0.08333333333333333,0.375,0.16666666666666666,16,0.8154638257894655,pool,scaffold_representatives|expand_top_groups,PPARA_pool30
0.7127775250374369,2400,0.41833333333333333,2.5,3.75,3.333333333333333,0.30833333333333335,10.405405405405405,120,2,2189,30,8.721115537848606,251,min,s4_scaffold25,0.7437200915041213,0.041666666666666664,0.375,0.16666666666666666,30,0.8154638257894655,pool,scaffold_representatives|expand_top_groups,PPARA_pool30
0.7127775250374369,3600,0.41833333333333333,2.5,3.75,3.333333333333333,0.30833333333333335,10.405405405405405,120,2,2189,30,8.721115537848606,251,min,s4_scaffold25,0.7437200915041213,0.041666666666666664,0.375,0.16666666666666666,30,0.8154638257894655,pool,scaffold_representatives|expand_top_groups,PPARA_pool30
0.7127775250374369,4800,0.41833333333333333,2.5,3.75,3.333333333333333,0.30833333333333335,10.405405405405405,120,2,2189,30,8.721115537848606,251,min,s4_scaffold25,0.7437200915041213,0.041666666666666664,0.375,0.16666666666666666,30,0.8154638257894655,pool,scaffold_representatives|expand_top_groups,PPARA_pool30
0.7836239213290015,600,0.45666666666666667,2.5,3.75,4.166666666666667,0.30833333333333335,2.3513513513513513,120,2,600,4,2.18978102189781,274,min,s4_scaffold50,0.78092993457213,0.041666666666666664,0.375,0.20833333333333334,4,0.8154638257894655,pool,scaffold_representatives|expand_top_groups,PPARA_pool30
0.7687167396217548,1200,0.45666666666666667,5.0,4.166666666666667,3.333333333333333,0.30833333333333335,4.45945945945946,120,2,1200,8,4.37956204379562,274,min,s4_scaffold50,0.7784586789758746,0.08333333333333333,0.4166666666666667,0.16666666666666666,8,0.8154638257894655,pool,scaffold_representatives|expand_top_groups,PPARA_pool30
0.7687167396217548,2400,0.45666666666666667,5.0,4.166666666666667,3.333333333333333,0.30833333333333335,8.675675675675675,120,2,2400,16,8.75912408759124,274,min,s4_scaffold50,0.7784586789758746,0.08333333333333333,0.4166666666666667,0.16666666666666666,16,0.8154638257894655,pool,scaffold_representatives|expand_top_groups,PPARA_pool30
0.7303865390298785,3600,0.45666666666666667,2.5,4.166666666666667,3.333333333333333,0.30833333333333335,12.972972972972974,120,2,3600,24,13.138686131386862,274,min,s4_scaffold50,0.748437311454507,0.041666666666666664,0.4166666666666667,0.16666666666666666,24,0.8154638257894655,pool,scaffold_representatives|expand_top_groups,PPARA_pool30
0.7327146010701173,4800,0.45666666666666667,2.5,4.166666666666667,3.333333333333333,0.30833333333333335,16.675675675675677,120,2,4625,30,16.87956204379562,274,min,s4_scaffold50,0.7505206447878403,0.041666666666666664,0.4166666666666667,0.16666666666666666,30,0.8154638257894655,pool,scaffold_representatives|expand_top_groups,PPARA_pool30
0.7250995105643646,600,1.0,2.5,3.75,4.166666666666667,1.0,1.0,120,2,600,1,1.0,600,min,s5_score_oracle,0.5944373295807018,0.041666666666666664,0.375,0.20833333333333334,25,0.8154638257894655,pool,score_oracle,PPARA_pool30
0.7250995105643646,1200,1.0,2.5,3.75,4.166666666666667,1.0,2.0,120,2,1200,2,2.0,600,min,s5_score_oracle,0.5944373295807018,0.041666666666666664,0.375,0.20833333333333334,29,0.8154638257894655,pool,score_oracle,PPARA_pool30
0.7250995105643646,2400,1.0,2.5,3.75,4.166666666666667,1.0,4.0,120,2,2400,4,4.0,600,min,s5_score_oracle,0.5944373295807018,0.041666666666666664,0.375,0.20833333333333334,30,0.8154638257894655,pool,score_oracle,PPARA_pool30
0.7250995105643646,3600,1.0,2.5,3.75,4.166666666666667,1.0,6.0,120,2,3600,6,6.0,600,min,s5_score_oracle,0.5944373295807018,0.041666666666666664,0.375,0.20833333333333334,30,0.8154638257894655,pool,score_oracle,PPARA_pool30
0.7250995105643646,4800,1.0,2.5,3.75,4.166666666666667,1.0,8.0,120,2,4800,8,8.0,600,min,s5_score_oracle,0.5944373295807018,0.041666666666666664,0.375,0.20833333333333334,30,0.8154638257894655,pool,score_oracle,PPARA_pool30
0.7355859348103829,600,1.0,5.0,3.333333333333333,4.166666666666667,1.0,1.0,120,3,600,1,1.0,600,mean,s1_width,0.5714439644559657,0.08333333333333333,0.3333333333333333,0.20833333333333334,1,0.5714439644559657,pool,width,PPARA_pool30
0.7355859348103829,1200,1.0,5.0,3.333333333333333,4.166666666666667,1.0,1.0,120,3,600,1,1.0,600,mean,s1_width,0.5714439644559657,0.08333333333333333,0.3333333333333333,0.20833333333333334,1,0.5714439644559657,pool,width,PPARA_pool30
0.7355859348103829,2400,1.0,5.0,3.333333333333333,4.166666666666667,1.0,1.0,120,3,600,1,1.0,600,mean,s1_width,0.5714439644559657,0.08333333333333333,0.3333333333333333,0.20833333333333334,1,0.5714439644559657,pool,width,PPARA_pool30
0.7355859348103829,3600,1.0,5.0,3.333333333333333,4.166666666666667,1.0,1.0,120,3,600,1,1.0,600,mean,s1_width,0.5714439644559657,0.08333333333333333,0.3333333333333333,0.20833333333333334,1,0.5714439644559657,pool,width,PPARA_pool30
0.7355859348103829,4800,1.0,5.0,3.333333333333333,4.166666666666667,1.0,1.0,120,3,600,1,1.0,600,mean,s1_width,0.5714439644559657,0.08333333333333333,0.3333333333333333,0.20833333333333334,1,0.5714439644559657,pool,width,PPARA_pool30
0.7355859348103829,600,1.0,5.0,3.333333333333333,4.166666666666667,1.0,1.0,120,3,600,1,1.0,600,mean,s2_uniform,0.5714439644559657,0.08333333333333333,0.3333333333333333,0.20833333333333334,1,0.5714439644559657,pool,uniform,PPARA_pool30
0.42500940260839504,1200,1.0,2.5,2.5,1.6666666666666665,1.0,2.0,120,3,1200,2,2.0,600,mean,s2_uniform,0.4184209552186453,0.041666666666666664,0.25,0.08333333333333333,2,0.5714439644559657,pool,uniform,PPARA_pool30
0.4894866978874889,2400,1.0,2.5,2.5,2.5,1.0,4.0,120,3,2400,4,4.0,600,mean,s2_uniform,0.43771182826069416,0.041666666666666664,0.25,0.125,4,0.5714439644559657,pool,uniform,PPARA_pool30
0.5350777797234928,3600,1.0,2.5,2.9166666666666665,2.5,1.0,6.0,120,3,3600,6,6.0,600,mean,s2_uniform,0.4920828089272283,0.041666666666666664,0.2916666666666667,0.125,6,0.5714439644559657,pool,uniform,PPARA_pool30
0.5006810824042893,4800,1.0,2.5,2.9166666666666665,2.5,1.0,8.0,120,3,4800,8,8.0,600,mean,s2_uniform,0.46505235635401704,0.041666666666666664,0.2916666666666667,0.125,8,0.5714439644559657,pool,uniform,PPARA_pool30
0.7355859348103829,600,1.0,5.0,3.333333333333333,4.166666666666667,1.0,1.0,120,3,600,1,1.0,600,mean,s3_top10,0.5714439644559657,0.08333333333333333,0.3333333333333333,0.20833333333333334,1,0.5714439644559657,pool,primary_all|top_up,PPARA_pool30
0.5338466571913157,1200,1.0,2.5,3.333333333333333,2.5,1.0,2.3333333333333335,120,3,1200,11,2.0,600,mean,s3_top10,0.46203685682904383,0.041666666666666664,0.3333333333333333,0.125,11,0.5714439644559657,pool,primary_all|top_up,PPARA_pool30
0.5127109207617551,2400,1.0,2.5,3.333333333333333,1.6666666666666665,1.0,4.866666666666666,120,3,2340,30,3.9,600,mean,s3_top10,0.45415238359530585,0.041666666666666664,0.3333333333333333,0.08333333333333333,30,0.5714439644559657,pool,primary_all|top_up,PPARA_pool30
0.5127109207617551,3600,1.0,2.5,3.333333333333333,1.6666666666666665,1.0,4.866666666666666,120,3,2340,30,3.9,600,mean,s3_top10,0.45415238359530585,0.041666666666666664,0.3333333333333333,0.08333333333333333,30,0.5714439644559657,pool,primary_all|top_up,PPARA_pool30
0.5127109207617551,4800,1.0,2.5,3.333333333333333,1.6666666666666665,1.0,4.866666666666666,120,3,2340,30,3.9,600,mean,s3_top10,0.45415238359530585,0.041666666666666664,0.3333333333333333,0.08333333333333333,30,0.5714439644559657,pool,primary_all|top_up,PPARA_pool30
0.7355859348103829,600,1.0,5.0,3.333333333333333,4.166666666666667,1.0,1.0,120,3,600,1,1.0,600,mean,s3_top25,0.5714439644559657,0.08333333333333333,0.3333333333333333,0.20833333333333334,1,0.5714439644559657,pool,primary_all|top_up,PPARA_pool30
0.5458728282980175,1200,1.0,2.5,3.333333333333333,2.5,1.0,2.1666666666666665,120,3,1200,5,2.0,600,mean,s3_top25,0.4772945427813913,0.041666666666666664,0.3333333333333333,0.125,5,0.5714439644559657,pool,primary_all|top_up,PPARA_pool30
0.479062617332295,2400,1.0,2.5,2.9166666666666665,2.5,1.0,4.5,120,3,2400,13,4.0,600,mean,s3_top25,0.43133721117783885,0.041666666666666664,0.2916666666666667,0.125,13,0.5714439644559657,pool,primary_all|top_up,PPARA_pool30
0.4544824169559593,3600,1.0,2.5,2.0833333333333335,2.5,1.0,6.833333333333333,120,3,3600,21,6.0,600,mean,s3_top25,0.4122489875750621,0.041666666666666664,0.20833333333333334,0.125,21,0.5714439644559657,pool,primary_all|top_up,PPARA_pool30
0.3997747416684886,4800,1.0,2.5,2.0833333333333335,1.6666666666666665,1.0,9.166666666666666,120,3,4800,29,8.0,600,mean,s3_top25,0.38882766686365594,0.041666666666666664,0.20833333333333334,0.08333333333333333,29,0.5714439644559657,pool,primary_all|top_up,PPARA_pool30
0.7355859348103829,600,1.0,5.0,3.333333333333333,4.166666666666667,1.0,1.0,120,3,600,1,1.0,600,mean,s3_top50,0.5714439644559657,0.08333333333333333,0.3333333333333333,0.20833333333333334,1,0.5714439644559657,pool,primary_all|top_up,PPARA_pool30
0.537305178017433,1200,1.0,5.0,2.5,2.5,1.0,2.183333333333333,120,3,1200,3,2.0,600,mean,s3_top50,0.4699883030702409,0.08333333333333333,0.25,0.125,3,0.5714439644559657,pool,primary_all|top_up,PPARA_pool30
0.5189644716991051,2400,1.0,2.5,2.9166666666666665,2.5,1.0,4.55,120,3,2400,7,4.0,600,mean,s3_top50,0.4688692721033056,0.041666666666666664,0.2916666666666667,0.125,7,0.5714439644559657,pool,primary_all|top_up,PPARA_pool30
0.48462055878436106,3600,1.0,2.5,2.9166666666666665,2.5,1.0,6.916666666666667,120,3,3600,11,6.0,600,mean,s3_top50,0.43374453230455073,0.041666666666666664,0.2916666666666667,0.125,11,0.5714439644559657,pool,primary_all|top_up,PPARA_pool30
0.4656935468941367,4800,1.0,2.5,2.5,2.5,1.0,9.283333333333333,120,3,4800,15,8.0,600,mean,s3_top50,0.42342179708551075,0.041666666666666664,0.25,0.125,15,0.5714439644559657,pool,primary_all|top_up,PPARA_pool30
0.541161655722746,600,0.41833333333333333,2.5,3.333333333333333,2.5,0.5416666666666666,2.4923076923076923,120,3,600,7,2.3904382470119523,251,mean,s4_scaffold25,0.5233528108735793,0.041666666666666664,0.3333333333333333,0.125,7,0.5714439644559657,pool,scaffold_representatives|expand_top_groups,PPARA_pool30
0.5536074414094421,1200,0.41833333333333333,2.5,3.333333333333333,2.5,0.5416666666666666,5.092307692307692,120,3,1200,16,4.780876494023905,251,mean,s4_scaffold25,0.5224012526060356,0.041666666666666664,0.3333333333333333,0.125,16,0.5714439644559657,pool,scaffold_representatives|expand_top_groups,PPARA_pool30
0.5233649745762106,2400,0.41833333333333333,2.5,3.333333333333333,1.6666666666666665,0.5416666666666666,9.415384615384616,120,3,2189,30,8.721115537848606,251,mean,s4_scaffold25,0.5076751173260475,0.041666666666666664,0.3333333333333333,0.08333333333333333,30,0.5714439644559657,pool,scaffold_representatives|expand_top_groups,PPARA_pool30
0.5233649745762106,3600,0.41833333333333333,2.5,3.333333333333333,1.6666666666666665,0.5416666666666666,9.415384615384616,120,3,2189,30,8.721115537848606,251,mean,s4_scaffold25,0.5076751173260475,0.041666666666666664,0.3333333333333333,0.08333333333333333,30,0.5714439644559657,pool,scaffold_representatives|expand_top_groups,PPARA_pool30
0.5233649745762106,4800,0.41833333333333333,2.5,3.333333333333333,1.6666666666666665,0.5416666666666666,9.415384615384616,120,3,2189,30,8.721115537848606,251,mean,s4_scaffold25,0.5076751173260475,0.041666666666666664,0.3333333333333333,0.08333333333333333,30,0.5714439644559657,pool,scaffold_representatives|expand_top_groups,PPARA_pool30
0.46490383795350115,600,0.45666666666666667,2.5,2.5,2.5,0.675,2.037037037037037,120,3,600,4,2.18978102189781,274,mean,s4_scaffold50,0.4174859621127321,0.041666666666666664,0.25,0.125,4,0.5714439644559657,pool,scaffold_representatives|expand_top_groups,PPARA_pool30
0.49468954829155276,1200,0.45666666666666667,2.5,2.9166666666666665,2.5,0.675,4.296296296296297,120,3,1200,8,4.37956204379562,274,mean,s4_scaffold50,0.4346500771035327,0.041666666666666664,0.2916666666666667,0.125,8,0.5714439644559657,pool,scaffold_representatives|expand_top_groups,PPARA_pool30
0.4929791207854227,2400,0.45666666666666667,2.5,2.9166666666666665,2.5,0.675,8.82716049382716,120,3,2400,16,8.75912408759124,274,mean,s4_scaffold50,0.42131904783527974,0.041666666666666664,0.2916666666666667,0.125,16,0.5714439644559657,pool,scaffold_representatives|expand_top_groups,PPARA_pool30
0.43255822909205627,3600,0.45666666666666667,2.5,2.0833333333333335,1.6666666666666665,0.675,13.333333333333334,120,3,3600,24,13.138686131386862,274,mean,s4_scaffold50,0.3790712532451351,0.041666666666666664,0.20833333333333334,0.08333333333333333,24,0.5714439644559657,pool,scaffold_representatives|expand_top_groups,PPARA_pool30
0.3852329963776953,4800,0.45666666666666667,2.5,2.0833333333333335,1.6666666666666665,0.675,17.22222222222222,120,3,4625,30,16.87956204379562,274,mean,s4_scaffold50,0.35896361467599647,0.041666666666666664,0.20833333333333334,0.08333333333333333,30,0.5714439644559657,pool,scaffold_representatives|expand_top_groups,PPARA_pool30
0.13201048835917234,600,1.0,0.0,0.8333333333333333,0.0,1.0,1.0,120,3,600,1,1.0,600,mean,s5_score_oracle,0.2629198297919501,0.0,0.08333333333333333,0.0,25,0.5714439644559657,pool,score_oracle,PPARA_pool30
0.11251867698313305,1200,1.0,0.0,1.25,0.0,1.0,2.0,120,3,1200,2,2.0,600,mean,s5_score_oracle,0.25464783125907103,0.0,0.125,0.0,29,0.5714439644559657,pool,score_oracle,PPARA_pool30
0.12245139105924474,2400,1.0,0.0,0.8333333333333333,0.0,1.0,4.0,120,3,2400,4,4.0,600,mean,s5_score_oracle,0.25574555115964004,0.0,0.08333333333333333,0.0,30,0.5714439644559657,pool,score_oracle,PPARA_pool30
0.14720497230410357,3600,1.0,0.0,0.8333333333333333,0.8333333333333333,1.0,6.0,120,3,3600,6,6.0,600,mean,s5_score_oracle,0.2614350193562385,0.0,0.08333333333333333,0.041666666666666664,30,0.5714439644559657,pool,score_oracle,PPARA_pool30
0.20157888486717895,4800,1.0,0.0,0.8333333333333333,0.8333333333333333,1.0,8.0,120,3,4800,8,8.0,600,mean,s5_score_oracle,0.27423939276962556,0.0,0.08333333333333333,0.041666666666666664,30,0.5714439644559657,pool,score_oracle,PPARA_pool30
0.7355859348103829,600,1.0,5.0,3.333333333333333,4.166666666666667,1.0,1.0,120,3,600,1,1.0,600,min,s1_width,0.5714439644559657,0.08333333333333333,0.3333333333333333,0.20833333333333334,1,0.5714439644559657,pool,width,PPARA_pool30
0.7355859348103829,1200,1.0,5.0,3.333333333333333,4.166666666666667,1.0,1.0,120,3,600,1,1.0,600,min,s1_width,0.5714439644559657,0.08333333333333333,0.3333333333333333,0.20833333333333334,1,0.5714439644559657,pool,width,PPARA_pool30
0.7355859348103829,2400,1.0,5.0,3.333333333333333,4.166666666666667,1.0,1.0,120,3,600,1,1.0,600,min,s1_width,0.5714439644559657,0.08333333333333333,0.3333333333333333,0.20833333333333334,1,0.5714439644559657,pool,width,PPARA_pool30
0.7355859348103829,3600,1.0,5.0,3.333333333333333,4.166666666666667,1.0,1.0,120,3,600,1,1.0,600,min,s1_width,0.5714439644559657,0.08333333333333333,0.3333333333333333,0.20833333333333334,1,0.5714439644559657,pool,width,PPARA_pool30
0.7355859348103829,4800,1.0,5.0,3.333333333333333,4.166666666666667,1.0,1.0,120,3,600,1,1.0,600,min,s1_width,0.5714439644559657,0.08333333333333333,0.3333333333333333,0.20833333333333334,1,0.5714439644559657,pool,width,PPARA_pool30
0.7355859348103829,600,1.0,5.0,3.333333333333333,4.166666666666667,1.0,1.0,120,3,600,1,1.0,600,min,s2_uniform,0.5714439644559657,0.08333333333333333,0.3333333333333333,0.20833333333333334,1,0.5714439644559657,pool,uniform,PPARA_pool30
0.2372554731738924,1200,1.0,0.0,1.25,0.8333333333333333,1.0,2.0,120,3,1200,2,2.0,600,min,s2_uniform,0.36697608250225305,0.0,0.125,0.041666666666666664,2,0.5714439644559657,pool,uniform,PPARA_pool30
0.21914355815277126,2400,1.0,0.0,1.25,0.8333333333333333,1.0,4.0,120,3,2400,4,4.0,600,min,s2_uniform,0.31866226140858683,0.0,0.125,0.041666666666666664,4,0.5714439644559657,pool,uniform,PPARA_pool30
0.3780110214953337,3600,1.0,2.5,1.6666666666666665,1.6666666666666665,1.0,6.0,120,3,3600,6,6.0,600,min,s2_uniform,0.3904180440699472,0.041666666666666664,0.16666666666666666,0.08333333333333333,6,0.5714439644559657,pool,uniform,PPARA_pool30
0.3515529638928269,4800,1.0,2.5,1.6666666666666665,0.8333333333333333,1.0,8.0,120,3,4800,8,8.0,600,min,s2_uniform,0.3696266370473779,0.041666666666666664,0.16666666666666666,0.041666666666666664,8,0.5714439644559657,pool,uniform,PPARA_pool30
0.7355859348103829,600,1.0,5.0,3.333333333333333,4.166666666666667,1.0,1.0,120,3,600,1,1.0,600,min,s3_top10,0.5714439644559657,0.08333333333333333,0.3333333333333333,0.20833333333333334,1,0.5714439644559657,pool,primary_all|top_up,PPARA_pool30
0.4897458387732033,1200,1.0,0.0,2.9166666666666665,2.5,1.0,2.3333333333333335,120,3,1200,11,2.0,600,min,s3_top10,0.44399941826141953,0.0,0.2916666666666667,0.125,11,0.5714439644559657,pool,primary_all|top_up,PPARA_pool30
0.47491459191155566,2400,1.0,0.0,2.9166666666666665,2.5,1.0,4.866666666666666,120,3,2340,30,3.9,600,min,s3_top10,0.43740601166801296,0.0,0.2916666666666667,0.125,30,0.5714439644559657,pool,primary_all|top_up,PPARA_pool30
0.47491459191155566,3600,1.0,0.0,2.9166666666666665,2.5,1.0,4.866666666666666,120,3,2340,30,3.9,600,min,s3_top10,0.43740601166801296,0.0,0.2916666666666667,0.125,30,0.5714439644559657,pool,primary_all|top_up,PPARA_pool30
0.47491459191155566,4800,1.0,0.0,2.9166666666666665,2.5,1.0,4.866666666666666,120,3,2340,30,3.9,600,min,s3_top10,0.43740601166801296,0.0,0.2916666666666667,0.125,30,0.5714439644559657,pool,primary_all|top_up,PPARA_pool30
0.7355859348103829,600,1.0,5.0,3.333333333333333,4.166666666666667,1.0,1.0,120,3,600,1,1.0,600,min,s3_top25,0.5714439644559657,0.08333333333333333,0.3333333333333333,0.20833333333333334,1,0.5714439644559657,pool,primary_all|top_up,PPARA_pool30
0.31889386538870107,1200,1.0,0.0,2.0833333333333335,1.6666666666666665,1.0,2.1666666666666665,120,3,1200,5,2.0,600,min,s3_top25,0.37393309162484595,0.0,0.20833333333333334,0.08333333333333333,5,0.5714439644559657,pool,primary_all|top_up,PPARA_pool30
0.28909208507991585,2400,1.0,0.0,2.0833333333333335,1.6666666666666665,1.0,4.5,120,3,2400,13,4.0,600,min,s3_top25,0.35510537966084005,0.0,0.20833333333333334,0.08333333333333333,13,0.5714439644559657,pool,primary_all|top_up,PPARA_pool30
0.1880775921764515,3600,1.0,0.0,0.8333333333333333,0.8333333333333333,1.0,6.833333333333333,120,3,3600,21,6.0,600,min,s3_top25,0.32566841873674085,0.0,0.08333333333333333,0.041666666666666664,21,0.5714439644559657,pool,primary_all|top_up,PPARA_pool30
0.1674614915354454,4800,1.0,0.0,0.8333333333333333,0.0,1.0,9.166666666666666,120,3,4800,29,8.0,600,min,s3_top25,0.32022656550721984,0.0,0.08333333333333333,0.0,29,0.5714439644559657,pool,primary_all|top_up,PPARA_pool30
0.7355859348103829,600,1.0,5.0,3.333333333333333,4.166666666666667,1.0,1.0,120,3,600,1,1.0,600,min,s3_top50,0.5714439644559657,0.08333333333333333,0.3333333333333333,0.20833333333333334,1,0.5714439644559657,pool,primary_all|top_up,PPARA_pool30
0.23092447572036737,1200,1.0,0.0,1.25,0.8333333333333333,1.0,2.183333333333333,120,3,1200,3,2.0,600,min,s3_top50,0.35106842965082796,0.0,0.125,0.041666666666666664,3,0.5714439644559657,pool,primary_all|top_up,PPARA_pool30
0.3638660215852334,2400,1.0,2.5,1.6666666666666665,1.6666666666666665,1.0,4.55,120,3,2400,7,4.0,600,min,s3_top50,0.3832795482493256,0.041666666666666664,0.16666666666666666,0.08333333333333333,7,0.5714439644559657,pool,primary_all|top_up,PPARA_pool30
0.33510166085593035,3600,1.0,0.0,1.6666666666666665,1.6666666666666665,1.0,6.916666666666667,120,3,3600,11,6.0,600,min,s3_top50,0.3575037896490796,0.0,0.16666666666666666,0.08333333333333333,11,0.5714439644559657,pool,primary_all|top_up,PPARA_pool30
0.2942201180375494,4800,1.0,0.0,1.6666666666666665,0.8333333333333333,1.0,9.283333333333333,120,3,4800,15,8.0,600,min,s3_top50,0.3458238394546808,0.0,0.16666666666666666,0.041666666666666664,15,0.5714439644559657,pool,primary_all|top_up,PPARA_pool30
0.5093223406163391,600,0.41833333333333333,0.0,2.9166666666666665,2.5,0.5416666666666666,2.4923076923076923,120,3,600,7,2.3904382470119523,251,min,s4_scaffold25,0.500626231817857,0.0,0.2916666666666667,0.125,7,0.5714439644559657,pool,scaffold_representatives|expand_top_groups,PPARA_pool30
0.49160347892586,1200,0.41833333333333333,0.0,2.9166666666666665,2.5,0.5416666666666666,5.092307692307692,120,3,1200,16,4.780876494023905,251,min,s4_scaffold25,0.4894379658727836,0.0,0.2916666666666667,0.125,16,0.5714439644559657,pool,scaffold_representatives|expand_top_groups,PPARA_pool30
0.4744441700239735,2400,0.41833333333333333,0.0,2.9166666666666665,2.5,0.5416666666666666,9.415384615384616,120,3,2189,30,8.721115537848606,251,min,s4_scaffold25,0.481282059279377,0.0,0.2916666666666667,0.125,30,0.5714439644559657,pool,scaffold_representatives|expand_top_groups,PPARA_pool30
0.4744441700239735,3600,0.41833333333333333,0.0,2.9166666666666665,2.5,0.5416666666666666,9.415384615384616,120,3,2189,30,8.721115537848606,251,min,s4_scaffold25,0.481282059279377,0.0,0.2916666666666667,0.125,30,0.5714439644559657,pool,scaffold_representatives|expand_top_groups,PPARA_pool30
0.4744441700239735,4800,0.41833333333333333,0.0,2.9166666666666665,2.5,0.5416666666666666,9.415384615384616,120,3,2189,30,8.721115537848606,251,min,s4_scaffold25,0.481282059279377,0.0,0.2916666666666667,0.125,30,0.5714439644559657,pool,scaffold_representatives|expand_top_groups,PPARA_pool30
0.2486777325330603,600,0.45666666666666667,0.0,1.25,0.8333333333333333,0.675,2.037037037037037,120,3,600,4,2.18978102189781,274,min,s4_scaffold50,0.33819135276414714,0.0,0.125,0.041666666666666664,4,0.5714439644559657,pool,scaffold_representatives|expand_top_groups,PPARA_pool30
0.2953799202948639,1200,0.45666666666666667,0.0,2.0833333333333335,1.6666666666666665,0.675,4.296296296296297,120,3,1200,8,4.37956204379562,274,min,s4_scaffold50,0.3423643916359498,0.0,0.20833333333333334,0.08333333333333333,8,0.5714439644559657,pool,scaffold_representatives|expand_top_groups,PPARA_pool30
0.2649003187795418,2400,0.45666666666666667,0.0,2.0833333333333335,1.6666666666666665,0.675,8.82716049382716,120,3,2400,16,8.75912408759124,274,min,s4_scaffold50,0.3219460338519953,0.0,0.20833333333333334,0.08333333333333333,16,0.5714439644559657,pool,scaffold_representatives|expand_top_groups,PPARA_pool30
0.12860483647397508,3600,0.45666666666666667,0.0,0.8333333333333333,0.0,0.675,13.333333333333334,120,3,3600,24,13.138686131386862,274,min,s4_scaffold50,0.28549736747544757,0.0,0.08333333333333333,0.0,24,0.5714439644559657,pool,scaffold_representatives|expand_top_groups,PPARA_pool30
0.11444265184241834,4800,0.45666666666666667,0.0,0.8333333333333333,0.0,0.675,17.22222222222222,120,3,4625,30,16.87956204379562,274,min,s4_scaffold50,0.2815604802466531,0.0,0.08333333333333333,0.0,30,0.5714439644559657,pool,scaffold_representatives|expand_top_groups,PPARA_pool30
0.13201048835917234,600,1.0,0.0,0.8333333333333333,0.0,1.0,1.0,120,3,600,1,1.0,600,min,s5_score_oracle,0.2629198297919501,0.0,0.08333333333333333,0.0,25,0.5714439644559657,pool,score_oracle,PPARA_pool30
0.13201048835917234,1200,1.0,0.0,0.8333333333333333,0.0,1.0,2.0,120,3,1200,2,2.0,600,min,s5_score_oracle,0.2629198297919501,0.0,0.08333333333333333,0.0,29,0.5714439644559657,pool,score_oracle,PPARA_pool30
0.13201048835917234,2400,1.0,0.0,0.8333333333333333,0.0,1.0,4.0,120,3,2400,4,4.0,600,min,s5_score_oracle,0.2629198297919501,0.0,0.08333333333333333,0.0,30,0.5714439644559657,pool,score_oracle,PPARA_pool30
0.13201048835917234,3600,1.0,0.0,0.8333333333333333,0.0,1.0,6.0,120,3,3600,6,6.0,600,min,s5_score_oracle,0.2629198297919501,0.0,0.08333333333333333,0.0,30,0.5714439644559657,pool,score_oracle,PPARA_pool30
0.13201048835917234,4800,1.0,0.0,0.8333333333333333,0.0,1.0,8.0,120,3,4800,8,8.0,600,min,s5_score_oracle,0.2629198297919501,0.0,0.08333333333333333,0.0,30,0.5714439644559657,pool,score_oracle,PPARA_pool30
0.49036371148281777,600,1.0,0.0,2.5,2.5,1.0,1.0,120,4,600,1,1.0,600,mean,s1_width,0.501392690384561,0.0,0.25,0.125,1,0.501392690384561,pool,width,PPARA_pool30
0.49036371148281777,1200,1.0,0.0,2.5,2.5,1.0,1.0,120,4,600,1,1.0,600,mean,s1_width,0.501392690384561,0.0,0.25,0.125,1,0.501392690384561,pool,width,PPARA_pool30
0.49036371148281777,2400,1.0,0.0,2.5,2.5,1.0,1.0,120,4,600,1,1.0,600,mean,s1_width,0.501392690384561,0.0,0.25,0.125,1,0.501392690384561,pool,width,PPARA_pool30
0.49036371148281777,3600,1.0,0.0,2.5,2.5,1.0,1.0,120,4,600,1,1.0,600,mean,s1_width,0.501392690384561,0.0,0.25,0.125,1,0.501392690384561,pool,width,PPARA_pool30
0.49036371148281777,4800,1.0,0.0,2.5,2.5,1.0,1.0,120,4,600,1,1.0,600,mean,s1_width,0.501392690384561,0.0,0.25,0.125,1,0.501392690384561,pool,width,PPARA_pool30
0.49036371148281777,600,1.0,0.0,2.5,2.5,1.0,1.0,120,4,600,1,1.0,600,mean,s2_uniform,0.501392690384561,0.0,0.25,0.125,1,0.501392690384561,pool,uniform,PPARA_pool30
0.6646998318770274,1200,1.0,2.5,3.75,3.333333333333333,1.0,2.0,120,4,1200,2,2.0,600,mean,s2_uniform,0.6067819743415552,0.041666666666666664,0.375,0.16666666666666666,2,0.501392690384561,pool,uniform,PPARA_pool30
0.6977230931314035,2400,1.0,2.5,3.75,3.333333333333333,1.0,4.0,120,4,2400,4,4.0,600,mean,s2_uniform,0.6337009359116265,0.041666666666666664,0.375,0.16666666666666666,4,0.501392690384561,pool,uniform,PPARA_pool30
0.6440188496832151,3600,1.0,0.0,3.75,3.333333333333333,1.0,6.0,120,4,3600,6,6.0,600,mean,s2_uniform,0.6212360860058749,0.0,0.375,0.16666666666666666,6,0.501392690384561,pool,uniform,PPARA_pool30
0.6266086902741067,4800,1.0,0.0,3.75,3.333333333333333,1.0,8.0,120,4,4800,8,8.0,600,mean,s2_uniform,0.6204983090497175,0.0,0.375,0.16666666666666666,8,0.501392690384561,pool,uniform,PPARA_pool30
0.49036371148281777,600,1.0,0.0,2.5,2.5,1.0,1.0,120,4,600,1,1.0,600,mean,s3_top10,0.501392690384561,0.0,0.25,0.125,1,0.501392690384561,pool,primary_all|top_up,PPARA_pool30
0.42369685922921885,1200,1.0,0.0,2.5,1.6666666666666665,1.0,2.6666666666666665,120,4,1200,11,2.0,600,mean,s3_top10,0.48829908036370323,0.0,0.25,0.08333333333333333,11,0.501392690384561,pool,primary_all|top_up,PPARA_pool30
0.44620981602542586,2400,1.0,0.0,2.9166666666666665,1.6666666666666665,1.0,5.833333333333333,120,4,2340,30,3.9,600,mean,s3_top10,0.4905888675711205,0.0,0.2916666666666667,0.08333333333333333,30,0.501392690384561,pool,primary_all|top_up,PPARA_pool30
0.44620981602542586,3600,1.0,0.0,2.9166666666666665,1.6666666666666665,1.0,5.833333333333333,120,4,2340,30,3.9,600,mean,s3_top10,0.4905888675711205,0.0,0.2916666666666667,0.08333333333333333,30,0.501392690384561,pool,primary_all|top_up,PPARA_pool30
0.44620981602542586,4800,1.0,0.0,2.9166666666666665,1.6666666666666665,1.0,5.833333333333333,120,4,2340,30,3.9,600,mean,s3_top10,0.4905888675711205,0.0,0.2916666666666667,0.08333333333333333,30,0.501392690384561,pool,primary_all|top_up,PPARA_pool30
0.49036371148281777,600,1.0,0.0,2.5,2.5,1.0,1.0,120,4,600,1,1.0,600,mean,s3_top25,0.501392690384561,0.0,0.25,0.125,1,0.501392690384561,pool,primary_all|top_up,PPARA_pool30
0.652730700101891,1200,1.0,0.0,4.166666666666667,3.333333333333333,1.0,2.2333333333333334,120,4,1200,5,2.0,600,mean,s3_top25,0.5990430666028921,0.0,0.4166666666666667,0.16666666666666666,5,0.501392690384561,pool,primary_all|top_up,PPARA_pool30
0.6474935874026508,2400,1.0,0.0,4.166666666666667,3.333333333333333,1.0,4.7,120,4,2400,13,4.0,600,mean,s3_top25,0.5927629936540396,0.0,0.4166666666666667,0.16666666666666666,13,0.501392690384561,pool,primary_all|top_up,PPARA_pool30
0.6330383936146043,3600,1.0,0.0,3.75,3.333333333333333,1.0,7.166666666666667,120,4,3600,21,6.0,600,mean,s3_top25,0.5783506711325194,0.0,0.375,0.16666666666666666,21,0.501392690384561,pool,primary_all|top_up,PPARA_pool30
0.5937665366880643,4800,1.0,0.0,3.333333333333333,3.333333333333333,1.0,9.633333333333333,120,4,4800,29,8.0,600,mean,s3_top25,0.547700754766785,0.0,0.3333333333333333,0.16666666666666666,29,0.501392690384561,pool,primary_all|top_up,PPARA_pool30
0.49036371148281777,600,1.0,0.0,2.5,2.5,1.0,1.0,120,4,600,1,1.0,600,mean,s3_top50,0.501392690384561,0.0,0.25,0.125,1,0.501392690384561,pool,primary_all|top_up,PPARA_pool30
0.6840807047954128,1200,1.0,2.5,3.75,3.333333333333333,1.0,2.15,120,4,1200,3,2.0,600,mean,s3_top50,0.6120873437219471,0.041666666666666664,0.375,0.16666666666666666,3,0.501392690384561,pool,primary_all|top_up,PPARA_pool30
0.6214642635397025,2400,1.0,0.0,3.75,3.333333333333333,1.0,4.45,120,4,2400,7,4.0,600,mean,s3_top50,0.5934034321176064,0.0,0.375,0.16666666666666666,7,0.501392690384561,pool,primary_all|top_up,PPARA_pool30
0.653713306389575,3600,1.0,0.0,4.166666666666667,3.333333333333333,1.0,6.75,120,4,3600,11,6.0,600,mean,s3_top50,0.6227521893712428,0.0,0.4166666666666667,0.16666666666666666,11,0.501392690384561,pool,primary_all|top_up,PPARA_pool30
0.6479246571831261,4800,1.0,0.0,4.166666666666667,3.333333333333333,1.0,9.05,120,4,4800,15,8.0,600,mean,s3_top50,0.6180110704291172,0.0,0.4166666666666667,0.16666666666666666,15,0.501392690384561,pool,primary_all|top_up,PPARA_pool30
0.5916699914306959,600,0.41,0.0,3.75,2.5,0.5083333333333333,2.819672131147541,120,4,600,7,2.4390243902439024,246,mean,s4_scaffold25,0.6140570225205114,0.0,0.375,0.125,7,0.501392690384561,pool,scaffold_representatives|expand_top_groups,PPARA_pool30
0.5786605660716178,1200,0.41,0.0,3.333333333333333,2.5,0.5083333333333333,5.852459016393443,120,4,1200,17,4.878048780487805,246,mean,s4_scaffold25,0.6110435155238387,0.0,0.3333333333333333,0.125,17,0.501392690384561,pool,scaffold_representatives|expand_top_groups,PPARA_pool30
0.5716848574262536,2400,0.41,0.0,3.75,2.5,0.5083333333333333,10.032786885245901,120,4,2044,30,8.308943089430894,246,mean,s4_scaffold25,0.5998133878027387,0.0,0.375,0.125,30,0.501392690384561,pool,scaffold_representatives|expand_top_groups,PPARA_pool30
0.5716848574262536,3600,0.41,0.0,3.75,2.5,0.5083333333333333,10.032786885245901,120,4,2044,30,8.308943089430894,246,mean,s4_scaffold25,0.5998133878027387,0.0,0.375,0.125,30,0.501392690384561,pool,scaffold_representatives|expand_top_groups,PPARA_pool30
0.5716848574262536,4800,0.41,0.0,3.75,2.5,0.5083333333333333,10.032786885245901,120,4,2044,30,8.308943089430894,246,mean,s4_scaffold25,0.5998133878027387,0.0,0.375,0.125,30,0.501392690384561,pool,scaffold_representatives|expand_top_groups,PPARA_pool30
0.7045163584072337,600,0.42,2.5,4.166666666666667,3.333333333333333,0.5583333333333333,2.4477611940298507,120,4,600,4,2.380952380952381,252,mean,s4_scaffold50,0.6255867242476792,0.041666666666666664,0.4166666666666667,0.16666666666666666,4,0.501392690384561,pool,scaffold_representatives|expand_top_groups,PPARA_pool30
0.6432513441760118,1200,0.42,0.0,3.75,3.333333333333333,0.5583333333333333,5.044776119402985,120,4,1200,9,4.761904761904762,252,mean,s4_scaffold50,0.6109553263055229,0.0,0.375,0.16666666666666666,9,0.501392690384561,pool,scaffold_representatives|expand_top_groups,PPARA_pool30
0.6416091164776054,2400,0.42,0.0,4.166666666666667,3.333333333333333,0.5583333333333333,10.164179104477611,120,4,2400,18,9.523809523809524,252,mean,s4_scaffold50,0.5985668064586712,0.0,0.4166666666666667,0.16666666666666666,18,0.501392690384561,pool,scaffold_representatives|expand_top_groups,PPARA_pool30
0.6192294122383889,3600,0.42,0.0,3.75,3.333333333333333,0.5583333333333333,15.26865671641791,120,4,3600,27,14.285714285714286,252,mean,s4_scaffold50,0.578965041285473,0.0,0.375,0.16666666666666666,27,0.501392690384561,pool,scaffold_representatives|expand_top_groups,PPARA_pool30
0.5918565246113852,4800,0.42,0.0,3.333333333333333,3.333333333333333,0.5583333333333333,16.925373134328357,120,4,3987,30,15.821428571428571,252,mean,s4_scaffold50,0.5584592721148431,0.0,0.3333333333333333,0.16666666666666666,30,0.501392690384561,pool,scaffold_representatives|expand_top_groups,PPARA_pool30
0.36279877603291827,600,1.0,0.0,2.0833333333333335,1.6666666666666665,1.0,1.0,120,4,600,1,1.0,600,mean,s5_score_oracle,0.4160620558715163,0.0,0.20833333333333334,0.08333333333333333,25,0.501392690384561,pool,score_oracle,PPARA_pool30
0.4041379533840292,1200,1.0,0.0,2.9166666666666665,1.6666666666666665,1.0,2.0,120,4,1200,2,2.0,600,mean,s5_score_oracle,0.41229113737055495,0.0,0.2916666666666667,0.08333333333333333,29,0.501392690384561,pool,score_oracle,PPARA_pool30
0.44215958135057165,2400,1.0,0.0,2.9166666666666665,2.5,1.0,4.0,120,4,2400,4,4.0,600,mean,s5_score_oracle,0.4165405742070334,0.0,0.2916666666666667,0.125,30,0.501392690384561,pool,score_oracle,PPARA_pool30
0.4593116103304978,3600,1.0,0.0,2.9166666666666665,2.5,1.0,6.0,120,4,3600,6,6.0,600,mean,s5_score_oracle,0.4317424205859079,0.0,0.2916666666666667,0.125,30,0.501392690384561,pool,score_oracle,PPARA_pool30
0.4706986415900246,4800,1.0,0.0,2.9166666666666665,2.5,1.0,8.0,120,4,4800,8,8.0,600,mean,s5_score_oracle,0.441878129632181,0.0,0.2916666666666667,0.125,30,0.501392690384561,pool,score_oracle,PPARA_pool30
0.49036371148281777,600,1.0,0.0,2.5,2.5,1.0,1.0,120,4,600,1,1.0,600,min,s1_width,0.501392690384561,0.0,0.25,0.125,1,0.501392690384561,pool,width,PPARA_pool30
0.49036371148281777,1200,1.0,0.0,2.5,2.5,1.0,1.0,120,4,600,1,1.0,600,min,s1_width,0.501392690384561,0.0,0.25,0.125,1,0.501392690384561,pool,width,PPARA_pool30
0.49036371148281777,2400,1.0,0.0,2.5,2.5,1.0,1.0,120,4,600,1,1.0,600,min,s1_width,0.501392690384561,0.0,0.25,0.125,1,0.501392690384561,pool,width,PPARA_pool30
0.49036371148281777,3600,1.0,0.0,2.5,2.5,1.0,1.0,120,4,600,1,1.0,600,min,s1_width,0.501392690384561,0.0,0.25,0.125,1,0.501392690384561,pool,width,PPARA_pool30
0.49036371148281777,4800,1.0,0.0,2.5,2.5,1.0,1.0,120,4,600,1,1.0,600,min,s1_width,0.501392690384561,0.0,0.25,0.125,1,0.501392690384561,pool,width,PPARA_pool30
0.49036371148281777,600,1.0,0.0,2.5,2.5,1.0,1.0,120,4,600,1,1.0,600,min,s2_uniform,0.501392690384561,0.0,0.25,0.125,1,0.501392690384561,pool,uniform,PPARA_pool30
0.49102361877495265,1200,1.0,0.0,2.5,2.5,1.0,2.0,120,4,1200,2,2.0,600,min,s2_uniform,0.5156242237569858,0.0,0.25,0.125,2,0.501392690384561,pool,uniform,PPARA_pool30
0.4931412114138252,2400,1.0,0.0,2.5,2.5,1.0,4.0,120,4,2400,4,4.0,600,min,s2_uniform,0.5184586903262883,0.0,0.25,0.125,4,0.501392690384561,pool,uniform,PPARA_pool30
0.4280381346879668,3600,1.0,0.0,2.5,2.5,1.0,6.0,120,4,3600,6,6.0,600,min,s2_uniform,0.49451897306957,0.0,0.25,0.125,6,0.501392690384561,pool,uniform,PPARA_pool30
0.4267746132779649,4800,1.0,0.0,2.5,2.5,1.0,8.0,120,4,4800,8,8.0,600,min,s2_uniform,0.49225971330851626,0.0,0.25,0.125,8,0.501392690384561,pool,uniform,PPARA_pool30
0.49036371148281777,600,1.0,0.0,2.5,2.5,1.0,1.0,120,4,600,1,1.0,600,min,s3_top10,0.501392690384561,0.0,0.25,0.125,1,0.501392690384561,pool,primary_all|top_up,PPARA_pool30
0.427191311995051,1200,1.0,0.0,2.5,2.5,1.0,2.6666666666666665,120,4,1200,11,2.0,600,min,s3_top10,0.48113379336482814,0.0,0.25,0.125,11,0.501392690384561,pool,primary_all|top_up,PPARA_pool30
0.38987042862607146,2400,1.0,0.0,2.5,1.6666666666666665,1.0,5.833333333333333,120,4,2340,30,3.9,600,min,s3_top10,0.4732964917775266,0.0,0.25,0.08333333333333333,30,0.501392690384561,pool,primary_all|top_up,PPARA_pool30
0.38987042862607146,3600,1.0,0.0,2.5,1.6666666666666665,1.0,5.833333333333333,120,4,2340,30,3.9,600,min,s3_top10,0.4732964917775266,0.0,0.25,0.08333333333333333,30,0.501392690384561,pool,primary_all|top_up,PPARA_pool30
0.38987042862607146,4800,1.0,0.0,2.5,1.6666666666666665,1.0,5.833333333333333,120,4,2340,30,3.9,600,min,s3_top10,0.4732964917775266,0.0,0.25,0.08333333333333333,30,0.501392690384561,pool,primary_all|top_up,PPARA_pool30
0.49036371148281777,600,1.0,0.0,2.5,2.5,1.0,1.0,120,4,600,1,1.0,600,min,s3_top25,0.501392690384561,0.0,0.25,0.125,1,0.501392690384561,pool,primary_all|top_up,PPARA_pool30
0.4966708123700244,1200,1.0,0.0,2.9166666666666665,2.5,1.0,2.2333333333333334,120,4,1200,5,2.0,600,min,s3_top25,0.509285867750355,0.0,0.2916666666666667,0.125,5,0.501392690384561,pool,primary_all|top_up,PPARA_pool30
0.4264697738831752,2400,1.0,0.0,2.5,2.5,1.0,4.7,120,4,2400,13,4.0,600,min,s3_top25,0.4802050914292934,0.0,0.25,0.125,13,0.501392690384561,pool,primary_all|top_up,PPARA_pool30
0.3659647910220946,3600,1.0,0.0,2.0833333333333335,1.6666666666666665,1.0,7.166666666666667,120,4,3600,21,6.0,600,min,s3_top25,0.4651399073717719,0.0,0.20833333333333334,0.08333333333333333,21,0.501392690384561,pool,primary_all|top_up,PPARA_pool30
0.36222893695211944,4800,1.0,0.0,2.0833333333333335,1.6666666666666665,1.0,9.633333333333333,120,4,4800,29,8.0,600,min,s3_top25,0.45991137033545454,0.0,0.20833333333333334,0.08333333333333333,29,0.501392690384561,pool,primary_all|top_up,PPARA_pool30
0.49036371148281777,600,1.0,0.0,2.5,2.5,1.0,1.0,120,4,600,1,1.0,600,min,s3_top50,0.501392690384561,0.0,0.25,0.125,1,0.501392690384561,pool,primary_all|top_up,PPARA_pool30
0.4904511661344077,1200,1.0,0.0,2.5,2.5,1.0,2.15,120,4,1200,3,2.0,600,min,s3_top50,0.5059522471539368,0.0,0.25,0.125,3,0.501392690384561,pool,primary_all|top_up,PPARA_pool30
0.4276734901695541,2400,1.0,0.0,2.5,2.5,1.0,4.45,120,4,2400,7,4.0,600,min,s3_top50,0.4940403940602774,0.0,0.25,0.125,7,0.501392690384561,pool,primary_all|top_up,PPARA_pool30
0.42783315004235645,3600,1.0,0.0,2.5,2.5,1.0,6.75,120,4,3600,11,6.0,600,min,s3_top50,0.49623337651641775,0.0,0.25,0.125,11,0.501392690384561,pool,primary_all|top_up,PPARA_pool30
0.42471773166627497,4800,1.0,0.0,2.5,2.5,1.0,9.05,120,4,4800,15,8.0,600,min,s3_top50,0.4934844746987917,0.0,0.25,0.125,15,0.501392690384561,pool,primary_all|top_up,PPARA_pool30
0.4410535547129625,600,0.41,0.0,2.5,2.5,0.5083333333333333,2.819672131147541,120,4,600,7,2.4390243902439024,246,min,s4_scaffold25,0.5333631275724863,0.0,0.25,0.125,7,0.501392690384561,pool,scaffold_representatives|expand_top_groups,PPARA_pool30
0.4410535547129625,1200,0.41,0.0,2.5,2.5,0.5083333333333333,5.852459016393443,120,4,1200,17,4.878048780487805,246,min,s4_scaffold25,0.5333631275724863,0.0,0.25,0.125,17,0.501392690384561,pool,scaffold_representatives|expand_top_groups,PPARA_pool30
0.40373267134398294,2400,0.41,0.0,2.5,1.6666666666666665,0.5083333333333333,10.032786885245901,120,4,2044,30,8.308943089430894,246,min,s4_scaffold25,0.5255258259851846,0.0,0.25,0.08333333333333333,30,0.501392690384561,pool,scaffold_representatives|expand_top_groups,PPARA_pool30
0.40373267134398294,3600,0.41,0.0,2.5,1.6666666666666665,0.5083333333333333,10.032786885245901,120,4,2044,30,8.308943089430894,246,min,s4_scaffold25,0.5255258259851846,0.0,0.25,0.08333333333333333,30,0.501392690384561,pool,scaffold_representatives|expand_top_groups,PPARA_pool30
0.40373267134398294,4800,0.41,0.0,2.5,1.6666666666666665,0.5083333333333333,10.032786885245901,120,4,2044,30,8.308943089430894,246,min,s4_scaffold25,0.5255258259851846,0.0,0.25,0.08333333333333333,30,0.501392690384561,pool,scaffold_representatives|expand_top_groups,PPARA_pool30
0.5005466284074434,600,0.42,0.0,2.5,2.5,0.5583333333333333,2.4477611940298507,120,4,600,4,2.380952380952381,252,min,s4_scaffold50,0.537628080522214,0.0,0.25,0.125,4,0.501392690384561,pool,scaffold_representatives|expand_top_groups,PPARA_pool30
0.43056645903161117,1200,0.42,0.0,2.5,2.5,0.5583333333333333,5.044776119402985,120,4,1200,9,4.761904761904762,252,min,s4_scaffold50,0.5047301897476602,0.0,0.25,0.125,9,0.501392690384561,pool,scaffold_representatives|expand_top_groups,PPARA_pool30
0.4303934450063908,2400,0.42,0.0,2.5,2.5,0.5583333333333333,10.164179104477611,120,4,2400,18,9.523809523809524,252,min,s4_scaffold50,0.5046409829774189,0.0,0.25,0.125,18,0.501392690384561,pool,scaffold_representatives|expand_top_groups,PPARA_pool30
0.364442123485476,3600,0.42,0.0,2.0833333333333335,1.6666666666666665,0.5583333333333333,15.26865671641791,120,4,3600,27,14.285714285714286,252,min,s4_scaffold50,0.4787458505289162,0.0,0.20833333333333334,0.08333333333333333,27,0.501392690384561,pool,scaffold_representatives|expand_top_groups,PPARA_pool30
0.3620917153775283,4800,0.42,0.0,2.0833333333333335,1.6666666666666665,0.5583333333333333,16.925373134328357,120,4,3987,30,15.821428571428571,252,min,s4_scaffold50,0.47568515820191953,0.0,0.20833333333333334,0.08333333333333333,30,0.501392690384561,pool,scaffold_representatives|expand_top_groups,PPARA_pool30
0.36279877603291827,600,1.0,0.0,2.0833333333333335,1.6666666666666665,1.0,1.0,120,4,600,1,1.0,600,min,s5_score_oracle,0.4160620558715163,0.0,0.20833333333333334,0.08333333333333333,25,0.501392690384561,pool,score_oracle,PPARA_pool30
0.36279877603291827,1200,1.0,0.0,2.0833333333333335,1.6666666666666665,1.0,2.0,120,4,1200,2,2.0,600,min,s5_score_oracle,0.4160620558715163,0.0,0.20833333333333334,0.08333333333333333,29,0.501392690384561,pool,score_oracle,PPARA_pool30
0.36279877603291827,2400,1.0,0.0,2.0833333333333335,1.6666666666666665,1.0,4.0,120,4,2400,4,4.0,600,min,s5_score_oracle,0.4160620558715163,0.0,0.20833333333333334,0.08333333333333333,30,0.501392690384561,pool,score_oracle,PPARA_pool30
0.36279877603291827,3600,1.0,0.0,2.0833333333333335,1.6666666666666665,1.0,6.0,120,4,3600,6,6.0,600,min,s5_score_oracle,0.4160620558715163,0.0,0.20833333333333334,0.08333333333333333,30,0.501392690384561,pool,score_oracle,PPARA_pool30
0.36279877603291827,4800,1.0,0.0,2.0833333333333335,1.6666666666666665,1.0,8.0,120,4,4800,8,8.0,600,min,s5_score_oracle,0.4160620558715163,0.0,0.20833333333333334,0.08333333333333333,30,0.501392690384561,pool,score_oracle,PPARA_pool30
0.8710840869245676,600,1.0,5.0,4.166666666666667,5.0,1.0,1.0,120,5,600,1,1.0,600,mean,s1_width,0.747140448238552,0.08333333333333333,0.4166666666666667,0.25,1,0.747140448238552,pool,width,PPARA_pool30
0.8710840869245676,1200,1.0,5.0,4.166666666666667,5.0,1.0,1.0,120,5,600,1,1.0,600,mean,s1_width,0.747140448238552,0.08333333333333333,0.4166666666666667,0.25,1,0.747140448238552,pool,width,PPARA_pool30
0.8710840869245676,2400,1.0,5.0,4.166666666666667,5.0,1.0,1.0,120,5,600,1,1.0,600,mean,s1_width,0.747140448238552,0.08333333333333333,0.4166666666666667,0.25,1,0.747140448238552,pool,width,PPARA_pool30
0.8710840869245676,3600,1.0,5.0,4.166666666666667,5.0,1.0,1.0,120,5,600,1,1.0,600,mean,s1_width,0.747140448238552,0.08333333333333333,0.4166666666666667,0.25,1,0.747140448238552,pool,width,PPARA_pool30
0.8710840869245676,4800,1.0,5.0,4.166666666666667,5.0,1.0,1.0,120,5,600,1,1.0,600,mean,s1_width,0.747140448238552,0.08333333333333333,0.4166666666666667,0.25,1,0.747140448238552,pool,width,PPARA_pool30
0.8710840869245676,600,1.0,5.0,4.166666666666667,5.0,1.0,1.0,120,5,600,1,1.0,600,mean,s2_uniform,0.747140448238552,0.08333333333333333,0.4166666666666667,0.25,1,0.747140448238552,pool,uniform,PPARA_pool30
0.9756775045873607,1200,1.0,5.0,5.0,5.0,1.0,2.0,120,5,1200,2,2.0,600,mean,s2_uniform,0.9053649331201058,0.08333333333333333,0.5,0.25,2,0.747140448238552,pool,uniform,PPARA_pool30
0.9514618658561487,2400,1.0,5.0,5.0,5.0,1.0,4.0,120,5,2400,4,4.0,600,mean,s2_uniform,0.8645603272867767,0.08333333333333333,0.5,0.25,4,0.747140448238552,pool,uniform,PPARA_pool30
0.9225001126280815,3600,1.0,5.0,4.583333333333333,5.0,1.0,6.0,120,5,3600,6,6.0,600,mean,s2_uniform,0.8230016356538754,0.08333333333333333,0.4583333333333333,0.25,6,0.747140448238552,pool,uniform,PPARA_pool30
0.9255881624560699,4800,1.0,5.0,4.583333333333333,5.0,1.0,8.0,120,5,4800,8,8.0,600,mean,s2_uniform,0.8304425343378194,0.08333333333333333,0.4583333333333333,0.25,8,0.747140448238552,pool,uniform,PPARA_pool30
0.8710840869245676,600,1.0,5.0,4.166666666666667,5.0,1.0,1.0,120,5,600,1,1.0,600,mean,s3_top10,0.747140448238552,0.08333333333333333,0.4166666666666667,0.25,1,0.747140448238552,pool,primary_all|top_up,PPARA_pool30
0.878560123977021,1200,1.0,5.0,4.166666666666667,5.0,1.0,1.75,120,5,1200,11,2.0,600,mean,s3_top10,0.7517700778681816,0.08333333333333333,0.4166666666666667,0.25,11,0.747140448238552,pool,primary_all|top_up,PPARA_pool30
0.8710840869245676,2400,1.0,5.0,4.166666666666667,5.0,1.0,3.175,120,5,2340,30,3.9,600,mean,s3_top10,0.747140448238552,0.08333333333333333,0.4166666666666667,0.25,30,0.747140448238552,pool,primary_all|top_up,PPARA_pool30
0.8710840869245676,3600,1.0,5.0,4.166666666666667,5.0,1.0,3.175,120,5,2340,30,3.9,600,mean,s3_top10,0.747140448238552,0.08333333333333333,0.4166666666666667,0.25,30,0.747140448238552,pool,primary_all|top_up,PPARA_pool30
0.8710840869245676,4800,1.0,5.0,4.166666666666667,5.0,1.0,3.175,120,5,2340,30,3.9,600,mean,s3_top10,0.747140448238552,0.08333333333333333,0.4166666666666667,0.25,30,0.747140448238552,pool,primary_all|top_up,PPARA_pool30
0.8710840869245676,600,1.0,5.0,4.166666666666667,5.0,1.0,1.0,120,5,600,1,1.0,600,mean,s3_top25,0.747140448238552,0.08333333333333333,0.4166666666666667,0.25,1,0.747140448238552,pool,primary_all|top_up,PPARA_pool30
0.9107611938480729,1200,1.0,5.0,4.583333333333333,5.0,1.0,1.9666666666666666,120,5,1200,5,2.0,600,mean,s3_top25,0.7805075122311941,0.08333333333333333,0.4583333333333333,0.25,5,0.747140448238552,pool,primary_all|top_up,PPARA_pool30
0.9012581739120763,2400,1.0,5.0,4.583333333333333,5.0,1.0,3.9,120,5,2400,13,4.0,600,mean,s3_top25,0.7680516833008229,0.08333333333333333,0.4583333333333333,0.25,13,0.747140448238552,pool,primary_all|top_up,PPARA_pool30
0.8369200800833038,3600,1.0,5.0,4.166666666666667,4.166666666666667,1.0,5.833333333333333,120,5,3600,21,6.0,600,mean,s3_top25,0.718967012410107,0.08333333333333333,0.4166666666666667,0.20833333333333334,21,0.747140448238552,pool,primary_all|top_up,PPARA_pool30
0.8024340934171079,4800,1.0,5.0,3.75,4.166666666666667,1.0,7.766666666666667,120,5,4800,29,8.0,600,mean,s3_top25,0.6924699894444308,0.08333333333333333,0.375,0.20833333333333334,29,0.747140448238552,pool,primary_all|top_up,PPARA_pool30
0.8710840869245676,600,1.0,5.0,4.166666666666667,5.0,1.0,1.0,120,5,600,1,1.0,600,mean,s3_top50,0.747140448238552,0.08333333333333333,0.4166666666666667,0.25,1,0.747140448238552,pool,primary_all|top_up,PPARA_pool30
0.9549718371684308,1200,1.0,5.0,5.0,5.0,1.0,1.9166666666666667,120,5,1200,3,2.0,600,mean,s3_top50,0.8511952719405574,0.08333333333333333,0.5,0.25,3,0.747140448238552,pool,primary_all|top_up,PPARA_pool30
0.9181826021639247,2400,1.0,5.0,4.583333333333333,5.0,1.0,3.75,120,5,2400,7,4.0,600,mean,s3_top50,0.8051818481888636,0.08333333333333333,0.4583333333333333,0.25,7,0.747140448238552,pool,primary_all|top_up,PPARA_pool30
0.9203457069271547,3600,1.0,5.0,4.583333333333333,5.0,1.0,5.583333333333333,120,5,3600,11,6.0,600,mean,s3_top50,0.8179227085268158,0.08333333333333333,0.4583333333333333,0.25,11,0.747140448238552,pool,primary_all|top_up,PPARA_pool30
0.9000611336034887,4800,1.0,5.0,4.583333333333333,5.0,1.0,7.416666666666667,120,5,4800,15,8.0,600,mean,s3_top50,0.7990192523525858,0.08333333333333333,0.4583333333333333,0.25,15,0.747140448238552,pool,primary_all|top_up,PPARA_pool30
0.9117625864453872,600,0.41833333333333333,5.0,4.166666666666667,5.0,0.5166666666666667,1.9193548387096775,120,5,600,7,2.3904382470119523,251,mean,s4_scaffold25,0.8188921747646846,0.08333333333333333,0.4166666666666667,0.25,7,0.747140448238552,pool,scaffold_representatives|expand_top_groups,PPARA_pool30
0.8958087222194715,1200,0.41833333333333333,5.0,4.166666666666667,5.0,0.5166666666666667,3.5,120,5,1200,16,4.780876494023905,251,mean,s4_scaffold25,0.8045036010204608,0.08333333333333333,0.4166666666666667,0.25,16,0.747140448238552,pool,scaffold_representatives|expand_top_groups,PPARA_pool30
0.8460386262341045,2400,0.41833333333333333,5.0,3.75,4.166666666666667,0.5166666666666667,6.129032258064516,120,5,2189,30,8.721115537848606,251,mean,s4_scaffold25,0.772341492295852,0.08333333333333333,0.375,0.20833333333333334,30,0.747140448238552,pool,scaffold_representatives|expand_top_groups,PPARA_pool30
0.8460386262341045,3600,0.41833333333333333,5.0,3.75,4.166666666666667,0.5166666666666667,6.129032258064516,120,5,2189,30,8.721115537848606,251,mean,s4_scaffold25,0.772341492295852,0.08333333333333333,0.375,0.20833333333333334,30,0.747140448238552,pool,scaffold_representatives|expand_top_groups,PPARA_pool30
0.8460386262341045,4800,0.41833333333333333,5.0,3.75,4.166666666666667,0.5166666666666667,6.129032258064516,120,5,2189,30,8.721115537848606,251,mean,s4_scaffold25,0.772341492295852,0.08333333333333333,0.375,0.20833333333333334,30,0.747140448238552,pool,scaffold_representatives|expand_top_groups,PPARA_pool30
0.9508590412432254,600,0.45666666666666667,5.0,5.0,5.0,0.5166666666666667,1.935483870967742,120,5,600,4,2.18978102189781,274,mean,s4_scaffold50,0.8531321976988288,0.08333333333333333,0.5,0.25,4,0.747140448238552,pool,scaffold_representatives|expand_top_groups,PPARA_pool30
0.9240152044859539,1200,0.45666666666666667,5.0,4.583333333333333,5.0,0.5166666666666667,3.5483870967741935,120,5,1200,8,4.37956204379562,274,mean,s4_scaffold50,0.8262687681215833,0.08333333333333333,0.4583333333333333,0.25,8,0.747140448238552,pool,scaffold_representatives|expand_top_groups,PPARA_pool30
0.8859631085343078,2400,0.45666666666666667,5.0,4.583333333333333,5.0,0.5166666666666667,6.741935483870968,120,5,2400,16,8.75912408759124,274,mean,s4_scaffold50,0.794492678872668,0.08333333333333333,0.4583333333333333,0.25,16,0.747140448238552,pool,scaffold_representatives|expand_top_groups,PPARA_pool30
0.8481861630053059,3600,0.45666666666666667,5.0,4.166666666666667,4.166666666666667,0.5166666666666667,9.951612903225806,120,5,3600,24,13.138686131386862,274,mean,s4_scaffold50,0.7675621745572951,0.08333333333333333,0.4166666666666667,0.20833333333333334,24,0.747140448238552,pool,scaffold_representatives|expand_top_groups,PPARA_pool30
0.8005666560367024,4800,0.45666666666666667,5.0,3.75,4.166666666666667,0.5166666666666667,12.67741935483871,120,5,4625,30,16.87956204379562,274,mean,s4_scaffold50,0.7349819587492896,0.08333333333333333,0.375,0.20833333333333334,30,0.747140448238552,pool,scaffold_representatives|expand_top_groups,PPARA_pool30
0.5058945889470671,600,1.0,5.0,2.0833333333333335,2.5,1.0,1.0,120,5,600,1,1.0,600,mean,s5_score_oracle,0.44916950611725676,0.08333333333333333,0.20833333333333334,0.125,25,0.747140448238552,pool,score_oracle,PPARA_pool30
0.4013503904863986,1200,1.0,0.0,1.6666666666666665,2.5,1.0,2.0,120,5,1200,2,2.0,600,mean,s5_score_oracle,0.40236516889865176,0.0,0.16666666666666666,0.125,29,0.747140448238552,pool,score_oracle,PPARA_pool30
0.4466891321185332,2400,1.0,2.5,2.0833333333333335,2.5,1.0,4.0,120,5,2400,4,4.0,600,mean,s5_score_oracle,0.42797928368997956,0.041666666666666664,0.20833333333333334,0.125,30,0.747140448238552,pool,score_oracle,PPARA_pool30
0.4635102471224201,3600,1.0,2.5,2.5,2.5,1.0,6.0,120,5,3600,6,6.0,600,mean,s5_score_oracle,0.4559736875119009,0.041666666666666664,0.25,0.125,30,0.747140448238552,pool,score_oracle,PPARA_pool30
0.46324806667964774,4800,1.0,2.5,2.5,1.6666666666666665,1.0,8.0,120,5,4800,8,8.0,600,mean,s5_score_oracle,0.4701974566501108,0.041666666666666664,0.25,0.08333333333333333,30,0.747140448238552,pool,score_oracle,PPARA_pool30
0.8710840869245676,600,1.0,5.0,4.166666666666667,5.0,1.0,1.0,120,5,600,1,1.0,600,min,s1_width,0.747140448238552,0.08333333333333333,0.4166666666666667,0.25,1,0.747140448238552,pool,width,PPARA_pool30
0.8710840869245676,1200,1.0,5.0,4.166666666666667,5.0,1.0,1.0,120,5,600,1,1.0,600,min,s1_width,0.747140448238552,0.08333333333333333,0.4166666666666667,0.25,1,0.747140448238552,pool,width,PPARA_pool30
0.8710840869245676,2400,1.0,5.0,4.166666666666667,5.0,1.0,1.0,120,5,600,1,1.0,600,min,s1_width,0.747140448238552,0.08333333333333333,0.4166666666666667,0.25,1,0.747140448238552,pool,width,PPARA_pool30
0.8710840869245676,3600,1.0,5.0,4.166666666666667,5.0,1.0,1.0,120,5,600,1,1.0,600,min,s1_width,0.747140448238552,0.08333333333333333,0.4166666666666667,0.25,1,0.747140448238552,pool,width,PPARA_pool30
0.8710840869245676,4800,1.0,5.0,4.166666666666667,5.0,1.0,1.0,120,5,600,1,1.0,600,min,s1_width,0.747140448238552,0.08333333333333333,0.4166666666666667,0.25,1,0.747140448238552,pool,width,PPARA_pool30
0.8710840869245676,600,1.0,5.0,4.166666666666667,5.0,1.0,1.0,120,5,600,1,1.0,600,min,s2_uniform,0.747140448238552,0.08333333333333333,0.4166666666666667,0.25,1,0.747140448238552,pool,uniform,PPARA_pool30
0.9285113016508214,1200,1.0,5.0,4.583333333333333,5.0,1.0,2.0,120,5,1200,2,2.0,600,min,s2_uniform,0.8521438839141533,0.08333333333333333,0.4583333333333333,0.25,2,0.747140448238552,pool,uniform,PPARA_pool30
0.8989071436609702,2400,1.0,5.0,4.166666666666667,5.0,1.0,4.0,120,5,2400,4,4.0,600,min,s2_uniform,0.8039693049357871,0.08333333333333333,0.4166666666666667,0.25,4,0.747140448238552,pool,uniform,PPARA_pool30
0.8567424194908164,3600,1.0,5.0,3.75,5.0,1.0,6.0,120,5,3600,6,6.0,600,min,s2_uniform,0.7534160203555417,0.08333333333333333,0.375,0.25,6,0.747140448238552,pool,uniform,PPARA_pool30
0.8573313566159882,4800,1.0,5.0,3.75,5.0,1.0,8.0,120,5,4800,8,8.0,600,min,s2_uniform,0.7537092402908175,0.08333333333333333,0.375,0.25,8,0.747140448238552,pool,uniform,PPARA_pool30
0.8710840869245676,600,1.0,5.0,4.166666666666667,5.0,1.0,1.0,120,5,600,1,1.0,600,min,s3_top10,0.747140448238552,0.08333333333333333,0.4166666666666667,0.25,1,0.747140448238552,pool,primary_all|top_up,PPARA_pool30
0.8710840869245676,1200,1.0,5.0,4.166666666666667,5.0,1.0,1.75,120,5,1200,11,2.0,600,min,s3_top10,0.747140448238552,0.08333333333333333,0.4166666666666667,0.25,11,0.747140448238552,pool,primary_all|top_up,PPARA_pool30
0.7874071526510156,2400,1.0,2.5,4.166666666666667,4.166666666666667,1.0,3.175,120,5,2340,30,3.9,600,min,s3_top10,0.6963964006195044,0.041666666666666664,0.4166666666666667,0.20833333333333334,30,0.747140448238552,pool,primary_all|top_up,PPARA_pool30
0.7874071526510156,3600,1.0,2.5,4.166666666666667,4.166666666666667,1.0,3.175,120,5,2340,30,3.9,600,min,s3_top10,0.6963964006195044,0.041666666666666664,0.4166666666666667,0.20833333333333334,30,0.747140448238552,pool,primary_all|top_up,PPARA_pool30
0.7874071526510156,4800,1.0,2.5,4.166666666666667,4.166666666666667,1.0,3.175,120,5,2340,30,3.9,600,min,s3_top10,0.6963964006195044,0.041666666666666664,0.4166666666666667,0.20833333333333334,30,0.747140448238552,pool,primary_all|top_up,PPARA_pool30
0.8710840869245676,600,1.0,5.0,4.166666666666667,5.0,1.0,1.0,120,5,600,1,1.0,600,min,s3_top25,0.747140448238552,0.08333333333333333,0.4166666666666667,0.25,1,0.747140448238552,pool,primary_all|top_up,PPARA_pool30
0.8422964597550845,1200,1.0,5.0,3.75,5.0,1.0,1.9666666666666666,120,5,1200,5,2.0,600,min,s3_top25,0.7233856604700595,0.08333333333333333,0.375,0.25,5,0.747140448238552,pool,primary_all|top_up,PPARA_pool30
0.8485451295320336,2400,1.0,5.0,3.75,5.0,1.0,3.9,120,5,2400,13,4.0,600,min,s3_top25,0.7222833708035283,0.08333333333333333,0.375,0.25,13,0.747140448238552,pool,primary_all|top_up,PPARA_pool30
0.6617207027279041,3600,1.0,2.5,3.75,3.333333333333333,1.0,5.833333333333333,120,5,3600,21,6.0,600,min,s3_top25,0.6011632132076505,0.041666666666666664,0.375,0.16666666666666666,21,0.747140448238552,pool,primary_all|top_up,PPARA_pool30
0.551441420961265,4800,1.0,2.5,2.5,2.5,1.0,7.766666666666667,120,5,4800,29,8.0,600,min,s3_top25,0.5395840377298178,0.041666666666666664,0.25,0.125,29,0.747140448238552,pool,primary_all|top_up,PPARA_pool30
0.8710840869245676,600,1.0,5.0,4.166666666666667,5.0,1.0,1.0,120,5,600,1,1.0,600,min,s3_top50,0.747140448238552,0.08333333333333333,0.4166666666666667,0.25,1,0.747140448238552,pool,primary_all|top_up,PPARA_pool30
0.9105924354706063,1200,1.0,5.0,4.166666666666667,5.0,1.0,1.9166666666666667,120,5,1200,3,2.0,600,min,s3_top50,0.8259323868352885,0.08333333333333333,0.4166666666666667,0.25,3,0.747140448238552,pool,primary_all|top_up,PPARA_pool30
0.8281199851282327,2400,1.0,5.0,3.75,5.0,1.0,3.75,120,5,2400,7,4.0,600,min,s3_top50,0.7335146534836712,0.08333333333333333,0.375,0.25,7,0.747140448238552,pool,primary_all|top_up,PPARA_pool30
0.8461833885656531,3600,1.0,5.0,3.75,5.0,1.0,5.583333333333333,120,5,3600,11,6.0,600,min,s3_top50,0.7471162999249916,0.08333333333333333,0.375,0.25,11,0.747140448238552,pool,primary_all|top_up,PPARA_pool30
0.7519135066074814,4800,1.0,2.5,3.75,4.166666666666667,1.0,7.416666666666667,120,5,4800,15,8.0,600,min,s3_top50,0.6812775937632726,0.041666666666666664,0.375,0.20833333333333334,15,0.747140448238552,pool,primary_all|top_up,PPARA_pool30
0.8420854960158947,600,0.41833333333333333,5.0,4.166666666666667,4.166666666666667,0.5166666666666667,1.9193548387096775,120,5,600,7,2.3904382470119523,251,min,s4_scaffold25,0.7709088971132569,0.08333333333333333,0.4166666666666667,0.20833333333333334,7,0.747140448238552,pool,scaffold_representatives|expand_top_groups,PPARA_pool30
0.8523669549736116,1200,0.41833333333333333,5.0,3.75,4.166666666666667,0.5166666666666667,3.5,120,5,1200,16,4.780876494023905,251,min,s4_scaffold25,0.7760451959995557,0.08333333333333333,0.375,0.20833333333333334,16,0.747140448238552,pool,scaffold_representatives|expand_top_groups,PPARA_pool30
0.6895716969011815,2400,0.41833333333333333,2.5,3.75,2.5,0.5166666666666667,6.129032258064516,120,5,2189,30,8.721115537848606,251,min,s4_scaffold25,0.6900453162496758,0.041666666666666664,0.375,0.125,30,0.747140448238552,pool,scaffold_representatives|expand_top_groups,PPARA_pool30
0.6895716969011815,3600,0.41833333333333333,2.5,3.75,2.5,0.5166666666666667,6.129032258064516,120,5,2189,30,8.721115537848606,251,min,s4_scaffold25,0.6900453162496758,0.041666666666666664,0.375,0.125,30,0.747140448238552,pool,scaffold_representatives|expand_top_groups,PPARA_pool30
0.6895716969011815,4800,0.41833333333333333,2.5,3.75,2.5,0.5166666666666667,6.129032258064516,120,5,2189,30,8.721115537848606,251,min,s4_scaffold25,0.6900453162496758,0.041666666666666664,0.375,0.125,30,0.747140448238552,pool,scaffold_representatives|expand_top_groups,PPARA_pool30
0.9176475563868155,600,0.45666666666666667,5.0,4.583333333333333,5.0,0.5166666666666667,1.935483870967742,120,5,600,4,2.18978102189781,274,min,s4_scaffold50,0.8268217877929818,0.08333333333333333,0.4583333333333333,0.25,4,0.747140448238552,pool,scaffold_representatives|expand_top_groups,PPARA_pool30
0.8704961525080331,1200,0.45666666666666667,5.0,3.75,5.0,0.5166666666666667,3.5483870967741935,120,5,1200,8,4.37956204379562,274,min,s4_scaffold50,0.7816997205685539,0.08333333333333333,0.375,0.25,8,0.747140448238552,pool,scaffold_representatives|expand_top_groups,PPARA_pool30
0.7827478027130468,2400,0.45666666666666667,2.5,4.166666666666667,4.166666666666667,0.5166666666666667,6.741935483870968,120,5,2400,16,8.75912408759124,274,min,s4_scaffold50,0.727080039726047,0.041666666666666664,0.4166666666666667,0.20833333333333334,16,0.747140448238552,pool,scaffold_representatives|expand_top_groups,PPARA_pool30
0.6999959942608622,3600,0.45666666666666667,2.5,3.75,3.333333333333333,0.5166666666666667,9.951612903225806,120,5,3600,24,13.138686131386862,274,min,s4_scaffold50,0.6770078414910324,0.041666666666666664,0.375,0.16666666666666666,24,0.747140448238552,pool,scaffold_representatives|expand_top_groups,PPARA_pool30
0.6000194962895216,4800,0.45666666666666667,2.5,2.9166666666666665,2.5,0.5166666666666667,12.67741935483871,120,5,4625,30,16.87956204379562,274,min,s4_scaffold50,0.6237000424788991,0.041666666666666664,0.2916666666666667,0.125,30,0.747140448238552,pool,scaffold_representatives|expand_top_groups,PPARA_pool30
0.5058945889470671,600,1.0,5.0,2.0833333333333335,2.5,1.0,1.0,120,5,600,1,1.0,600,min,s5_score_oracle,0.44916950611725676,0.08333333333333333,0.20833333333333334,0.125,25,0.747140448238552,pool,score_oracle,PPARA_pool30
0.5058945889470671,1200,1.0,5.0,2.0833333333333335,2.5,1.0,2.0,120,5,1200,2,2.0,600,min,s5_score_oracle,0.44916950611725676,0.08333333333333333,0.20833333333333334,0.125,29,0.747140448238552,pool,score_oracle,PPARA_pool30
0.5058945889470671,2400,1.0,5.0,2.0833333333333335,2.5,1.0,4.0,120,5,2400,4,4.0,600,min,s5_score_oracle,0.44916950611725676,0.08333333333333333,0.20833333333333334,0.125,30,0.747140448238552,pool,score_oracle,PPARA_pool30
0.5058945889470671,3600,1.0,5.0,2.0833333333333335,2.5,1.0,6.0,120,5,3600,6,6.0,600,min,s5_score_oracle,0.44916950611725676,0.08333333333333333,0.20833333333333334,0.125,30,0.747140448238552,pool,score_oracle,PPARA_pool30
0.5058945889470671,4800,1.0,5.0,2.0833333333333335,2.5,1.0,8.0,120,5,4800,8,8.0,600,min,s5_score_oracle,0.44916950611725676,0.08333333333333333,0.20833333333333334,0.125,30,0.747140448238552,pool,score_oracle,PPARA_pool30
0.8298351680237094,600,1.0,2.0,1.5,2.0,1.0,1.0,40,0,160,1,1.0,160,mean,s1_width,0.6985347255372847,0.05,0.15,0.1,1,0.6985347255372847,control,width,CDK2
0.8298351680237094,1200,1.0,2.0,1.5,2.0,1.0,1.0,40,0,160,1,1.0,160,mean,s1_width,0.6985347255372847,0.05,0.15,0.1,1,0.6985347255372847,control,width,CDK2
0.8298351680237094,2400,1.0,2.0,1.5,2.0,1.0,1.0,40,0,160,1,1.0,160,mean,s1_width,0.6985347255372847,0.05,0.15,0.1,1,0.6985347255372847,control,width,CDK2
0.8298351680237094,3600,1.0,2.0,1.5,2.0,1.0,1.0,40,0,160,1,1.0,160,mean,s1_width,0.6985347255372847,0.05,0.15,0.1,1,0.6985347255372847,control,width,CDK2
0.8298351680237094,4800,1.0,2.0,1.5,2.0,1.0,1.0,40,0,160,1,1.0,160,mean,s1_width,0.6985347255372847,0.05,0.15,0.1,1,0.6985347255372847,control,width,CDK2
0.8984199716352208,600,1.0,2.0,1.5,2.0,1.0,3.0,40,0,480,3,3.0,160,mean,s2_uniform,0.7664014895641267,0.05,0.15,0.1,3,0.6985347255372847,control,uniform,CDK2
0.9551533147638694,1200,1.0,2.0,2.0,2.0,1.0,7.0,40,0,1120,7,7.0,160,mean,s2_uniform,0.8016587809621866,0.05,0.2,0.1,7,0.6985347255372847,control,uniform,CDK2
0.9134270985202975,2400,1.0,2.0,2.0,2.0,1.0,15.0,40,0,2400,15,15.0,160,mean,s2_uniform,0.7866442500928169,0.05,0.2,0.1,15,0.6985347255372847,control,uniform,CDK2
0.9134261577667339,3600,1.0,2.0,2.0,2.0,1.0,16.0,40,0,2560,16,16.0,160,mean,s2_uniform,0.7861768939195783,0.05,0.2,0.1,16,0.6985347255372847,control,uniform,CDK2
0.9134261577667339,4800,1.0,2.0,2.0,2.0,1.0,16.0,40,0,2560,16,16.0,160,mean,s2_uniform,0.7861768939195783,0.05,0.2,0.1,16,0.6985347255372847,control,uniform,CDK2
0.8298351680237094,600,1.0,2.0,1.5,2.0,1.0,1.75,40,0,400,16,2.5,160,mean,s3_top10,0.6985347255372847,0.05,0.15,0.1,16,0.6985347255372847,control,primary_all|top_up,CDK2
0.8298351680237094,1200,1.0,2.0,1.5,2.0,1.0,1.75,40,0,400,16,2.5,160,mean,s3_top10,0.6985347255372847,0.05,0.15,0.1,16,0.6985347255372847,control,primary_all|top_up,CDK2
0.8298351680237094,2400,1.0,2.0,1.5,2.0,1.0,1.75,40,0,400,16,2.5,160,mean,s3_top10,0.6985347255372847,0.05,0.15,0.1,16,0.6985347255372847,control,primary_all|top_up,CDK2
0.8298351680237094,3600,1.0,2.0,1.5,2.0,1.0,1.75,40,0,400,16,2.5,160,mean,s3_top10,0.6985347255372847,0.05,0.15,0.1,16,0.6985347255372847,control,primary_all|top_up,CDK2
0.8298351680237094,4800,1.0,2.0,1.5,2.0,1.0,1.75,40,0,400,16,2.5,160,mean,s3_top10,0.6985347255372847,0.05,0.15,0.1,16,0.6985347255372847,control,primary_all|top_up,CDK2
0.8945033842785264,600,1.0,2.0,1.5,2.0,1.0,3.2,40,0,600,12,3.75,160,mean,s3_top25,0.7163918683944276,0.05,0.15,0.1,12,0.6985347255372847,control,primary_all|top_up,CDK2
0.8945033842785264,1200,1.0,2.0,1.5,2.0,1.0,4.0,40,0,760,16,4.75,160,mean,s3_top25,0.7163918683944276,0.05,0.15,0.1,16,0.6985347255372847,control,primary_all|top_up,CDK2
0.8945033842785264,2400,1.0,2.0,1.5,2.0,1.0,4.0,40,0,760,16,4.75,160,mean,s3_top25,0.7163918683944276,0.05,0.15,0.1,16,0.6985347255372847,control,primary_all|top_up,CDK2
0.8945033842785264,3600,1.0,2.0,1.5,2.0,1.0,4.0,40,0,760,16,4.75,160,mean,s3_top25,0.7163918683944276,0.05,0.15,0.1,16,0.6985347255372847,control,primary_all|top_up,CDK2
0.8945033842785264,4800,1.0,2.0,1.5,2.0,1.0,4.0,40,0,760,16,4.75,160,mean,s3_top25,0.7163918683944276,0.05,0.15,0.1,16,0.6985347255372847,control,primary_all|top_up,CDK2
0.9642866880246871,600,1.0,2.0,2.0,2.0,1.0,3.45,40,0,600,7,3.75,160,mean,s3_top50,0.7694049296795477,0.05,0.2,0.1,7,0.6985347255372847,control,primary_all|top_up,CDK2
0.9435652118356075,1200,1.0,2.0,2.0,2.0,1.0,6.85,40,0,1200,14,7.5,160,mean,s3_top50,0.763690643965262,0.05,0.2,0.1,14,0.6985347255372847,control,primary_all|top_up,CDK2
0.9435652118356075,2400,1.0,2.0,2.0,2.0,1.0,7.75,40,0,1360,16,8.5,160,mean,s3_top50,0.763690643965262,0.05,0.2,0.1,16,0.6985347255372847,control,primary_all|top_up,CDK2
0.9435652118356075,3600,1.0,2.0,2.0,2.0,1.0,7.75,40,0,1360,16,8.5,160,mean,s3_top50,0.763690643965262,0.05,0.2,0.1,16,0.6985347255372847,control,primary_all|top_up,CDK2
0.9435652118356075,4800,1.0,2.0,2.0,2.0,1.0,7.75,40,0,1360,16,8.5,160,mean,s3_top50,0.763690643965262,0.05,0.2,0.1,16,0.6985347255372847,control,primary_all|top_up,CDK2
0.8945033842785264,600,1.0,2.0,1.5,2.0,1.0,3.2,40,0,600,12,3.75,160,mean,s4_scaffold25,0.7163918683944276,0.05,0.15,0.1,12,0.6985347255372847,control,scaffold_representatives|expand_top_groups,CDK2
0.8945033842785264,1200,1.0,2.0,1.5,2.0,1.0,4.0,40,0,760,16,4.75,160,mean,s4_scaffold25,0.7163918683944276,0.05,0.15,0.1,16,0.6985347255372847,control,scaffold_representatives|expand_top_groups,CDK2
0.8945033842785264,2400,1.0,2.0,1.5,2.0,1.0,4.0,40,0,760,16,4.75,160,mean,s4_scaffold25,0.7163918683944276,0.05,0.15,0.1,16,0.6985347255372847,control,scaffold_representatives|expand_top_groups,CDK2
0.8945033842785264,3600,1.0,2.0,1.5,2.0,1.0,4.0,40,0,760,16,4.75,160,mean,s4_scaffold25,0.7163918683944276,0.05,0.15,0.1,16,0.6985347255372847,control,scaffold_representatives|expand_top_groups,CDK2
0.8945033842785264,4800,1.0,2.0,1.5,2.0,1.0,4.0,40,0,760,16,4.75,160,mean,s4_scaffold25,0.7163918683944276,0.05,0.15,0.1,16,0.6985347255372847,control,scaffold_representatives|expand_top_groups,CDK2
0.9642866880246871,600,1.0,2.0,2.0,2.0,1.0,3.45,40,0,600,7,3.75,160,mean,s4_scaffold50,0.7694049296795477,0.05,0.2,0.1,7,0.6985347255372847,control,scaffold_representatives|expand_top_groups,CDK2
0.9435652118356075,1200,1.0,2.0,2.0,2.0,1.0,6.85,40,0,1200,14,7.5,160,mean,s4_scaffold50,0.763690643965262,0.05,0.2,0.1,14,0.6985347255372847,control,scaffold_representatives|expand_top_groups,CDK2
0.9435652118356075,2400,1.0,2.0,2.0,2.0,1.0,7.75,40,0,1360,16,8.5,160,mean,s4_scaffold50,0.763690643965262,0.05,0.2,0.1,16,0.6985347255372847,control,scaffold_representatives|expand_top_groups,CDK2
0.9435652118356075,3600,1.0,2.0,2.0,2.0,1.0,7.75,40,0,1360,16,8.5,160,mean,s4_scaffold50,0.763690643965262,0.05,0.2,0.1,16,0.6985347255372847,control,scaffold_representatives|expand_top_groups,CDK2
0.9435652118356075,4800,1.0,2.0,2.0,2.0,1.0,7.75,40,0,1360,16,8.5,160,mean,s4_scaffold50,0.763690643965262,0.05,0.2,0.1,16,0.6985347255372847,control,scaffold_representatives|expand_top_groups,CDK2
0.9252998820379715,600,1.0,2.0,2.0,2.0,1.0,3.0,40,0,480,3,3.0,160,mean,s5_score_oracle,0.7823958036216163,0.05,0.2,0.1,16,0.6985347255372847,control,score_oracle,CDK2
0.9138448403002646,1200,1.0,2.0,2.0,2.0,1.0,7.0,40,0,1120,7,7.0,160,mean,s5_score_oracle,0.7938318938903679,0.05,0.2,0.1,16,0.6985347255372847,control,score_oracle,CDK2
0.9134228349918104,2400,1.0,2.0,2.0,2.0,1.0,15.0,40,0,2400,15,15.0,160,mean,s5_score_oracle,0.7850632224248327,0.05,0.2,0.1,16,0.6985347255372847,control,score_oracle,CDK2
0.9134261577667339,3600,1.0,2.0,2.0,2.0,1.0,16.0,40,0,2560,16,16.0,160,mean,s5_score_oracle,0.7861768939195783,0.05,0.2,0.1,16,0.6985347255372847,control,score_oracle,CDK2
0.9134261577667339,4800,1.0,2.0,2.0,2.0,1.0,16.0,40,0,2560,16,16.0,160,mean,s5_score_oracle,0.7861768939195783,0.05,0.2,0.1,16,0.6985347255372847,control,score_oracle,CDK2
0.8298351680237094,600,1.0,2.0,1.5,2.0,1.0,1.0,40,0,160,1,1.0,160,min,s1_width,0.6985347255372847,0.05,0.15,0.1,1,0.6985347255372847,control,width,CDK2
0.8298351680237094,1200,1.0,2.0,1.5,2.0,1.0,1.0,40,0,160,1,1.0,160,min,s1_width,0.6985347255372847,0.05,0.15,0.1,1,0.6985347255372847,control,width,CDK2
0.8298351680237094,2400,1.0,2.0,1.5,2.0,1.0,1.0,40,0,160,1,1.0,160,min,s1_width,0.6985347255372847,0.05,0.15,0.1,1,0.6985347255372847,control,width,CDK2
0.8298351680237094,3600,1.0,2.0,1.5,2.0,1.0,1.0,40,0,160,1,1.0,160,min,s1_width,0.6985347255372847,0.05,0.15,0.1,1,0.6985347255372847,control,width,CDK2
0.8298351680237094,4800,1.0,2.0,1.5,2.0,1.0,1.0,40,0,160,1,1.0,160,min,s1_width,0.6985347255372847,0.05,0.15,0.1,1,0.6985347255372847,control,width,CDK2
0.9267576716589594,600,1.0,2.0,2.0,2.0,1.0,3.0,40,0,480,3,3.0,160,min,s2_uniform,0.7916130370174488,0.05,0.2,0.1,3,0.6985347255372847,control,uniform,CDK2
0.9263835776241957,1200,1.0,2.0,2.0,2.0,1.0,7.0,40,0,1120,7,7.0,160,min,s2_uniform,0.7902958578160192,0.05,0.2,0.1,7,0.6985347255372847,control,uniform,CDK2
0.9263835776241957,2400,1.0,2.0,2.0,2.0,1.0,15.0,40,0,2400,15,15.0,160,min,s2_uniform,0.7902958578160192,0.05,0.2,0.1,15,0.6985347255372847,control,uniform,CDK2
0.9263835776241957,3600,1.0,2.0,2.0,2.0,1.0,16.0,40,0,2560,16,16.0,160,min,s2_uniform,0.7902958578160192,0.05,0.2,0.1,16,0.6985347255372847,control,uniform,CDK2
0.9263835776241957,4800,1.0,2.0,2.0,2.0,1.0,16.0,40,0,2560,16,16.0,160,min,s2_uniform,0.7902958578160192,0.05,0.2,0.1,16,0.6985347255372847,control,uniform,CDK2
0.8298351680237094,600,1.0,2.0,1.5,2.0,1.0,1.75,40,0,400,16,2.5,160,min,s3_top10,0.6985347255372847,0.05,0.15,0.1,16,0.6985347255372847,control,primary_all|top_up,CDK2
0.8298351680237094,1200,1.0,2.0,1.5,2.0,1.0,1.75,40,0,400,16,2.5,160,min,s3_top10,0.6985347255372847,0.05,0.15,0.1,16,0.6985347255372847,control,primary_all|top_up,CDK2
0.8298351680237094,2400,1.0,2.0,1.5,2.0,1.0,1.75,40,0,400,16,2.5,160,min,s3_top10,0.6985347255372847,0.05,0.15,0.1,16,0.6985347255372847,control,primary_all|top_up,CDK2
0.8298351680237094,3600,1.0,2.0,1.5,2.0,1.0,1.75,40,0,400,16,2.5,160,min,s3_top10,0.6985347255372847,0.05,0.15,0.1,16,0.6985347255372847,control,primary_all|top_up,CDK2
0.8298351680237094,4800,1.0,2.0,1.5,2.0,1.0,1.75,40,0,400,16,2.5,160,min,s3_top10,0.6985347255372847,0.05,0.15,0.1,16,0.6985347255372847,control,primary_all|top_up,CDK2
0.8945033842785264,600,1.0,2.0,1.5,2.0,1.0,3.2,40,0,600,12,3.75,160,min,s3_top25,0.7163918683944276,0.05,0.15,0.1,12,0.6985347255372847,control,primary_all|top_up,CDK2
0.8945033842785264,1200,1.0,2.0,1.5,2.0,1.0,4.0,40,0,760,16,4.75,160,min,s3_top25,0.7163918683944276,0.05,0.15,0.1,16,0.6985347255372847,control,primary_all|top_up,CDK2
0.8945033842785264,2400,1.0,2.0,1.5,2.0,1.0,4.0,40,0,760,16,4.75,160,min,s3_top25,0.7163918683944276,0.05,0.15,0.1,16,0.6985347255372847,control,primary_all|top_up,CDK2
0.8945033842785264,3600,1.0,2.0,1.5,2.0,1.0,4.0,40,0,760,16,4.75,160,min,s3_top25,0.7163918683944276,0.05,0.15,0.1,16,0.6985347255372847,control,primary_all|top_up,CDK2
0.8945033842785264,4800,1.0,2.0,1.5,2.0,1.0,4.0,40,0,760,16,4.75,160,min,s3_top25,0.7163918683944276,0.05,0.15,0.1,16,0.6985347255372847,control,primary_all|top_up,CDK2
0.9430469400882772,600,1.0,2.0,2.0,2.0,1.0,3.45,40,0,600,7,3.75,160,min,s3_top50,0.7654247431993613,0.05,0.2,0.1,7,0.6985347255372847,control,primary_all|top_up,CDK2
0.9430469400882772,1200,1.0,2.0,2.0,2.0,1.0,6.85,40,0,1200,14,7.5,160,min,s3_top50,0.7654247431993613,0.05,0.2,0.1,14,0.6985347255372847,control,primary_all|top_up,CDK2
0.9430469400882772,2400,1.0,2.0,2.0,2.0,1.0,7.75,40,0,1360,16,8.5,160,min,s3_top50,0.7654247431993613,0.05,0.2,0.1,16,0.6985347255372847,control,primary_all|top_up,CDK2
0.9430469400882772,3600,1.0,2.0,2.0,2.0,1.0,7.75,40,0,1360,16,8.5,160,min,s3_top50,0.7654247431993613,0.05,0.2,0.1,16,0.6985347255372847,control,primary_all|top_up,CDK2
0.9430469400882772,4800,1.0,2.0,2.0,2.0,1.0,7.75,40,0,1360,16,8.5,160,min,s3_top50,0.7654247431993613,0.05,0.2,0.1,16,0.6985347255372847,control,primary_all|top_up,CDK2
0.8945033842785264,600,1.0,2.0,1.5,2.0,1.0,3.2,40,0,600,12,3.75,160,min,s4_scaffold25,0.7163918683944276,0.05,0.15,0.1,12,0.6985347255372847,control,scaffold_representatives|expand_top_groups,CDK2
0.8945033842785264,1200,1.0,2.0,1.5,2.0,1.0,4.0,40,0,760,16,4.75,160,min,s4_scaffold25,0.7163918683944276,0.05,0.15,0.1,16,0.6985347255372847,control,scaffold_representatives|expand_top_groups,CDK2
0.8945033842785264,2400,1.0,2.0,1.5,2.0,1.0,4.0,40,0,760,16,4.75,160,min,s4_scaffold25,0.7163918683944276,0.05,0.15,0.1,16,0.6985347255372847,control,scaffold_representatives|expand_top_groups,CDK2
0.8945033842785264,3600,1.0,2.0,1.5,2.0,1.0,4.0,40,0,760,16,4.75,160,min,s4_scaffold25,0.7163918683944276,0.05,0.15,0.1,16,0.6985347255372847,control,scaffold_representatives|expand_top_groups,CDK2
0.8945033842785264,4800,1.0,2.0,1.5,2.0,1.0,4.0,40,0,760,16,4.75,160,min,s4_scaffold25,0.7163918683944276,0.05,0.15,0.1,16,0.6985347255372847,control,scaffold_representatives|expand_top_groups,CDK2
0.9430469400882772,600,1.0,2.0,2.0,2.0,1.0,3.45,40,0,600,7,3.75,160,min,s4_scaffold50,0.7654247431993613,0.05,0.2,0.1,7,0.6985347255372847,control,scaffold_representatives|expand_top_groups,CDK2
0.9430469400882772,1200,1.0,2.0,2.0,2.0,1.0,6.85,40,0,1200,14,7.5,160,min,s4_scaffold50,0.7654247431993613,0.05,0.2,0.1,14,0.6985347255372847,control,scaffold_representatives|expand_top_groups,CDK2
0.9430469400882772,2400,1.0,2.0,2.0,2.0,1.0,7.75,40,0,1360,16,8.5,160,min,s4_scaffold50,0.7654247431993613,0.05,0.2,0.1,16,0.6985347255372847,control,scaffold_representatives|expand_top_groups,CDK2
0.9430469400882772,3600,1.0,2.0,2.0,2.0,1.0,7.75,40,0,1360,16,8.5,160,min,s4_scaffold50,0.7654247431993613,0.05,0.2,0.1,16,0.6985347255372847,control,scaffold_representatives|expand_top_groups,CDK2
0.9430469400882772,4800,1.0,2.0,2.0,2.0,1.0,7.75,40,0,1360,16,8.5,160,min,s4_scaffold50,0.7654247431993613,0.05,0.2,0.1,16,0.6985347255372847,control,scaffold_representatives|expand_top_groups,CDK2
0.9263835776241957,600,1.0,2.0,2.0,2.0,1.0,3.0,40,0,480,3,3.0,160,min,s5_score_oracle,0.7902958578160192,0.05,0.2,0.1,16,0.6985347255372847,control,score_oracle,CDK2
0.9263835776241957,1200,1.0,2.0,2.0,2.0,1.0,7.0,40,0,1120,7,7.0,160,min,s5_score_oracle,0.7902958578160192,0.05,0.2,0.1,16,0.6985347255372847,control,score_oracle,CDK2
0.9263835776241957,2400,1.0,2.0,2.0,2.0,1.0,15.0,40,0,2400,15,15.0,160,min,s5_score_oracle,0.7902958578160192,0.05,0.2,0.1,16,0.6985347255372847,control,score_oracle,CDK2
0.9263835776241957,3600,1.0,2.0,2.0,2.0,1.0,16.0,40,0,2560,16,16.0,160,min,s5_score_oracle,0.7902958578160192,0.05,0.2,0.1,16,0.6985347255372847,control,score_oracle,CDK2
0.9263835776241957,4800,1.0,2.0,2.0,2.0,1.0,16.0,40,0,2560,16,16.0,160,min,s5_score_oracle,0.7902958578160192,0.05,0.2,0.1,16,0.6985347255372847,control,score_oracle,CDK2
0.9307741683531884,600,1.0,2.0,2.0,2.0,1.0,1.0,40,1,160,1,1.0,160,mean,s1_width,0.6955549863384116,0.05,0.2,0.1,1,0.6955549863384116,control,width,CDK2
0.9307741683531884,1200,1.0,2.0,2.0,2.0,1.0,1.0,40,1,160,1,1.0,160,mean,s1_width,0.6955549863384116,0.05,0.2,0.1,1,0.6955549863384116,control,width,CDK2
0.9307741683531884,2400,1.0,2.0,2.0,2.0,1.0,1.0,40,1,160,1,1.0,160,mean,s1_width,0.6955549863384116,0.05,0.2,0.1,1,0.6955549863384116,control,width,CDK2
0.9307741683531884,3600,1.0,2.0,2.0,2.0,1.0,1.0,40,1,160,1,1.0,160,mean,s1_width,0.6955549863384116,0.05,0.2,0.1,1,0.6955549863384116,control,width,CDK2
0.9307741683531884,4800,1.0,2.0,2.0,2.0,1.0,1.0,40,1,160,1,1.0,160,mean,s1_width,0.6955549863384116,0.05,0.2,0.1,1,0.6955549863384116,control,width,CDK2
0.919114338148722,600,1.0,2.0,2.0,2.0,1.0,3.0,40,1,480,3,3.0,160,mean,s2_uniform,0.6994095831776221,0.05,0.2,0.1,3,0.6955549863384116,control,uniform,CDK2
0.9128375528670193,1200,1.0,2.0,2.0,2.0,1.0,7.0,40,1,1120,7,7.0,160,mean,s2_uniform,0.6939058278469823,0.05,0.2,0.1,7,0.6955549863384116,control,uniform,CDK2
0.9357846371032643,2400,1.0,2.0,2.0,2.0,1.0,15.0,40,1,2400,15,15.0,160,mean,s2_uniform,0.7058578245815272,0.05,0.2,0.1,15,0.6955549863384116,control,uniform,CDK2
0.9451818041451141,3600,1.0,2.0,2.0,2.0,1.0,16.0,40,1,2560,16,16.0,160,mean,s2_uniform,0.7127885984859853,0.05,0.2,0.1,16,0.6955549863384116,control,uniform,CDK2
0.9451818041451141,4800,1.0,2.0,2.0,2.0,1.0,16.0,40,1,2560,16,16.0,160,mean,s2_uniform,0.7127885984859853,0.05,0.2,0.1,16,0.6955549863384116,control,uniform,CDK2
0.8303618287159372,600,1.0,2.0,1.5,2.0,1.0,2.125,40,1,400,16,2.5,160,mean,s3_top10,0.6503513664289093,0.05,0.15,0.1,16,0.6955549863384116,control,primary_all|top_up,CDK2
0.8303618287159372,1200,1.0,2.0,1.5,2.0,1.0,2.125,40,1,400,16,2.5,160,mean,s3_top10,0.6503513664289093,0.05,0.15,0.1,16,0.6955549863384116,control,primary_all|top_up,CDK2
0.8303618287159372,2400,1.0,2.0,1.5,2.0,1.0,2.125,40,1,400,16,2.5,160,mean,s3_top10,0.6503513664289093,0.05,0.15,0.1,16,0.6955549863384116,control,primary_all|top_up,CDK2
0.8303618287159372,3600,1.0,2.0,1.5,2.0,1.0,2.125,40,1,400,16,2.5,160,mean,s3_top10,0.6503513664289093,0.05,0.15,0.1,16,0.6955549863384116,control,primary_all|top_up,CDK2
0.8303618287159372,4800,1.0,2.0,1.5,2.0,1.0,2.125,40,1,400,16,2.5,160,mean,s3_top10,0.6503513664289093,0.05,0.15,0.1,16,0.6955549863384116,control,primary_all|top_up,CDK2
0.7970580263401009,600,1.0,2.0,1.5,2.0,1.0,2.925,40,1,600,12,3.75,160,mean,s3_top25,0.6844023716242644,0.05,0.15,0.1,12,0.6955549863384116,control,primary_all|top_up,CDK2
0.7886720490853795,1200,1.0,2.0,1.5,2.0,1.0,3.625,40,1,760,16,4.75,160,mean,s3_top25,0.6630093202312131,0.05,0.15,0.1,16,0.6955549863384116,control,primary_all|top_up,CDK2
0.7886720490853795,2400,1.0,2.0,1.5,2.0,1.0,3.625,40,1,760,16,4.75,160,mean,s3_top25,0.6630093202312131,0.05,0.15,0.1,16,0.6955549863384116,control,primary_all|top_up,CDK2
0.7886720490853795,3600,1.0,2.0,1.5,2.0,1.0,3.625,40,1,760,16,4.75,160,mean,s3_top25,0.6630093202312131,0.05,0.15,0.1,16,0.6955549863384116,control,primary_all|top_up,CDK2
0.7886720490853795,4800,1.0,2.0,1.5,2.0,1.0,3.625,40,1,760,16,4.75,160,mean,s3_top25,0.6630093202312131,0.05,0.15,0.1,16,0.6955549863384116,control,primary_all|top_up,CDK2
0.938305125520399,600,1.0,2.0,2.0,2.0,1.0,3.55,40,1,600,7,3.75,160,mean,s3_top50,0.6676593793910407,0.05,0.2,0.1,7,0.6955549863384116,control,primary_all|top_up,CDK2
0.9386556355847409,1200,1.0,2.0,2.0,2.0,1.0,7.175,40,1,1200,14,7.5,160,mean,s3_top50,0.6661303407967847,0.05,0.2,0.1,14,0.6955549863384116,control,primary_all|top_up,CDK2
0.9317760131759936,2400,1.0,2.0,2.0,2.0,1.0,8.125,40,1,1360,16,8.5,160,mean,s3_top50,0.6618273897432616,0.05,0.2,0.1,16,0.6955549863384116,control,primary_all|top_up,CDK2
0.9317760131759936,3600,1.0,2.0,2.0,2.0,1.0,8.125,40,1,1360,16,8.5,160,mean,s3_top50,0.6618273897432616,0.05,0.2,0.1,16,0.6955549863384116,control,primary_all|top_up,CDK2
0.9317760131759936,4800,1.0,2.0,2.0,2.0,1.0,8.125,40,1,1360,16,8.5,160,mean,s3_top50,0.6618273897432616,0.05,0.2,0.1,16,0.6955549863384116,control,primary_all|top_up,CDK2
0.7970580263401009,600,1.0,2.0,1.5,2.0,1.0,2.925,40,1,600,12,3.75,160,mean,s4_scaffold25,0.6844023716242644,0.05,0.15,0.1,12,0.6955549863384116,control,scaffold_representatives|expand_top_groups,CDK2
0.7886720490853795,1200,1.0,2.0,1.5,2.0,1.0,3.625,40,1,760,16,4.75,160,mean,s4_scaffold25,0.6630093202312131,0.05,0.15,0.1,16,0.6955549863384116,control,scaffold_representatives|expand_top_groups,CDK2
0.7886720490853795,2400,1.0,2.0,1.5,2.0,1.0,3.625,40,1,760,16,4.75,160,mean,s4_scaffold25,0.6630093202312131,0.05,0.15,0.1,16,0.6955549863384116,control,scaffold_representatives|expand_top_groups,CDK2
0.7886720490853795,3600,1.0,2.0,1.5,2.0,1.0,3.625,40,1,760,16,4.75,160,mean,s4_scaffold25,0.6630093202312131,0.05,0.15,0.1,16,0.6955549863384116,control,scaffold_representatives|expand_top_groups,CDK2
0.7886720490853795,4800,1.0,2.0,1.5,2.0,1.0,3.625,40,1,760,16,4.75,160,mean,s4_scaffold25,0.6630093202312131,0.05,0.15,0.1,16,0.6955549863384116,control,scaffold_representatives|expand_top_groups,CDK2
0.938305125520399,600,1.0,2.0,2.0,2.0,1.0,3.55,40,1,600,7,3.75,160,mean,s4_scaffold50,0.6676593793910407,0.05,0.2,0.1,7,0.6955549863384116,control,scaffold_representatives|expand_top_groups,CDK2
0.9386556355847409,1200,1.0,2.0,2.0,2.0,1.0,7.175,40,1,1200,14,7.5,160,mean,s4_scaffold50,0.6661303407967847,0.05,0.2,0.1,14,0.6955549863384116,control,scaffold_representatives|expand_top_groups,CDK2
0.9317760131759936,2400,1.0,2.0,2.0,2.0,1.0,8.125,40,1,1360,16,8.5,160,mean,s4_scaffold50,0.6618273897432616,0.05,0.2,0.1,16,0.6955549863384116,control,scaffold_representatives|expand_top_groups,CDK2
0.9317760131759936,3600,1.0,2.0,2.0,2.0,1.0,8.125,40,1,1360,16,8.5,160,mean,s4_scaffold50,0.6618273897432616,0.05,0.2,0.1,16,0.6955549863384116,control,scaffold_representatives|expand_top_groups,CDK2
0.9317760131759936,4800,1.0,2.0,2.0,2.0,1.0,8.125,40,1,1360,16,8.5,160,mean,s4_scaffold50,0.6618273897432616,0.05,0.2,0.1,16,0.6955549863384116,control,scaffold_representatives|expand_top_groups,CDK2
0.9302983907294441,600,1.0,2.0,2.0,2.0,1.0,3.0,40,1,480,3,3.0,160,mean,s5_score_oracle,0.684645991093378,0.05,0.2,0.1,16,0.6955549863384116,control,score_oracle,CDK2
0.9029189184615337,1200,1.0,2.0,2.0,2.0,1.0,7.0,40,1,1120,7,7.0,160,mean,s5_score_oracle,0.6685019304756332,0.05,0.2,0.1,16,0.6955549863384116,control,score_oracle,CDK2
0.9229779350285954,2400,1.0,2.0,2.0,2.0,1.0,15.0,40,1,2400,15,15.0,160,mean,s5_score_oracle,0.6943934671840499,0.05,0.2,0.1,16,0.6955549863384116,control,score_oracle,CDK2
0.9451818041451141,3600,1.0,2.0,2.0,2.0,1.0,16.0,40,1,2560,16,16.0,160,mean,s5_score_oracle,0.7127885984859853,0.05,0.2,0.1,16,0.6955549863384116,control,score_oracle,CDK2
0.9451818041451141,4800,1.0,2.0,2.0,2.0,1.0,16.0,40,1,2560,16,16.0,160,mean,s5_score_oracle,0.7127885984859853,0.05,0.2,0.1,16,0.6955549863384116,control,score_oracle,CDK2
0.9307741683531884,600,1.0,2.0,2.0,2.0,1.0,1.0,40,1,160,1,1.0,160,min,s1_width,0.6955549863384116,0.05,0.2,0.1,1,0.6955549863384116,control,width,CDK2
0.9307741683531884,1200,1.0,2.0,2.0,2.0,1.0,1.0,40,1,160,1,1.0,160,min,s1_width,0.6955549863384116,0.05,0.2,0.1,1,0.6955549863384116,control,width,CDK2
0.9307741683531884,2400,1.0,2.0,2.0,2.0,1.0,1.0,40,1,160,1,1.0,160,min,s1_width,0.6955549863384116,0.05,0.2,0.1,1,0.6955549863384116,control,width,CDK2
0.9307741683531884,3600,1.0,2.0,2.0,2.0,1.0,1.0,40,1,160,1,1.0,160,min,s1_width,0.6955549863384116,0.05,0.2,0.1,1,0.6955549863384116,control,width,CDK2
0.9307741683531884,4800,1.0,2.0,2.0,2.0,1.0,1.0,40,1,160,1,1.0,160,min,s1_width,0.6955549863384116,0.05,0.2,0.1,1,0.6955549863384116,control,width,CDK2
0.9098187478057327,600,1.0,2.0,2.0,2.0,1.0,3.0,40,1,480,3,3.0,160,min,s2_uniform,0.685221084607958,0.05,0.2,0.1,3,0.6955549863384116,control,uniform,CDK2
0.9452473126536798,1200,1.0,2.0,2.0,2.0,1.0,7.0,40,1,1120,7,7.0,160,min,s2_uniform,0.7075905194584038,0.05,0.2,0.1,7,0.6955549863384116,control,uniform,CDK2
0.9452473062437239,2400,1.0,2.0,2.0,2.0,1.0,15.0,40,1,2400,15,15.0,160,min,s2_uniform,0.7068365512044356,0.05,0.2,0.1,15,0.6955549863384116,control,uniform,CDK2
0.9452473062437239,3600,1.0,2.0,2.0,2.0,1.0,16.0,40,1,2560,16,16.0,160,min,s2_uniform,0.7068365512044356,0.05,0.2,0.1,16,0.6955549863384116,control,uniform,CDK2
0.9452473062437239,4800,1.0,2.0,2.0,2.0,1.0,16.0,40,1,2560,16,16.0,160,min,s2_uniform,0.7068365512044356,0.05,0.2,0.1,16,0.6955549863384116,control,uniform,CDK2
0.9307741683531884,600,1.0,2.0,2.0,2.0,1.0,2.125,40,1,400,16,2.5,160,min,s3_top10,0.6955549863384116,0.05,0.2,0.1,16,0.6955549863384116,control,primary_all|top_up,CDK2
0.9307741683531884,1200,1.0,2.0,2.0,2.0,1.0,2.125,40,1,400,16,2.5,160,min,s3_top10,0.6955549863384116,0.05,0.2,0.1,16,0.6955549863384116,control,primary_all|top_up,CDK2
0.9307741683531884,2400,1.0,2.0,2.0,2.0,1.0,2.125,40,1,400,16,2.5,160,min,s3_top10,0.6955549863384116,0.05,0.2,0.1,16,0.6955549863384116,control,primary_all|top_up,CDK2
0.9307741683531884,3600,1.0,2.0,2.0,2.0,1.0,2.125,40,1,400,16,2.5,160,min,s3_top10,0.6955549863384116,0.05,0.2,0.1,16,0.6955549863384116,control,primary_all|top_up,CDK2
0.9307741683531884,4800,1.0,2.0,2.0,2.0,1.0,2.125,40,1,400,16,2.5,160,min,s3_top10,0.6955549863384116,0.05,0.2,0.1,16,0.6955549863384116,control,primary_all|top_up,CDK2
0.9307741683531884,600,1.0,2.0,2.0,2.0,1.0,2.925,40,1,600,12,3.75,160,min,s3_top25,0.6955549863384116,0.05,0.2,0.1,12,0.6955549863384116,control,primary_all|top_up,CDK2
0.9307741683531884,1200,1.0,2.0,2.0,2.0,1.0,3.625,40,1,760,16,4.75,160,min,s3_top25,0.6955549863384116,0.05,0.2,0.1,16,0.6955549863384116,control,primary_all|top_up,CDK2
0.9307741683531884,2400,1.0,2.0,2.0,2.0,1.0,3.625,40,1,760,16,4.75,160,min,s3_top25,0.6955549863384116,0.05,0.2,0.1,16,0.6955549863384116,control,primary_all|top_up,CDK2
0.9307741683531884,3600,1.0,2.0,2.0,2.0,1.0,3.625,40,1,760,16,4.75,160,min,s3_top25,0.6955549863384116,0.05,0.2,0.1,16,0.6955549863384116,control,primary_all|top_up,CDK2
0.9307741683531884,4800,1.0,2.0,2.0,2.0,1.0,3.625,40,1,760,16,4.75,160,min,s3_top25,0.6955549863384116,0.05,0.2,0.1,16,0.6955549863384116,control,primary_all|top_up,CDK2
0.9252619413222942,600,1.0,2.0,2.0,2.0,1.0,3.55,40,1,600,7,3.75,160,min,s3_top50,0.6801928484762737,0.05,0.2,0.1,7,0.6955549863384116,control,primary_all|top_up,CDK2
0.9453042754076535,1200,1.0,2.0,2.0,2.0,1.0,7.175,40,1,1200,14,7.5,160,min,s3_top50,0.7145222853792401,0.05,0.2,0.1,14,0.6955549863384116,control,primary_all|top_up,CDK2
0.9453042754076535,2400,1.0,2.0,2.0,2.0,1.0,8.125,40,1,1360,16,8.5,160,min,s3_top50,0.7145222853792401,0.05,0.2,0.1,16,0.6955549863384116,control,primary_all|top_up,CDK2
0.9453042754076535,3600,1.0,2.0,2.0,2.0,1.0,8.125,40,1,1360,16,8.5,160,min,s3_top50,0.7145222853792401,0.05,0.2,0.1,16,0.6955549863384116,control,primary_all|top_up,CDK2
0.9453042754076535,4800,1.0,2.0,2.0,2.0,1.0,8.125,40,1,1360,16,8.5,160,min,s3_top50,0.7145222853792401,0.05,0.2,0.1,16,0.6955549863384116,control,primary_all|top_up,CDK2
0.9307741683531884,600,1.0,2.0,2.0,2.0,1.0,2.925,40,1,600,12,3.75,160,min,s4_scaffold25,0.6955549863384116,0.05,0.2,0.1,12,0.6955549863384116,control,scaffold_representatives|expand_top_groups,CDK2
0.9307741683531884,1200,1.0,2.0,2.0,2.0,1.0,3.625,40,1,760,16,4.75,160,min,s4_scaffold25,0.6955549863384116,0.05,0.2,0.1,16,0.6955549863384116,control,scaffold_representatives|expand_top_groups,CDK2
0.9307741683531884,2400,1.0,2.0,2.0,2.0,1.0,3.625,40,1,760,16,4.75,160,min,s4_scaffold25,0.6955549863384116,0.05,0.2,0.1,16,0.6955549863384116,control,scaffold_representatives|expand_top_groups,CDK2
0.9307741683531884,3600,1.0,2.0,2.0,2.0,1.0,3.625,40,1,760,16,4.75,160,min,s4_scaffold25,0.6955549863384116,0.05,0.2,0.1,16,0.6955549863384116,control,scaffold_representatives|expand_top_groups,CDK2
0.9307741683531884,4800,1.0,2.0,2.0,2.0,1.0,3.625,40,1,760,16,4.75,160,min,s4_scaffold25,0.6955549863384116,0.05,0.2,0.1,16,0.6955549863384116,control,scaffold_representatives|expand_top_groups,CDK2
0.9252619413222942,600,1.0,2.0,2.0,2.0,1.0,3.55,40,1,600,7,3.75,160,min,s4_scaffold50,0.6801928484762737,0.05,0.2,0.1,7,0.6955549863384116,control,scaffold_representatives|expand_top_groups,CDK2
0.9453042754076535,1200,1.0,2.0,2.0,2.0,1.0,7.175,40,1,1200,14,7.5,160,min,s4_scaffold50,0.7145222853792401,0.05,0.2,0.1,14,0.6955549863384116,control,scaffold_representatives|expand_top_groups,CDK2
0.9453042754076535,2400,1.0,2.0,2.0,2.0,1.0,8.125,40,1,1360,16,8.5,160,min,s4_scaffold50,0.7145222853792401,0.05,0.2,0.1,16,0.6955549863384116,control,scaffold_representatives|expand_top_groups,CDK2
0.9453042754076535,3600,1.0,2.0,2.0,2.0,1.0,8.125,40,1,1360,16,8.5,160,min,s4_scaffold50,0.7145222853792401,0.05,0.2,0.1,16,0.6955549863384116,control,scaffold_representatives|expand_top_groups,CDK2
0.9453042754076535,4800,1.0,2.0,2.0,2.0,1.0,8.125,40,1,1360,16,8.5,160,min,s4_scaffold50,0.7145222853792401,0.05,0.2,0.1,16,0.6955549863384116,control,scaffold_representatives|expand_top_groups,CDK2
0.9452473062437239,600,1.0,2.0,2.0,2.0,1.0,3.0,40,1,480,3,3.0,160,min,s5_score_oracle,0.7068365512044356,0.05,0.2,0.1,16,0.6955549863384116,control,score_oracle,CDK2
0.9452473062437239,1200,1.0,2.0,2.0,2.0,1.0,7.0,40,1,1120,7,7.0,160,min,s5_score_oracle,0.7068365512044356,0.05,0.2,0.1,16,0.6955549863384116,control,score_oracle,CDK2
0.9452473062437239,2400,1.0,2.0,2.0,2.0,1.0,15.0,40,1,2400,15,15.0,160,min,s5_score_oracle,0.7068365512044356,0.05,0.2,0.1,16,0.6955549863384116,control,score_oracle,CDK2
0.9452473062437239,3600,1.0,2.0,2.0,2.0,1.0,16.0,40,1,2560,16,16.0,160,min,s5_score_oracle,0.7068365512044356,0.05,0.2,0.1,16,0.6955549863384116,control,score_oracle,CDK2
0.9452473062437239,4800,1.0,2.0,2.0,2.0,1.0,16.0,40,1,2560,16,16.0,160,min,s5_score_oracle,0.7068365512044356,0.05,0.2,0.1,16,0.6955549863384116,control,score_oracle,CDK2
0.5978626783560583,600,1.0,0.0,1.5,1.0,1.0,1.0,40,2,160,1,1.0,160,mean,s1_width,0.6726229233078658,0.0,0.15,0.05,1,0.6726229233078658,control,width,CDK2
0.5978626783560583,1200,1.0,0.0,1.5,1.0,1.0,1.0,40,2,160,1,1.0,160,mean,s1_width,0.6726229233078658,0.0,0.15,0.05,1,0.6726229233078658,control,width,CDK2
0.5978626783560583,2400,1.0,0.0,1.5,1.0,1.0,1.0,40,2,160,1,1.0,160,mean,s1_width,0.6726229233078658,0.0,0.15,0.05,1,0.6726229233078658,control,width,CDK2
0.5978626783560583,3600,1.0,0.0,1.5,1.0,1.0,1.0,40,2,160,1,1.0,160,mean,s1_width,0.6726229233078658,0.0,0.15,0.05,1,0.6726229233078658,control,width,CDK2
0.5978626783560583,4800,1.0,0.0,1.5,1.0,1.0,1.0,40,2,160,1,1.0,160,mean,s1_width,0.6726229233078658,0.0,0.15,0.05,1,0.6726229233078658,control,width,CDK2
0.7538022141936592,600,1.0,2.0,1.5,1.0,1.0,3.0,40,2,480,3,3.0,160,mean,s2_uniform,0.6987620841287637,0.05,0.15,0.05,3,0.6726229233078658,control,uniform,CDK2
0.9033634770393042,1200,1.0,2.0,1.5,2.0,1.0,7.0,40,2,1120,7,7.0,160,mean,s2_uniform,0.7299849356188098,0.05,0.15,0.1,7,0.6726229233078658,control,uniform,CDK2
0.8993012119811276,2400,1.0,2.0,1.5,2.0,1.0,15.0,40,2,2400,15,15.0,160,mean,s2_uniform,0.71303412060765,0.05,0.15,0.1,15,0.6726229233078658,control,uniform,CDK2
0.8993011274819234,3600,1.0,2.0,1.5,2.0,1.0,16.0,40,2,2560,16,16.0,160,mean,s2_uniform,0.7114058563987407,0.05,0.15,0.1,16,0.6726229233078658,control,uniform,CDK2
0.8993011274819234,4800,1.0,2.0,1.5,2.0,1.0,16.0,40,2,2560,16,16.0,160,mean,s2_uniform,0.7114058563987407,0.05,0.15,0.1,16,0.6726229233078658,control,uniform,CDK2
0.9381126279770329,600,1.0,2.0,2.0,2.0,1.0,1.75,40,2,400,16,2.5,160,mean,s3_top10,0.7367895899745324,0.05,0.2,0.1,16,0.6726229233078658,control,primary_all|top_up,CDK2
0.9381126279770329,1200,1.0,2.0,2.0,2.0,1.0,1.75,40,2,400,16,2.5,160,mean,s3_top10,0.7367895899745324,0.05,0.2,0.1,16,0.6726229233078658,control,primary_all|top_up,CDK2
0.9381126279770329,2400,1.0,2.0,2.0,2.0,1.0,1.75,40,2,400,16,2.5,160,mean,s3_top10,0.7367895899745324,0.05,0.2,0.1,16,0.6726229233078658,control,primary_all|top_up,CDK2
0.9381126279770329,3600,1.0,2.0,2.0,2.0,1.0,1.75,40,2,400,16,2.5,160,mean,s3_top10,0.7367895899745324,0.05,0.2,0.1,16,0.6726229233078658,control,primary_all|top_up,CDK2
0.9381126279770329,4800,1.0,2.0,2.0,2.0,1.0,1.75,40,2,400,16,2.5,160,mean,s3_top10,0.7367895899745324,0.05,0.2,0.1,16,0.6726229233078658,control,primary_all|top_up,CDK2
0.8980022851939556,600,1.0,2.0,1.5,2.0,1.0,3.2,40,2,600,12,3.75,160,mean,s3_top25,0.7113598807948233,0.05,0.15,0.1,12,0.6726229233078658,control,primary_all|top_up,CDK2
0.8780752376817076,1200,1.0,2.0,1.5,2.0,1.0,4.0,40,2,760,16,4.75,160,mean,s3_top25,0.6913316853061013,0.05,0.15,0.1,16,0.6726229233078658,control,primary_all|top_up,CDK2
0.8780752376817076,2400,1.0,2.0,1.5,2.0,1.0,4.0,40,2,760,16,4.75,160,mean,s3_top25,0.6913316853061013,0.05,0.15,0.1,16,0.6726229233078658,control,primary_all|top_up,CDK2
0.8780752376817076,3600,1.0,2.0,1.5,2.0,1.0,4.0,40,2,760,16,4.75,160,mean,s3_top25,0.6913316853061013,0.05,0.15,0.1,16,0.6726229233078658,control,primary_all|top_up,CDK2
0.8780752376817076,4800,1.0,2.0,1.5,2.0,1.0,4.0,40,2,760,16,4.75,160,mean,s3_top25,0.6913316853061013,0.05,0.15,0.1,16,0.6726229233078658,control,primary_all|top_up,CDK2
0.90634750023566,600,1.0,2.0,1.5,2.0,1.0,3.575,40,2,600,7,3.75,160,mean,s3_top50,0.7280594058719058,0.05,0.15,0.1,7,0.6726229233078658,control,primary_all|top_up,CDK2
0.902740019838187,1200,1.0,2.0,1.5,2.0,1.0,7.175,40,2,1200,14,7.5,160,mean,s3_top50,0.7168987119562824,0.05,0.15,0.1,14,0.6726229233078658,control,primary_all|top_up,CDK2
0.902740019838187,2400,1.0,2.0,1.5,2.0,1.0,8.125,40,2,1360,16,8.5,160,mean,s3_top50,0.7168987119562824,0.05,0.15,0.1,16,0.6726229233078658,control,primary_all|top_up,CDK2
0.902740019838187,3600,1.0,2.0,1.5,2.0,1.0,8.125,40,2,1360,16,8.5,160,mean,s3_top50,0.7168987119562824,0.05,0.15,0.1,16,0.6726229233078658,control,primary_all|top_up,CDK2
0.902740019838187,4800,1.0,2.0,1.5,2.0,1.0,8.125,40,2,1360,16,8.5,160,mean,s3_top50,0.7168987119562824,0.05,0.15,0.1,16,0.6726229233078658,control,primary_all|top_up,CDK2
0.8980022851939556,600,1.0,2.0,1.5,2.0,1.0,3.2,40,2,600,12,3.75,160,mean,s4_scaffold25,0.7113598807948233,0.05,0.15,0.1,12,0.6726229233078658,control,scaffold_representatives|expand_top_groups,CDK2
0.8780752376817076,1200,1.0,2.0,1.5,2.0,1.0,4.0,40,2,760,16,4.75,160,mean,s4_scaffold25,0.6913316853061013,0.05,0.15,0.1,16,0.6726229233078658,control,scaffold_representatives|expand_top_groups,CDK2
0.8780752376817076,2400,1.0,2.0,1.5,2.0,1.0,4.0,40,2,760,16,4.75,160,mean,s4_scaffold25,0.6913316853061013,0.05,0.15,0.1,16,0.6726229233078658,control,scaffold_representatives|expand_top_groups,CDK2
0.8780752376817076,3600,1.0,2.0,1.5,2.0,1.0,4.0,40,2,760,16,4.75,160,mean,s4_scaffold25,0.6913316853061013,0.05,0.15,0.1,16,0.6726229233078658,control,scaffold_representatives|expand_top_groups,CDK2
0.8780752376817076,4800,1.0,2.0,1.5,2.0,1.0,4.0,40,2,760,16,4.75,160,mean,s4_scaffold25,0.6913316853061013,0.05,0.15,0.1,16,0.6726229233078658,control,scaffold_representatives|expand_top_groups,CDK2
0.90634750023566,600,1.0,2.0,1.5,2.0,1.0,3.575,40,2,600,7,3.75,160,mean,s4_scaffold50,0.7280594058719058,0.05,0.15,0.1,7,0.6726229233078658,control,scaffold_representatives|expand_top_groups,CDK2
0.902740019838187,1200,1.0,2.0,1.5,2.0,1.0,7.175,40,2,1200,14,7.5,160,mean,s4_scaffold50,0.7168987119562824,0.05,0.15,0.1,14,0.6726229233078658,control,scaffold_representatives|expand_top_groups,CDK2
0.902740019838187,2400,1.0,2.0,1.5,2.0,1.0,8.125,40,2,1360,16,8.5,160,mean,s4_scaffold50,0.7168987119562824,0.05,0.15,0.1,16,0.6726229233078658,control,scaffold_representatives|expand_top_groups,CDK2
0.902740019838187,3600,1.0,2.0,1.5,2.0,1.0,8.125,40,2,1360,16,8.5,160,mean,s4_scaffold50,0.7168987119562824,0.05,0.15,0.1,16,0.6726229233078658,control,scaffold_representatives|expand_top_groups,CDK2
0.902740019838187,4800,1.0,2.0,1.5,2.0,1.0,8.125,40,2,1360,16,8.5,160,mean,s4_scaffold50,0.7168987119562824,0.05,0.15,0.1,16,0.6726229233078658,control,scaffold_representatives|expand_top_groups,CDK2
0.9023741145220321,600,1.0,2.0,1.5,2.0,1.0,3.0,40,2,480,3,3.0,160,mean,s5_score_oracle,0.7367626809906223,0.05,0.15,0.1,16,0.6726229233078658,control,score_oracle,CDK2
0.8764898154777798,1200,1.0,2.0,1.5,2.0,1.0,7.0,40,2,1120,7,7.0,160,mean,s5_score_oracle,0.7111783867946794,0.05,0.15,0.1,16,0.6726229233078658,control,score_oracle,CDK2
0.8994423161547054,2400,1.0,2.0,1.5,2.0,1.0,15.0,40,2,2400,15,15.0,160,mean,s5_score_oracle,0.713489189732074,0.05,0.15,0.1,16,0.6726229233078658,control,score_oracle,CDK2
0.8993011274819234,3600,1.0,2.0,1.5,2.0,1.0,16.0,40,2,2560,16,16.0,160,mean,s5_score_oracle,0.7114058563987407,0.05,0.15,0.1,16,0.6726229233078658,control,score_oracle,CDK2
0.8993011274819234,4800,1.0,2.0,1.5,2.0,1.0,16.0,40,2,2560,16,16.0,160,mean,s5_score_oracle,0.7114058563987407,0.05,0.15,0.1,16,0.6726229233078658,control,score_oracle,CDK2
0.5978626783560583,600,1.0,0.0,1.5,1.0,1.0,1.0,40,2,160,1,1.0,160,min,s1_width,0.6726229233078658,0.0,0.15,0.05,1,0.6726229233078658,control,width,CDK2
0.5978626783560583,1200,1.0,0.0,1.5,1.0,1.0,1.0,40,2,160,1,1.0,160,min,s1_width,0.6726229233078658,0.0,0.15,0.05,1,0.6726229233078658,control,width,CDK2
0.5978626783560583,2400,1.0,0.0,1.5,1.0,1.0,1.0,40,2,160,1,1.0,160,min,s1_width,0.6726229233078658,0.0,0.15,0.05,1,0.6726229233078658,control,width,CDK2
0.5978626783560583,3600,1.0,0.0,1.5,1.0,1.0,1.0,40,2,160,1,1.0,160,min,s1_width,0.6726229233078658,0.0,0.15,0.05,1,0.6726229233078658,control,width,CDK2
0.5978626783560583,4800,1.0,0.0,1.5,1.0,1.0,1.0,40,2,160,1,1.0,160,min,s1_width,0.6726229233078658,0.0,0.15,0.05,1,0.6726229233078658,control,width,CDK2
0.7108946847899607,600,1.0,2.0,1.0,2.0,1.0,3.0,40,2,480,3,3.0,160,min,s2_uniform,0.6376131564513917,0.05,0.1,0.1,3,0.6726229233078658,control,uniform,CDK2
0.905207812064827,1200,1.0,2.0,2.0,2.0,1.0,7.0,40,2,1120,7,7.0,160,min,s2_uniform,0.6853404782392098,0.05,0.2,0.1,7,0.6726229233078658,control,uniform,CDK2
0.905207812064827,2400,1.0,2.0,2.0,2.0,1.0,15.0,40,2,2400,15,15.0,160,min,s2_uniform,0.6853404782392098,0.05,0.2,0.1,15,0.6726229233078658,control,uniform,CDK2
0.905207812064827,3600,1.0,2.0,2.0,2.0,1.0,16.0,40,2,2560,16,16.0,160,min,s2_uniform,0.6853404782392098,0.05,0.2,0.1,16,0.6726229233078658,control,uniform,CDK2
0.905207812064827,4800,1.0,2.0,2.0,2.0,1.0,16.0,40,2,2560,16,16.0,160,min,s2_uniform,0.6853404782392098,0.05,0.2,0.1,16,0.6726229233078658,control,uniform,CDK2
0.7526948585233102,600,1.0,2.0,1.5,1.0,1.0,1.75,40,2,400,16,2.5,160,min,s3_top10,0.6976229233078658,0.05,0.15,0.05,16,0.6726229233078658,control,primary_all|top_up,CDK2
0.7526948585233102,1200,1.0,2.0,1.5,1.0,1.0,1.75,40,2,400,16,2.5,160,min,s3_top10,0.6976229233078658,0.05,0.15,0.05,16,0.6726229233078658,control,primary_all|top_up,CDK2
0.7526948585233102,2400,1.0,2.0,1.5,1.0,1.0,1.75,40,2,400,16,2.5,160,min,s3_top10,0.6976229233078658,0.05,0.15,0.05,16,0.6726229233078658,control,primary_all|top_up,CDK2
0.7526948585233102,3600,1.0,2.0,1.5,1.0,1.0,1.75,40,2,400,16,2.5,160,min,s3_top10,0.6976229233078658,0.05,0.15,0.05,16,0.6726229233078658,control,primary_all|top_up,CDK2
0.7526948585233102,4800,1.0,2.0,1.5,1.0,1.0,1.75,40,2,400,16,2.5,160,min,s3_top10,0.6976229233078658,0.05,0.15,0.05,16,0.6726229233078658,control,primary_all|top_up,CDK2
0.9381126279770329,600,1.0,2.0,2.0,2.0,1.0,3.2,40,2,600,12,3.75,160,min,s3_top25,0.7367895899745324,0.05,0.2,0.1,12,0.6726229233078658,control,primary_all|top_up,CDK2
0.9381126279770329,1200,1.0,2.0,2.0,2.0,1.0,4.0,40,2,760,16,4.75,160,min,s3_top25,0.7367895899745324,0.05,0.2,0.1,16,0.6726229233078658,control,primary_all|top_up,CDK2
0.9381126279770329,2400,1.0,2.0,2.0,2.0,1.0,4.0,40,2,760,16,4.75,160,min,s3_top25,0.7367895899745324,0.05,0.2,0.1,16,0.6726229233078658,control,primary_all|top_up,CDK2
0.9381126279770329,3600,1.0,2.0,2.0,2.0,1.0,4.0,40,2,760,16,4.75,160,min,s3_top25,0.7367895899745324,0.05,0.2,0.1,16,0.6726229233078658,control,primary_all|top_up,CDK2
0.9381126279770329,4800,1.0,2.0,2.0,2.0,1.0,4.0,40,2,760,16,4.75,160,min,s3_top25,0.7367895899745324,0.05,0.2,0.1,16,0.6726229233078658,control,primary_all|top_up,CDK2
0.8940550556787364,600,1.0,2.0,2.0,2.0,1.0,3.575,40,2,600,7,3.75,160,min,s3_top50,0.7079439455948322,0.05,0.2,0.1,7,0.6726229233078658,control,primary_all|top_up,CDK2
0.8825310623873394,1200,1.0,2.0,2.0,2.0,1.0,7.175,40,2,1200,14,7.5,160,min,s3_top50,0.6866753530762397,0.05,0.2,0.1,14,0.6726229233078658,control,primary_all|top_up,CDK2
0.8825310623873394,2400,1.0,2.0,2.0,2.0,1.0,8.125,40,2,1360,16,8.5,160,min,s3_top50,0.6866753530762397,0.05,0.2,0.1,16,0.6726229233078658,control,primary_all|top_up,CDK2
0.8825310623873394,3600,1.0,2.0,2.0,2.0,1.0,8.125,40,2,1360,16,8.5,160,min,s3_top50,0.6866753530762397,0.05,0.2,0.1,16,0.6726229233078658,control,primary_all|top_up,CDK2
0.8825310623873394,4800,1.0,2.0,2.0,2.0,1.0,8.125,40,2,1360,16,8.5,160,min,s3_top50,0.6866753530762397,0.05,0.2,0.1,16,0.6726229233078658,control,primary_all|top_up,CDK2
0.9381126279770329,600,1.0,2.0,2.0,2.0,1.0,3.2,40,2,600,12,3.75,160,min,s4_scaffold25,0.7367895899745324,0.05,0.2,0.1,12,0.6726229233078658,control,scaffold_representatives|expand_top_groups,CDK2
0.9381126279770329,1200,1.0,2.0,2.0,2.0,1.0,4.0,40,2,760,16,4.75,160,min,s4_scaffold25,0.7367895899745324,0.05,0.2,0.1,16,0.6726229233078658,control,scaffold_representatives|expand_top_groups,CDK2
0.9381126279770329,2400,1.0,2.0,2.0,2.0,1.0,4.0,40,2,760,16,4.75,160,min,s4_scaffold25,0.7367895899745324,0.05,0.2,0.1,16,0.6726229233078658,control,scaffold_representatives|expand_top_groups,CDK2
0.9381126279770329,3600,1.0,2.0,2.0,2.0,1.0,4.0,40,2,760,16,4.75,160,min,s4_scaffold25,0.7367895899745324,0.05,0.2,0.1,16,0.6726229233078658,control,scaffold_representatives|expand_top_groups,CDK2
0.9381126279770329,4800,1.0,2.0,2.0,2.0,1.0,4.0,40,2,760,16,4.75,160,min,s4_scaffold25,0.7367895899745324,0.05,0.2,0.1,16,0.6726229233078658,control,scaffold_representatives|expand_top_groups,CDK2
0.8940550556787364,600,1.0,2.0,2.0,2.0,1.0,3.575,40,2,600,7,3.75,160,min,s4_scaffold50,0.7079439455948322,0.05,0.2,0.1,7,0.6726229233078658,control,scaffold_representatives|expand_top_groups,CDK2
0.8825310623873394,1200,1.0,2.0,2.0,2.0,1.0,7.175,40,2,1200,14,7.5,160,min,s4_scaffold50,0.6866753530762397,0.05,0.2,0.1,14,0.6726229233078658,control,scaffold_representatives|expand_top_groups,CDK2
0.8825310623873394,2400,1.0,2.0,2.0,2.0,1.0,8.125,40,2,1360,16,8.5,160,min,s4_scaffold50,0.6866753530762397,0.05,0.2,0.1,16,0.6726229233078658,control,scaffold_representatives|expand_top_groups,CDK2
0.8825310623873394,3600,1.0,2.0,2.0,2.0,1.0,8.125,40,2,1360,16,8.5,160,min,s4_scaffold50,0.6866753530762397,0.05,0.2,0.1,16,0.6726229233078658,control,scaffold_representatives|expand_top_groups,CDK2
0.8825310623873394,4800,1.0,2.0,2.0,2.0,1.0,8.125,40,2,1360,16,8.5,160,min,s4_scaffold50,0.6866753530762397,0.05,0.2,0.1,16,0.6726229233078658,control,scaffold_representatives|expand_top_groups,CDK2
0.905207812064827,600,1.0,2.0,2.0,2.0,1.0,3.0,40,2,480,3,3.0,160,min,s5_score_oracle,0.6853404782392098,0.05,0.2,0.1,16,0.6726229233078658,control,score_oracle,CDK2
0.905207812064827,1200,1.0,2.0,2.0,2.0,1.0,7.0,40,2,1120,7,7.0,160,min,s5_score_oracle,0.6853404782392098,0.05,0.2,0.1,16,0.6726229233078658,control,score_oracle,CDK2
0.905207812064827,2400,1.0,2.0,2.0,2.0,1.0,15.0,40,2,2400,15,15.0,160,min,s5_score_oracle,0.6853404782392098,0.05,0.2,0.1,16,0.6726229233078658,control,score_oracle,CDK2
0.905207812064827,3600,1.0,2.0,2.0,2.0,1.0,16.0,40,2,2560,16,16.0,160,min,s5_score_oracle,0.6853404782392098,0.05,0.2,0.1,16,0.6726229233078658,control,score_oracle,CDK2
0.905207812064827,4800,1.0,2.0,2.0,2.0,1.0,16.0,40,2,2560,16,16.0,160,min,s5_score_oracle,0.6853404782392098,0.05,0.2,0.1,16,0.6726229233078658,control,score_oracle,CDK2
0.9260759182722266,600,1.0,2.0,2.0,2.0,1.0,1.0,40,3,160,1,1.0,160,mean,s1_width,0.7474471933295463,0.05,0.2,0.1,1,0.7474471933295463,control,width,CDK2
0.9260759182722266,1200,1.0,2.0,2.0,2.0,1.0,1.0,40,3,160,1,1.0,160,mean,s1_width,0.7474471933295463,0.05,0.2,0.1,1,0.7474471933295463,control,width,CDK2
0.9260759182722266,2400,1.0,2.0,2.0,2.0,1.0,1.0,40,3,160,1,1.0,160,mean,s1_width,0.7474471933295463,0.05,0.2,0.1,1,0.7474471933295463,control,width,CDK2
0.9260759182722266,3600,1.0,2.0,2.0,2.0,1.0,1.0,40,3,160,1,1.0,160,mean,s1_width,0.7474471933295463,0.05,0.2,0.1,1,0.7474471933295463,control,width,CDK2
0.9260759182722266,4800,1.0,2.0,2.0,2.0,1.0,1.0,40,3,160,1,1.0,160,mean,s1_width,0.7474471933295463,0.05,0.2,0.1,1,0.7474471933295463,control,width,CDK2
0.9795922414707934,600,1.0,2.0,2.0,2.0,1.0,3.0,40,3,480,3,3.0,160,mean,s2_uniform,0.8093850165560692,0.05,0.2,0.1,3,0.7474471933295463,control,uniform,CDK2
0.9971487772392758,1200,1.0,2.0,2.0,2.0,1.0,7.0,40,3,1120,7,7.0,160,mean,s2_uniform,0.8333773076971607,0.05,0.2,0.1,7,0.7474471933295463,control,uniform,CDK2
0.9962244374047077,2400,1.0,2.0,2.0,2.0,1.0,15.0,40,3,2400,15,15.0,160,mean,s2_uniform,0.8224700904315843,0.05,0.2,0.1,15,0.7474471933295463,control,uniform,CDK2
0.9966312814859968,3600,1.0,2.0,2.0,2.0,1.0,16.0,40,3,2560,16,16.0,160,mean,s2_uniform,0.8232251487679119,0.05,0.2,0.1,16,0.7474471933295463,control,uniform,CDK2
0.9966312814859968,4800,1.0,2.0,2.0,2.0,1.0,16.0,40,3,2560,16,16.0,160,mean,s2_uniform,0.8232251487679119,0.05,0.2,0.1,16,0.7474471933295463,control,uniform,CDK2
0.7530854152322578,600,1.0,2.0,1.5,1.0,1.0,2.875,40,3,400,16,2.5,160,mean,s3_top10,0.6785151291944771,0.05,0.15,0.05,16,0.7474471933295463,control,primary_all|top_up,CDK2
0.7530854152322578,1200,1.0,2.0,1.5,1.0,1.0,2.875,40,3,400,16,2.5,160,mean,s3_top10,0.6785151291944771,0.05,0.15,0.05,16,0.7474471933295463,control,primary_all|top_up,CDK2
0.7530854152322578,2400,1.0,2.0,1.5,1.0,1.0,2.875,40,3,400,16,2.5,160,mean,s3_top10,0.6785151291944771,0.05,0.15,0.05,16,0.7474471933295463,control,primary_all|top_up,CDK2
0.7530854152322578,3600,1.0,2.0,1.5,1.0,1.0,2.875,40,3,400,16,2.5,160,mean,s3_top10,0.6785151291944771,0.05,0.15,0.05,16,0.7474471933295463,control,primary_all|top_up,CDK2
0.7530854152322578,4800,1.0,2.0,1.5,1.0,1.0,2.875,40,3,400,16,2.5,160,mean,s3_top10,0.6785151291944771,0.05,0.15,0.05,16,0.7474471933295463,control,primary_all|top_up,CDK2
0.742739726253988,600,1.0,2.0,1.0,2.0,1.0,4.3,40,3,600,12,3.75,160,mean,s3_top25,0.6390289671243696,0.05,0.1,0.1,12,0.7474471933295463,control,primary_all|top_up,CDK2
0.7327559105570758,1200,1.0,2.0,1.0,2.0,1.0,5.5,40,3,760,16,4.75,160,mean,s3_top25,0.6002655048620186,0.05,0.1,0.1,16,0.7474471933295463,control,primary_all|top_up,CDK2
0.7327559105570758,2400,1.0,2.0,1.0,2.0,1.0,5.5,40,3,760,16,4.75,160,mean,s3_top25,0.6002655048620186,0.05,0.1,0.1,16,0.7474471933295463,control,primary_all|top_up,CDK2
0.7327559105570758,3600,1.0,2.0,1.0,2.0,1.0,5.5,40,3,760,16,4.75,160,mean,s3_top25,0.6002655048620186,0.05,0.1,0.1,16,0.7474471933295463,control,primary_all|top_up,CDK2
0.7327559105570758,4800,1.0,2.0,1.0,2.0,1.0,5.5,40,3,760,16,4.75,160,mean,s3_top25,0.6002655048620186,0.05,0.1,0.1,16,0.7474471933295463,control,primary_all|top_up,CDK2
0.9965698485156047,600,1.0,2.0,2.0,2.0,1.0,3.8,40,3,600,7,3.75,160,mean,s3_top50,0.8024450549450549,0.05,0.2,0.1,7,0.7474471933295463,control,primary_all|top_up,CDK2
0.9437232208675431,1200,1.0,2.0,2.0,2.0,1.0,7.5,40,3,1200,14,7.5,160,mean,s3_top50,0.700462921544311,0.05,0.2,0.1,14,0.7474471933295463,control,primary_all|top_up,CDK2
0.8925476582586771,2400,1.0,2.0,2.0,2.0,1.0,8.5,40,3,1360,16,8.5,160,mean,s3_top50,0.6617222312001724,0.05,0.2,0.1,16,0.7474471933295463,control,primary_all|top_up,CDK2
0.8925476582586771,3600,1.0,2.0,2.0,2.0,1.0,8.5,40,3,1360,16,8.5,160,mean,s3_top50,0.6617222312001724,0.05,0.2,0.1,16,0.7474471933295463,control,primary_all|top_up,CDK2
0.8925476582586771,4800,1.0,2.0,2.0,2.0,1.0,8.5,40,3,1360,16,8.5,160,mean,s3_top50,0.6617222312001724,0.05,0.2,0.1,16,0.7474471933295463,control,primary_all|top_up,CDK2
0.742739726253988,600,1.0,2.0,1.0,2.0,1.0,4.3,40,3,600,12,3.75,160,mean,s4_scaffold25,0.6390289671243696,0.05,0.1,0.1,12,0.7474471933295463,control,scaffold_representatives|expand_top_groups,CDK2
0.7327559105570758,1200,1.0,2.0,1.0,2.0,1.0,5.5,40,3,760,16,4.75,160,mean,s4_scaffold25,0.6002655048620186,0.05,0.1,0.1,16,0.7474471933295463,control,scaffold_representatives|expand_top_groups,CDK2
0.7327559105570758,2400,1.0,2.0,1.0,2.0,1.0,5.5,40,3,760,16,4.75,160,mean,s4_scaffold25,0.6002655048620186,0.05,0.1,0.1,16,0.7474471933295463,control,scaffold_representatives|expand_top_groups,CDK2
0.7327559105570758,3600,1.0,2.0,1.0,2.0,1.0,5.5,40,3,760,16,4.75,160,mean,s4_scaffold25,0.6002655048620186,0.05,0.1,0.1,16,0.7474471933295463,control,scaffold_representatives|expand_top_groups,CDK2
0.7327559105570758,4800,1.0,2.0,1.0,2.0,1.0,5.5,40,3,760,16,4.75,160,mean,s4_scaffold25,0.6002655048620186,0.05,0.1,0.1,16,0.7474471933295463,control,scaffold_representatives|expand_top_groups,CDK2
0.9965698485156047,600,1.0,2.0,2.0,2.0,1.0,3.8,40,3,600,7,3.75,160,mean,s4_scaffold50,0.8024450549450549,0.05,0.2,0.1,7,0.7474471933295463,control,scaffold_representatives|expand_top_groups,CDK2
0.9437232208675431,1200,1.0,2.0,2.0,2.0,1.0,7.5,40,3,1200,14,7.5,160,mean,s4_scaffold50,0.700462921544311,0.05,0.2,0.1,14,0.7474471933295463,control,scaffold_representatives|expand_top_groups,CDK2
0.8925476582586771,2400,1.0,2.0,2.0,2.0,1.0,8.5,40,3,1360,16,8.5,160,mean,s4_scaffold50,0.6617222312001724,0.05,0.2,0.1,16,0.7474471933295463,control,scaffold_representatives|expand_top_groups,CDK2
0.8925476582586771,3600,1.0,2.0,2.0,2.0,1.0,8.5,40,3,1360,16,8.5,160,mean,s4_scaffold50,0.6617222312001724,0.05,0.2,0.1,16,0.7474471933295463,control,scaffold_representatives|expand_top_groups,CDK2
0.8925476582586771,4800,1.0,2.0,2.0,2.0,1.0,8.5,40,3,1360,16,8.5,160,mean,s4_scaffold50,0.6617222312001724,0.05,0.2,0.1,16,0.7474471933295463,control,scaffold_representatives|expand_top_groups,CDK2
0.9951430749605343,600,1.0,2.0,2.0,2.0,1.0,3.0,40,3,480,3,3.0,160,mean,s5_score_oracle,0.8219262947223474,0.05,0.2,0.1,16,0.7474471933295463,control,score_oracle,CDK2
0.9952651845517245,1200,1.0,2.0,2.0,2.0,1.0,7.0,40,3,1120,7,7.0,160,mean,s5_score_oracle,0.823597447034947,0.05,0.2,0.1,16,0.7474471933295463,control,score_oracle,CDK2
0.9960045430098007,2400,1.0,2.0,2.0,2.0,1.0,15.0,40,3,2400,15,15.0,160,mean,s5_score_oracle,0.824447569135069,0.05,0.2,0.1,16,0.7474471933295463,control,score_oracle,CDK2
0.9966312814859968,3600,1.0,2.0,2.0,2.0,1.0,16.0,40,3,2560,16,16.0,160,mean,s5_score_oracle,0.8232251487679119,0.05,0.2,0.1,16,0.7474471933295463,control,score_oracle,CDK2
0.9966312814859968,4800,1.0,2.0,2.0,2.0,1.0,16.0,40,3,2560,16,16.0,160,mean,s5_score_oracle,0.8232251487679119,0.05,0.2,0.1,16,0.7474471933295463,control,score_oracle,CDK2
0.9260759182722266,600,1.0,2.0,2.0,2.0,1.0,1.0,40,3,160,1,1.0,160,min,s1_width,0.7474471933295463,0.05,0.2,0.1,1,0.7474471933295463,control,width,CDK2
0.9260759182722266,1200,1.0,2.0,2.0,2.0,1.0,1.0,40,3,160,1,1.0,160,min,s1_width,0.7474471933295463,0.05,0.2,0.1,1,0.7474471933295463,control,width,CDK2
0.9260759182722266,2400,1.0,2.0,2.0,2.0,1.0,1.0,40,3,160,1,1.0,160,min,s1_width,0.7474471933295463,0.05,0.2,0.1,1,0.7474471933295463,control,width,CDK2
0.9260759182722266,3600,1.0,2.0,2.0,2.0,1.0,1.0,40,3,160,1,1.0,160,min,s1_width,0.7474471933295463,0.05,0.2,0.1,1,0.7474471933295463,control,width,CDK2
0.9260759182722266,4800,1.0,2.0,2.0,2.0,1.0,1.0,40,3,160,1,1.0,160,min,s1_width,0.7474471933295463,0.05,0.2,0.1,1,0.7474471933295463,control,width,CDK2
0.9260759143843919,600,1.0,2.0,2.0,2.0,1.0,3.0,40,3,480,3,3.0,160,min,s2_uniform,0.7467715176538706,0.05,0.2,0.1,3,0.7474471933295463,control,uniform,CDK2
0.9721325889620657,1200,1.0,2.0,2.0,2.0,1.0,7.0,40,3,1120,7,7.0,160,min,s2_uniform,0.7617299958764152,0.05,0.2,0.1,7,0.7474471933295463,control,uniform,CDK2
0.9897437648012627,2400,1.0,2.0,2.0,2.0,1.0,15.0,40,3,2400,15,15.0,160,min,s2_uniform,0.7994655487689543,0.05,0.2,0.1,15,0.7474471933295463,control,uniform,CDK2
0.9897437648012627,3600,1.0,2.0,2.0,2.0,1.0,16.0,40,3,2560,16,16.0,160,min,s2_uniform,0.7994655487689543,0.05,0.2,0.1,16,0.7474471933295463,control,uniform,CDK2
0.9897437648012627,4800,1.0,2.0,2.0,2.0,1.0,16.0,40,3,2560,16,16.0,160,min,s2_uniform,0.7994655487689543,0.05,0.2,0.1,16,0.7474471933295463,control,uniform,CDK2
0.9260759182722266,600,1.0,2.0,2.0,2.0,1.0,2.875,40,3,400,16,2.5,160,min,s3_top10,0.7474471933295463,0.05,0.2,0.1,16,0.7474471933295463,control,primary_all|top_up,CDK2
0.9260759182722266,1200,1.0,2.0,2.0,2.0,1.0,2.875,40,3,400,16,2.5,160,min,s3_top10,0.7474471933295463,0.05,0.2,0.1,16,0.7474471933295463,control,primary_all|top_up,CDK2
0.9260759182722266,2400,1.0,2.0,2.0,2.0,1.0,2.875,40,3,400,16,2.5,160,min,s3_top10,0.7474471933295463,0.05,0.2,0.1,16,0.7474471933295463,control,primary_all|top_up,CDK2
0.9260759182722266,3600,1.0,2.0,2.0,2.0,1.0,2.875,40,3,400,16,2.5,160,min,s3_top10,0.7474471933295463,0.05,0.2,0.1,16,0.7474471933295463,control,primary_all|top_up,CDK2
0.9260759182722266,4800,1.0,2.0,2.0,2.0,1.0,2.875,40,3,400,16,2.5,160,min,s3_top10,0.7474471933295463,0.05,0.2,0.1,16,0.7474471933295463,control,primary_all|top_up,CDK2
0.9826682322152553,600,1.0,2.0,2.0,2.0,1.0,4.3,40,3,600,12,3.75,160,min,s3_top25,0.7838360822184353,0.05,0.2,0.1,12,0.7474471933295463,control,primary_all|top_up,CDK2
0.9826682322152553,1200,1.0,2.0,2.0,2.0,1.0,5.5,40,3,760,16,4.75,160,min,s3_top25,0.7838360822184353,0.05,0.2,0.1,16,0.7474471933295463,control,primary_all|top_up,CDK2
0.9826682322152553,2400,1.0,2.0,2.0,2.0,1.0,5.5,40,3,760,16,4.75,160,min,s3_top25,0.7838360822184353,0.05,0.2,0.1,16,0.7474471933295463,control,primary_all|top_up,CDK2
0.9826682322152553,3600,1.0,2.0,2.0,2.0,1.0,5.5,40,3,760,16,4.75,160,min,s3_top25,0.7838360822184353,0.05,0.2,0.1,16,0.7474471933295463,control,primary_all|top_up,CDK2
0.9826682322152553,4800,1.0,2.0,2.0,2.0,1.0,5.5,40,3,760,16,4.75,160,min,s3_top25,0.7838360822184353,0.05,0.2,0.1,16,0.7474471933295463,control,primary_all|top_up,CDK2
0.9721456394762387,600,1.0,2.0,2.0,2.0,1.0,3.8,40,3,600,7,3.75,160,min,s3_top50,0.7582535193564606,0.05,0.2,0.1,7,0.7474471933295463,control,primary_all|top_up,CDK2
0.989742357308499,1200,1.0,2.0,2.0,2.0,1.0,7.5,40,3,1200,14,7.5,160,min,s3_top50,0.7960905528939585,0.05,0.2,0.1,14,0.7474471933295463,control,primary_all|top_up,CDK2
0.989742357308499,2400,1.0,2.0,2.0,2.0,1.0,8.5,40,3,1360,16,8.5,160,min,s3_top50,0.7960905528939585,0.05,0.2,0.1,16,0.7474471933295463,control,primary_all|top_up,CDK2
0.989742357308499,3600,1.0,2.0,2.0,2.0,1.0,8.5,40,3,1360,16,8.5,160,min,s3_top50,0.7960905528939585,0.05,0.2,0.1,16,0.7474471933295463,control,primary_all|top_up,CDK2
0.989742357308499,4800,1.0,2.0,2.0,2.0,1.0,8.5,40,3,1360,16,8.5,160,min,s3_top50,0.7960905528939585,0.05,0.2,0.1,16,0.7474471933295463,control,primary_all|top_up,CDK2
0.9826682322152553,600,1.0,2.0,2.0,2.0,1.0,4.3,40,3,600,12,3.75,160,min,s4_scaffold25,0.7838360822184353,0.05,0.2,0.1,12,0.7474471933295463,control,scaffold_representatives|expand_top_groups,CDK2
0.9826682322152553,1200,1.0,2.0,2.0,2.0,1.0,5.5,40,3,760,16,4.75,160,min,s4_scaffold25,0.7838360822184353,0.05,0.2,0.1,16,0.7474471933295463,control,scaffold_representatives|expand_top_groups,CDK2
0.9826682322152553,2400,1.0,2.0,2.0,2.0,1.0,5.5,40,3,760,16,4.75,160,min,s4_scaffold25,0.7838360822184353,0.05,0.2,0.1,16,0.7474471933295463,control,scaffold_representatives|expand_top_groups,CDK2
0.9826682322152553,3600,1.0,2.0,2.0,2.0,1.0,5.5,40,3,760,16,4.75,160,min,s4_scaffold25,0.7838360822184353,0.05,0.2,0.1,16,0.7474471933295463,control,scaffold_representatives|expand_top_groups,CDK2
0.9826682322152553,4800,1.0,2.0,2.0,2.0,1.0,5.5,40,3,760,16,4.75,160,min,s4_scaffold25,0.7838360822184353,0.05,0.2,0.1,16,0.7474471933295463,control,scaffold_representatives|expand_top_groups,CDK2
0.9721456394762387,600,1.0,2.0,2.0,2.0,1.0,3.8,40,3,600,7,3.75,160,min,s4_scaffold50,0.7582535193564606,0.05,0.2,0.1,7,0.7474471933295463,control,scaffold_representatives|expand_top_groups,CDK2
0.989742357308499,1200,1.0,2.0,2.0,2.0,1.0,7.5,40,3,1200,14,7.5,160,min,s4_scaffold50,0.7960905528939585,0.05,0.2,0.1,14,0.7474471933295463,control,scaffold_representatives|expand_top_groups,CDK2
0.989742357308499,2400,1.0,2.0,2.0,2.0,1.0,8.5,40,3,1360,16,8.5,160,min,s4_scaffold50,0.7960905528939585,0.05,0.2,0.1,16,0.7474471933295463,control,scaffold_representatives|expand_top_groups,CDK2
0.989742357308499,3600,1.0,2.0,2.0,2.0,1.0,8.5,40,3,1360,16,8.5,160,min,s4_scaffold50,0.7960905528939585,0.05,0.2,0.1,16,0.7474471933295463,control,scaffold_representatives|expand_top_groups,CDK2
0.989742357308499,4800,1.0,2.0,2.0,2.0,1.0,8.5,40,3,1360,16,8.5,160,min,s4_scaffold50,0.7960905528939585,0.05,0.2,0.1,16,0.7474471933295463,control,scaffold_representatives|expand_top_groups,CDK2
0.9897437648012627,600,1.0,2.0,2.0,2.0,1.0,3.0,40,3,480,3,3.0,160,min,s5_score_oracle,0.7994655487689543,0.05,0.2,0.1,16,0.7474471933295463,control,score_oracle,CDK2
0.9897437648012627,1200,1.0,2.0,2.0,2.0,1.0,7.0,40,3,1120,7,7.0,160,min,s5_score_oracle,0.7994655487689543,0.05,0.2,0.1,16,0.7474471933295463,control,score_oracle,CDK2
0.9897437648012627,2400,1.0,2.0,2.0,2.0,1.0,15.0,40,3,2400,15,15.0,160,min,s5_score_oracle,0.7994655487689543,0.05,0.2,0.1,16,0.7474471933295463,control,score_oracle,CDK2
0.9897437648012627,3600,1.0,2.0,2.0,2.0,1.0,16.0,40,3,2560,16,16.0,160,min,s5_score_oracle,0.7994655487689543,0.05,0.2,0.1,16,0.7474471933295463,control,score_oracle,CDK2
0.9897437648012627,4800,1.0,2.0,2.0,2.0,1.0,16.0,40,3,2560,16,16.0,160,min,s5_score_oracle,0.7994655487689543,0.05,0.2,0.1,16,0.7474471933295463,control,score_oracle,CDK2
0.391840351827275,600,1.0,0.0,2.0833333333333335,1.6666666666666665,1.0,1.0,120,1,600,1,1.0,600,mean,s1_width,0.3736060583095186,0.0,0.20833333333333334,0.08333333333333333,1,0.3736060583095186,sensitivity,width,MK14_min
0.391840351827275,1200,1.0,0.0,2.0833333333333335,1.6666666666666665,1.0,1.0,120,1,600,1,1.0,600,mean,s1_width,0.3736060583095186,0.0,0.20833333333333334,0.08333333333333333,1,0.3736060583095186,sensitivity,width,MK14_min
0.391840351827275,2400,1.0,0.0,2.0833333333333335,1.6666666666666665,1.0,1.0,120,1,600,1,1.0,600,mean,s1_width,0.3736060583095186,0.0,0.20833333333333334,0.08333333333333333,1,0.3736060583095186,sensitivity,width,MK14_min
0.391840351827275,3600,1.0,0.0,2.0833333333333335,1.6666666666666665,1.0,1.0,120,1,600,1,1.0,600,mean,s1_width,0.3736060583095186,0.0,0.20833333333333334,0.08333333333333333,1,0.3736060583095186,sensitivity,width,MK14_min
0.391840351827275,4800,1.0,0.0,2.0833333333333335,1.6666666666666665,1.0,1.0,120,1,600,1,1.0,600,mean,s1_width,0.3736060583095186,0.0,0.20833333333333334,0.08333333333333333,1,0.3736060583095186,sensitivity,width,MK14_min
0.391840351827275,600,1.0,0.0,2.0833333333333335,1.6666666666666665,1.0,1.0,120,1,600,1,1.0,600,mean,s2_uniform,0.3736060583095186,0.0,0.20833333333333334,0.08333333333333333,1,0.3736060583095186,sensitivity,uniform,MK14_min
0.7142270806755687,1200,1.0,5.0,2.9166666666666665,5.0,1.0,2.0,120,1,1200,2,2.0,600,mean,s2_uniform,0.5346780315044414,0.08333333333333333,0.2916666666666667,0.25,2,0.3736060583095186,sensitivity,uniform,MK14_min
0.58540058421953,2400,1.0,5.0,2.5,3.333333333333333,1.0,4.0,120,1,2400,4,4.0,600,mean,s2_uniform,0.4592039787198357,0.08333333333333333,0.25,0.16666666666666666,4,0.3736060583095186,sensitivity,uniform,MK14_min
0.5085104726798815,3600,1.0,5.0,2.0833333333333335,2.5,1.0,6.0,120,1,3600,6,6.0,600,mean,s2_uniform,0.4354489726026532,0.08333333333333333,0.20833333333333334,0.125,6,0.3736060583095186,sensitivity,uniform,MK14_min
0.5564599661490325,4800,1.0,5.0,1.6666666666666665,3.333333333333333,1.0,8.0,120,1,4800,8,8.0,600,mean,s2_uniform,0.4634936225436194,0.08333333333333333,0.16666666666666666,0.16666666666666666,8,0.3736060583095186,sensitivity,uniform,MK14_min
0.391840351827275,600,1.0,0.0,2.0833333333333335,1.6666666666666665,1.0,1.0,120,1,600,1,1.0,600,mean,s3_top10,0.3736060583095186,0.0,0.20833333333333334,0.08333333333333333,1,0.3736060583095186,sensitivity,primary_all|top_up,MK14_min
0.5558215614341622,1200,1.0,5.0,2.5,2.5,1.0,2.25,120,1,1200,11,2.0,600,mean,s3_top10,0.45618782839128863,0.08333333333333333,0.25,0.125,11,0.3736060583095186,sensitivity,primary_all|top_up,MK14_min
0.5165035216944287,2400,1.0,2.5,2.5,2.5,1.0,2.75,120,1,1440,15,2.4,600,mean,s3_top10,0.43146139741485773,0.041666666666666664,0.25,0.125,15,0.3736060583095186,sensitivity,primary_all|top_up,MK14_min
0.5165035216944287,3600,1.0,2.5,2.5,2.5,1.0,2.75,120,1,1440,15,2.4,600,mean,s3_top10,0.43146139741485773,0.041666666666666664,0.25,0.125,15,0.3736060583095186,sensitivity,primary_all|top_up,MK14_min
0.5165035216944287,4800,1.0,2.5,2.5,2.5,1.0,2.75,120,1,1440,15,2.4,600,mean,s3_top10,0.43146139741485773,0.041666666666666664,0.25,0.125,15,0.3736060583095186,sensitivity,primary_all|top_up,MK14_min
0.391840351827275,600,1.0,0.0,2.0833333333333335,1.6666666666666665,1.0,1.0,120,1,600,1,1.0,600,mean,s3_top25,0.3736060583095186,0.0,0.20833333333333334,0.08333333333333333,1,0.3736060583095186,sensitivity,primary_all|top_up,MK14_min
0.5161622046817876,1200,1.0,5.0,1.6666666666666665,3.333333333333333,1.0,2.2666666666666666,120,1,1200,5,2.0,600,mean,s3_top25,0.4323809452685272,0.08333333333333333,0.16666666666666666,0.16666666666666666,5,0.3736060583095186,sensitivity,primary_all|top_up,MK14_min
0.5505278874120828,2400,1.0,5.0,1.6666666666666665,3.333333333333333,1.0,4.8,120,1,2400,13,4.0,600,mean,s3_top25,0.4486784632572884,0.08333333333333333,0.16666666666666666,0.16666666666666666,13,0.3736060583095186,sensitivity,primary_all|top_up,MK14_min
0.516203838414733,3600,1.0,5.0,1.6666666666666665,3.333333333333333,1.0,5.433333333333334,120,1,2700,15,4.5,600,mean,s3_top25,0.42905998621254743,0.08333333333333333,0.16666666666666666,0.16666666666666666,15,0.3736060583095186,sensitivity,primary_all|top_up,MK14_min
0.516203838414733,4800,1.0,5.0,1.6666666666666665,3.333333333333333,1.0,5.433333333333334,120,1,2700,15,4.5,600,mean,s3_top25,0.42905998621254743,0.08333333333333333,0.16666666666666666,0.16666666666666666,15,0.3736060583095186,sensitivity,primary_all|top_up,MK14_min
0.391840351827275,600,1.0,0.0,2.0833333333333335,1.6666666666666665,1.0,1.0,120,1,600,1,1.0,600,mean,s3_top50,0.3736060583095186,0.0,0.20833333333333334,0.08333333333333333,1,0.3736060583095186,sensitivity,primary_all|top_up,MK14_min
0.6255760931734391,1200,1.0,5.0,2.5,3.333333333333333,1.0,2.0166666666666666,120,1,1200,3,2.0,600,mean,s3_top50,0.4931002038878804,0.08333333333333333,0.25,0.16666666666666666,3,0.3736060583095186,sensitivity,primary_all|top_up,MK14_min
0.5119466637980153,2400,1.0,5.0,2.0833333333333335,2.5,1.0,4.05,120,1,2400,7,4.0,600,mean,s3_top50,0.44215949618279965,0.08333333333333333,0.20833333333333334,0.125,7,0.3736060583095186,sensitivity,primary_all|top_up,MK14_min
0.5489724054022705,3600,1.0,5.0,1.6666666666666665,3.333333333333333,1.0,6.083333333333333,120,1,3600,11,6.0,600,mean,s3_top50,0.45863953913306643,0.08333333333333333,0.16666666666666666,0.16666666666666666,11,0.3736060583095186,sensitivity,primary_all|top_up,MK14_min
0.5100332437395394,4800,1.0,5.0,1.6666666666666665,3.333333333333333,1.0,8.116666666666667,120,1,4800,15,8.0,600,mean,s3_top50,0.4359972709251975,0.08333333333333333,0.16666666666666666,0.16666666666666666,15,0.3736060583095186,sensitivity,primary_all|top_up,MK14_min
0.4043368981121954,600,0.73,2.5,1.6666666666666665,2.5,0.725,1.471264367816092,120,1,600,3,1.36986301369863,438,mean,s4_scaffold25,0.38971671574240113,0.041666666666666664,0.16666666666666666,0.125,3,0.3736060583095186,sensitivity,scaffold_representatives|expand_top_groups,MK14_min
0.5530699573221259,1200,0.73,5.0,1.6666666666666665,3.333333333333333,0.725,3.1954022988505746,120,1,1200,8,2.73972602739726,438,mean,s4_scaffold25,0.46141666802800874,0.08333333333333333,0.16666666666666666,0.16666666666666666,8,0.3736060583095186,sensitivity,scaffold_representatives|expand_top_groups,MK14_min
0.5222446076254444,2400,0.73,5.0,1.6666666666666665,3.333333333333333,0.725,6.080459770114943,120,1,2206,15,5.036529680365297,438,mean,s4_scaffold25,0.4429949780030578,0.08333333333333333,0.16666666666666666,0.16666666666666666,15,0.3736060583095186,sensitivity,scaffold_representatives|expand_top_groups,MK14_min
0.5222446076254444,3600,0.73,5.0,1.6666666666666665,3.333333333333333,0.725,6.080459770114943,120,1,2206,15,5.036529680365297,438,mean,s4_scaffold25,0.4429949780030578,0.08333333333333333,0.16666666666666666,0.16666666666666666,15,0.3736060583095186,sensitivity,scaffold_representatives|expand_top_groups,MK14_min
0.5222446076254444,4800,0.73,5.0,1.6666666666666665,3.333333333333333,0.725,6.080459770114943,120,1,2206,15,5.036529680365297,438,mean,s4_scaffold25,0.4429949780030578,0.08333333333333333,0.16666666666666666,0.16666666666666666,15,0.3736060583095186,sensitivity,scaffold_representatives|expand_top_groups,MK14_min
0.42863839844475204,600,0.74,2.5,2.5,2.5,0.7416666666666667,1.4382022471910112,120,1,600,2,1.3513513513513513,444,mean,s4_scaffold50,0.3910471136109563,0.041666666666666664,0.25,0.125,2,0.3736060583095186,sensitivity,scaffold_representatives|expand_top_groups,MK14_min
0.5110447987226624,1200,0.7583333333333333,5.0,2.0833333333333335,2.5,0.7416666666666667,2.955056179775281,120,1,1200,5,2.6373626373626373,455,mean,s4_scaffold50,0.4530857231740126,0.08333333333333333,0.20833333333333334,0.125,5,0.3736060583095186,sensitivity,scaffold_representatives|expand_top_groups,MK14_min
0.5403830494422271,2400,0.7583333333333333,5.0,1.6666666666666665,3.333333333333333,0.7416666666666667,6.123595505617978,120,1,2400,10,5.274725274725275,455,mean,s4_scaffold50,0.4632472812777371,0.08333333333333333,0.16666666666666666,0.16666666666666666,10,0.3736060583095186,sensitivity,scaffold_representatives|expand_top_groups,MK14_min
0.5040377596699921,3600,0.7583333333333333,5.0,1.6666666666666665,3.333333333333333,0.7416666666666667,9.314606741573034,120,1,3600,14,7.912087912087912,455,mean,s4_scaffold50,0.437532257219947,0.08333333333333333,0.16666666666666666,0.16666666666666666,14,0.3736060583095186,sensitivity,scaffold_representatives|expand_top_groups,MK14_min
0.5092273817342031,4800,0.7583333333333333,5.0,1.6666666666666665,3.333333333333333,0.7416666666666667,10.03370786516854,120,1,3886,15,8.54065934065934,455,mean,s4_scaffold50,0.4414520352504703,0.08333333333333333,0.16666666666666666,0.16666666666666666,15,0.3736060583095186,sensitivity,scaffold_representatives|expand_top_groups,MK14_min
0.7099319542352468,600,1.0,5.0,3.333333333333333,4.166666666666667,1.0,1.0,120,1,600,1,1.0,600,mean,s5_score_oracle,0.5205765915188184,0.08333333333333333,0.3333333333333333,0.20833333333333334,15,0.3736060583095186,sensitivity,score_oracle,MK14_min
0.7198286685473996,1200,1.0,5.0,3.333333333333333,4.166666666666667,1.0,2.0,120,1,1200,2,2.0,600,mean,s5_score_oracle,0.5314716162055309,0.08333333333333333,0.3333333333333333,0.20833333333333334,15,0.3736060583095186,sensitivity,score_oracle,MK14_min
0.608526688941189,2400,1.0,5.0,2.5,3.333333333333333,1.0,4.0,120,1,2400,4,4.0,600,mean,s5_score_oracle,0.47928936507710057,0.08333333333333333,0.25,0.16666666666666666,15,0.3736060583095186,sensitivity,score_oracle,MK14_min
0.5701392856439799,3600,1.0,5.0,2.0833333333333335,3.333333333333333,1.0,6.0,120,1,3600,6,6.0,600,mean,s5_score_oracle,0.461281743504463,0.08333333333333333,0.20833333333333334,0.16666666666666666,15,0.3736060583095186,sensitivity,score_oracle,MK14_min
0.541471888298846,4800,1.0,5.0,2.0833333333333335,3.333333333333333,1.0,8.0,120,1,4800,8,8.0,600,mean,s5_score_oracle,0.4509451377325478,0.08333333333333333,0.20833333333333334,0.16666666666666666,15,0.3736060583095186,sensitivity,score_oracle,MK14_min
0.391840351827275,600,1.0,0.0,2.0833333333333335,1.6666666666666665,1.0,1.0,120,1,600,1,1.0,600,min,s1_width,0.3736060583095186,0.0,0.20833333333333334,0.08333333333333333,1,0.3736060583095186,sensitivity,width,MK14_min
0.391840351827275,1200,1.0,0.0,2.0833333333333335,1.6666666666666665,1.0,1.0,120,1,600,1,1.0,600,min,s1_width,0.3736060583095186,0.0,0.20833333333333334,0.08333333333333333,1,0.3736060583095186,sensitivity,width,MK14_min
0.391840351827275,2400,1.0,0.0,2.0833333333333335,1.6666666666666665,1.0,1.0,120,1,600,1,1.0,600,min,s1_width,0.3736060583095186,0.0,0.20833333333333334,0.08333333333333333,1,0.3736060583095186,sensitivity,width,MK14_min
0.391840351827275,3600,1.0,0.0,2.0833333333333335,1.6666666666666665,1.0,1.0,120,1,600,1,1.0,600,min,s1_width,0.3736060583095186,0.0,0.20833333333333334,0.08333333333333333,1,0.3736060583095186,sensitivity,width,MK14_min
0.391840351827275,4800,1.0,0.0,2.0833333333333335,1.6666666666666665,1.0,1.0,120,1,600,1,1.0,600,min,s1_width,0.3736060583095186,0.0,0.20833333333333334,0.08333333333333333,1,0.3736060583095186,sensitivity,width,MK14_min
0.391840351827275,600,1.0,0.0,2.0833333333333335,1.6666666666666665,1.0,1.0,120,1,600,1,1.0,600,min,s2_uniform,0.3736060583095186,0.0,0.20833333333333334,0.08333333333333333,1,0.3736060583095186,sensitivity,uniform,MK14_min
0.6543137413648067,1200,1.0,5.0,2.5,4.166666666666667,1.0,2.0,120,1,1200,2,2.0,600,min,s2_uniform,0.4927403365480456,0.08333333333333333,0.25,0.20833333333333334,2,0.3736060583095186,sensitivity,uniform,MK14_min
0.6625511891243352,2400,1.0,5.0,2.5,4.166666666666667,1.0,4.0,120,1,2400,4,4.0,600,min,s2_uniform,0.4979686026727747,0.08333333333333333,0.25,0.20833333333333334,4,0.3736060583095186,sensitivity,uniform,MK14_min
0.6627284830823931,3600,1.0,5.0,2.5,4.166666666666667,1.0,6.0,120,1,3600,6,6.0,600,min,s2_uniform,0.5013750862711285,0.08333333333333333,0.25,0.20833333333333334,6,0.3736060583095186,sensitivity,uniform,MK14_min
0.7332999968193741,4800,1.0,5.0,3.333333333333333,4.166666666666667,1.0,8.0,120,1,4800,8,8.0,600,min,s2_uniform,0.5379159489279307,0.08333333333333333,0.3333333333333333,0.20833333333333334,8,0.3736060583095186,sensitivity,uniform,MK14_min
0.391840351827275,600,1.0,0.0,2.0833333333333335,1.6666666666666665,1.0,1.0,120,1,600,1,1.0,600,min,s3_top10,0.3736060583095186,0.0,0.20833333333333334,0.08333333333333333,1,0.3736060583095186,sensitivity,primary_all|top_up,MK14_min
0.6006184818555952,1200,1.0,5.0,2.5,3.333333333333333,1.0,2.25,120,1,1200,11,2.0,600,min,s3_top10,0.47693848976695,0.08333333333333333,0.25,0.16666666666666666,11,0.3736060583095186,sensitivity,primary_all|top_up,MK14_min
0.557540606521524,2400,1.0,5.0,2.0833333333333335,3.333333333333333,1.0,2.75,120,1,1440,15,2.4,600,min,s3_top10,0.45369240714586745,0.08333333333333333,0.20833333333333334,0.16666666666666666,15,0.3736060583095186,sensitivity,primary_all|top_up,MK14_min
0.557540606521524,3600,1.0,5.0,2.0833333333333335,3.333333333333333,1.0,2.75,120,1,1440,15,2.4,600,min,s3_top10,0.45369240714586745,0.08333333333333333,0.20833333333333334,0.16666666666666666,15,0.3736060583095186,sensitivity,primary_all|top_up,MK14_min
0.557540606521524,4800,1.0,5.0,2.0833333333333335,3.333333333333333,1.0,2.75,120,1,1440,15,2.4,600,min,s3_top10,0.45369240714586745,0.08333333333333333,0.20833333333333334,0.16666666666666666,15,0.3736060583095186,sensitivity,primary_all|top_up,MK14_min
0.391840351827275,600,1.0,0.0,2.0833333333333335,1.6666666666666665,1.0,1.0,120,1,600,1,1.0,600,min,s3_top25,0.3736060583095186,0.0,0.20833333333333334,0.08333333333333333,1,0.3736060583095186,sensitivity,primary_all|top_up,MK14_min
0.4891139231140806,1200,1.0,5.0,1.6666666666666665,2.5,1.0,2.2666666666666666,120,1,1200,5,2.0,600,min,s3_top25,0.43009294284812555,0.08333333333333333,0.16666666666666666,0.125,5,0.3736060583095186,sensitivity,primary_all|top_up,MK14_min
0.5854739537122995,2400,1.0,5.0,2.0833333333333335,4.166666666666667,1.0,4.8,120,1,2400,13,4.0,600,min,s3_top25,0.46310381220462943,0.08333333333333333,0.20833333333333334,0.20833333333333334,13,0.3736060583095186,sensitivity,primary_all|top_up,MK14_min
0.5572677235407005,3600,1.0,5.0,2.0833333333333335,3.333333333333333,1.0,5.433333333333334,120,1,2700,15,4.5,600,min,s3_top25,0.4479915762799734,0.08333333333333333,0.20833333333333334,0.16666666666666666,15,0.3736060583095186,sensitivity,primary_all|top_up,MK14_min
0.5572677235407005,4800,1.0,5.0,2.0833333333333335,3.333333333333333,1.0,5.433333333333334,120,1,2700,15,4.5,600,min,s3_top25,0.4479915762799734,0.08333333333333333,0.20833333333333334,0.16666666666666666,15,0.3736060583095186,sensitivity,primary_all|top_up,MK14_min
0.391840351827275,600,1.0,0.0,2.0833333333333335,1.6666666666666665,1.0,1.0,120,1,600,1,1.0,600,min,s3_top50,0.3736060583095186,0.0,0.20833333333333334,0.08333333333333333,1,0.3736060583095186,sensitivity,primary_all|top_up,MK14_min
0.653015142007097,1200,1.0,5.0,2.5,4.166666666666667,1.0,2.0166666666666666,120,1,1200,3,2.0,600,min,s3_top50,0.5070850663041749,0.08333333333333333,0.25,0.20833333333333334,3,0.3736060583095186,sensitivity,primary_all|top_up,MK14_min
0.7005820102242217,2400,1.0,5.0,2.9166666666666665,4.166666666666667,1.0,4.05,120,1,2400,7,4.0,600,min,s3_top50,0.5292490395661877,0.08333333333333333,0.2916666666666667,0.20833333333333334,7,0.3736060583095186,sensitivity,primary_all|top_up,MK14_min
0.7373824954449706,3600,1.0,5.0,3.333333333333333,4.166666666666667,1.0,6.083333333333333,120,1,3600,11,6.0,600,min,s3_top50,0.5496229273345709,0.08333333333333333,0.3333333333333333,0.20833333333333334,11,0.3736060583095186,sensitivity,primary_all|top_up,MK14_min
0.7105257713499553,4800,1.0,5.0,3.333333333333333,4.166666666666667,1.0,8.116666666666667,120,1,4800,15,8.0,600,min,s3_top50,0.5306910291156602,0.08333333333333333,0.3333333333333333,0.20833333333333334,15,0.3736060583095186,sensitivity,primary_all|top_up,MK14_min
0.5226005250686367,600,0.73,5.0,2.0833333333333335,2.5,0.725,1.471264367816092,120,1,600,3,1.36986301369863,438,min,s4_scaffold25,0.4538260571358656,0.08333333333333333,0.20833333333333334,0.125,3,0.3736060583095186,sensitivity,scaffold_representatives|expand_top_groups,MK14_min
0.5909421743706962,1200,0.73,5.0,2.0833333333333335,4.166666666666667,0.725,3.1954022988505746,120,1,1200,8,2.73972602739726,438,min,s4_scaffold25,0.4770777085028814,0.08333333333333333,0.20833333333333334,0.20833333333333334,8,0.3736060583095186,sensitivity,scaffold_representatives|expand_top_groups,MK14_min
0.5610565139031627,2400,0.73,5.0,2.0833333333333335,3.333333333333333,0.725,6.080459770114943,120,1,2206,15,5.036529680365297,438,min,s4_scaffold25,0.46046510378123257,0.08333333333333333,0.20833333333333334,0.16666666666666666,15,0.3736060583095186,sensitivity,scaffold_representatives|expand_top_groups,MK14_min
0.5610565139031627,3600,0.73,5.0,2.0833333333333335,3.333333333333333,0.725,6.080459770114943,120,1,2206,15,5.036529680365297,438,min,s4_scaffold25,0.46046510378123257,0.08333333333333333,0.20833333333333334,0.16666666666666666,15,0.3736060583095186,sensitivity,scaffold_representatives|expand_top_groups,MK14_min
0.5610565139031627,4800,0.73,5.0,2.0833333333333335,3.333333333333333,0.725,6.080459770114943,120,1,2206,15,5.036529680365297,438,min,s4_scaffold25,0.46046510378123257,0.08333333333333333,0.20833333333333334,0.16666666666666666,15,0.3736060583095186,sensitivity,scaffold_representatives|expand_top_groups,MK14_min
0.5778354440400626,600,0.74,5.0,2.0833333333333335,3.333333333333333,0.7416666666666667,1.4382022471910112,120,1,600,2,1.3513513513513513,444,min,s4_scaffold50,0.47717379497938667,0.08333333333333333,0.20833333333333334,0.16666666666666666,2,0.3736060583095186,sensitivity,scaffold_representatives|expand_top_groups,MK14_min
0.6706967059404846,1200,0.7583333333333333,5.0,2.5,4.166666666666667,0.7416666666666667,2.955056179775281,120,1,1200,5,2.6373626373626373,455,min,s4_scaffold50,0.5374269211980452,0.08333333333333333,0.25,0.20833333333333334,5,0.3736060583095186,sensitivity,scaffold_representatives|expand_top_groups,MK14_min
0.7353757702171793,2400,0.7583333333333333,5.0,3.333333333333333,4.166666666666667,0.7416666666666667,6.123595505617978,120,1,2400,10,5.274725274725275,455,min,s4_scaffold50,0.554565532126429,0.08333333333333333,0.3333333333333333,0.20833333333333334,10,0.3736060583095186,sensitivity,scaffold_representatives|expand_top_groups,MK14_min
0.7120398518781964,3600,0.7583333333333333,5.0,3.333333333333333,4.166666666666667,0.7416666666666667,9.314606741573034,120,1,3600,14,7.912087912087912,455,min,s4_scaffold50,0.5405140998404555,0.08333333333333333,0.3333333333333333,0.20833333333333334,14,0.3736060583095186,sensitivity,scaffold_representatives|expand_top_groups,MK14_min
0.7120398518781964,4800,0.7583333333333333,5.0,3.333333333333333,4.166666666666667,0.7416666666666667,10.03370786516854,120,1,3886,15,8.54065934065934,455,min,s4_scaffold50,0.5405140998404555,0.08333333333333333,0.3333333333333333,0.20833333333333334,15,0.3736060583095186,sensitivity,scaffold_representatives|expand_top_groups,MK14_min
0.7099319542352468,600,1.0,5.0,3.333333333333333,4.166666666666667,1.0,1.0,120,1,600,1,1.0,600,min,s5_score_oracle,0.5205765915188184,0.08333333333333333,0.3333333333333333,0.20833333333333334,15,0.3736060583095186,sensitivity,score_oracle,MK14_min
0.7099319542352468,1200,1.0,5.0,3.333333333333333,4.166666666666667,1.0,2.0,120,1,1200,2,2.0,600,min,s5_score_oracle,0.5205765915188184,0.08333333333333333,0.3333333333333333,0.20833333333333334,15,0.3736060583095186,sensitivity,score_oracle,MK14_min
0.7099319542352468,2400,1.0,5.0,3.333333333333333,4.166666666666667,1.0,4.0,120,1,2400,4,4.0,600,min,s5_score_oracle,0.5205765915188184,0.08333333333333333,0.3333333333333333,0.20833333333333334,15,0.3736060583095186,sensitivity,score_oracle,MK14_min
0.7099319542352468,3600,1.0,5.0,3.333333333333333,4.166666666666667,1.0,6.0,120,1,3600,6,6.0,600,min,s5_score_oracle,0.5205765915188184,0.08333333333333333,0.3333333333333333,0.20833333333333334,15,0.3736060583095186,sensitivity,score_oracle,MK14_min
0.7099319542352468,4800,1.0,5.0,3.333333333333333,4.166666666666667,1.0,8.0,120,1,4800,8,8.0,600,min,s5_score_oracle,0.5205765915188184,0.08333333333333333,0.3333333333333333,0.20833333333333334,15,0.3736060583095186,sensitivity,score_oracle,MK14_min
0.5538730480500644,600,1.0,5.0,2.0833333333333335,3.333333333333333,1.0,1.0,120,2,600,1,1.0,600,mean,s1_width,0.4334628879366232,0.08333333333333333,0.20833333333333334,0.16666666666666666,1,0.4334628879366232,sensitivity,width,MK14_min
0.5538730480500644,1200,1.0,5.0,2.0833333333333335,3.333333333333333,1.0,1.0,120,2,600,1,1.0,600,mean,s1_width,0.4334628879366232,0.08333333333333333,0.20833333333333334,0.16666666666666666,1,0.4334628879366232,sensitivity,width,MK14_min
0.5538730480500644,2400,1.0,5.0,2.0833333333333335,3.333333333333333,1.0,1.0,120,2,600,1,1.0,600,mean,s1_width,0.4334628879366232,0.08333333333333333,0.20833333333333334,0.16666666666666666,1,0.4334628879366232,sensitivity,width,MK14_min
0.5538730480500644,3600,1.0,5.0,2.0833333333333335,3.333333333333333,1.0,1.0,120,2,600,1,1.0,600,mean,s1_width,0.4334628879366232,0.08333333333333333,0.20833333333333334,0.16666666666666666,1,0.4334628879366232,sensitivity,width,MK14_min
0.5538730480500644,4800,1.0,5.0,2.0833333333333335,3.333333333333333,1.0,1.0,120,2,600,1,1.0,600,mean,s1_width,0.4334628879366232,0.08333333333333333,0.20833333333333334,0.16666666666666666,1,0.4334628879366232,sensitivity,width,MK14_min
0.5538730480500644,600,1.0,5.0,2.0833333333333335,3.333333333333333,1.0,1.0,120,2,600,1,1.0,600,mean,s2_uniform,0.4334628879366232,0.08333333333333333,0.20833333333333334,0.16666666666666666,1,0.4334628879366232,sensitivity,uniform,MK14_min
0.6800530361156087,1200,1.0,5.0,3.333333333333333,4.166666666666667,1.0,2.0,120,2,1200,2,2.0,600,mean,s2_uniform,0.5478641773069418,0.08333333333333333,0.3333333333333333,0.20833333333333334,2,0.4334628879366232,sensitivity,uniform,MK14_min
0.3994391182729796,2400,1.0,2.5,1.6666666666666665,1.6666666666666665,1.0,4.0,120,2,2400,4,4.0,600,mean,s2_uniform,0.4097945550321113,0.041666666666666664,0.16666666666666666,0.08333333333333333,4,0.4334628879366232,sensitivity,uniform,MK14_min
0.5092148118998059,3600,1.0,2.5,2.5,2.5,1.0,6.0,120,2,3600,6,6.0,600,mean,s2_uniform,0.46237973864764864,0.041666666666666664,0.25,0.125,6,0.4334628879366232,sensitivity,uniform,MK14_min
0.5297431072252748,4800,1.0,2.5,2.9166666666666665,2.5,1.0,8.0,120,2,4800,8,8.0,600,mean,s2_uniform,0.463510377259877,0.041666666666666664,0.2916666666666667,0.125,8,0.4334628879366232,sensitivity,uniform,MK14_min
0.5538730480500644,600,1.0,5.0,2.0833333333333335,3.333333333333333,1.0,1.0,120,2,600,1,1.0,600,mean,s3_top10,0.4334628879366232,0.08333333333333333,0.20833333333333334,0.16666666666666666,1,0.4334628879366232,sensitivity,primary_all|top_up,MK14_min
0.12185050115144566,1200,1.0,0.0,0.8333333333333333,0.0,1.0,1.6666666666666667,120,2,1200,11,2.0,600,mean,s3_top10,0.2649232362652387,0.0,0.08333333333333333,0.0,11,0.4334628879366232,sensitivity,primary_all|top_up,MK14_min
0.12261984666629822,2400,1.0,0.0,0.8333333333333333,0.0,1.0,1.9333333333333333,120,2,1440,15,2.4,600,mean,s3_top10,0.25934409994655044,0.0,0.08333333333333333,0.0,15,0.4334628879366232,sensitivity,primary_all|top_up,MK14_min
0.12261984666629822,3600,1.0,0.0,0.8333333333333333,0.0,1.0,1.9333333333333333,120,2,1440,15,2.4,600,mean,s3_top10,0.25934409994655044,0.0,0.08333333333333333,0.0,15,0.4334628879366232,sensitivity,primary_all|top_up,MK14_min
0.12261984666629822,4800,1.0,0.0,0.8333333333333333,0.0,1.0,1.9333333333333333,120,2,1440,15,2.4,600,mean,s3_top10,0.25934409994655044,0.0,0.08333333333333333,0.0,15,0.4334628879366232,sensitivity,primary_all|top_up,MK14_min
0.5538730480500644,600,1.0,5.0,2.0833333333333335,3.333333333333333,1.0,1.0,120,2,600,1,1.0,600,mean,s3_top25,0.4334628879366232,0.08333333333333333,0.20833333333333334,0.16666666666666666,1,0.4334628879366232,sensitivity,primary_all|top_up,MK14_min
0.26902154896385727,1200,1.0,2.5,1.25,0.8333333333333333,1.0,2.0,120,2,1200,5,2.0,600,mean,s3_top25,0.3410383923078036,0.041666666666666664,0.125,0.041666666666666664,5,0.4334628879366232,sensitivity,primary_all|top_up,MK14_min
0.16048400880531577,2400,1.0,0.0,1.25,0.0,1.0,4.0,120,2,2400,13,4.0,600,mean,s3_top25,0.27348369201669853,0.0,0.125,0.0,13,0.4334628879366232,sensitivity,primary_all|top_up,MK14_min
0.1528216517304562,3600,1.0,0.0,1.25,0.0,1.0,4.5,120,2,2700,15,4.5,600,mean,s3_top25,0.26942619606922397,0.0,0.125,0.0,15,0.4334628879366232,sensitivity,primary_all|top_up,MK14_min
0.1528216517304562,4800,1.0,0.0,1.25,0.0,1.0,4.5,120,2,2700,15,4.5,600,mean,s3_top25,0.26942619606922397,0.0,0.125,0.0,15,0.4334628879366232,sensitivity,primary_all|top_up,MK14_min
0.5538730480500644,600,1.0,5.0,2.0833333333333335,3.333333333333333,1.0,1.0,120,2,600,1,1.0,600,mean,s3_top50,0.4334628879366232,0.08333333333333333,0.20833333333333334,0.16666666666666666,1,0.4334628879366232,sensitivity,primary_all|top_up,MK14_min
0.48573273891412033,1200,1.0,2.5,2.5,2.5,1.0,2.0,120,2,1200,3,2.0,600,mean,s3_top50,0.43171193380555867,0.041666666666666664,0.25,0.125,3,0.4334628879366232,sensitivity,primary_all|top_up,MK14_min
0.4944200849971386,2400,1.0,2.5,2.9166666666666665,2.5,1.0,4.0,120,2,2400,7,4.0,600,mean,s3_top50,0.4381049931263608,0.041666666666666664,0.2916666666666667,0.125,7,0.4334628879366232,sensitivity,primary_all|top_up,MK14_min
0.5563109486138988,3600,1.0,2.5,2.5,3.333333333333333,1.0,6.0,120,2,3600,11,6.0,600,mean,s3_top50,0.44505947118702577,0.041666666666666664,0.25,0.16666666666666666,11,0.4334628879366232,sensitivity,primary_all|top_up,MK14_min
0.47753566523848284,4800,1.0,2.5,2.5,3.333333333333333,1.0,8.0,120,2,4800,15,8.0,600,mean,s3_top50,0.38956193427577807,0.041666666666666664,0.25,0.16666666666666666,15,0.4334628879366232,sensitivity,primary_all|top_up,MK14_min
0.35085481918010425,600,0.7233333333333334,2.5,1.6666666666666665,0.8333333333333333,0.7333333333333333,1.2727272727272727,120,2,600,3,1.3824884792626728,434,mean,s4_scaffold25,0.40842114420916253,0.041666666666666664,0.16666666666666666,0.041666666666666664,3,0.4334628879366232,sensitivity,scaffold_representatives|expand_top_groups,MK14_min
0.27201125976557067,1200,0.7233333333333334,0.0,1.6666666666666665,0.8333333333333333,0.7333333333333333,2.5681818181818183,120,2,1200,8,2.7649769585253456,434,mean,s4_scaffold25,0.3495254053967009,0.0,0.16666666666666666,0.041666666666666664,8,0.4334628879366232,sensitivity,scaffold_representatives|expand_top_groups,MK14_min
0.2724479616732652,2400,0.7233333333333334,0.0,1.25,1.6666666666666665,0.7333333333333333,4.590909090909091,120,2,2150,15,4.953917050691245,434,mean,s4_scaffold25,0.33499795131248317,0.0,0.125,0.08333333333333333,15,0.4334628879366232,sensitivity,scaffold_representatives|expand_top_groups,MK14_min
0.2724479616732652,3600,0.7233333333333334,0.0,1.25,1.6666666666666665,0.7333333333333333,4.590909090909091,120,2,2150,15,4.953917050691245,434,mean,s4_scaffold25,0.33499795131248317,0.0,0.125,0.08333333333333333,15,0.4334628879366232,sensitivity,scaffold_representatives|expand_top_groups,MK14_min
0.2724479616732652,4800,0.7233333333333334,0.0,1.25,1.6666666666666665,0.7333333333333333,4.590909090909091,120,2,2150,15,4.953917050691245,434,mean,s4_scaffold25,0.33499795131248317,0.0,0.125,0.08333333333333333,15,0.4334628879366232,sensitivity,scaffold_representatives|expand_top_groups,MK14_min
0.6902354990240255,600,0.7366666666666667,5.0,3.333333333333333,4.166666666666667,0.75,1.3666666666666667,120,2,600,2,1.3574660633484164,442,mean,s4_scaffold50,0.5660118568670843,0.08333333333333333,0.3333333333333333,0.20833333333333334,2,0.4334628879366232,sensitivity,scaffold_representatives|expand_top_groups,MK14_min
0.4702381287059689,1200,0.7533333333333333,2.5,2.5,2.5,0.7583333333333333,2.681318681318681,120,2,1200,5,2.6548672566371683,452,mean,s4_scaffold50,0.4439520265832937,0.041666666666666664,0.25,0.125,5,0.4334628879366232,sensitivity,scaffold_representatives|expand_top_groups,MK14_min
0.4673522863471139,2400,0.7533333333333333,2.5,2.5,2.5,0.7583333333333333,5.5054945054945055,120,2,2400,10,5.3097345132743365,452,mean,s4_scaffold50,0.4210186109818519,0.041666666666666664,0.25,0.125,10,0.4334628879366232,sensitivity,scaffold_representatives|expand_top_groups,MK14_min
0.45382887284584805,3600,0.7533333333333333,2.5,2.5,2.5,0.7583333333333333,8.32967032967033,120,2,3600,15,7.964601769911504,452,mean,s4_scaffold50,0.40223591167551076,0.041666666666666664,0.25,0.125,15,0.4334628879366232,sensitivity,scaffold_representatives|expand_top_groups,MK14_min
0.4353990547830815,4800,0.7533333333333333,0.0,2.5,2.5,0.7583333333333333,8.901098901098901,120,2,3844,15,8.504424778761061,452,mean,s4_scaffold50,0.3905762513497848,0.0,0.25,0.125,15,0.4334628879366232,sensitivity,scaffold_representatives|expand_top_groups,MK14_min
0.6730672135430089,600,1.0,5.0,3.333333333333333,4.166666666666667,1.0,1.0,120,2,600,1,1.0,600,mean,s5_score_oracle,0.5176017162073845,0.08333333333333333,0.3333333333333333,0.20833333333333334,15,0.4334628879366232,sensitivity,score_oracle,MK14_min
0.6986066596768806,1200,1.0,5.0,3.333333333333333,4.166666666666667,1.0,2.0,120,2,1200,2,2.0,600,mean,s5_score_oracle,0.5415051916513067,0.08333333333333333,0.3333333333333333,0.20833333333333334,15,0.4334628879366232,sensitivity,score_oracle,MK14_min
0.6457329817591884,2400,1.0,5.0,2.9166666666666665,3.333333333333333,1.0,4.0,120,2,2400,4,4.0,600,mean,s5_score_oracle,0.5194018447122261,0.08333333333333333,0.2916666666666667,0.16666666666666666,15,0.4334628879366232,sensitivity,score_oracle,MK14_min
0.6146156348495811,3600,1.0,2.5,2.9166666666666665,4.166666666666667,1.0,6.0,120,2,3600,6,6.0,600,mean,s5_score_oracle,0.4999319946691885,0.041666666666666664,0.2916666666666667,0.20833333333333334,15,0.4334628879366232,sensitivity,score_oracle,MK14_min
0.5441514305102723,4800,1.0,2.5,2.5,3.333333333333333,1.0,8.0,120,2,4800,8,8.0,600,mean,s5_score_oracle,0.4627217864479071,0.041666666666666664,0.25,0.16666666666666666,15,0.4334628879366232,sensitivity,score_oracle,MK14_min
0.5538730480500644,600,1.0,5.0,2.0833333333333335,3.333333333333333,1.0,1.0,120,2,600,1,1.0,600,min,s1_width,0.4334628879366232,0.08333333333333333,0.20833333333333334,0.16666666666666666,1,0.4334628879366232,sensitivity,width,MK14_min
0.5538730480500644,1200,1.0,5.0,2.0833333333333335,3.333333333333333,1.0,1.0,120,2,600,1,1.0,600,min,s1_width,0.4334628879366232,0.08333333333333333,0.20833333333333334,0.16666666666666666,1,0.4334628879366232,sensitivity,width,MK14_min
0.5538730480500644,2400,1.0,5.0,2.0833333333333335,3.333333333333333,1.0,1.0,120,2,600,1,1.0,600,min,s1_width,0.4334628879366232,0.08333333333333333,0.20833333333333334,0.16666666666666666,1,0.4334628879366232,sensitivity,width,MK14_min
0.5538730480500644,3600,1.0,5.0,2.0833333333333335,3.333333333333333,1.0,1.0,120,2,600,1,1.0,600,min,s1_width,0.4334628879366232,0.08333333333333333,0.20833333333333334,0.16666666666666666,1,0.4334628879366232,sensitivity,width,MK14_min
0.5538730480500644,4800,1.0,5.0,2.0833333333333335,3.333333333333333,1.0,1.0,120,2,600,1,1.0,600,min,s1_width,0.4334628879366232,0.08333333333333333,0.20833333333333334,0.16666666666666666,1,0.4334628879366232,sensitivity,width,MK14_min
0.5538730480500644,600,1.0,5.0,2.0833333333333335,3.333333333333333,1.0,1.0,120,2,600,1,1.0,600,min,s2_uniform,0.4334628879366232,0.08333333333333333,0.20833333333333334,0.16666666666666666,1,0.4334628879366232,sensitivity,uniform,MK14_min
0.5553218424600483,1200,1.0,5.0,2.0833333333333335,3.333333333333333,1.0,2.0,120,2,1200,2,2.0,600,min,s2_uniform,0.4474987092388674,0.08333333333333333,0.20833333333333334,0.16666666666666666,2,0.4334628879366232,sensitivity,uniform,MK14_min
0.5509161676824568,2400,1.0,5.0,2.5,3.333333333333333,1.0,4.0,120,2,2400,4,4.0,600,min,s2_uniform,0.4484494514716837,0.08333333333333333,0.25,0.16666666666666666,4,0.4334628879366232,sensitivity,uniform,MK14_min
0.59930176876203,3600,1.0,5.0,2.5,4.166666666666667,1.0,6.0,120,2,3600,6,6.0,600,min,s2_uniform,0.4775255808568462,0.08333333333333333,0.25,0.20833333333333334,6,0.4334628879366232,sensitivity,uniform,MK14_min
0.6780457170273871,4800,1.0,5.0,3.333333333333333,4.166666666666667,1.0,8.0,120,2,4800,8,8.0,600,min,s2_uniform,0.5332072271795681,0.08333333333333333,0.3333333333333333,0.20833333333333334,8,0.4334628879366232,sensitivity,uniform,MK14_min
0.5538730480500644,600,1.0,5.0,2.0833333333333335,3.333333333333333,1.0,1.0,120,2,600,1,1.0,600,min,s3_top10,0.4334628879366232,0.08333333333333333,0.20833333333333334,0.16666666666666666,1,0.4334628879366232,sensitivity,primary_all|top_up,MK14_min
0.5538730480500644,1200,1.0,5.0,2.0833333333333335,3.333333333333333,1.0,1.6666666666666667,120,2,1200,11,2.0,600,min,s3_top10,0.4334628879366232,0.08333333333333333,0.20833333333333334,0.16666666666666666,11,0.4334628879366232,sensitivity,primary_all|top_up,MK14_min
0.5538730480500644,2400,1.0,5.0,2.0833333333333335,3.333333333333333,1.0,1.9333333333333333,120,2,1440,15,2.4,600,min,s3_top10,0.4334628879366232,0.08333333333333333,0.20833333333333334,0.16666666666666666,15,0.4334628879366232,sensitivity,primary_all|top_up,MK14_min
0.5538730480500644,3600,1.0,5.0,2.0833333333333335,3.333333333333333,1.0,1.9333333333333333,120,2,1440,15,2.4,600,min,s3_top10,0.4334628879366232,0.08333333333333333,0.20833333333333334,0.16666666666666666,15,0.4334628879366232,sensitivity,primary_all|top_up,MK14_min
0.5538730480500644,4800,1.0,5.0,2.0833333333333335,3.333333333333333,1.0,1.9333333333333333,120,2,1440,15,2.4,600,min,s3_top10,0.4334628879366232,0.08333333333333333,0.20833333333333334,0.16666666666666666,15,0.4334628879366232,sensitivity,primary_all|top_up,MK14_min
0.5538730480500644,600,1.0,5.0,2.0833333333333335,3.333333333333333,1.0,1.0,120,2,600,1,1.0,600,min,s3_top25,0.4334628879366232,0.08333333333333333,0.20833333333333334,0.16666666666666666,1,0.4334628879366232,sensitivity,primary_all|top_up,MK14_min
0.5618678087681209,1200,1.0,5.0,2.5,3.333333333333333,1.0,2.0,120,2,1200,5,2.0,600,min,s3_top25,0.4387740040236014,0.08333333333333333,0.25,0.16666666666666666,5,0.4334628879366232,sensitivity,primary_all|top_up,MK14_min
0.6112303358696765,2400,1.0,5.0,2.9166666666666665,4.166666666666667,1.0,4.0,120,2,2400,13,4.0,600,min,s3_top25,0.4622272868518842,0.08333333333333333,0.2916666666666667,0.20833333333333334,13,0.4334628879366232,sensitivity,primary_all|top_up,MK14_min
0.6143299545165303,3600,1.0,5.0,2.9166666666666665,4.166666666666667,1.0,4.5,120,2,2700,15,4.5,600,min,s3_top25,0.4642477894973869,0.08333333333333333,0.2916666666666667,0.20833333333333334,15,0.4334628879366232,sensitivity,primary_all|top_up,MK14_min
0.6143299545165303,4800,1.0,5.0,2.9166666666666665,4.166666666666667,1.0,4.5,120,2,2700,15,4.5,600,min,s3_top25,0.4642477894973869,0.08333333333333333,0.2916666666666667,0.20833333333333334,15,0.4334628879366232,sensitivity,primary_all|top_up,MK14_min
0.5538730480500644,600,1.0,5.0,2.0833333333333335,3.333333333333333,1.0,1.0,120,2,600,1,1.0,600,min,s3_top50,0.4334628879366232,0.08333333333333333,0.20833333333333334,0.16666666666666666,1,0.4334628879366232,sensitivity,primary_all|top_up,MK14_min
0.534022951156649,1200,1.0,5.0,2.0833333333333335,3.333333333333333,1.0,2.0,120,2,1200,3,2.0,600,min,s3_top50,0.4349140887431744,0.08333333333333333,0.20833333333333334,0.16666666666666666,3,0.4334628879366232,sensitivity,primary_all|top_up,MK14_min
0.641929871783873,2400,1.0,5.0,2.9166666666666665,4.166666666666667,1.0,4.0,120,2,2400,7,4.0,600,min,s3_top50,0.491300207442793,0.08333333333333333,0.2916666666666667,0.20833333333333334,7,0.4334628879366232,sensitivity,primary_all|top_up,MK14_min
0.6706820153972844,3600,1.0,5.0,3.333333333333333,4.166666666666667,1.0,6.0,120,2,3600,11,6.0,600,min,s3_top50,0.5058564844990702,0.08333333333333333,0.3333333333333333,0.20833333333333334,11,0.4334628879366232,sensitivity,primary_all|top_up,MK14_min
0.6707245689093904,4800,1.0,5.0,3.333333333333333,4.166666666666667,1.0,8.0,120,2,4800,15,8.0,600,min,s3_top50,0.50288461862621,0.08333333333333333,0.3333333333333333,0.20833333333333334,15,0.4334628879366232,sensitivity,primary_all|top_up,MK14_min
0.5934542245922114,600,0.7233333333333334,5.0,2.5,3.333333333333333,0.7333333333333333,1.2727272727272727,120,2,600,3,1.3824884792626728,434,min,s4_scaffold25,0.4998553455234421,0.08333333333333333,0.25,0.16666666666666666,3,0.4334628879366232,sensitivity,scaffold_representatives|expand_top_groups,MK14_min
0.5751150707073908,1200,0.7233333333333334,5.0,2.5,3.333333333333333,0.7333333333333333,2.5681818181818183,120,2,1200,8,2.7649769585253456,434,min,s4_scaffold25,0.4626814281777826,0.08333333333333333,0.25,0.16666666666666666,8,0.4334628879366232,sensitivity,scaffold_representatives|expand_top_groups,MK14_min
0.5774108664598925,2400,0.7233333333333334,5.0,2.5,3.333333333333333,0.7333333333333333,4.590909090909091,120,2,2150,15,4.953917050691245,434,min,s4_scaffold25,0.462177969459147,0.08333333333333333,0.25,0.16666666666666666,15,0.4334628879366232,sensitivity,scaffold_representatives|expand_top_groups,MK14_min
0.5774108664598925,3600,0.7233333333333334,5.0,2.5,3.333333333333333,0.7333333333333333,4.590909090909091,120,2,2150,15,4.953917050691245,434,min,s4_scaffold25,0.462177969459147,0.08333333333333333,0.25,0.16666666666666666,15,0.4334628879366232,sensitivity,scaffold_representatives|expand_top_groups,MK14_min
0.5774108664598925,4800,0.7233333333333334,5.0,2.5,3.333333333333333,0.7333333333333333,4.590909090909091,120,2,2150,15,4.953917050691245,434,min,s4_scaffold25,0.462177969459147,0.08333333333333333,0.25,0.16666666666666666,15,0.4334628879366232,sensitivity,scaffold_representatives|expand_top_groups,MK14_min
0.5968704869521444,600,0.7366666666666667,5.0,2.5,3.333333333333333,0.75,1.3666666666666667,120,2,600,2,1.3574660633484164,442,min,s4_scaffold50,0.5012767030313517,0.08333333333333333,0.25,0.16666666666666666,2,0.4334628879366232,sensitivity,scaffold_representatives|expand_top_groups,MK14_min
0.5902458506741339,1200,0.7533333333333333,5.0,2.5,3.333333333333333,0.7583333333333333,2.681318681318681,120,2,1200,5,2.6548672566371683,452,min,s4_scaffold50,0.4764251121878864,0.08333333333333333,0.25,0.16666666666666666,5,0.4334628879366232,sensitivity,scaffold_representatives|expand_top_groups,MK14_min
0.6642505106673998,2400,0.7533333333333333,5.0,3.333333333333333,4.166666666666667,0.7583333333333333,5.5054945054945055,120,2,2400,10,5.3097345132743365,452,min,s4_scaffold50,0.5118751396068375,0.08333333333333333,0.3333333333333333,0.20833333333333334,10,0.4334628879366232,sensitivity,scaffold_representatives|expand_top_groups,MK14_min
0.6642392709002869,3600,0.7533333333333333,5.0,3.333333333333333,4.166666666666667,0.7583333333333333,8.32967032967033,120,2,3600,15,7.964601769911504,452,min,s4_scaffold50,0.5115796313326059,0.08333333333333333,0.3333333333333333,0.20833333333333334,15,0.4334628879366232,sensitivity,scaffold_representatives|expand_top_groups,MK14_min
0.6607880176667617,4800,0.7533333333333333,5.0,3.333333333333333,4.166666666666667,0.7583333333333333,8.901098901098901,120,2,3844,15,8.504424778761061,452,min,s4_scaffold50,0.5044446320094059,0.08333333333333333,0.3333333333333333,0.20833333333333334,15,0.4334628879366232,sensitivity,scaffold_representatives|expand_top_groups,MK14_min
0.6730672135430089,600,1.0,5.0,3.333333333333333,4.166666666666667,1.0,1.0,120,2,600,1,1.0,600,min,s5_score_oracle,0.5176017162073845,0.08333333333333333,0.3333333333333333,0.20833333333333334,15,0.4334628879366232,sensitivity,score_oracle,MK14_min
0.6730672135430089,1200,1.0,5.0,3.333333333333333,4.166666666666667,1.0,2.0,120,2,1200,2,2.0,600,min,s5_score_oracle,0.5176017162073845,0.08333333333333333,0.3333333333333333,0.20833333333333334,15,0.4334628879366232,sensitivity,score_oracle,MK14_min
0.6730672135430089,2400,1.0,5.0,3.333333333333333,4.166666666666667,1.0,4.0,120,2,2400,4,4.0,600,min,s5_score_oracle,0.5176017162073845,0.08333333333333333,0.3333333333333333,0.20833333333333334,15,0.4334628879366232,sensitivity,score_oracle,MK14_min
0.6730672135430089,3600,1.0,5.0,3.333333333333333,4.166666666666667,1.0,6.0,120,2,3600,6,6.0,600,min,s5_score_oracle,0.5176017162073845,0.08333333333333333,0.3333333333333333,0.20833333333333334,15,0.4334628879366232,sensitivity,score_oracle,MK14_min
0.6730672135430089,4800,1.0,5.0,3.333333333333333,4.166666666666667,1.0,8.0,120,2,4800,8,8.0,600,min,s5_score_oracle,0.5176017162073845,0.08333333333333333,0.3333333333333333,0.20833333333333334,15,0.4334628879366232,sensitivity,score_oracle,MK14_min
0.6927624029259395,600,1.0,5.0,3.333333333333333,3.333333333333333,1.0,1.0,120,3,600,1,1.0,600,mean,s1_width,0.5802464875882163,0.08333333333333333,0.3333333333333333,0.16666666666666666,1,0.5802464875882163,sensitivity,width,MK14_min
0.6927624029259395,1200,1.0,5.0,3.333333333333333,3.333333333333333,1.0,1.0,120,3,600,1,1.0,600,mean,s1_width,0.5802464875882163,0.08333333333333333,0.3333333333333333,0.16666666666666666,1,0.5802464875882163,sensitivity,width,MK14_min
0.6927624029259395,2400,1.0,5.0,3.333333333333333,3.333333333333333,1.0,1.0,120,3,600,1,1.0,600,mean,s1_width,0.5802464875882163,0.08333333333333333,0.3333333333333333,0.16666666666666666,1,0.5802464875882163,sensitivity,width,MK14_min
0.6927624029259395,3600,1.0,5.0,3.333333333333333,3.333333333333333,1.0,1.0,120,3,600,1,1.0,600,mean,s1_width,0.5802464875882163,0.08333333333333333,0.3333333333333333,0.16666666666666666,1,0.5802464875882163,sensitivity,width,MK14_min
0.6927624029259395,4800,1.0,5.0,3.333333333333333,3.333333333333333,1.0,1.0,120,3,600,1,1.0,600,mean,s1_width,0.5802464875882163,0.08333333333333333,0.3333333333333333,0.16666666666666666,1,0.5802464875882163,sensitivity,width,MK14_min
0.6927624029259395,600,1.0,5.0,3.333333333333333,3.333333333333333,1.0,1.0,120,3,600,1,1.0,600,mean,s2_uniform,0.5802464875882163,0.08333333333333333,0.3333333333333333,0.16666666666666666,1,0.5802464875882163,sensitivity,uniform,MK14_min
0.8530882872061915,1200,1.0,5.0,4.166666666666667,5.0,1.0,2.0,120,3,1200,2,2.0,600,mean,s2_uniform,0.6875871092985054,0.08333333333333333,0.4166666666666667,0.25,2,0.5802464875882163,sensitivity,uniform,MK14_min
0.708606091885709,2400,1.0,5.0,2.9166666666666665,4.166666666666667,1.0,4.0,120,3,2400,4,4.0,600,mean,s2_uniform,0.5949491368239177,0.08333333333333333,0.2916666666666667,0.20833333333333334,4,0.5802464875882163,sensitivity,uniform,MK14_min
0.7395777781464291,3600,1.0,5.0,3.75,4.166666666666667,1.0,6.0,120,3,3600,6,6.0,600,mean,s2_uniform,0.635603256477386,0.08333333333333333,0.375,0.20833333333333334,6,0.5802464875882163,sensitivity,uniform,MK14_min
0.7832309910312215,4800,1.0,5.0,3.75,4.166666666666667,1.0,8.0,120,3,4800,8,8.0,600,mean,s2_uniform,0.6748907433122957,0.08333333333333333,0.375,0.20833333333333334,8,0.5802464875882163,sensitivity,uniform,MK14_min
0.6927624029259395,600,1.0,5.0,3.333333333333333,3.333333333333333,1.0,1.0,120,3,600,1,1.0,600,mean,s3_top10,0.5802464875882163,0.08333333333333333,0.3333333333333333,0.16666666666666666,1,0.5802464875882163,sensitivity,primary_all|top_up,MK14_min
0.5005024708304806,1200,1.0,2.5,2.0833333333333335,2.5,1.0,2.0,120,3,1200,11,2.0,600,mean,s3_top10,0.46231929789811027,0.041666666666666664,0.20833333333333334,0.125,11,0.5802464875882163,sensitivity,primary_all|top_up,MK14_min
0.47215184355800094,2400,1.0,2.5,1.6666666666666665,2.5,1.0,2.4,120,3,1440,15,2.4,600,mean,s3_top10,0.43406276415741335,0.041666666666666664,0.16666666666666666,0.125,15,0.5802464875882163,sensitivity,primary_all|top_up,MK14_min
0.47215184355800094,3600,1.0,2.5,1.6666666666666665,2.5,1.0,2.4,120,3,1440,15,2.4,600,mean,s3_top10,0.43406276415741335,0.041666666666666664,0.16666666666666666,0.125,15,0.5802464875882163,sensitivity,primary_all|top_up,MK14_min
0.47215184355800094,4800,1.0,2.5,1.6666666666666665,2.5,1.0,2.4,120,3,1440,15,2.4,600,mean,s3_top10,0.43406276415741335,0.041666666666666664,0.16666666666666666,0.125,15,0.5802464875882163,sensitivity,primary_all|top_up,MK14_min
0.6927624029259395,600,1.0,5.0,3.333333333333333,3.333333333333333,1.0,1.0,120,3,600,1,1.0,600,mean,s3_top25,0.5802464875882163,0.08333333333333333,0.3333333333333333,0.16666666666666666,1,0.5802464875882163,sensitivity,primary_all|top_up,MK14_min
0.7360849725110694,1200,1.0,5.0,2.9166666666666665,4.166666666666667,1.0,1.9333333333333333,120,3,1200,5,2.0,600,mean,s3_top25,0.5914755382218299,0.08333333333333333,0.2916666666666667,0.20833333333333334,5,0.5802464875882163,sensitivity,primary_all|top_up,MK14_min
0.4757806870995047,2400,1.0,2.5,2.5,1.6666666666666665,1.0,3.8,120,3,2400,13,4.0,600,mean,s3_top25,0.4508403502686711,0.041666666666666664,0.25,0.08333333333333333,13,0.5802464875882163,sensitivity,primary_all|top_up,MK14_min
0.4950489429020546,3600,1.0,2.5,2.0833333333333335,2.5,1.0,4.266666666666667,120,3,2700,15,4.5,600,mean,s3_top25,0.4468876216525888,0.041666666666666664,0.20833333333333334,0.125,15,0.5802464875882163,sensitivity,primary_all|top_up,MK14_min
0.4950489429020546,4800,1.0,2.5,2.0833333333333335,2.5,1.0,4.266666666666667,120,3,2700,15,4.5,600,mean,s3_top25,0.4468876216525888,0.041666666666666664,0.20833333333333334,0.125,15,0.5802464875882163,sensitivity,primary_all|top_up,MK14_min
0.6927624029259395,600,1.0,5.0,3.333333333333333,3.333333333333333,1.0,1.0,120,3,600,1,1.0,600,mean,s3_top50,0.5802464875882163,0.08333333333333333,0.3333333333333333,0.16666666666666666,1,0.5802464875882163,sensitivity,primary_all|top_up,MK14_min
0.7345124407816936,1200,1.0,5.0,3.75,4.166666666666667,1.0,2.05,120,3,1200,3,2.0,600,mean,s3_top50,0.5906702429286387,0.08333333333333333,0.375,0.20833333333333334,3,0.5802464875882163,sensitivity,primary_all|top_up,MK14_min
0.780223062982479,2400,1.0,5.0,3.75,4.166666666666667,1.0,4.15,120,3,2400,7,4.0,600,mean,s3_top50,0.6618264889104525,0.08333333333333333,0.375,0.20833333333333334,7,0.5802464875882163,sensitivity,primary_all|top_up,MK14_min
0.7399668033505385,3600,1.0,2.5,3.75,4.166666666666667,1.0,6.25,120,3,3600,11,6.0,600,mean,s3_top50,0.6175224544965242,0.041666666666666664,0.375,0.20833333333333334,11,0.5802464875882163,sensitivity,primary_all|top_up,MK14_min
0.6403515193872585,4800,1.0,2.5,2.9166666666666665,3.333333333333333,1.0,8.35,120,3,4800,15,8.0,600,mean,s3_top50,0.5604478396085801,0.041666666666666664,0.2916666666666667,0.16666666666666666,15,0.5802464875882163,sensitivity,primary_all|top_up,MK14_min
0.7605427630636429,600,0.7233333333333334,5.0,3.75,4.166666666666667,0.7166666666666667,1.3953488372093024,120,3,600,3,1.3824884792626728,434,mean,s4_scaffold25,0.656707910349449,0.08333333333333333,0.375,0.20833333333333334,3,0.5802464875882163,sensitivity,scaffold_representatives|expand_top_groups,MK14_min
0.6809331441349908,1200,0.7233333333333334,5.0,3.333333333333333,3.333333333333333,0.7166666666666667,2.7209302325581395,120,3,1200,8,2.7649769585253456,434,mean,s4_scaffold25,0.5962634667590963,0.08333333333333333,0.3333333333333333,0.16666666666666666,8,0.5802464875882163,sensitivity,scaffold_representatives|expand_top_groups,MK14_min
0.458896298191441,2400,0.7233333333333334,2.5,2.5,2.5,0.7166666666666667,4.872093023255814,120,3,2150,15,4.953917050691245,434,mean,s4_scaffold25,0.45881214284682326,0.041666666666666664,0.25,0.125,15,0.5802464875882163,sensitivity,scaffold_representatives|expand_top_groups,MK14_min
0.458896298191441,3600,0.7233333333333334,2.5,2.5,2.5,0.7166666666666667,4.872093023255814,120,3,2150,15,4.953917050691245,434,mean,s4_scaffold25,0.45881214284682326,0.041666666666666664,0.25,0.125,15,0.5802464875882163,sensitivity,scaffold_representatives|expand_top_groups,MK14_min
0.458896298191441,4800,0.7233333333333334,2.5,2.5,2.5,0.7166666666666667,4.872093023255814,120,3,2150,15,4.953917050691245,434,mean,s4_scaffold25,0.45881214284682326,0.041666666666666664,0.25,0.125,15,0.5802464875882163,sensitivity,scaffold_representatives|expand_top_groups,MK14_min
0.8569039985051722,600,0.7366666666666667,5.0,3.75,5.0,0.725,1.3563218390804597,120,3,600,2,1.3574660633484164,442,mean,s4_scaffold50,0.6969472973436415,0.08333333333333333,0.375,0.25,2,0.5802464875882163,sensitivity,scaffold_representatives|expand_top_groups,MK14_min
0.7233427428710333,1200,0.7533333333333333,5.0,3.333333333333333,4.166666666666667,0.7666666666666667,2.782608695652174,120,3,1200,5,2.6548672566371683,452,mean,s4_scaffold50,0.6034728106584847,0.08333333333333333,0.3333333333333333,0.20833333333333334,5,0.5802464875882163,sensitivity,scaffold_representatives|expand_top_groups,MK14_min
0.7863526442083878,2400,0.7533333333333333,5.0,4.166666666666667,4.166666666666667,0.7666666666666667,5.641304347826087,120,3,2400,10,5.3097345132743365,452,mean,s4_scaffold50,0.6427540420846857,0.08333333333333333,0.4166666666666667,0.20833333333333334,10,0.5802464875882163,sensitivity,scaffold_representatives|expand_top_groups,MK14_min
0.6597561951958004,3600,0.7533333333333333,5.0,2.9166666666666665,3.333333333333333,0.7666666666666667,8.532608695652174,120,3,3600,15,7.964601769911504,452,mean,s4_scaffold50,0.5555930031978108,0.08333333333333333,0.2916666666666667,0.16666666666666666,15,0.5802464875882163,sensitivity,scaffold_representatives|expand_top_groups,MK14_min
0.6236384919724491,4800,0.7533333333333333,2.5,2.9166666666666665,3.333333333333333,0.7666666666666667,9.119565217391305,120,3,3844,15,8.504424778761061,452,mean,s4_scaffold50,0.5314962736143244,0.041666666666666664,0.2916666666666667,0.16666666666666666,15,0.5802464875882163,sensitivity,scaffold_representatives|expand_top_groups,MK14_min
0.7800965423555679,600,1.0,5.0,3.75,4.166666666666667,1.0,1.0,120,3,600,1,1.0,600,mean,s5_score_oracle,0.6577115682623113,0.08333333333333333,0.375,0.20833333333333334,15,0.5802464875882163,sensitivity,score_oracle,MK14_min
0.7920627217954982,1200,1.0,5.0,3.75,4.166666666666667,1.0,2.0,120,3,1200,2,2.0,600,mean,s5_score_oracle,0.6643044312446635,0.08333333333333333,0.375,0.20833333333333334,15,0.5802464875882163,sensitivity,score_oracle,MK14_min
0.7143728917928023,2400,1.0,2.5,3.75,4.166666666666667,1.0,4.0,120,3,2400,4,4.0,600,mean,s5_score_oracle,0.6181253787702924,0.041666666666666664,0.375,0.20833333333333334,15,0.5802464875882163,sensitivity,score_oracle,MK14_min
0.6580233043887456,3600,1.0,2.5,3.333333333333333,3.333333333333333,1.0,6.0,120,3,3600,6,6.0,600,mean,s5_score_oracle,0.5877494069989603,0.041666666666666664,0.3333333333333333,0.16666666666666666,15,0.5802464875882163,sensitivity,score_oracle,MK14_min
0.6468508933706538,4800,1.0,2.5,3.333333333333333,3.333333333333333,1.0,8.0,120,3,4800,8,8.0,600,mean,s5_score_oracle,0.584372734346886,0.041666666666666664,0.3333333333333333,0.16666666666666666,15,0.5802464875882163,sensitivity,score_oracle,MK14_min
0.6927624029259395,600,1.0,5.0,3.333333333333333,3.333333333333333,1.0,1.0,120,3,600,1,1.0,600,min,s1_width,0.5802464875882163,0.08333333333333333,0.3333333333333333,0.16666666666666666,1,0.5802464875882163,sensitivity,width,MK14_min
0.6927624029259395,1200,1.0,5.0,3.333333333333333,3.333333333333333,1.0,1.0,120,3,600,1,1.0,600,min,s1_width,0.5802464875882163,0.08333333333333333,0.3333333333333333,0.16666666666666666,1,0.5802464875882163,sensitivity,width,MK14_min
0.6927624029259395,2400,1.0,5.0,3.333333333333333,3.333333333333333,1.0,1.0,120,3,600,1,1.0,600,min,s1_width,0.5802464875882163,0.08333333333333333,0.3333333333333333,0.16666666666666666,1,0.5802464875882163,sensitivity,width,MK14_min
0.6927624029259395,3600,1.0,5.0,3.333333333333333,3.333333333333333,1.0,1.0,120,3,600,1,1.0,600,min,s1_width,0.5802464875882163,0.08333333333333333,0.3333333333333333,0.16666666666666666,1,0.5802464875882163,sensitivity,width,MK14_min
0.6927624029259395,4800,1.0,5.0,3.333333333333333,3.333333333333333,1.0,1.0,120,3,600,1,1.0,600,min,s1_width,0.5802464875882163,0.08333333333333333,0.3333333333333333,0.16666666666666666,1,0.5802464875882163,sensitivity,width,MK14_min
0.6927624029259395,600,1.0,5.0,3.333333333333333,3.333333333333333,1.0,1.0,120,3,600,1,1.0,600,min,s2_uniform,0.5802464875882163,0.08333333333333333,0.3333333333333333,0.16666666666666666,1,0.5802464875882163,sensitivity,uniform,MK14_min
0.6927743191913244,1200,1.0,5.0,3.333333333333333,3.333333333333333,1.0,2.0,120,3,1200,2,2.0,600,min,s2_uniform,0.5823311469637605,0.08333333333333333,0.3333333333333333,0.16666666666666666,2,0.5802464875882163,sensitivity,uniform,MK14_min
0.7434430145832871,2400,1.0,5.0,3.333333333333333,4.166666666666667,1.0,4.0,120,3,2400,4,4.0,600,min,s2_uniform,0.6131970841902048,0.08333333333333333,0.3333333333333333,0.20833333333333334,4,0.5802464875882163,sensitivity,uniform,MK14_min
0.7975415057967189,3600,1.0,5.0,3.75,4.166666666666667,1.0,6.0,120,3,3600,6,6.0,600,min,s2_uniform,0.6835322117542652,0.08333333333333333,0.375,0.20833333333333334,6,0.5802464875882163,sensitivity,uniform,MK14_min
0.7997023138268409,4800,1.0,5.0,3.75,4.166666666666667,1.0,8.0,120,3,4800,8,8.0,600,min,s2_uniform,0.6914030502012712,0.08333333333333333,0.375,0.20833333333333334,8,0.5802464875882163,sensitivity,uniform,MK14_min
0.6927624029259395,600,1.0,5.0,3.333333333333333,3.333333333333333,1.0,1.0,120,3,600,1,1.0,600,min,s3_top10,0.5802464875882163,0.08333333333333333,0.3333333333333333,0.16666666666666666,1,0.5802464875882163,sensitivity,primary_all|top_up,MK14_min
0.7375593233473726,1200,1.0,5.0,3.333333333333333,4.166666666666667,1.0,2.0,120,3,1200,11,2.0,600,min,s3_top10,0.6025679161596449,0.08333333333333333,0.3333333333333333,0.20833333333333334,11,0.5802464875882163,sensitivity,primary_all|top_up,MK14_min
0.7375593233473726,2400,1.0,5.0,3.333333333333333,4.166666666666667,1.0,2.4,120,3,1440,15,2.4,600,min,s3_top10,0.6025679161596449,0.08333333333333333,0.3333333333333333,0.20833333333333334,15,0.5802464875882163,sensitivity,primary_all|top_up,MK14_min
0.7375593233473726,3600,1.0,5.0,3.333333333333333,4.166666666666667,1.0,2.4,120,3,1440,15,2.4,600,min,s3_top10,0.6025679161596449,0.08333333333333333,0.3333333333333333,0.20833333333333334,15,0.5802464875882163,sensitivity,primary_all|top_up,MK14_min
0.7375593233473726,4800,1.0,5.0,3.333333333333333,4.166666666666667,1.0,2.4,120,3,1440,15,2.4,600,min,s3_top10,0.6025679161596449,0.08333333333333333,0.3333333333333333,0.20833333333333334,15,0.5802464875882163,sensitivity,primary_all|top_up,MK14_min
0.6927624029259395,600,1.0,5.0,3.333333333333333,3.333333333333333,1.0,1.0,120,3,600,1,1.0,600,min,s3_top25,0.5802464875882163,0.08333333333333333,0.3333333333333333,0.16666666666666666,1,0.5802464875882163,sensitivity,primary_all|top_up,MK14_min
0.7422460953156388,1200,1.0,5.0,3.333333333333333,4.166666666666667,1.0,1.9333333333333333,120,3,1200,5,2.0,600,min,s3_top25,0.6057640166803068,0.08333333333333333,0.3333333333333333,0.20833333333333334,5,0.5802464875882163,sensitivity,primary_all|top_up,MK14_min
0.777426902628439,2400,1.0,5.0,3.75,4.166666666666667,1.0,3.8,120,3,2400,13,4.0,600,min,s3_top25,0.629661104380284,0.08333333333333333,0.375,0.20833333333333334,13,0.5802464875882163,sensitivity,primary_all|top_up,MK14_min
0.7706036031095612,3600,1.0,5.0,3.75,4.166666666666667,1.0,4.266666666666667,120,3,2700,15,4.5,600,min,s3_top25,0.6234335186490219,0.08333333333333333,0.375,0.20833333333333334,15,0.5802464875882163,sensitivity,primary_all|top_up,MK14_min
0.7706036031095612,4800,1.0,5.0,3.75,4.166666666666667,1.0,4.266666666666667,120,3,2700,15,4.5,600,min,s3_top25,0.6234335186490219,0.08333333333333333,0.375,0.20833333333333334,15,0.5802464875882163,sensitivity,primary_all|top_up,MK14_min
0.6927624029259395,600,1.0,5.0,3.333333333333333,3.333333333333333,1.0,1.0,120,3,600,1,1.0,600,min,s3_top50,0.5802464875882163,0.08333333333333333,0.3333333333333333,0.16666666666666666,1,0.5802464875882163,sensitivity,primary_all|top_up,MK14_min
0.7295186053675483,1200,1.0,5.0,3.333333333333333,4.166666666666667,1.0,2.05,120,3,1200,3,2.0,600,min,s3_top50,0.5880327717062047,0.08333333333333333,0.3333333333333333,0.20833333333333334,3,0.5802464875882163,sensitivity,primary_all|top_up,MK14_min
0.7923328514207083,2400,1.0,5.0,3.75,4.166666666666667,1.0,4.15,120,3,2400,7,4.0,600,min,s3_top50,0.6575290109961179,0.08333333333333333,0.375,0.20833333333333334,7,0.5802464875882163,sensitivity,primary_all|top_up,MK14_min
0.7933044907479267,3600,1.0,5.0,3.75,4.166666666666667,1.0,6.25,120,3,3600,11,6.0,600,min,s3_top50,0.6615035662386842,0.08333333333333333,0.375,0.20833333333333334,11,0.5802464875882163,sensitivity,primary_all|top_up,MK14_min
0.7809658748338342,4800,1.0,5.0,3.75,4.166666666666667,1.0,8.35,120,3,4800,15,8.0,600,min,s3_top50,0.6444461400466509,0.08333333333333333,0.375,0.20833333333333334,15,0.5802464875882163,sensitivity,primary_all|top_up,MK14_min
0.7604829016277825,600,0.7233333333333334,5.0,3.75,4.166666666666667,0.7166666666666667,1.3953488372093024,120,3,600,3,1.3824884792626728,434,min,s4_scaffold25,0.6364478738063929,0.08333333333333333,0.375,0.20833333333333334,3,0.5802464875882163,sensitivity,scaffold_representatives|expand_top_groups,MK14_min
0.7591812759211827,1200,0.7233333333333334,5.0,3.333333333333333,4.166666666666667,0.7166666666666667,2.7209302325581395,120,3,1200,8,2.7649769585253456,434,min,s4_scaffold25,0.6335900872051066,0.08333333333333333,0.3333333333333333,0.20833333333333334,8,0.5802464875882163,sensitivity,scaffold_representatives|expand_top_groups,MK14_min
0.7591812759211827,2400,0.7233333333333334,5.0,3.333333333333333,4.166666666666667,0.7166666666666667,4.872093023255814,120,3,2150,15,4.953917050691245,434,min,s4_scaffold25,0.6335900872051066,0.08333333333333333,0.3333333333333333,0.20833333333333334,15,0.5802464875882163,sensitivity,scaffold_representatives|expand_top_groups,MK14_min
0.7591812759211827,3600,0.7233333333333334,5.0,3.333333333333333,4.166666666666667,0.7166666666666667,4.872093023255814,120,3,2150,15,4.953917050691245,434,min,s4_scaffold25,0.6335900872051066,0.08333333333333333,0.3333333333333333,0.20833333333333334,15,0.5802464875882163,sensitivity,scaffold_representatives|expand_top_groups,MK14_min
0.7591812759211827,4800,0.7233333333333334,5.0,3.333333333333333,4.166666666666667,0.7166666666666667,4.872093023255814,120,3,2150,15,4.953917050691245,434,min,s4_scaffold25,0.6335900872051066,0.08333333333333333,0.3333333333333333,0.20833333333333334,15,0.5802464875882163,sensitivity,scaffold_representatives|expand_top_groups,MK14_min
0.7257694373081612,600,0.7366666666666667,5.0,3.75,3.333333333333333,0.725,1.3563218390804597,120,3,600,2,1.3574660633484164,442,min,s4_scaffold50,0.6259751457370188,0.08333333333333333,0.375,0.16666666666666666,2,0.5802464875882163,sensitivity,scaffold_representatives|expand_top_groups,MK14_min
0.776164337828309,1200,0.7533333333333333,5.0,3.75,4.166666666666667,0.7666666666666667,2.782608695652174,120,3,1200,5,2.6548672566371683,452,min,s4_scaffold50,0.6406777882935059,0.08333333333333333,0.375,0.20833333333333334,5,0.5802464875882163,sensitivity,scaffold_representatives|expand_top_groups,MK14_min
0.8132870393088805,2400,0.7533333333333333,5.0,4.166666666666667,4.166666666666667,0.7666666666666667,5.641304347826087,120,3,2400,10,5.3097345132743365,452,min,s4_scaffold50,0.6748768681864711,0.08333333333333333,0.4166666666666667,0.20833333333333334,10,0.5802464875882163,sensitivity,scaffold_representatives|expand_top_groups,MK14_min
0.7943874176488934,3600,0.7533333333333333,5.0,4.166666666666667,4.166666666666667,0.7666666666666667,8.532608695652174,120,3,3600,15,7.964601769911504,452,min,s4_scaffold50,0.6514617216317076,0.08333333333333333,0.4166666666666667,0.20833333333333334,15,0.5802464875882163,sensitivity,scaffold_representatives|expand_top_groups,MK14_min
0.7938465460215738,4800,0.7533333333333333,5.0,4.166666666666667,4.166666666666667,0.7666666666666667,9.119565217391305,120,3,3844,15,8.504424778761061,452,min,s4_scaffold50,0.6497208275835816,0.08333333333333333,0.4166666666666667,0.20833333333333334,15,0.5802464875882163,sensitivity,scaffold_representatives|expand_top_groups,MK14_min
0.7800965423555679,600,1.0,5.0,3.75,4.166666666666667,1.0,1.0,120,3,600,1,1.0,600,min,s5_score_oracle,0.6577115682623113,0.08333333333333333,0.375,0.20833333333333334,15,0.5802464875882163,sensitivity,score_oracle,MK14_min
0.7800965423555679,1200,1.0,5.0,3.75,4.166666666666667,1.0,2.0,120,3,1200,2,2.0,600,min,s5_score_oracle,0.6577115682623113,0.08333333333333333,0.375,0.20833333333333334,15,0.5802464875882163,sensitivity,score_oracle,MK14_min
0.7800965423555679,2400,1.0,5.0,3.75,4.166666666666667,1.0,4.0,120,3,2400,4,4.0,600,min,s5_score_oracle,0.6577115682623113,0.08333333333333333,0.375,0.20833333333333334,15,0.5802464875882163,sensitivity,score_oracle,MK14_min
0.7800965423555679,3600,1.0,5.0,3.75,4.166666666666667,1.0,6.0,120,3,3600,6,6.0,600,min,s5_score_oracle,0.6577115682623113,0.08333333333333333,0.375,0.20833333333333334,15,0.5802464875882163,sensitivity,score_oracle,MK14_min
0.7800965423555679,4800,1.0,5.0,3.75,4.166666666666667,1.0,8.0,120,3,4800,8,8.0,600,min,s5_score_oracle,0.6577115682623113,0.08333333333333333,0.375,0.20833333333333334,15,0.5802464875882163,sensitivity,score_oracle,MK14_min
0.6695697316578572,600,1.0,5.0,2.5,4.166666666666667,1.0,1.0,120,4,600,1,1.0,600,mean,s1_width,0.5556061250344119,0.08333333333333333,0.25,0.20833333333333334,1,0.5556061250344119,sensitivity,width,MK14_min
0.6695697316578572,1200,1.0,5.0,2.5,4.166666666666667,1.0,1.0,120,4,600,1,1.0,600,mean,s1_width,0.5556061250344119,0.08333333333333333,0.25,0.20833333333333334,1,0.5556061250344119,sensitivity,width,MK14_min
0.6695697316578572,2400,1.0,5.0,2.5,4.166666666666667,1.0,1.0,120,4,600,1,1.0,600,mean,s1_width,0.5556061250344119,0.08333333333333333,0.25,0.20833333333333334,1,0.5556061250344119,sensitivity,width,MK14_min
0.6695697316578572,3600,1.0,5.0,2.5,4.166666666666667,1.0,1.0,120,4,600,1,1.0,600,mean,s1_width,0.5556061250344119,0.08333333333333333,0.25,0.20833333333333334,1,0.5556061250344119,sensitivity,width,MK14_min
0.6695697316578572,4800,1.0,5.0,2.5,4.166666666666667,1.0,1.0,120,4,600,1,1.0,600,mean,s1_width,0.5556061250344119,0.08333333333333333,0.25,0.20833333333333334,1,0.5556061250344119,sensitivity,width,MK14_min
0.6695697316578572,600,1.0,5.0,2.5,4.166666666666667,1.0,1.0,120,4,600,1,1.0,600,mean,s2_uniform,0.5556061250344119,0.08333333333333333,0.25,0.20833333333333334,1,0.5556061250344119,sensitivity,uniform,MK14_min
0.6615434176349685,1200,1.0,5.0,2.5,3.333333333333333,1.0,2.0,120,4,1200,2,2.0,600,mean,s2_uniform,0.5920663660456618,0.08333333333333333,0.25,0.16666666666666666,2,0.5556061250344119,sensitivity,uniform,MK14_min
0.45286352971197963,2400,1.0,2.5,2.5,1.6666666666666665,1.0,4.0,120,4,2400,4,4.0,600,mean,s2_uniform,0.4737672913180422,0.041666666666666664,0.25,0.08333333333333333,4,0.5556061250344119,sensitivity,uniform,MK14_min
0.6507785683077264,3600,1.0,5.0,2.5,4.166666666666667,1.0,6.0,120,4,3600,6,6.0,600,mean,s2_uniform,0.5556350528458516,0.08333333333333333,0.25,0.20833333333333334,6,0.5556061250344119,sensitivity,uniform,MK14_min
0.6212022708293561,4800,1.0,2.5,2.9166666666666665,4.166666666666667,1.0,8.0,120,4,4800,8,8.0,600,mean,s2_uniform,0.5293192708822415,0.041666666666666664,0.2916666666666667,0.20833333333333334,8,0.5556061250344119,sensitivity,uniform,MK14_min
0.6695697316578572,600,1.0,5.0,2.5,4.166666666666667,1.0,1.0,120,4,600,1,1.0,600,mean,s3_top10,0.5556061250344119,0.08333333333333333,0.25,0.20833333333333334,1,0.5556061250344119,sensitivity,primary_all|top_up,MK14_min
0.5513946501834691,1200,1.0,2.5,2.5,2.5,1.0,2.0833333333333335,120,4,1200,11,2.0,600,mean,s3_top10,0.4992132856716493,0.041666666666666664,0.25,0.125,11,0.5556061250344119,sensitivity,primary_all|top_up,MK14_min
0.5166192131858961,2400,1.0,2.5,2.5,2.5,1.0,2.5166666666666666,120,4,1440,15,2.4,600,mean,s3_top10,0.47278615468395296,0.041666666666666664,0.25,0.125,15,0.5556061250344119,sensitivity,primary_all|top_up,MK14_min
0.5166192131858961,3600,1.0,2.5,2.5,2.5,1.0,2.5166666666666666,120,4,1440,15,2.4,600,mean,s3_top10,0.47278615468395296,0.041666666666666664,0.25,0.125,15,0.5556061250344119,sensitivity,primary_all|top_up,MK14_min
0.5166192131858961,4800,1.0,2.5,2.5,2.5,1.0,2.5166666666666666,120,4,1440,15,2.4,600,mean,s3_top10,0.47278615468395296,0.041666666666666664,0.25,0.125,15,0.5556061250344119,sensitivity,primary_all|top_up,MK14_min
0.6695697316578572,600,1.0,5.0,2.5,4.166666666666667,1.0,1.0,120,4,600,1,1.0,600,mean,s3_top25,0.5556061250344119,0.08333333333333333,0.25,0.20833333333333334,1,0.5556061250344119,sensitivity,primary_all|top_up,MK14_min
0.6658628966348269,1200,1.0,5.0,2.9166666666666665,4.166666666666667,1.0,1.8333333333333333,120,4,1200,5,2.0,600,mean,s3_top25,0.5679547032997605,0.08333333333333333,0.2916666666666667,0.20833333333333334,5,0.5556061250344119,sensitivity,primary_all|top_up,MK14_min
0.4570822974293601,2400,1.0,2.5,2.5,2.5,1.0,3.5,120,4,2400,13,4.0,600,mean,s3_top25,0.4528308300791592,0.041666666666666664,0.25,0.125,13,0.5556061250344119,sensitivity,primary_all|top_up,MK14_min
0.4334023840092043,3600,1.0,2.5,2.0833333333333335,2.5,1.0,3.9166666666666665,120,4,2700,15,4.5,600,mean,s3_top25,0.4435071563756965,0.041666666666666664,0.20833333333333334,0.125,15,0.5556061250344119,sensitivity,primary_all|top_up,MK14_min
0.4334023840092043,4800,1.0,2.5,2.0833333333333335,2.5,1.0,3.9166666666666665,120,4,2700,15,4.5,600,mean,s3_top25,0.4435071563756965,0.041666666666666664,0.20833333333333334,0.125,15,0.5556061250344119,sensitivity,primary_all|top_up,MK14_min
0.6695697316578572,600,1.0,5.0,2.5,4.166666666666667,1.0,1.0,120,4,600,1,1.0,600,mean,s3_top50,0.5556061250344119,0.08333333333333333,0.25,0.20833333333333334,1,0.5556061250344119,sensitivity,primary_all|top_up,MK14_min
0.4587298779335787,1200,1.0,0.0,2.5,2.5,1.0,1.8333333333333333,120,4,1200,3,2.0,600,mean,s3_top50,0.4610521518110992,0.0,0.25,0.125,3,0.5556061250344119,sensitivity,primary_all|top_up,MK14_min
0.603006946345709,2400,1.0,2.5,2.5,4.166666666666667,1.0,3.5,120,4,2400,7,4.0,600,mean,s3_top50,0.49916935424960185,0.041666666666666664,0.25,0.20833333333333334,7,0.5556061250344119,sensitivity,primary_all|top_up,MK14_min
0.5143736559489981,3600,1.0,2.5,2.9166666666666665,2.5,1.0,5.166666666666667,120,4,3600,11,6.0,600,mean,s3_top50,0.4713742248286909,0.041666666666666664,0.2916666666666667,0.125,11,0.5556061250344119,sensitivity,primary_all|top_up,MK14_min
0.4385294653960151,4800,1.0,2.5,2.5,1.6666666666666665,1.0,6.833333333333333,120,4,4800,15,8.0,600,mean,s3_top50,0.43283952591535346,0.041666666666666664,0.25,0.08333333333333333,15,0.5556061250344119,sensitivity,primary_all|top_up,MK14_min
0.5323480164726029,600,0.7233333333333334,2.5,2.5,2.5,0.7166666666666667,1.4069767441860466,120,4,600,3,1.3824884792626728,434,mean,s4_scaffold25,0.5106431833611677,0.041666666666666664,0.25,0.125,3,0.5556061250344119,sensitivity,scaffold_representatives|expand_top_groups,MK14_min
0.6240938034121787,1200,0.7233333333333334,2.5,2.5,4.166666666666667,0.7166666666666667,2.7209302325581395,120,4,1200,8,2.7649769585253456,434,mean,s4_scaffold25,0.5613107072418756,0.041666666666666664,0.25,0.20833333333333334,8,0.5556061250344119,sensitivity,scaffold_representatives|expand_top_groups,MK14_min
0.41976081260462944,2400,0.7233333333333334,2.5,2.0833333333333335,1.6666666666666665,0.7166666666666667,4.72093023255814,120,4,2150,15,4.953917050691245,434,mean,s4_scaffold25,0.46694816585642035,0.041666666666666664,0.20833333333333334,0.08333333333333333,15,0.5556061250344119,sensitivity,scaffold_representatives|expand_top_groups,MK14_min
0.41976081260462944,3600,0.7233333333333334,2.5,2.0833333333333335,1.6666666666666665,0.7166666666666667,4.72093023255814,120,4,2150,15,4.953917050691245,434,mean,s4_scaffold25,0.46694816585642035,0.041666666666666664,0.20833333333333334,0.08333333333333333,15,0.5556061250344119,sensitivity,scaffold_representatives|expand_top_groups,MK14_min
0.41976081260462944,4800,0.7233333333333334,2.5,2.0833333333333335,1.6666666666666665,0.7166666666666667,4.72093023255814,120,4,2150,15,4.953917050691245,434,mean,s4_scaffold25,0.46694816585642035,0.041666666666666664,0.20833333333333334,0.08333333333333333,15,0.5556061250344119,sensitivity,scaffold_representatives|expand_top_groups,MK14_min
0.6714061229444863,600,0.7366666666666667,5.0,2.5,3.333333333333333,0.7166666666666667,1.2906976744186047,120,4,600,2,1.3574660633484164,442,mean,s4_scaffold50,0.6053586985371562,0.08333333333333333,0.25,0.16666666666666666,2,0.5556061250344119,sensitivity,scaffold_representatives|expand_top_groups,MK14_min
0.658540221577415,1200,0.7533333333333333,5.0,3.333333333333333,3.333333333333333,0.7166666666666667,2.313953488372093,120,4,1200,5,2.6548672566371683,452,mean,s4_scaffold50,0.5890010062331547,0.08333333333333333,0.3333333333333333,0.16666666666666666,5,0.5556061250344119,sensitivity,scaffold_representatives|expand_top_groups,MK14_min
0.6151204896325719,2400,0.7533333333333333,2.5,2.5,3.333333333333333,0.7166666666666667,4.244186046511628,120,4,2400,10,5.3097345132743365,452,mean,s4_scaffold50,0.5643856786769055,0.041666666666666664,0.25,0.16666666666666666,10,0.5556061250344119,sensitivity,scaffold_representatives|expand_top_groups,MK14_min
0.5084930400904093,3600,0.7533333333333333,2.5,2.9166666666666665,1.6666666666666665,0.7166666666666667,6.116279069767442,120,4,3600,15,7.964601769911504,452,mean,s4_scaffold50,0.5102444405965744,0.041666666666666664,0.2916666666666667,0.08333333333333333,15,0.5556061250344119,sensitivity,scaffold_representatives|expand_top_groups,MK14_min
0.499936365703825,4800,0.7533333333333333,2.5,2.9166666666666665,1.6666666666666665,0.7166666666666667,6.511627906976744,120,4,3844,15,8.504424778761061,452,mean,s4_scaffold50,0.5069557311028879,0.041666666666666664,0.2916666666666667,0.08333333333333333,15,0.5556061250344119,sensitivity,scaffold_representatives|expand_top_groups,MK14_min
0.6611050952681496,600,1.0,5.0,2.9166666666666665,4.166666666666667,1.0,1.0,120,4,600,1,1.0,600,mean,s5_score_oracle,0.5113247678489662,0.08333333333333333,0.2916666666666667,0.20833333333333334,15,0.5556061250344119,sensitivity,score_oracle,MK14_min
0.669202670372896,1200,1.0,5.0,2.9166666666666665,4.166666666666667,1.0,2.0,120,4,1200,2,2.0,600,mean,s5_score_oracle,0.518111300802702,0.08333333333333333,0.2916666666666667,0.20833333333333334,15,0.5556061250344119,sensitivity,score_oracle,MK14_min
0.6452655370321979,2400,1.0,5.0,2.5,3.333333333333333,1.0,4.0,120,4,2400,4,4.0,600,mean,s5_score_oracle,0.5190849711642677,0.08333333333333333,0.25,0.16666666666666666,15,0.5556061250344119,sensitivity,score_oracle,MK14_min
0.4931774880852174,3600,1.0,2.5,2.5,2.5,1.0,6.0,120,4,3600,6,6.0,600,mean,s5_score_oracle,0.4575799383943222,0.041666666666666664,0.25,0.125,15,0.5556061250344119,sensitivity,score_oracle,MK14_min
0.4509848980796103,4800,1.0,2.5,2.5,1.6666666666666665,1.0,8.0,120,4,4800,8,8.0,600,mean,s5_score_oracle,0.44517996150859246,0.041666666666666664,0.25,0.08333333333333333,15,0.5556061250344119,sensitivity,score_oracle,MK14_min
0.6695697316578572,600,1.0,5.0,2.5,4.166666666666667,1.0,1.0,120,4,600,1,1.0,600,min,s1_width,0.5556061250344119,0.08333333333333333,0.25,0.20833333333333334,1,0.5556061250344119,sensitivity,width,MK14_min
0.6695697316578572,1200,1.0,5.0,2.5,4.166666666666667,1.0,1.0,120,4,600,1,1.0,600,min,s1_width,0.5556061250344119,0.08333333333333333,0.25,0.20833333333333334,1,0.5556061250344119,sensitivity,width,MK14_min
0.6695697316578572,2400,1.0,5.0,2.5,4.166666666666667,1.0,1.0,120,4,600,1,1.0,600,min,s1_width,0.5556061250344119,0.08333333333333333,0.25,0.20833333333333334,1,0.5556061250344119,sensitivity,width,MK14_min
0.6695697316578572,3600,1.0,5.0,2.5,4.166666666666667,1.0,1.0,120,4,600,1,1.0,600,min,s1_width,0.5556061250344119,0.08333333333333333,0.25,0.20833333333333334,1,0.5556061250344119,sensitivity,width,MK14_min
0.6695697316578572,4800,1.0,5.0,2.5,4.166666666666667,1.0,1.0,120,4,600,1,1.0,600,min,s1_width,0.5556061250344119,0.08333333333333333,0.25,0.20833333333333334,1,0.5556061250344119,sensitivity,width,MK14_min
0.6695697316578572,600,1.0,5.0,2.5,4.166666666666667,1.0,1.0,120,4,600,1,1.0,600,min,s2_uniform,0.5556061250344119,0.08333333333333333,0.25,0.20833333333333334,1,0.5556061250344119,sensitivity,uniform,MK14_min
0.669569832679348,1200,1.0,5.0,2.5,4.166666666666667,1.0,2.0,120,4,1200,2,2.0,600,min,s2_uniform,0.5567325330444245,0.08333333333333333,0.25,0.20833333333333334,2,0.5556061250344119,sensitivity,uniform,MK14_min
0.6200581256751974,2400,1.0,5.0,2.5,3.333333333333333,1.0,4.0,120,4,2400,4,4.0,600,min,s2_uniform,0.5081750077282492,0.08333333333333333,0.25,0.16666666666666666,4,0.5556061250344119,sensitivity,uniform,MK14_min
0.6448926152179593,3600,1.0,5.0,2.5,4.166666666666667,1.0,6.0,120,4,3600,6,6.0,600,min,s2_uniform,0.5155461036094618,0.08333333333333333,0.25,0.20833333333333334,6,0.5556061250344119,sensitivity,uniform,MK14_min
0.633129668393616,4800,1.0,5.0,2.5,4.166666666666667,1.0,8.0,120,4,4800,8,8.0,600,min,s2_uniform,0.4929525889550552,0.08333333333333333,0.25,0.20833333333333334,8,0.5556061250344119,sensitivity,uniform,MK14_min
0.6695697316578572,600,1.0,5.0,2.5,4.166666666666667,1.0,1.0,120,4,600,1,1.0,600,min,s3_top10,0.5556061250344119,0.08333333333333333,0.25,0.20833333333333334,1,0.5556061250344119,sensitivity,primary_all|top_up,MK14_min
0.6818956329667794,1200,1.0,5.0,2.5,4.166666666666667,1.0,2.0833333333333335,120,4,1200,11,2.0,600,min,s3_top10,0.5625505694788564,0.08333333333333333,0.25,0.20833333333333334,11,0.5556061250344119,sensitivity,primary_all|top_up,MK14_min
0.6818956329667794,2400,1.0,5.0,2.5,4.166666666666667,1.0,2.5166666666666666,120,4,1440,15,2.4,600,min,s3_top10,0.5625505694788564,0.08333333333333333,0.25,0.20833333333333334,15,0.5556061250344119,sensitivity,primary_all|top_up,MK14_min
0.6818956329667794,3600,1.0,5.0,2.5,4.166666666666667,1.0,2.5166666666666666,120,4,1440,15,2.4,600,min,s3_top10,0.5625505694788564,0.08333333333333333,0.25,0.20833333333333334,15,0.5556061250344119,sensitivity,primary_all|top_up,MK14_min
0.6818956329667794,4800,1.0,5.0,2.5,4.166666666666667,1.0,2.5166666666666666,120,4,1440,15,2.4,600,min,s3_top10,0.5625505694788564,0.08333333333333333,0.25,0.20833333333333334,15,0.5556061250344119,sensitivity,primary_all|top_up,MK14_min
0.6695697316578572,600,1.0,5.0,2.5,4.166666666666667,1.0,1.0,120,4,600,1,1.0,600,min,s3_top25,0.5556061250344119,0.08333333333333333,0.25,0.20833333333333334,1,0.5556061250344119,sensitivity,primary_all|top_up,MK14_min
0.677277134879389,1200,1.0,5.0,2.5,4.166666666666667,1.0,1.8333333333333333,120,4,1200,5,2.0,600,min,s3_top25,0.5591775536058404,0.08333333333333333,0.25,0.20833333333333334,5,0.5556061250344119,sensitivity,primary_all|top_up,MK14_min
0.6759935478882297,2400,1.0,5.0,2.5,4.166666666666667,1.0,3.5,120,4,2400,13,4.0,600,min,s3_top25,0.558142757536383,0.08333333333333333,0.25,0.20833333333333334,13,0.5556061250344119,sensitivity,primary_all|top_up,MK14_min
0.6759935478882297,3600,1.0,5.0,2.5,4.166666666666667,1.0,3.9166666666666665,120,4,2700,15,4.5,600,min,s3_top25,0.558142757536383,0.08333333333333333,0.25,0.20833333333333334,15,0.5556061250344119,sensitivity,primary_all|top_up,MK14_min
0.6759935478882297,4800,1.0,5.0,2.5,4.166666666666667,1.0,3.9166666666666665,120,4,2700,15,4.5,600,min,s3_top25,0.558142757536383,0.08333333333333333,0.25,0.20833333333333334,15,0.5556061250344119,sensitivity,primary_all|top_up,MK14_min
0.6695697316578572,600,1.0,5.0,2.5,4.166666666666667,1.0,1.0,120,4,600,1,1.0,600,min,s3_top50,0.5556061250344119,0.08333333333333333,0.25,0.20833333333333334,1,0.5556061250344119,sensitivity,primary_all|top_up,MK14_min
0.6115377219630281,1200,1.0,5.0,2.5,3.333333333333333,1.0,1.8333333333333333,120,4,1200,3,2.0,600,min,s3_top50,0.5212879256335753,0.08333333333333333,0.25,0.16666666666666666,3,0.5556061250344119,sensitivity,primary_all|top_up,MK14_min
0.6381853986958725,2400,1.0,5.0,2.5,4.166666666666667,1.0,3.5,120,4,2400,7,4.0,600,min,s3_top50,0.5288969974142894,0.08333333333333333,0.25,0.20833333333333334,7,0.5556061250344119,sensitivity,primary_all|top_up,MK14_min
0.6470461798461781,3600,1.0,5.0,2.5,4.166666666666667,1.0,5.166666666666667,120,4,3600,11,6.0,600,min,s3_top50,0.5396324168809707,0.08333333333333333,0.25,0.20833333333333334,11,0.5556061250344119,sensitivity,primary_all|top_up,MK14_min
0.6665876103101379,4800,1.0,5.0,2.9166666666666665,4.166666666666667,1.0,6.833333333333333,120,4,4800,15,8.0,600,min,s3_top50,0.55201191172335,0.08333333333333333,0.2916666666666667,0.20833333333333334,15,0.5556061250344119,sensitivity,primary_all|top_up,MK14_min
0.6836230289954818,600,0.7233333333333334,5.0,2.5,4.166666666666667,0.7166666666666667,1.4069767441860466,120,4,600,3,1.3824884792626728,434,min,s4_scaffold25,0.59025751866025,0.08333333333333333,0.25,0.20833333333333334,3,0.5556061250344119,sensitivity,scaffold_representatives|expand_top_groups,MK14_min
0.6792384401459806,1200,0.7233333333333334,5.0,2.5,4.166666666666667,0.7166666666666667,2.7209302325581395,120,4,1200,8,2.7649769585253456,434,min,s4_scaffold25,0.5826328780506872,0.08333333333333333,0.25,0.20833333333333334,8,0.5556061250344119,sensitivity,scaffold_representatives|expand_top_groups,MK14_min
0.6840553481126731,2400,0.7233333333333334,5.0,2.5,4.166666666666667,0.7166666666666667,4.72093023255814,120,4,2150,15,4.953917050691245,434,min,s4_scaffold25,0.5868527200683487,0.08333333333333333,0.25,0.20833333333333334,15,0.5556061250344119,sensitivity,scaffold_representatives|expand_top_groups,MK14_min
0.6840553481126731,3600,0.7233333333333334,5.0,2.5,4.166666666666667,0.7166666666666667,4.72093023255814,120,4,2150,15,4.953917050691245,434,min,s4_scaffold25,0.5868527200683487,0.08333333333333333,0.25,0.20833333333333334,15,0.5556061250344119,sensitivity,scaffold_representatives|expand_top_groups,MK14_min
0.6840553481126731,4800,0.7233333333333334,5.0,2.5,4.166666666666667,0.7166666666666667,4.72093023255814,120,4,2150,15,4.953917050691245,434,min,s4_scaffold25,0.5868527200683487,0.08333333333333333,0.25,0.20833333333333334,15,0.5556061250344119,sensitivity,scaffold_representatives|expand_top_groups,MK14_min
0.6850122412104218,600,0.7366666666666667,5.0,2.5,4.166666666666667,0.7166666666666667,1.2906976744186047,120,4,600,2,1.3574660633484164,442,min,s4_scaffold50,0.5979167895563237,0.08333333333333333,0.25,0.20833333333333334,2,0.5556061250344119,sensitivity,scaffold_representatives|expand_top_groups,MK14_min
0.7034823162909525,1200,0.7533333333333333,5.0,2.5,4.166666666666667,0.7166666666666667,2.313953488372093,120,4,1200,5,2.6548672566371683,452,min,s4_scaffold50,0.6046757551033934,0.08333333333333333,0.25,0.20833333333333334,5,0.5556061250344119,sensitivity,scaffold_representatives|expand_top_groups,MK14_min
0.690087058716021,2400,0.7533333333333333,5.0,2.5,4.166666666666667,0.7166666666666667,4.244186046511628,120,4,2400,10,5.3097345132743365,452,min,s4_scaffold50,0.59360867562929,0.08333333333333333,0.25,0.20833333333333334,10,0.5556061250344119,sensitivity,scaffold_representatives|expand_top_groups,MK14_min
0.7183724828710729,3600,0.7533333333333333,5.0,2.9166666666666665,4.166666666666667,0.7166666666666667,6.116279069767442,120,4,3600,15,7.964601769911504,452,min,s4_scaffold50,0.611179163420366,0.08333333333333333,0.2916666666666667,0.20833333333333334,15,0.5556061250344119,sensitivity,scaffold_representatives|expand_top_groups,MK14_min
0.7183724828710729,4800,0.7533333333333333,5.0,2.9166666666666665,4.166666666666667,0.7166666666666667,6.511627906976744,120,4,3844,15,8.504424778761061,452,min,s4_scaffold50,0.611179163420366,0.08333333333333333,0.2916666666666667,0.20833333333333334,15,0.5556061250344119,sensitivity,scaffold_representatives|expand_top_groups,MK14_min
0.6611050952681496,600,1.0,5.0,2.9166666666666665,4.166666666666667,1.0,1.0,120,4,600,1,1.0,600,min,s5_score_oracle,0.5113247678489662,0.08333333333333333,0.2916666666666667,0.20833333333333334,15,0.5556061250344119,sensitivity,score_oracle,MK14_min
0.6611050952681496,1200,1.0,5.0,2.9166666666666665,4.166666666666667,1.0,2.0,120,4,1200,2,2.0,600,min,s5_score_oracle,0.5113247678489662,0.08333333333333333,0.2916666666666667,0.20833333333333334,15,0.5556061250344119,sensitivity,score_oracle,MK14_min
0.6611050952681496,2400,1.0,5.0,2.9166666666666665,4.166666666666667,1.0,4.0,120,4,2400,4,4.0,600,min,s5_score_oracle,0.5113247678489662,0.08333333333333333,0.2916666666666667,0.20833333333333334,15,0.5556061250344119,sensitivity,score_oracle,MK14_min
0.6611050952681496,3600,1.0,5.0,2.9166666666666665,4.166666666666667,1.0,6.0,120,4,3600,6,6.0,600,min,s5_score_oracle,0.5113247678489662,0.08333333333333333,0.2916666666666667,0.20833333333333334,15,0.5556061250344119,sensitivity,score_oracle,MK14_min
0.6611050952681496,4800,1.0,5.0,2.9166666666666665,4.166666666666667,1.0,8.0,120,4,4800,8,8.0,600,min,s5_score_oracle,0.5113247678489662,0.08333333333333333,0.2916666666666667,0.20833333333333334,15,0.5556061250344119,sensitivity,score_oracle,MK14_min
0.6239549719017679,600,1.0,5.0,3.333333333333333,2.5,1.0,1.0,120,5,600,1,1.0,600,mean,s1_width,0.5124325410424019,0.08333333333333333,0.3333333333333333,0.125,1,0.5124325410424019,sensitivity,width,MK14_min
0.6239549719017679,1200,1.0,5.0,3.333333333333333,2.5,1.0,1.0,120,5,600,1,1.0,600,mean,s1_width,0.5124325410424019,0.08333333333333333,0.3333333333333333,0.125,1,0.5124325410424019,sensitivity,width,MK14_min
0.6239549719017679,2400,1.0,5.0,3.333333333333333,2.5,1.0,1.0,120,5,600,1,1.0,600,mean,s1_width,0.5124325410424019,0.08333333333333333,0.3333333333333333,0.125,1,0.5124325410424019,sensitivity,width,MK14_min
0.6239549719017679,3600,1.0,5.0,3.333333333333333,2.5,1.0,1.0,120,5,600,1,1.0,600,mean,s1_width,0.5124325410424019,0.08333333333333333,0.3333333333333333,0.125,1,0.5124325410424019,sensitivity,width,MK14_min
0.6239549719017679,4800,1.0,5.0,3.333333333333333,2.5,1.0,1.0,120,5,600,1,1.0,600,mean,s1_width,0.5124325410424019,0.08333333333333333,0.3333333333333333,0.125,1,0.5124325410424019,sensitivity,width,MK14_min
0.6239549719017679,600,1.0,5.0,3.333333333333333,2.5,1.0,1.0,120,5,600,1,1.0,600,mean,s2_uniform,0.5124325410424019,0.08333333333333333,0.3333333333333333,0.125,1,0.5124325410424019,sensitivity,uniform,MK14_min
0.8189996861243529,1200,1.0,5.0,3.75,5.0,1.0,2.0,120,5,1200,2,2.0,600,mean,s2_uniform,0.6329965157685283,0.08333333333333333,0.375,0.25,2,0.5124325410424019,sensitivity,uniform,MK14_min
0.7715285868178309,2400,1.0,5.0,3.333333333333333,5.0,1.0,4.0,120,5,2400,4,4.0,600,mean,s2_uniform,0.5678603820152824,0.08333333333333333,0.3333333333333333,0.25,4,0.5124325410424019,sensitivity,uniform,MK14_min
0.7269632877039387,3600,1.0,5.0,3.333333333333333,4.166666666666667,1.0,6.0,120,5,3600,6,6.0,600,mean,s2_uniform,0.548538629522299,0.08333333333333333,0.3333333333333333,0.20833333333333334,6,0.5124325410424019,sensitivity,uniform,MK14_min
0.7514670732723228,4800,1.0,5.0,3.333333333333333,4.166666666666667,1.0,8.0,120,5,4800,8,8.0,600,mean,s2_uniform,0.5818127475346015,0.08333333333333333,0.3333333333333333,0.20833333333333334,8,0.5124325410424019,sensitivity,uniform,MK14_min
0.6239549719017679,600,1.0,5.0,3.333333333333333,2.5,1.0,1.0,120,5,600,1,1.0,600,mean,s3_top10,0.5124325410424019,0.08333333333333333,0.3333333333333333,0.125,1,0.5124325410424019,sensitivity,primary_all|top_up,MK14_min
0.7266930526244826,1200,1.0,5.0,3.333333333333333,4.166666666666667,1.0,1.75,120,5,1200,11,2.0,600,mean,s3_top10,0.5642858960207568,0.08333333333333333,0.3333333333333333,0.20833333333333334,11,0.5124325410424019,sensitivity,primary_all|top_up,MK14_min
0.714102382736707,2400,1.0,5.0,3.333333333333333,4.166666666666667,1.0,2.05,120,5,1440,15,2.4,600,mean,s3_top10,0.5574844254325216,0.08333333333333333,0.3333333333333333,0.20833333333333334,15,0.5124325410424019,sensitivity,primary_all|top_up,MK14_min
0.714102382736707,3600,1.0,5.0,3.333333333333333,4.166666666666667,1.0,2.05,120,5,1440,15,2.4,600,mean,s3_top10,0.5574844254325216,0.08333333333333333,0.3333333333333333,0.20833333333333334,15,0.5124325410424019,sensitivity,primary_all|top_up,MK14_min
0.714102382736707,4800,1.0,5.0,3.333333333333333,4.166666666666667,1.0,2.05,120,5,1440,15,2.4,600,mean,s3_top10,0.5574844254325216,0.08333333333333333,0.3333333333333333,0.20833333333333334,15,0.5124325410424019,sensitivity,primary_all|top_up,MK14_min
0.6239549719017679,600,1.0,5.0,3.333333333333333,2.5,1.0,1.0,120,5,600,1,1.0,600,mean,s3_top25,0.5124325410424019,0.08333333333333333,0.3333333333333333,0.125,1,0.5124325410424019,sensitivity,primary_all|top_up,MK14_min
0.7054696027109572,1200,1.0,5.0,3.333333333333333,4.166666666666667,1.0,2.033333333333333,120,5,1200,5,2.0,600,mean,s3_top25,0.5706126258901144,0.08333333333333333,0.3333333333333333,0.20833333333333334,5,0.5124325410424019,sensitivity,primary_all|top_up,MK14_min
0.7499346477346437,2400,1.0,5.0,3.333333333333333,4.166666666666667,1.0,4.1,120,5,2400,13,4.0,600,mean,s3_top25,0.5869304658927627,0.08333333333333333,0.3333333333333333,0.20833333333333334,13,0.5124325410424019,sensitivity,primary_all|top_up,MK14_min
0.6846583016312117,3600,1.0,5.0,3.75,3.333333333333333,1.0,4.616666666666666,120,5,2700,15,4.5,600,mean,s3_top25,0.5501459872876319,0.08333333333333333,0.375,0.16666666666666666,15,0.5124325410424019,sensitivity,primary_all|top_up,MK14_min
0.6846583016312117,4800,1.0,5.0,3.75,3.333333333333333,1.0,4.616666666666666,120,5,2700,15,4.5,600,mean,s3_top25,0.5501459872876319,0.08333333333333333,0.375,0.16666666666666666,15,0.5124325410424019,sensitivity,primary_all|top_up,MK14_min
0.6239549719017679,600,1.0,5.0,3.333333333333333,2.5,1.0,1.0,120,5,600,1,1.0,600,mean,s3_top50,0.5124325410424019,0.08333333333333333,0.3333333333333333,0.125,1,0.5124325410424019,sensitivity,primary_all|top_up,MK14_min
0.7738965165259615,1200,1.0,5.0,3.333333333333333,5.0,1.0,2.1166666666666667,120,5,1200,3,2.0,600,mean,s3_top50,0.6063995746453393,0.08333333333333333,0.3333333333333333,0.25,3,0.5124325410424019,sensitivity,primary_all|top_up,MK14_min
0.7402148056903362,2400,1.0,5.0,3.333333333333333,4.166666666666667,1.0,4.35,120,5,2400,7,4.0,600,mean,s3_top50,0.6017909913459979,0.08333333333333333,0.3333333333333333,0.20833333333333334,7,0.5124325410424019,sensitivity,primary_all|top_up,MK14_min
0.7494582023806609,3600,1.0,5.0,3.75,4.166666666666667,1.0,6.583333333333333,120,5,3600,11,6.0,600,mean,s3_top50,0.6000362949214574,0.08333333333333333,0.375,0.20833333333333334,11,0.5124325410424019,sensitivity,primary_all|top_up,MK14_min
0.7261136831218182,4800,1.0,5.0,3.75,4.166666666666667,1.0,8.816666666666666,120,5,4800,15,8.0,600,mean,s3_top50,0.5903808296856209,0.08333333333333333,0.375,0.20833333333333334,15,0.5124325410424019,sensitivity,primary_all|top_up,MK14_min
0.7570196092437427,600,0.73,5.0,3.333333333333333,5.0,0.7416666666666667,1.2921348314606742,120,5,600,3,1.36986301369863,438,mean,s4_scaffold25,0.6166418453363492,0.08333333333333333,0.3333333333333333,0.25,3,0.5124325410424019,sensitivity,scaffold_representatives|expand_top_groups,MK14_min
0.7486670366458706,1200,0.73,5.0,4.166666666666667,4.166666666666667,0.7416666666666667,2.5168539325842696,120,5,1200,8,2.73972602739726,438,mean,s4_scaffold25,0.6137943617266504,0.08333333333333333,0.4166666666666667,0.20833333333333334,8,0.5124325410424019,sensitivity,scaffold_representatives|expand_top_groups,MK14_min
0.728865179617024,2400,0.73,5.0,3.75,3.333333333333333,0.7416666666666667,4.561797752808989,120,5,2206,15,5.036529680365297,438,mean,s4_scaffold25,0.5936746631085584,0.08333333333333333,0.375,0.16666666666666666,15,0.5124325410424019,sensitivity,scaffold_representatives|expand_top_groups,MK14_min
0.728865179617024,3600,0.73,5.0,3.75,3.333333333333333,0.7416666666666667,4.561797752808989,120,5,2206,15,5.036529680365297,438,mean,s4_scaffold25,0.5936746631085584,0.08333333333333333,0.375,0.16666666666666666,15,0.5124325410424019,sensitivity,scaffold_representatives|expand_top_groups,MK14_min
0.728865179617024,4800,0.73,5.0,3.75,3.333333333333333,0.7416666666666667,4.561797752808989,120,5,2206,15,5.036529680365297,438,mean,s4_scaffold25,0.5936746631085584,0.08333333333333333,0.375,0.16666666666666666,15,0.5124325410424019,sensitivity,scaffold_representatives|expand_top_groups,MK14_min
0.6818722874305704,600,0.74,5.0,2.9166666666666665,3.333333333333333,0.7583333333333333,1.3296703296703296,120,5,600,2,1.3513513513513513,444,mean,s4_scaffold50,0.5607272461126668,0.08333333333333333,0.2916666666666667,0.16666666666666666,2,0.5124325410424019,sensitivity,scaffold_representatives|expand_top_groups,MK14_min
0.7250824448019008,1200,0.7583333333333333,5.0,2.9166666666666665,4.166666666666667,0.8,2.6145833333333335,120,5,1200,5,2.6373626373626373,455,mean,s4_scaffold50,0.5724212145876922,0.08333333333333333,0.2916666666666667,0.20833333333333334,5,0.5124325410424019,sensitivity,scaffold_representatives|expand_top_groups,MK14_min
0.7426661256505497,2400,0.7583333333333333,5.0,2.9166666666666665,4.166666666666667,0.8,5.375,120,5,2400,10,5.274725274725275,455,mean,s4_scaffold50,0.5906285785445566,0.08333333333333333,0.2916666666666667,0.20833333333333334,10,0.5124325410424019,sensitivity,scaffold_representatives|expand_top_groups,MK14_min
0.7300369185184158,3600,0.7583333333333333,5.0,3.333333333333333,4.166666666666667,0.8,8.041666666666666,120,5,3600,14,7.912087912087912,455,mean,s4_scaffold50,0.579775580583272,0.08333333333333333,0.3333333333333333,0.20833333333333334,14,0.5124325410424019,sensitivity,scaffold_representatives|expand_top_groups,MK14_min
0.7079902853203975,4800,0.7583333333333333,5.0,3.333333333333333,4.166666666666667,0.8,8.75,120,5,3886,15,8.54065934065934,455,mean,s4_scaffold50,0.5697306436904409,0.08333333333333333,0.3333333333333333,0.20833333333333334,15,0.5124325410424019,sensitivity,scaffold_representatives|expand_top_groups,MK14_min
0.8140720433456853,600,1.0,5.0,4.166666666666667,5.0,1.0,1.0,120,5,600,1,1.0,600,mean,s5_score_oracle,0.5998900280324261,0.08333333333333333,0.4166666666666667,0.25,15,0.5124325410424019,sensitivity,score_oracle,MK14_min
0.8108340098654453,1200,1.0,5.0,4.166666666666667,5.0,1.0,2.0,120,5,1200,2,2.0,600,mean,s5_score_oracle,0.5989428628667938,0.08333333333333333,0.4166666666666667,0.25,15,0.5124325410424019,sensitivity,score_oracle,MK14_min
0.7877331024543986,2400,1.0,5.0,3.75,4.166666666666667,1.0,4.0,120,5,2400,4,4.0,600,mean,s5_score_oracle,0.5870167227118012,0.08333333333333333,0.375,0.20833333333333334,15,0.5124325410424019,sensitivity,score_oracle,MK14_min
0.7630355364436192,3600,1.0,5.0,3.75,4.166666666666667,1.0,6.0,120,5,3600,6,6.0,600,mean,s5_score_oracle,0.5778712073819304,0.08333333333333333,0.375,0.20833333333333334,15,0.5124325410424019,sensitivity,score_oracle,MK14_min
0.7605482806399464,4800,1.0,5.0,3.75,4.166666666666667,1.0,8.0,120,5,4800,8,8.0,600,mean,s5_score_oracle,0.5773054010444326,0.08333333333333333,0.375,0.20833333333333334,15,0.5124325410424019,sensitivity,score_oracle,MK14_min
0.6239549719017679,600,1.0,5.0,3.333333333333333,2.5,1.0,1.0,120,5,600,1,1.0,600,min,s1_width,0.5124325410424019,0.08333333333333333,0.3333333333333333,0.125,1,0.5124325410424019,sensitivity,width,MK14_min
0.6239549719017679,1200,1.0,5.0,3.333333333333333,2.5,1.0,1.0,120,5,600,1,1.0,600,min,s1_width,0.5124325410424019,0.08333333333333333,0.3333333333333333,0.125,1,0.5124325410424019,sensitivity,width,MK14_min
0.6239549719017679,2400,1.0,5.0,3.333333333333333,2.5,1.0,1.0,120,5,600,1,1.0,600,min,s1_width,0.5124325410424019,0.08333333333333333,0.3333333333333333,0.125,1,0.5124325410424019,sensitivity,width,MK14_min
0.6239549719017679,3600,1.0,5.0,3.333333333333333,2.5,1.0,1.0,120,5,600,1,1.0,600,min,s1_width,0.5124325410424019,0.08333333333333333,0.3333333333333333,0.125,1,0.5124325410424019,sensitivity,width,MK14_min
0.6239549719017679,4800,1.0,5.0,3.333333333333333,2.5,1.0,1.0,120,5,600,1,1.0,600,min,s1_width,0.5124325410424019,0.08333333333333333,0.3333333333333333,0.125,1,0.5124325410424019,sensitivity,width,MK14_min
0.6239549719017679,600,1.0,5.0,3.333333333333333,2.5,1.0,1.0,120,5,600,1,1.0,600,min,s2_uniform,0.5124325410424019,0.08333333333333333,0.3333333333333333,0.125,1,0.5124325410424019,sensitivity,uniform,MK14_min
0.8150956303702657,1200,1.0,5.0,3.75,5.0,1.0,2.0,120,5,1200,2,2.0,600,min,s2_uniform,0.5887643383227158,0.08333333333333333,0.375,0.25,2,0.5124325410424019,sensitivity,uniform,MK14_min
0.7719802480083089,2400,1.0,5.0,3.75,5.0,1.0,4.0,120,5,2400,4,4.0,600,min,s2_uniform,0.5579381455877366,0.08333333333333333,0.375,0.25,4,0.5124325410424019,sensitivity,uniform,MK14_min
0.772774291020788,3600,1.0,5.0,3.75,5.0,1.0,6.0,120,5,3600,6,6.0,600,min,s2_uniform,0.5642922911889605,0.08333333333333333,0.375,0.25,6,0.5124325410424019,sensitivity,uniform,MK14_min
0.8146989634664733,4800,1.0,5.0,4.166666666666667,5.0,1.0,8.0,120,5,4800,8,8.0,600,min,s2_uniform,0.6020363386873356,0.08333333333333333,0.4166666666666667,0.25,8,0.5124325410424019,sensitivity,uniform,MK14_min
0.6239549719017679,600,1.0,5.0,3.333333333333333,2.5,1.0,1.0,120,5,600,1,1.0,600,min,s3_top10,0.5124325410424019,0.08333333333333333,0.3333333333333333,0.125,1,0.5124325410424019,sensitivity,primary_all|top_up,MK14_min
0.6994901801196463,1200,1.0,5.0,3.333333333333333,4.166666666666667,1.0,1.75,120,5,1200,11,2.0,600,min,s3_top10,0.5489900807249416,0.08333333333333333,0.3333333333333333,0.20833333333333334,11,0.5124325410424019,sensitivity,primary_all|top_up,MK14_min
0.6994901801196463,2400,1.0,5.0,3.333333333333333,4.166666666666667,1.0,2.05,120,5,1440,15,2.4,600,min,s3_top10,0.5489900807249416,0.08333333333333333,0.3333333333333333,0.20833333333333334,15,0.5124325410424019,sensitivity,primary_all|top_up,MK14_min
0.6994901801196463,3600,1.0,5.0,3.333333333333333,4.166666666666667,1.0,2.05,120,5,1440,15,2.4,600,min,s3_top10,0.5489900807249416,0.08333333333333333,0.3333333333333333,0.20833333333333334,15,0.5124325410424019,sensitivity,primary_all|top_up,MK14_min
0.6994901801196463,4800,1.0,5.0,3.333333333333333,4.166666666666667,1.0,2.05,120,5,1440,15,2.4,600,min,s3_top10,0.5489900807249416,0.08333333333333333,0.3333333333333333,0.20833333333333334,15,0.5124325410424019,sensitivity,primary_all|top_up,MK14_min
0.6239549719017679,600,1.0,5.0,3.333333333333333,2.5,1.0,1.0,120,5,600,1,1.0,600,min,s3_top25,0.5124325410424019,0.08333333333333333,0.3333333333333333,0.125,1,0.5124325410424019,sensitivity,primary_all|top_up,MK14_min
0.6989834708162737,1200,1.0,5.0,3.333333333333333,3.333333333333333,1.0,2.033333333333333,120,5,1200,5,2.0,600,min,s3_top25,0.5584174626658006,0.08333333333333333,0.3333333333333333,0.16666666666666666,5,0.5124325410424019,sensitivity,primary_all|top_up,MK14_min
0.7444396056212559,2400,1.0,5.0,3.333333333333333,4.166666666666667,1.0,4.1,120,5,2400,13,4.0,600,min,s3_top25,0.5774823809084183,0.08333333333333333,0.3333333333333333,0.20833333333333334,13,0.5124325410424019,sensitivity,primary_all|top_up,MK14_min
0.7425047761803933,3600,1.0,5.0,3.333333333333333,4.166666666666667,1.0,4.616666666666666,120,5,2700,15,4.5,600,min,s3_top25,0.5753687960108577,0.08333333333333333,0.3333333333333333,0.20833333333333334,15,0.5124325410424019,sensitivity,primary_all|top_up,MK14_min
0.7425047761803933,4800,1.0,5.0,3.333333333333333,4.166666666666667,1.0,4.616666666666666,120,5,2700,15,4.5,600,min,s3_top25,0.5753687960108577,0.08333333333333333,0.3333333333333333,0.20833333333333334,15,0.5124325410424019,sensitivity,primary_all|top_up,MK14_min
0.6239549719017679,600,1.0,5.0,3.333333333333333,2.5,1.0,1.0,120,5,600,1,1.0,600,min,s3_top50,0.5124325410424019,0.08333333333333333,0.3333333333333333,0.125,1,0.5124325410424019,sensitivity,primary_all|top_up,MK14_min
0.8170224615388905,1200,1.0,5.0,3.75,5.0,1.0,2.1166666666666667,120,5,1200,3,2.0,600,min,s3_top50,0.6346670513299734,0.08333333333333333,0.375,0.25,3,0.5124325410424019,sensitivity,primary_all|top_up,MK14_min
0.8149167848649871,2400,1.0,5.0,4.166666666666667,5.0,1.0,4.35,120,5,2400,7,4.0,600,min,s3_top50,0.6356295496220232,0.08333333333333333,0.4166666666666667,0.25,7,0.5124325410424019,sensitivity,primary_all|top_up,MK14_min
0.8148813684230068,3600,1.0,5.0,4.166666666666667,5.0,1.0,6.583333333333333,120,5,3600,11,6.0,600,min,s3_top50,0.6342431688156005,0.08333333333333333,0.4166666666666667,0.25,11,0.5124325410424019,sensitivity,primary_all|top_up,MK14_min
0.81423440332521,4800,1.0,5.0,4.166666666666667,5.0,1.0,8.816666666666666,120,5,4800,15,8.0,600,min,s3_top50,0.6321905165933283,0.08333333333333333,0.4166666666666667,0.25,15,0.5124325410424019,sensitivity,primary_all|top_up,MK14_min
0.755351436003026,600,0.73,5.0,3.333333333333333,4.166666666666667,0.7416666666666667,1.2921348314606742,120,5,600,3,1.36986301369863,438,min,s4_scaffold25,0.6144498089776463,0.08333333333333333,0.3333333333333333,0.20833333333333334,3,0.5124325410424019,sensitivity,scaffold_representatives|expand_top_groups,MK14_min
0.7595391354431389,1200,0.73,5.0,3.75,4.166666666666667,0.7416666666666667,2.5168539325842696,120,5,1200,8,2.73972602739726,438,min,s4_scaffold25,0.6050982591554678,0.08333333333333333,0.375,0.20833333333333334,8,0.5124325410424019,sensitivity,scaffold_representatives|expand_top_groups,MK14_min
0.75629006313341,2400,0.73,5.0,3.75,4.166666666666667,0.7416666666666667,4.561797752808989,120,5,2206,15,5.036529680365297,438,min,s4_scaffold25,0.6028088818660905,0.08333333333333333,0.375,0.20833333333333334,15,0.5124325410424019,sensitivity,scaffold_representatives|expand_top_groups,MK14_min
0.75629006313341,3600,0.73,5.0,3.75,4.166666666666667,0.7416666666666667,4.561797752808989,120,5,2206,15,5.036529680365297,438,min,s4_scaffold25,0.6028088818660905,0.08333333333333333,0.375,0.20833333333333334,15,0.5124325410424019,sensitivity,scaffold_representatives|expand_top_groups,MK14_min
0.75629006313341,4800,0.73,5.0,3.75,4.166666666666667,0.7416666666666667,4.561797752808989,120,5,2206,15,5.036529680365297,438,min,s4_scaffold25,0.6028088818660905,0.08333333333333333,0.375,0.20833333333333334,15,0.5124325410424019,sensitivity,scaffold_representatives|expand_top_groups,MK14_min
0.7063416031118521,600,0.74,5.0,2.9166666666666665,4.166666666666667,0.7583333333333333,1.3296703296703296,120,5,600,2,1.3513513513513513,444,min,s4_scaffold50,0.569488172998125,0.08333333333333333,0.2916666666666667,0.20833333333333334,2,0.5124325410424019,sensitivity,scaffold_representatives|expand_top_groups,MK14_min
0.7357857206861025,1200,0.7583333333333333,5.0,3.333333333333333,4.166666666666667,0.8,2.6145833333333335,120,5,1200,5,2.6373626373626373,455,min,s4_scaffold50,0.5777716433695024,0.08333333333333333,0.3333333333333333,0.20833333333333334,5,0.5124325410424019,sensitivity,scaffold_representatives|expand_top_groups,MK14_min
0.7838111258229554,2400,0.7583333333333333,5.0,3.75,5.0,0.8,5.375,120,5,2400,10,5.274725274725275,455,min,s4_scaffold50,0.6081129482621996,0.08333333333333333,0.375,0.25,10,0.5124325410424019,sensitivity,scaffold_representatives|expand_top_groups,MK14_min
0.7838384727587167,3600,0.7583333333333333,5.0,3.75,5.0,0.8,8.041666666666666,120,5,3600,14,7.912087912087912,455,min,s4_scaffold50,0.6087557253233223,0.08333333333333333,0.375,0.25,14,0.5124325410424019,sensitivity,scaffold_representatives|expand_top_groups,MK14_min
0.7832247945534123,4800,0.7583333333333333,5.0,3.75,5.0,0.8,8.75,120,5,3886,15,8.54065934065934,455,min,s4_scaffold50,0.6070800018236977,0.08333333333333333,0.375,0.25,15,0.5124325410424019,sensitivity,scaffold_representatives|expand_top_groups,MK14_min
0.8140720433456853,600,1.0,5.0,4.166666666666667,5.0,1.0,1.0,120,5,600,1,1.0,600,min,s5_score_oracle,0.5998900280324261,0.08333333333333333,0.4166666666666667,0.25,15,0.5124325410424019,sensitivity,score_oracle,MK14_min
0.8140720433456853,1200,1.0,5.0,4.166666666666667,5.0,1.0,2.0,120,5,1200,2,2.0,600,min,s5_score_oracle,0.5998900280324261,0.08333333333333333,0.4166666666666667,0.25,15,0.5124325410424019,sensitivity,score_oracle,MK14_min
0.8140720433456853,2400,1.0,5.0,4.166666666666667,5.0,1.0,4.0,120,5,2400,4,4.0,600,min,s5_score_oracle,0.5998900280324261,0.08333333333333333,0.4166666666666667,0.25,15,0.5124325410424019,sensitivity,score_oracle,MK14_min
0.8140720433456853,3600,1.0,5.0,4.166666666666667,5.0,1.0,6.0,120,5,3600,6,6.0,600,min,s5_score_oracle,0.5998900280324261,0.08333333333333333,0.4166666666666667,0.25,15,0.5124325410424019,sensitivity,score_oracle,MK14_min
0.8140720433456853,4800,1.0,5.0,4.166666666666667,5.0,1.0,8.0,120,5,4800,8,8.0,600,min,s5_score_oracle,0.5998900280324261,0.08333333333333333,0.4166666666666667,0.25,15,0.5124325410424019,sensitivity,score_oracle,MK14_min
