target_id,phi,policy,budget,n_folds,folds,mean_delta,worst_fold_delta,positive_folds,bootstrap_mean,se,ci95_low,ci95_high,mde
BACE1,mean,s2_uniform,600,5,1|2|3|4|5,0.0,0.0,0,0.0,0.0,0.0,0.0,0.0
BACE1,mean,s3_top10,600,5,1|2|3|4|5,0.0,0.0,0,0.0,0.0,0.0,0.0,0.0
BACE1,mean,s3_top25,600,5,1|2|3|4|5,0.0,0.0,0,0.0,0.0,0.0,0.0,0.0
BACE1,mean,s3_top50,600,5,1|2|3|4|5,0.0,0.0,0,0.0,0.0,0.0,0.0,0.0
BACE1,mean,s4_scaffold25,600,5,1|2|3|4|5,0.06528363767427722,0.01596519891702164,5,0.06093221616153018,0.02405673689208515,0.015934024492620154,0.10940518240901397,0.07096732085241175
BACE1,mean,s4_scaffold50,600,5,1|2|3|4|5,0.03836186413603008,-0.01150150970166719,4,0.0337840066772391,0.024217546622599857,-0.013576254476006352,0.08252394128279403,0.07144170920328496
BACE1,mean,s5_score_oracle,600,5,1|2|3|4|5,-0.014890018272294848,-0.07716316540817575,3,-0.010583725867663681,0.027825760062794386,-0.06301211173858698,0.04518132604701496,0.08208593090562719
BACE1,mean,s2_uniform,1200,5,1|2|3|4|5,-0.00631562610620331,-0.021756140621340347,2,-0.005085928724864141,0.013458888479966713,-0.03204658145999644,0.021488345439046017,0.03970369137590206
BACE1,mean,s3_top10,1200,5,1|2|3|4|5,-0.037069154458211497,-0.06783806549829469,0,-0.03471439644053133,0.021423309569842158,-0.07753919749098324,0.004507511595664373,0.06319871605129206
BACE1,mean,s3_top25,1200,5,1|2|3|4|5,0.003238224712665827,-0.03912422590138431,3,0.0011514780485855196,0.01569480107362229,-0.029446244756513685,0.032000958961540565,0.046299628603120487
BACE1,mean,s3_top50,1200,5,1|2|3|4|5,0.0011864956517577796,-0.01621122027138855,2,0.0014813574810133257,0.01700670784187075,-0.03165443118919761,0.03569223032242618,0.05016975068029092
BACE1,mean,s4_scaffold25,1200,5,1|2|3|4|5,0.05283416069835171,0.008151683728616632,5,0.04833459729577381,0.02571191055409053,-0.0015253069726157095,0.09917502764248051,0.07585007951020144
BACE1,mean,s4_scaffold50,1200,5,1|2|3|4|5,0.04004110086936167,-0.030829715164886196,4,0.035387112840960966,0.023540857688132848,-0.009980607304457965,0.0825775730081439,0.06944547833685366
BACE1,mean,s5_score_oracle,1200,5,1|2|3|4|5,-0.018530713145236632,-0.07500022812678137,2,-0.01459752627609417,0.025586554840859088,-0.06358036620110001,0.03576048700863129,0.07548028043223481
BACE1,mean,s2_uniform,2400,5,1|2|3|4|5,0.0010595253560582996,-0.022607248845000538,3,0.0008271316560704888,0.01743718276043699,-0.031939007104844486,0.03483747781574788,0.051439650742042736
BACE1,mean,s3_top10,2400,5,1|2|3|4|5,-0.07244973718012929,-0.10954730106003857,0,-0.06824994918094045,0.025900828335567165,-0.11847368590690821,-0.01977110870598455,0.07640738654951103
BACE1,mean,s3_top25,2400,5,1|2|3|4|5,-0.021824231201684675,-0.06285257489865975,1,-0.022354862673216992,0.022779182308874716,-0.06856424218377273,0.02193399166724454,0.06719853764545099
BACE1,mean,s3_top50,2400,5,1|2|3|4|5,-0.00753822108445491,-0.03676525086580129,2,-0.008527305714460667,0.018812441454388654,-0.04637740195299092,0.026363372470762033,0.055496660860520075
BACE1,mean,s4_scaffold25,2400,5,1|2|3|4|5,0.013875856627324679,-0.04129544767905846,3,0.011307063918109622,0.028522636884079054,-0.04402048113847183,0.06852180480498017,0.08414171599371156
BACE1,mean,s4_scaffold50,2400,5,1|2|3|4|5,0.021293930123690907,-0.062464773515321426,4,0.01909328118534939,0.027446449475410147,-0.03472653543555027,0.07380364633665716,0.080966965508185
BACE1,mean,s5_score_oracle,2400,5,1|2|3|4|5,-0.01458186224293806,-0.07235119139435614,2,-0.012506036424201962,0.02391377004531276,-0.059564965196971215,0.034501172095145846,0.07054556896928367
BACE1,mean,s2_uniform,3600,5,1|2|3|4|5,-0.00012603682614570344,-0.054733225225929494,3,-0.0017882306736678572,0.01887694637821773,-0.037460707648466776,0.03505293928951164,0.055686950243759095
BACE1,mean,s3_top10,3600,5,1|2|3|4|5,-0.07244973718012929,-0.10954730106003857,0,-0.06824994918094045,0.025900828335567165,-0.11847368590690821,-0.01977110870598455,0.07640738654951103
BACE1,mean,s3_top25,3600,5,1|2|3|4|5,-0.04476116616319505,-0.09105839227114376,1,-0.04391501116721887,0.024077777086047816,-0.09291482992806023,0.0025755542040361624,0.0710293893782656
BACE1,mean,s3_top50,3600,5,1|2|3|4|5,-0.025301580934195322,-0.07230815225728682,2,-0.024835154752155048,0.023076162332971342,-0.06970083365847303,0.02188723269239288,0.06807462806250819
BACE1,mean,s4_scaffold25,3600,5,1|2|3|4|5,0.013875856627324679,-0.04129544767905846,3,0.011307063918109622,0.028522636884079054,-0.04402048113847183,0.06852180480498017,0.08414171599371156
BACE1,mean,s4_scaffold50,3600,5,1|2|3|4|5,-0.013310791545527079,-0.0979233675793606,3,-0.013837451465427633,0.030464093299274055,-0.07441629453836213,0.04518755509363908,0.08986900814294096
BACE1,mean,s5_score_oracle,3600,5,1|2|3|4|5,-0.020436062592523264,-0.0698456040268578,3,-0.018679352245496987,0.023305824942353774,-0.06563155444510592,0.02798556149216693,0.0687521322544091
BACE1,mean,s2_uniform,4800,5,1|2|3|4|5,0.0006347518304080757,-0.06134751833917973,3,-0.0008188846326784152,0.021116917177397204,-0.040746153473832716,0.04114343114541525,0.06229485916833579
BACE1,mean,s3_top10,4800,5,1|2|3|4|5,-0.07244973718012929,-0.10954730106003857,0,-0.06824994918094045,0.025900828335567165,-0.11847368590690821,-0.01977110870598455,0.07640738654951103
BACE1,mean,s3_top25,4800,5,1|2|3|4|5,-0.04476116616319505,-0.09105839227114376,1,-0.04391501116721887,0.024077777086047816,-0.09291482992806023,0.0025755542040361624,0.0710293893782656
BACE1,mean,s3_top50,4800,5,1|2|3|4|5,-0.04913692051833539,-0.10769788929510804,1,-0.04746440190105766,0.02508524214557342,-0.09869482016573279,0.0017344415571150318,0.07400140908516403
BACE1,mean,s4_scaffold25,4800,5,1|2|3|4|5,0.013875856627324679,-0.04129544767905846,3,0.011307063918109622,0.028522636884079054,-0.04402048113847183,0.06852180480498017,0.08414171599371156
BACE1,mean,s4_scaffold50,4800,5,1|2|3|4|5,-0.013310791545527079,-0.0979233675793606,3,-0.013837451465427633,0.030464093299274055,-0.07441629453836213,0.04518755509363908,0.08986900814294096
BACE1,mean,s5_score_oracle,4800,5,1|2|3|4|5,-0.016294883495210466,-0.06695041265804436,2,-0.01565819077703441,0.02285619953217561,-0.062203585571837264,0.029581226229401476,0.06742573828457651
BACE1,min,s2_uniform,600,5,1|2|3|4|5,0.0,0.0,0,0.0,0.0,0.0,0.0,0.0
BACE1,min,s3_top10,600,5,1|2|3|4|5,0.0,0.0,0,0.0,0.0,0.0,0.0,0.0
BACE1,min,s3_top25,600,5,1|2|3|4|5,0.0,0.0,0,0.0,0.0,0.0,0.0,0.0
BACE1,min,s3_top50,600,5,1|2|3|4|5,0.0,0.0,0,0.0,0.0,0.0,0.0,0.0
BACE1,min,s4_scaffold25,600,5,1|2|3|4|5,0.05156273117773556,0.022964475464979706,5,0.05014387238509501,0.02472894373431689,0.002497057739604503,0.10053997498951621,0.07295032955661974
BACE1,min,s4_scaffold50,600,5,1|2|3|4|5,0.029333007077235396,0.009055633465446689,5,0.02811334225136033,0.02402808137155617,-0.017694354173917223,0.07427194507885178,0.07088278712995823
BACE1,min,s5_score_oracle,600,5,1|2|3|4|5,-0.014890018272294848,-0.07716316540817575,3,-0.010583725867663681,0.027825760062794386,-0.06301211173858698,0.04518132604701496,0.08208593090562719
BACE1,min,s2_uniform,1200,5,1|2|3|4|5,-0.017610237014423324,-0.054357112788007644,1,-0.015177621560581776,0.015935812822446487,-0.04581862872500113,0.01572603780112129,0.04701061273138083
BACE1,min,s3_top10,1200,5,1|2|3|4|5,-0.002450000299264976,-0.08506944444444436,3,-0.0009314726626887172,0.014372013541217447,-0.02957134509945934,0.02728652649892723,0.04239740829565103
BACE1,min,s3_top25,1200,5,1|2|3|4|5,-0.01687324625072808,-0.05757122349614613,2,-0.015538276411969556,0.016592763872186986,-0.04800293837632927,0.017509396873598208,0.048948616881336914
BACE1,min,s3_top50,1200,5,1|2|3|4|5,-0.02374764224301127,-0.06277454994200393,1,-0.02123407222044627,0.019644798580517885,-0.060013964456592496,0.017288644471534872,0.05795211254953277
BACE1,min,s4_scaffold25,1200,5,1|2|3|4|5,0.047073210360297345,-0.02980434615602351,4,0.045616856665019134,0.02572040724830096,-0.0025041281740381333,0.09842589019611639,0.07587514473941026
BACE1,min,s4_scaffold50,1200,5,1|2|3|4|5,0.0196016202618123,-0.019575534135387596,3,0.01761801651322257,0.02563203765328902,-0.031565208469852946,0.06851926317949962,0.07561445462873805
BACE1,min,s5_score_oracle,1200,5,1|2|3|4|5,-0.014890018272294848,-0.07716316540817575,3,-0.010583725867663681,0.027825760062794386,-0.06301211173858698,0.04518132604701496,0.08208593090562719
BACE1,min,s2_uniform,2400,5,1|2|3|4|5,-0.00967942635827651,-0.06847062895172196,2,-0.008042488117116513,0.02040575273476511,-0.04778674752192962,0.03235481171818834,0.0601969256287416
BACE1,min,s3_top10,2400,5,1|2|3|4|5,-0.005029365378630068,-0.08506944444444436,3,-0.0033244355514262516,0.014854621637207889,-0.03197520451770453,0.025327221565850478,0.04382110111599332
BACE1,min,s3_top25,2400,5,1|2|3|4|5,-0.022020189128522993,-0.10722375811721613,2,-0.020470616593806605,0.01901487542043345,-0.056379411259487325,0.017825601482341507,0.056093840614539564
BACE1,min,s3_top50,2400,5,1|2|3|4|5,-0.027733954915701187,-0.12240016349034921,1,-0.025477785853760773,0.02064526374594769,-0.0652432759246248,0.015850759533720917,0.06090348258426419
BACE1,min,s4_scaffold25,2400,5,1|2|3|4|5,0.043813191503293714,-0.02797284432452163,4,0.04252266118804457,0.026046655877716235,-0.007659454481520731,0.09605264237934572,0.07683757747770033
BACE1,min,s4_scaffold50,2400,5,1|2|3|4|5,0.008752830300726922,-0.06914220952497618,2,0.007491936584119779,0.028089881298905273,-0.047099171938350885,0.06288342050895959,0.08286508797049012
BACE1,min,s5_score_oracle,2400,5,1|2|3|4|5,-0.014890018272294848,-0.07716316540817575,3,-0.010583725867663681,0.027825760062794386,-0.06301211173858698,0.04518132604701496,0.08208593090562719
BACE1,min,s2_uniform,3600,5,1|2|3|4|5,-0.028529570527123717,-0.09243986017909867,1,-0.027271922656061928,0.02036341485173455,-0.06759389041559002,0.012127625144102394,0.06007202896704056
BACE1,min,s3_top10,3600,5,1|2|3|4|5,-0.005029365378630068,-0.08506944444444436,3,-0.0033244355514262516,0.014854621637207889,-0.03197520451770453,0.025327221565850478,0.04382110111599332
BACE1,min,s3_top25,3600,5,1|2|3|4|5,-0.023220900182175208,-0.10722375811721613,2,-0.021685561777591712,0.019228756553876902,-0.05789908242081039,0.017157940240151836,0.05672478948717545
BACE1,min,s3_top50,3600,5,1|2|3|4|5,-0.03216909166546141,-0.1317968645182072,1,-0.02983900086957624,0.022455130370050015,-0.07478449798724798,0.013612816201273373,0.06624258513956542
BACE1,min,s4_scaffold25,3600,5,1|2|3|4|5,0.043813191503293714,-0.02797284432452163,4,0.04252266118804457,0.026046655877716235,-0.007659454481520731,0.09605264237934572,0.07683757747770033
BACE1,min,s4_scaffold50,3600,5,1|2|3|4|5,0.0026553668965892396,-0.06338824127100795,2,0.0015283481804358615,0.028858778741146774,-0.054976787854421456,0.058373554059808166,0.08513333373178887
BACE1,min,s5_score_oracle,3600,5,1|2|3|4|5,-0.014890018272294848,-0.07716316540817575,3,-0.010583725867663681,0.027825760062794386,-0.06301211173858698,0.04518132604701496,0.08208593090562719
BACE1,min,s2_uniform,4800,5,1|2|3|4|5,-0.017003315477413194,-0.08183395114536512,2,-0.013115426290544316,0.02459603266980101,-0.059535744536012805,0.03689353989269181,0.07255824220900291
BACE1,min,s3_top10,4800,5,1|2|3|4|5,-0.005029365378630068,-0.08506944444444436,3,-0.0033244355514262516,0.014854621637207889,-0.03197520451770453,0.025327221565850478,0.04382110111599332
BACE1,min,s3_top25,4800,5,1|2|3|4|5,-0.023220900182175208,-0.10722375811721613,2,-0.021685561777591712,0.019228756553876902,-0.05789908242081039,0.017157940240151836,0.05672478948717545
BACE1,min,s3_top50,4800,5,1|2|3|4|5,-0.034257995822697264,-0.1193229219588191,1,-0.031874556444279736,0.02349750873568755,-0.07920969298120721,0.01258805413069226,0.06931759902260579
BACE1,min,s4_scaffold25,4800,5,1|2|3|4|5,0.043813191503293714,-0.02797284432452163,4,0.04252266118804457,0.026046655877716235,-0.007659454481520731,0.09605264237934572,0.07683757747770033
BACE1,min,s4_scaffold50,4800,5,1|2|3|4|5,0.0026553668965892396,-0.06338824127100795,2,0.0015283481804358615,0.028858778741146774,-0.054976787854421456,0.058373554059808166,0.08513333373178887
BACE1,min,s5_score_oracle,4800,5,1|2|3|4|5,-0.014890018272294848,-0.07716316540817575,3,-0.010583725867663681,0.027825760062794386,-0.06301211173858698,0.04518132604701496,0.08208593090562719
CDK2,mean,s2_uniform,600,4,0|1|2|3,0.03994958622836833,0.0038545968392105223,4,0.03718075984539679,0.0213372305633689,-0.0031693201689895942,0.08092597643454313,0.06294478317176448
CDK2,mean,s3_top10,600,4,0|1|2|3,-0.012492254344476234,-0.06893206413506925,1,-0.014734926072788654,0.024344847091053345,-0.06379473447131155,0.031486904996201916,0.07181724530487375
CDK2,mean,s3_top25,600,4,0|1|2|3,-0.015744185143805878,-0.10841822620517672,2,-0.018337408395236395,0.03080955653351327,-0.0777505014206008,0.04372932954733728,0.09088812392314607
CDK2,mean,s3_top50,600,4,0|1|2|3,0.03835223534361015,-0.02789560694737092,3,0.03283297297413389,0.02399436743049703,-0.01106644975170706,0.08265573819623366,0.0707833310780807
CDK2,mean,s4_scaffold25,600,4,0|1|2|3,-0.015744185143805878,-0.10841822620517672,2,-0.018337408395236395,0.03080955653351327,-0.0777505014206008,0.04372932954733728,0.09088812392314607
CDK2,mean,s4_scaffold50,600,4,0|1|2|3,0.03835223534361015,-0.02789560694737092,3,0.03283297297413389,0.02399436743049703,-0.01106644975170706,0.08265573819623366,0.0707833310780807
CDK2,mean,s5_score_oracle,600,4,0|1|2|3,0.05289273547871387,-0.010908995245033637,3,0.048088890710127286,0.026948298309694294,-0.00457890761405714,0.1018132005725481,0.07949742066638266
CDK2,mean,s2_uniform,1200,4,0|1|2|3,0.06119175590300774,-0.0016491584914293256,3,0.05625985273818562,0.026692686938718704,0.007204337879532458,0.11038872804401748,0.0787433676849279
CDK2,mean,s3_top10,1200,4,0|1|2|3,-0.012492254344476234,-0.06893206413506925,1,-0.014734926072788654,0.024344847091053345,-0.06379473447131155,0.031486904996201916,0.07181724530487375
CDK2,mean,s3_top25,1200,4,0|1|2|3,-0.035790362429836964,-0.14718168846752777,2,-0.038094658441514315,0.032804588851346836,-0.10048588950715255,0.030333191699339353,0.09677346486717107
CDK2,mean,s3_top50,1200,4,0|1|2|3,0.008255697437382914,-0.04698427178523534,2,0.0033385776405880137,0.030250731459525726,-0.057474940835444244,0.06202813874363774,0.08923959118556209
CDK2,mean,s4_scaffold25,1200,4,0|1|2|3,-0.035790362429836964,-0.14718168846752777,2,-0.038094658441514315,0.032804588851346836,-0.10048588950715255,0.030333191699339353,0.09677346486717107
CDK2,mean,s4_scaffold50,1200,4,0|1|2|3,0.008255697437382914,-0.04698427178523534,2,0.0033385776405880137,0.030250731459525726,-0.057474940835444244,0.06202813874363774,0.08923959118556209
CDK2,mean,s5_score_oracle,1200,4,0|1|2|3,0.04573745742062976,-0.027053055862778397,3,0.041445326933966325,0.027998968469313237,-0.01463811399421563,0.09835780570923834,0.0825968953234075
CDK2,mean,s2_uniform,2400,4,0|1|2|3,0.053461614300117505,0.01030283824311562,4,0.04822965173694817,0.028186177022199912,-0.005067999090502298,0.10428852778505227,0.08314916014214088
CDK2,mean,s3_top10,2400,4,0|1|2|3,-0.012492254344476234,-0.06893206413506925,1,-0.014734926072788654,0.024344847091053345,-0.06379473447131155,0.031486904996201916,0.07181724530487375
CDK2,mean,s3_top25,2400,4,0|1|2|3,-0.035790362429836964,-0.14718168846752777,2,-0.038094658441514315,0.032804588851346836,-0.10048588950715255,0.030333191699339353,0.09677346486717107
CDK2,mean,s3_top50,2400,4,0|1|2|3,-0.0025052129120325117,-0.08572496212937397,2,-0.007015311692973196,0.03136617405654029,-0.06906706656852102,0.05227442570275724,0.09253014439025811
CDK2,mean,s4_scaffold25,2400,4,0|1|2|3,-0.035790362429836964,-0.14718168846752777,2,-0.038094658441514315,0.032804588851346836,-0.10048588950715255,0.030333191699339353,0.09677346486717107
CDK2,mean,s4_scaffold50,2400,4,0|1|2|3,-0.0025052129120325117,-0.08572496212937397,2,-0.007015311692973196,0.03136617405654029,-0.06906706656852102,0.05227442570275724,0.09253014439025811
CDK2,mean,s5_score_oracle,2400,4,0|1|2|3,0.050808404990729306,-0.0011615191543616898,3,0.04586331201635183,0.027743036484807734,-0.006324272718514288,0.10014394547961408,0.08184189653274557
CDK2,mean,s2_uniform,3600,4,0|1|2|3,0.05485916726477694,0.017233612147573685,4,0.049568644916250564,0.028036525787111535,-0.0024044000249086274,0.1051590904200879,0.08270768932820141
CDK2,mean,s3_top10,3600,4,0|1|2|3,-0.012492254344476234,-0.06893206413506925,1,-0.014734926072788654,0.024344847091053345,-0.06379473447131155,0.031486904996201916,0.07181724530487375
CDK2,mean,s3_top25,3600,4,0|1|2|3,-0.035790362429836964,-0.14718168846752777,2,-0.038094658441514315,0.032804588851346836,-0.10048588950715255,0.030333191699339353,0.09677346486717107
CDK2,mean,s3_top50,3600,4,0|1|2|3,-0.0025052129120325117,-0.08572496212937397,2,-0.007015311692973196,0.03136617405654029,-0.06906706656852102,0.05227442570275724,0.09253014439025811
CDK2,mean,s4_scaffold25,3600,4,0|1|2|3,-0.035790362429836964,-0.14718168846752777,2,-0.038094658441514315,0.032804588851346836,-0.10048588950715255,0.030333191699339353,0.09677346486717107
CDK2,mean,s4_scaffold50,3600,4,0|1|2|3,-0.0025052129120325117,-0.08572496212937397,2,-0.007015311692973196,0.03136617405654029,-0.06906706656852102,0.05227442570275724,0.09253014439025811
CDK2,mean,s5_score_oracle,3600,4,0|1|2|3,0.05485916726477694,0.017233612147573685,4,0.049568644916250564,0.028036525787111535,-0.0024044000249086274,0.1051590904200879,0.08270768932820141
CDK2,mean,s2_uniform,4800,4,0|1|2|3,0.05485916726477694,0.017233612147573685,4,0.049568644916250564,0.028036525787111535,-0.0024044000249086274,0.1051590904200879,0.08270768932820141
CDK2,mean,s3_top10,4800,4,0|1|2|3,-0.012492254344476234,-0.06893206413506925,1,-0.014734926072788654,0.024344847091053345,-0.06379473447131155,0.031486904996201916,0.07181724530487375
CDK2,mean,s3_top25,4800,4,0|1|2|3,-0.035790362429836964,-0.14718168846752777,2,-0.038094658441514315,0.032804588851346836,-0.10048588950715255,0.030333191699339353,0.09677346486717107
CDK2,mean,s3_top50,4800,4,0|1|2|3,-0.0025052129120325117,-0.08572496212937397,2,-0.007015311692973196,0.03136617405654029,-0.06906706656852102,0.05227442570275724,0.09253014439025811
CDK2,mean,s4_scaffold25,4800,4,0|1|2|3,-0.035790362429836964,-0.14718168846752777,2,-0.038094658441514315,0.032804588851346836,-0.10048588950715255,0.030333191699339353,0.09677346486717107
CDK2,mean,s4_scaffold50,4800,4,0|1|2|3,-0.0025052129120325117,-0.08572496212937397,2,-0.007015311692973196,0.03136617405654029,-0.06906706656852102,0.05227442570275724,0.09253014439025811
CDK2,mean,s5_score_oracle,4800,4,0|1|2|3,0.05485916726477694,0.017233612147573685,4,0.049568644916250564,0.028036525787111535,-0.0024044000249086274,0.1051590904200879,0.08270768932820141
CDK2,min,s2_uniform,600,4,0|1|2|3,0.011764741804390189,-0.035009766856474056,1,0.007709242210973562,0.025951007103148294,-0.04399444596137765,0.05600627500121222,0.07655541380336857
CDK2,min,s3_top10,600,4,0|1|2|3,0.0062500000000000056,0.0,1,0.003949187672435712,0.005584986440166256,0.0,0.017363591269841223,0.0164756976988866
CDK2,min,s3_top25,600,4,0|1|2|3,0.029603174603174603,0.0,3,0.024200309975218402,0.014010176618945873,0.0013949342757936668,0.05382588439222705,0.04132999017180961
CDK2,min,s3_top50,600,4,0|1|2|3,0.02441380702845483,-0.015362137862137915,3,0.017301383922233207,0.022414119251691803,-0.02668235159463214,0.06059198020229807,0.06612160243072591
CDK2,min,s4_scaffold25,600,4,0|1|2|3,0.029603174603174603,0.0,3,0.024200309975218402,0.014010176618945873,0.0013949342757936668,0.05382588439222705,0.04132999017180961
CDK2,min,s4_scaffold50,600,4,0|1|2|3,0.02441380702845483,-0.015362137862137915,3,0.017301383922233207,0.022414119251691803,-0.02668235159463214,0.06059198020229807,0.06612160243072591
CDK2,min,s5_score_oracle,600,4,0|1|2|3,0.04194465187887761,0.011281564866023941,4,0.03515285887797468,0.031223183485917412,-0.024177357777073194,0.09764348686240786,0.09210832252182333
CDK2,min,s2_uniform,1200,4,0|1|2|3,0.032699255719234904,0.01203553311999217,4,0.025967281088235688,0.03077170597385324,-0.03365629266816815,0.08612323288686567,0.09077646485550585
CDK2,min,s3_top10,1200,4,0|1|2|3,0.0062500000000000056,0.0,1,0.003949187672435712,0.005584986440166256,0.0,0.017363591269841223,0.0164756976988866
CDK2,min,s3_top25,1200,4,0|1|2|3,0.029603174603174603,0.0,3,0.024200309975218402,0.014010176618945873,0.0013949342757936668,0.05382588439222705,0.04132999017180961
CDK2,min,s3_top50,1200,4,0|1|2|3,0.03713827650892279,0.014052429768373953,4,0.02953599479411682,0.02484773854910671,-0.018920346744033572,0.07722936811973595,0.0733007739986324
CDK2,min,s4_scaffold25,1200,4,0|1|2|3,0.029603174603174603,0.0,3,0.024200309975218402,0.014010176618945873,0.0013949342757936668,0.05382588439222705,0.04132999017180961
CDK2,min,s4_scaffold50,1200,4,0|1|2|3,0.03713827650892279,0.014052429768373953,4,0.02953599479411682,0.02484773854910671,-0.018920346744033572,0.07722936811973595,0.0733007739986324
CDK2,min,s5_score_oracle,1200,4,0|1|2|3,0.04194465187887761,0.011281564866023941,4,0.03515285887797468,0.031223183485917412,-0.024177357777073194,0.09764348686240786,0.09210832252182333
CDK2,min,s2_uniform,2400,4,0|1|2|3,0.04194465187887761,0.011281564866023941,4,0.03515285887797468,0.031223183485917412,-0.024177357777073194,0.09764348686240786,0.09210832252182333
CDK2,min,s3_top10,2400,4,0|1|2|3,0.0062500000000000056,0.0,1,0.003949187672435712,0.005584986440166256,0.0,0.017363591269841223,0.0164756976988866
CDK2,min,s3_top25,2400,4,0|1|2|3,0.029603174603174603,0.0,3,0.024200309975218402,0.014010176618945873,0.0013949342757936668,0.05382588439222705,0.04132999017180961
CDK2,min,s3_top50,2400,4,0|1|2|3,0.03713827650892279,0.014052429768373953,4,0.02953599479411682,0.02484773854910671,-0.018920346744033572,0.07722936811973595,0.0733007739986324
CDK2,min,s4_scaffold25,2400,4,0|1|2|3,0.029603174603174603,0.0,3,0.024200309975218402,0.014010176618945873,0.0013949342757936668,0.05382588439222705,0.04132999017180961
CDK2,min,s4_scaffold50,2400,4,0|1|2|3,0.03713827650892279,0.014052429768373953,4,0.02953599479411682,0.02484773854910671,-0.018920346744033572,0.07722936811973595,0.0733007739986324
CDK2,min,s5_score_oracle,2400,4,0|1|2|3,0.04194465187887761,0.011281564866023941,4,0.03515285887797468,0.031223183485917412,-0.024177357777073194,0.09764348686240786,0.09210832252182333
CDK2,min,s2_uniform,3600,4,0|1|2|3,0.04194465187887761,0.011281564866023941,4,0.03515285887797468,0.031223183485917412,-0.024177357777073194,0.09764348686240786,0.09210832252182333
CDK2,min,s3_top10,3600,4,0|1|2|3,0.0062500000000000056,0.0,1,0.003949187672435712,0.005584986440166256,0.0,0.017363591269841223,0.0164756976988866
CDK2,min,s3_top25,3600,4,0|1|2|3,0.029603174603174603,0.0,3,0.024200309975218402,0.014010176618945873,0.0013949342757936668,0.05382588439222705,0.04132999017180961
CDK2,min,s3_top50,3600,4,0|1|2|3,0.03713827650892279,0.014052429768373953,4,0.02953599479411682,0.02484773854910671,-0.018920346744033572,0.07722936811973595,0.0733007739986324
CDK2,min,s4_scaffold25,3600,4,0|1|2|3,0.029603174603174603,0.0,3,0.024200309975218402,0.014010176618945873,0.0013949342757936668,0.05382588439222705,0.04132999017180961
CDK2,min,s4_scaffold50,3600,4,0|1|2|3,0.03713827650892279,0.014052429768373953,4,0.02953599479411682,0.02484773854910671,-0.018920346744033572,0.07722936811973595,0.0733007739986324
CDK2,min,s5_score_oracle,3600,4,0|1|2|3,0.04194465187887761,0.011281564866023941,4,0.03515285887797468,0.031223183485917412,-0.024177357777073194,0.09764348686240786,0.09210832252182333
CDK2,min,s2_uniform,4800,4,0|1|2|3,0.04194465187887761,0.011281564866023941,4,0.03515285887797468,0.031223183485917412,-0.024177357777073194,0.09764348686240786,0.09210832252182333
CDK2,min,s3_top10,4800,4,0|1|2|3,0.0062500000000000056,0.0,1,0.003949187672435712,0.005584986440166256,0.0,0.017363591269841223,0.0164756976988866
CDK2,min,s3_top25,4800,4,0|1|2|3,0.029603174603174603,0.0,3,0.024200309975218402,0.014010176618945873,0.0013949342757936668,0.05382588439222705,0.04132999017180961
CDK2,min,s3_top50,4800,4,0|1|2|3,0.03713827650892279,0.014052429768373953,4,0.02953599479411682,0.02484773854910671,-0.018920346744033572,0.07722936811973595,0.0733007739986324
CDK2,min,s4_scaffold25,4800,4,0|1|2|3,0.029603174603174603,0.0,3,0.024200309975218402,0.014010176618945873,0.0013949342757936668,0.05382588439222705,0.04132999017180961
CDK2,min,s4_scaffold50,4800,4,0|1|2|3,0.03713827650892279,0.014052429768373953,4,0.02953599479411682,0.02484773854910671,-0.018920346744033572,0.07722936811973595,0.0733007739986324
CDK2,min,s5_score_oracle,4800,4,0|1|2|3,0.04194465187887761,0.011281564866023941,4,0.03515285887797468,0.031223183485917412,-0.024177357777073194,0.09764348686240786,0.09210832252182333
EGFR,mean,s2_uniform,600,5,1|2|3|4|5,0.0,0.0,0,0.0,0.0,0.0,0.0,0.0
EGFR,mean,s3_top10,600,5,1|2|3|4|5,0.0,0.0,0,0.0,0.0,0.0,0.0,0.0
EGFR,mean,s3_top25,600,5,1|2|3|4|5,0.0,0.0,0,0.0,0.0,0.0,0.0,0.0
EGFR,mean,s3_top50,600,5,1|2|3|4|5,0.0,0.0,0,0.0,0.0,0.0,0.0,0.0
EGFR,mean,s4_scaffold25,600,5,1|2|3|4|5,0.04865241156184086,0.015464998322663681,5,0.046245794558771126,0.0158731362465166,0.015607839101423833,0.07911250484187529,0.04682571697041791
EGFR,mean,s4_scaffold50,600,5,1|2|3|4|5,0.03232424786876616,-0.02355814731097644,4,0.03164150165793714,0.014929118861553643,0.0045829758004462115,0.06315069088789158,0.04404086776375088
EGFR,mean,s5_score_oracle,600,5,1|2|3|4|5,-0.0268351202367715,-0.0474232221698081,0,-0.028283698035396425,0.01681187108860683,-0.06281278307723659,0.003653946531431882,0.049594982687243945
EGFR,mean,s2_uniform,1200,5,1|2|3|4|5,0.010006707104039248,-0.026837226799213076,2,0.00993606416636482,0.013299479044852798,-0.01307726999703675,0.03822323803358472,0.03923343389337736
EGFR,mean,s3_top10,1200,5,1|2|3|4|5,-0.01679586327359714,-0.02653739191611132,0,-0.021085423669250595,0.019350263778967272,-0.06126729073035923,0.014095288189561283,0.05708323553360128
EGFR,mean,s3_top25,1200,5,1|2|3|4|5,0.015614230463946365,-0.008855189194455548,3,0.014370064222986543,0.014923449333785548,-0.013638663188048945,0.0453604573633943,0.04402414266932079
EGFR,mean,s3_top50,1200,5,1|2|3|4|5,0.02609644005795585,-0.022477373065769746,4,0.02358171719307328,0.01408264367147639,-0.001429343023071784,0.05308424111679225,0.0415437678171832
EGFR,mean,s4_scaffold25,1200,5,1|2|3|4|5,0.03876492075846688,-0.0016877232120930952,4,0.0353537437757048,0.016803526205435026,0.003802343511722676,0.06923005596875945,0.04957036530026475
EGFR,mean,s4_scaffold50,1200,5,1|2|3|4|5,0.030966144399823592,-0.006006870084631355,4,0.027273170936389257,0.015112711856178632,-0.001065432474165204,0.05888471978949071,0.04458246669357471
EGFR,mean,s5_score_oracle,1200,5,1|2|3|4|5,-0.01918930155120834,-0.042490171952506706,1,-0.019094645729445244,0.01650749299344129,-0.05224377735489195,0.0124697128190934,0.048697067976825936
EGFR,mean,s2_uniform,2400,5,1|2|3|4|5,0.021646475810208066,-0.03217210767322931,4,0.018441945316180118,0.013597698860260079,-0.00662391639748148,0.04635761510539911,0.04011318169207065
EGFR,mean,s3_top10,2400,5,1|2|3|4|5,-0.027569439883685744,-0.03603164823333224,0,-0.03203604104991579,0.021364212811143295,-0.0758337931737287,0.007875829394733837,0.06302438074327697
EGFR,mean,s3_top25,2400,5,1|2|3|4|5,-0.0244185389317656,-0.05195148916346523,1,-0.02974621495051841,0.020059245265688457,-0.07115629002173197,0.006980307987047227,0.05917472935806574
EGFR,mean,s3_top50,2400,5,1|2|3|4|5,0.006323527329361306,-0.03972563976082852,3,0.0031830852263078357,0.015580315679045765,-0.026266427051258114,0.0342503342696306,0.045961896941246576
EGFR,mean,s4_scaffold25,2400,5,1|2|3|4|5,0.007680465186301005,-0.03164061401062371,3,0.002604185730249469,0.02169139570076725,-0.04098954241997478,0.04375135368740153,0.06398956954712516
EGFR,mean,s4_scaffold50,2400,5,1|2|3|4|5,0.012233038149127207,-0.01945926882554222,3,0.008078984168776955,0.01795910451732847,-0.028924073673770773,0.04145940705965587,0.0529793187754641
EGFR,mean,s5_score_oracle,2400,5,1|2|3|4|5,-0.005604326801243631,-0.019835824391322143,2,-0.00955379144941115,0.01549572719385499,-0.040195672118698324,0.021038216840277502,0.04571236109621981
EGFR,mean,s2_uniform,3600,5,1|2|3|4|5,0.014801178233001866,-0.022784218326036165,3,0.013016425025574062,0.014744939773180562,-0.014524858362532027,0.042512798730953066,0.043497539858660915
EGFR,mean,s3_top10,3600,5,1|2|3|4|5,-0.027569439883685744,-0.03603164823333224,0,-0.03203604104991579,0.021364212811143295,-0.0758337931737287,0.007875829394733837,0.06302438074327697
EGFR,mean,s3_top25,3600,5,1|2|3|4|5,-0.0244185389317656,-0.05195148916346523,1,-0.02974621495051841,0.020059245265688457,-0.07115629002173197,0.006980307987047227,0.05917472935806574
EGFR,mean,s3_top50,3600,5,1|2|3|4|5,-0.011714907334545072,-0.03150488711915275,1,-0.014685855621779023,0.018316708918132037,-0.0520764259654182,0.020285174673510466,0.054034250970296016
EGFR,mean,s4_scaffold25,3600,5,1|2|3|4|5,0.007680465186301005,-0.03164061401062371,3,0.002604185730249469,0.02169139570076725,-0.04098954241997478,0.04375135368740153,0.06398956954712516
EGFR,mean,s4_scaffold50,3600,5,1|2|3|4|5,-0.004140195117239631,-0.024499498001925635,2,-0.006898531181299448,0.02025819842793398,-0.047139943009765185,0.031351170339737396,0.05976164074854303
EGFR,mean,s5_score_oracle,3600,5,1|2|3|4|5,-0.006847035990048845,-0.02233107994638439,2,-0.01019590048715866,0.01744661934047912,-0.04634653192778197,0.02375024505348835,0.0514674886323852
EGFR,mean,s2_uniform,4800,5,1|2|3|4|5,0.00673852571860647,-0.02413093129528865,3,0.00310098773666776,0.01645211420305155,-0.02947820888462008,0.0348316682134921,0.048533700667134826
EGFR,mean,s3_top10,4800,5,1|2|3|4|5,-0.027569439883685744,-0.03603164823333224,0,-0.03203604104991579,0.021364212811143295,-0.0758337931737287,0.007875829394733837,0.06302438074327697
EGFR,mean,s3_top25,4800,5,1|2|3|4|5,-0.0244185389317656,-0.05195148916346523,1,-0.02974621495051841,0.020059245265688457,-0.07115629002173197,0.006980307987047227,0.05917472935806574
EGFR,mean,s3_top50,4800,5,1|2|3|4|5,-0.015717756229067105,-0.03816767047039599,1,-0.01892590129986886,0.018704985234644596,-0.05653342770741556,0.017064517275643943,0.05517966524892186
EGFR,mean,s4_scaffold25,4800,5,1|2|3|4|5,0.007680465186301005,-0.03164061401062371,3,0.002604185730249469,0.02169139570076725,-0.04098954241997478,0.04375135368740153,0.06398956954712516
EGFR,mean,s4_scaffold50,4800,5,1|2|3|4|5,-0.0034908846932829364,-0.024499498001925635,2,-0.006192750376422045,0.020253104721121747,-0.04682642178852536,0.03199535016472045,0.05974661432466461
EGFR,mean,s5_score_oracle,4800,5,1|2|3|4|5,-0.00290950145701937,-0.02166044902533515,2,-0.006951610394342361,0.017759168667827903,-0.04270171117478864,0.02634488982629191,0.052389508459748574
EGFR,min,s2_uniform,600,5,1|2|3|4|5,0.0,0.0,0,0.0,0.0,0.0,0.0,0.0
EGFR,min,s3_top10,600,5,1|2|3|4|5,0.0,0.0,0,0.0,0.0,0.0,0.0,0.0
EGFR,min,s3_top25,600,5,1|2|3|4|5,0.0,0.0,0,0.0,0.0,0.0,0.0,0.0
EGFR,min,s3_top50,600,5,1|2|3|4|5,0.0,0.0,0,0.0,0.0,0.0,0.0,0.0
EGFR,min,s4_scaffold25,600,5,1|2|3|4|5,0.03828186965105128,0.012269009294733846,5,0.03729472291026557,0.01438955339235319,0.011188300499478653,0.06755090238980682,0.042449150817874114
EGFR,min,s4_scaffold50,600,5,1|2|3|4|5,0.03236908561362194,0.004354567617789296,5,0.030800815436172236,0.014054898814254396,0.0046863727372163395,0.05977831095637919,0.04146192054947977
EGFR,min,s5_score_oracle,600,5,1|2|3|4|5,-0.0268351202367715,-0.0474232221698081,0,-0.028283698035396425,0.01681187108860683,-0.06281278307723659,0.003653946531431882,0.049594982687243945
EGFR,min,s2_uniform,1200,5,1|2|3|4|5,-0.0012007760291179227,-0.03282942298405134,2,-0.002319503240017142,0.012417190124471976,-0.025649691049418617,0.021931982684182477,0.036630683521285366
EGFR,min,s3_top10,1200,5,1|2|3|4|5,0.009172378547378535,-0.006712962962962976,4,0.00810981642598871,0.008585265265942077,-0.006391104492949166,0.027256224882661457,0.025326513627524982
EGFR,min,s3_top25,1200,5,1|2|3|4|5,0.004855296913526619,-0.018206791353637064,3,0.004201971979048323,0.011568990249671476,-0.016826858678849376,0.02852969855703501,0.03412849575858232
EGFR,min,s3_top50,1200,5,1|2|3|4|5,0.000989754314799074,-0.031308542541048034,2,-0.0003184589725199104,0.01288583423237628,-0.024202441375562725,0.02671233746143029,0.038013182607525925
EGFR,min,s4_scaffold25,1200,5,1|2|3|4|5,0.017259119424753732,-0.006839032424718838,4,0.0166743787257925,0.0126511880512475,-0.0072671806628501765,0.04234763369816843,0.037320976889948405
EGFR,min,s4_scaffold50,1200,5,1|2|3|4|5,0.009298589879947305,-0.013360770000934497,3,0.007826859431546767,0.01268097500858775,-0.01617438184061768,0.03357232390642529,0.03740884834850345
EGFR,min,s5_score_oracle,1200,5,1|2|3|4|5,-0.0268351202367715,-0.0474232221698081,0,-0.028283698035396425,0.01681187108860683,-0.06281278307723659,0.003653946531431882,0.049594982687243945
EGFR,min,s2_uniform,2400,5,1|2|3|4|5,-0.00864022767226591,-0.05186383072608278,2,-0.011156189350992416,0.013839939282963872,-0.038483480688902214,0.016775745649686934,0.04082779040556994
EGFR,min,s3_top10,2400,5,1|2|3|4|5,0.009172378547378535,-0.006712962962962976,4,0.00810981642598871,0.008585265265942077,-0.006391104492949166,0.027256224882661457,0.025326513627524982
EGFR,min,s3_top25,2400,5,1|2|3|4|5,-0.00746298505277192,-0.015022353580990355,1,-0.009062845725486938,0.011429514762396622,-0.032211139814567295,0.014172924800875283,0.033717043378283074
EGFR,min,s3_top50,2400,5,1|2|3|4|5,-0.024233807410775632,-0.042749593343615944,0,-0.025541385732921383,0.015801588863993528,-0.05798170016882429,0.003448399922734771,0.04661465234954094
EGFR,min,s4_scaffold25,2400,5,1|2|3|4|5,0.014576162855593877,-0.009323791443971885,4,0.013333805200716342,0.012817381872777494,-0.011349089190311258,0.038332937223740725,0.037811248297459535
EGFR,min,s4_scaffold50,2400,5,1|2|3|4|5,-0.016769364035064925,-0.029324262861059713,0,-0.017838517944926777,0.016183259886515484,-0.05079574309708515,0.012736861315969166,0.0477405810254411
EGFR,min,s5_score_oracle,2400,5,1|2|3|4|5,-0.0268351202367715,-0.0474232221698081,0,-0.028283698035396425,0.01681187108860683,-0.06281278307723659,0.003653946531431882,0.049594982687243945
EGFR,min,s2_uniform,3600,5,1|2|3|4|5,-0.023624841229555587,-0.05016061231864266,0,-0.024452753325126163,0.016497638313726696,-0.05740543236720483,0.006930851516013246,0.04866799669337048
EGFR,min,s3_top10,3600,5,1|2|3|4|5,0.009172378547378535,-0.006712962962962976,4,0.00810981642598871,0.008585265265942077,-0.006391104492949166,0.027256224882661457,0.025326513627524982
EGFR,min,s3_top25,3600,5,1|2|3|4|5,-0.00746298505277192,-0.015022353580990355,1,-0.009062845725486938,0.011429514762396622,-0.032211139814567295,0.014172924800875283,0.033717043378283074
EGFR,min,s3_top50,3600,5,1|2|3|4|5,-0.024750244758840422,-0.04132517899401955,0,-0.02599388972973538,0.015938723602022694,-0.058594102749465256,0.0033986926722557697,0.04701919952472035
EGFR,min,s4_scaffold25,3600,5,1|2|3|4|5,0.014576162855593877,-0.009323791443971885,4,0.013333805200716342,0.012817381872777494,-0.011349089190311258,0.038332937223740725,0.037811248297459535
EGFR,min,s4_scaffold50,3600,5,1|2|3|4|5,-0.018189440025073424,-0.029324262861059713,0,-0.019232824903805443,0.01625167311553813,-0.05238168090608635,0.011615873491337912,0.04794239990039403
EGFR,min,s5_score_oracle,3600,5,1|2|3|4|5,-0.0268351202367715,-0.0474232221698081,0,-0.028283698035396425,0.01681187108860683,-0.06281278307723659,0.003653946531431882,0.049594982687243945
EGFR,min,s2_uniform,4800,5,1|2|3|4|5,-0.0258418418177656,-0.04706778343650175,0,-0.027320792052211138,0.016809834893844536,-0.06186522916331931,0.004468471566533917,0.04958897591717941
EGFR,min,s3_top10,4800,5,1|2|3|4|5,0.009172378547378535,-0.006712962962962976,4,0.00810981642598871,0.008585265265942077,-0.006391104492949166,0.027256224882661457,0.025326513627524982
EGFR,min,s3_top25,4800,5,1|2|3|4|5,-0.00746298505277192,-0.015022353580990355,1,-0.009062845725486938,0.011429514762396622,-0.032211139814567295,0.014172924800875283,0.033717043378283074
EGFR,min,s3_top50,4800,5,1|2|3|4|5,-0.024750244758840422,-0.04132517899401955,0,-0.02599388972973538,0.015938723602022694,-0.058594102749465256,0.0033986926722557697,0.04701919952472035
EGFR,min,s4_scaffold25,4800,5,1|2|3|4|5,0.014576162855593877,-0.009323791443971885,4,0.013333805200716342,0.012817381872777494,-0.011349089190311258,0.038332937223740725,0.037811248297459535
EGFR,min,s4_scaffold50,4800,5,1|2|3|4|5,-0.018189440025073424,-0.029324262861059713,0,-0.019232824903805443,0.01625167311553813,-0.05238168090608635,0.011615873491337912,0.04794239990039403
EGFR,min,s5_score_oracle,4800,5,1|2|3|4|5,-0.0268351202367715,-0.0474232221698081,0,-0.028283698035396425,0.01681187108860683,-0.06281278307723659,0.003653946531431882,0.049594982687243945
ESR1,mean,s2_uniform,600,5,1|2|3|4|5,0.0,0.0,0,0.0,0.0,0.0,0.0,0.0
ESR1,mean,s3_top10,600,5,1|2|3|4|5,0.0,0.0,0,0.0,0.0,0.0,0.0,0.0
ESR1,mean,s3_top25,600,5,1|2|3|4|5,0.0,0.0,0,0.0,0.0,0.0,0.0,0.0
ESR1,mean,s3_top50,600,5,1|2|3|4|5,0.0,0.0,0,0.0,0.0,0.0,0.0,0.0
ESR1,mean,s4_scaffold25,600,5,1|2|3|4|5,0.0455014750764583,-0.01377121026681094,4,0.043667667516265427,0.017041340542035762,0.01138427063948661,0.0791067451600165,0.05027191706950742
ESR1,mean,s4_scaffold50,600,5,1|2|3|4|5,-0.015965804457142796,-0.1357530473490992,3,-0.014443304696226473,0.026082894184569057,-0.0655658690313216,0.035739237260070736,0.0769444804031099
ESR1,mean,s5_score_oracle,600,5,1|2|3|4|5,-0.10686701002303041,-0.21681663727363448,1,-0.1035283149741775,0.03631224876733555,-0.17221978164764495,-0.03123431386808561,0.10712105389455134
ESR1,mean,s2_uniform,1200,5,1|2|3|4|5,-0.011390513507098276,-0.06804622982122432,3,-0.011362743926646723,0.018875764433003397,-0.048572795112227486,0.024728623372156967,0.055683463507979765
ESR1,mean,s3_top10,1200,5,1|2|3|4|5,0.005537067099567095,-0.006944444444444531,1,0.005317532759393732,0.006819535329877612,-0.007300259862061097,0.019861649294612038,0.02011761420473489
ESR1,mean,s3_top25,1200,5,1|2|3|4|5,-0.01861244716816529,-0.14442173477647807,3,-0.017987794054425806,0.017885890347333948,-0.05239758183385214,0.01660066061401729,0.05276333713521705
ESR1,mean,s3_top50,1200,5,1|2|3|4|5,-0.004580734536940434,-0.06473496622292607,3,-0.00447336438209291,0.016159580990231973,-0.03577341070635059,0.02735200896454739,0.04767072833355187
ESR1,mean,s4_scaffold25,1200,5,1|2|3|4|5,0.022149783776958865,-0.0918712717550304,4,0.02181750948043623,0.022153925456628698,-0.020814030215072516,0.06638163238706705,0.0653540313083047
ESR1,mean,s4_scaffold50,1200,5,1|2|3|4|5,-0.017104628799189902,-0.13550359639610343,3,-0.01546463062212149,0.02320362871118444,-0.06155732479664739,0.02868565582695099,0.06845065359752246
ESR1,mean,s5_score_oracle,1200,5,1|2|3|4|5,-0.06630208085106457,-0.19704900143755677,2,-0.06456752820183126,0.033066137347621836,-0.12674633983732267,0.0006197492947630712,0.09754503235518398
ESR1,mean,s2_uniform,2400,5,1|2|3|4|5,-0.029296608649026612,-0.13363626781898275,1,-0.028728668293232035,0.02133688884749008,-0.07036780800007275,0.012507352475031257,0.0629437751106745
ESR1,mean,s3_top10,2400,5,1|2|3|4|5,-0.09225910281892857,-0.15730590745046535,0,-0.0896473819510438,0.02760189501209713,-0.14613991673973814,-0.03534818704187505,0.08142552949907979
ESR1,mean,s3_top25,2400,5,1|2|3|4|5,-0.0500379610838763,-0.19190127116944367,2,-0.04929153969388218,0.020395698898428745,-0.09105120218978567,-0.010960245260504752,0.06016726683369051
ESR1,mean,s3_top50,2400,5,1|2|3|4|5,-0.06646011804050947,-0.22399591356549392,1,-0.06446494735488502,0.02341711194004323,-0.11078572788046653,-0.01765495123382749,0.06908042865250986
ESR1,mean,s4_scaffold25,2400,5,1|2|3|4|5,-0.042520792378100435,-0.1542396604377893,2,-0.0438211389312084,0.030363225937545292,-0.10520620069510124,0.013263723086885282,0.08957144964797749
ESR1,mean,s4_scaffold50,2400,5,1|2|3|4|5,-0.04904510595945429,-0.20921891334524317,2,-0.045664781446034065,0.02698367124579674,-0.09776575714840013,0.006971600836780779,0.07960177074998441
ESR1,mean,s5_score_oracle,2400,5,1|2|3|4|5,-0.057311291807222595,-0.1619504112767544,1,-0.055663609819915014,0.030740675663768854,-0.11437951232084753,0.0030524831225439246,0.09068492550909377
ESR1,mean,s2_uniform,3600,5,1|2|3|4|5,-0.058485092620928505,-0.19216665367593683,1,-0.0565161078007132,0.024770814380913494,-0.10560741035809142,-0.00614678579545174,0.07307384787186959
ESR1,mean,s3_top10,3600,5,1|2|3|4|5,-0.09225910281892857,-0.15730590745046535,0,-0.0896473819510438,0.02760189501209713,-0.14613991673973814,-0.03534818704187505,0.08142552949907979
ESR1,mean,s3_top25,3600,5,1|2|3|4|5,-0.13331788982572093,-0.19623833493062065,1,-0.13079938401728747,0.0310968281770282,-0.19180113779381952,-0.07274579942769326,0.09173557463886768
ESR1,mean,s3_top50,3600,5,1|2|3|4|5,-0.07228662922449935,-0.2436340295859436,1,-0.06986057610093369,0.02434583443331461,-0.11728047799498706,-0.02158599754888109,0.07182015796237011
ESR1,mean,s4_scaffold25,3600,5,1|2|3|4|5,-0.042520792378100435,-0.1542396604377893,2,-0.0438211389312084,0.030363225937545292,-0.10520620069510124,0.013263723086885282,0.08957144964797749
ESR1,mean,s4_scaffold50,3600,5,1|2|3|4|5,-0.04415824673918255,-0.18332186267443012,1,-0.04298605601405445,0.02432493970113736,-0.09068825166652014,0.005052424388750953,0.0717585185484629
ESR1,mean,s5_score_oracle,3600,5,1|2|3|4|5,-0.06384077227121007,-0.1751561503564965,1,-0.061741937276590365,0.029302119461560954,-0.11859735932871154,-0.0038048889342462335,0.08644118788065824
ESR1,mean,s2_uniform,4800,5,1|2|3|4|5,-0.08014318326175297,-0.21874655874773946,0,-0.07707408358380322,0.02678825558189762,-0.12819107542777766,-0.023316563611608894,0.07902529497183851
ESR1,mean,s3_top10,4800,5,1|2|3|4|5,-0.09225910281892857,-0.15730590745046535,0,-0.0896473819510438,0.02760189501209713,-0.14613991673973814,-0.03534818704187505,0.08142552949907979
ESR1,mean,s3_top25,4800,5,1|2|3|4|5,-0.13331788982572093,-0.19623833493062065,1,-0.13079938401728747,0.0310968281770282,-0.19180113779381952,-0.07274579942769326,0.09173557463886768
ESR1,mean,s3_top50,4800,5,1|2|3|4|5,-0.1708325930590869,-0.22419921836762696,0,-0.16739842927272439,0.0341097201151451,-0.23557245171502939,-0.10289923325600772,0.10062359922113484
ESR1,mean,s4_scaffold25,4800,5,1|2|3|4|5,-0.042520792378100435,-0.1542396604377893,2,-0.0438211389312084,0.030363225937545292,-0.10520620069510124,0.013263723086885282,0.08957144964797749
ESR1,mean,s4_scaffold50,4800,5,1|2|3|4|5,-0.1102320626468107,-0.17404095887974153,1,-0.1085544451530904,0.03389672670129993,-0.17779121447780158,-0.04464080206464808,0.09999526911935892
ESR1,mean,s5_score_oracle,4800,5,1|2|3|4|5,-0.06947572331149791,-0.18676650256257665,1,-0.06732494770339914,0.02892912930764004,-0.12357532784637007,-0.007742011333733833,0.08534086774801362
ESR1,min,s2_uniform,600,5,1|2|3|4|5,0.0,0.0,0,0.0,0.0,0.0,0.0,0.0
ESR1,min,s3_top10,600,5,1|2|3|4|5,0.0,0.0,0,0.0,0.0,0.0,0.0,0.0
ESR1,min,s3_top25,600,5,1|2|3|4|5,0.0,0.0,0,0.0,0.0,0.0,0.0,0.0
ESR1,min,s3_top50,600,5,1|2|3|4|5,0.0,0.0,0,0.0,0.0,0.0,0.0,0.0
ESR1,min,s4_scaffold25,600,5,1|2|3|4|5,0.04888968460815668,0.001315728257627602,5,0.047261732810871884,0.01824329166302778,0.012068167039485194,0.08500659833542808,0.0538176702294225
ESR1,min,s4_scaffold50,600,5,1|2|3|4|5,-0.01703939676875388,-0.11647207992050512,2,-0.015872760069807423,0.026993030816850633,-0.06791256013530489,0.03720720147794506,0.07962938146398116
ESR1,min,s5_score_oracle,600,5,1|2|3|4|5,-0.10686701002303041,-0.21681663727363448,1,-0.1035283149741775,0.03631224876733555,-0.17221978164764495,-0.03123431386808561,0.10712105389455134
ESR1,min,s2_uniform,1200,5,1|2|3|4|5,-0.058918503442527845,-0.12175582529020901,0,-0.05612253794817512,0.02882575898495218,-0.11082670583979824,-0.0005287373401919107,0.08503592552373297
ESR1,min,s3_top10,1200,5,1|2|3|4|5,0.00335414585414584,-0.015790343915343952,2,0.0032363524930036683,0.00878833846781904,-0.014092588462204543,0.020574117288502166,0.02592557912584161
ESR1,min,s3_top25,1200,5,1|2|3|4|5,-0.02229625408012146,-0.156891240796176,2,-0.02104471321996553,0.020796784145016404,-0.06227658797610433,0.01883184988746411,0.06135046742782927
ESR1,min,s3_top50,1200,5,1|2|3|4|5,-0.012652624597929419,-0.08886106624061252,3,-0.011365535147123474,0.021941173476601832,-0.0531760165000039,0.030883156114870677,0.06472641343576106
ESR1,min,s4_scaffold25,1200,5,1|2|3|4|5,0.03338142854657915,-0.044428964821624395,4,0.03259790264271763,0.02171730761916422,-0.008551080193843501,0.07597010575858323,0.0640660096493314
ESR1,min,s4_scaffold50,1200,5,1|2|3|4|5,-0.013760541726557529,-0.1567145777888323,3,-0.01172692312946926,0.025719686208685002,-0.061688071934741295,0.03780970016467549,0.0758730176741311
ESR1,min,s5_score_oracle,1200,5,1|2|3|4|5,-0.10686701002303041,-0.21681663727363448,1,-0.1035283149741775,0.03631224876733555,-0.17221978164764495,-0.03123431386808561,0.10712105389455134
ESR1,min,s2_uniform,2400,5,1|2|3|4|5,-0.0429009100409274,-0.16845010144892636,2,-0.04109384436036496,0.027734118694417494,-0.09549294145296579,0.01296415677290719,0.08181558907073366
ESR1,min,s3_top10,2400,5,1|2|3|4|5,0.0026658989158988788,-0.015790343915343952,1,0.002593493685390616,0.009299072811030405,-0.015250556657326412,0.02141236489220575,0.027432244313544258
ESR1,min,s3_top25,2400,5,1|2|3|4|5,-0.03353818017233827,-0.13658429052270316,1,-0.032499480118095586,0.02179372296742185,-0.07568750766553921,0.009953885284125583,0.06429143475840476
ESR1,min,s3_top50,2400,5,1|2|3|4|5,-0.07281513709836465,-0.2169290835808524,0,-0.07021398421467717,0.028361395694440843,-0.1275385681962082,-0.01662669908485363,0.0836660548393742
ESR1,min,s4_scaffold25,2400,5,1|2|3|4|5,0.030411631244351554,-0.028398748907507487,4,0.029261570621757906,0.022582768833297868,-0.015465766112504244,0.07361662317368546,0.06661911832505324
ESR1,min,s4_scaffold50,2400,5,1|2|3|4|5,-0.05043136880535252,-0.19826306346389794,2,-0.04724918739687418,0.029971641045798934,-0.10480489765251208,0.009630601103746077,0.08841627507969829
ESR1,min,s5_score_oracle,2400,5,1|2|3|4|5,-0.10686701002303041,-0.21681663727363448,1,-0.1035283149741775,0.03631224876733555,-0.17221978164764495,-0.03123431386808561,0.10712105389455134
ESR1,min,s2_uniform,3600,5,1|2|3|4|5,-0.08294534526928557,-0.18456677693858253,1,-0.07940108232860044,0.03224510840927668,-0.14289288265464817,-0.017807802699443667,0.09512299879518667
ESR1,min,s3_top10,3600,5,1|2|3|4|5,0.0026658989158988788,-0.015790343915343952,1,0.002593493685390616,0.009299072811030405,-0.015250556657326412,0.02141236489220575,0.027432244313544258
ESR1,min,s3_top25,3600,5,1|2|3|4|5,-0.030480783604711514,-0.13658429052270316,1,-0.029364883163479676,0.02210684606795938,-0.07406257967608525,0.015208161431365722,0.06521514721541136
ESR1,min,s3_top50,3600,5,1|2|3|4|5,-0.054130579209538954,-0.16340950293399142,1,-0.051830827043022054,0.028935561883363266,-0.10955650272456864,0.005265171431659258,0.08535984383223093
ESR1,min,s4_scaffold25,3600,5,1|2|3|4|5,0.030411631244351554,-0.028398748907507487,4,0.029261570621757906,0.022582768833297868,-0.015465766112504244,0.07361662317368546,0.06661911832505324
ESR1,min,s4_scaffold50,3600,5,1|2|3|4|5,-0.052444974589903395,-0.15701492940218204,2,-0.04919834333970678,0.030115571650954416,-0.10876773239623506,0.009549241500714303,0.08884087004793405
ESR1,min,s5_score_oracle,3600,5,1|2|3|4|5,-0.10686701002303041,-0.21681663727363448,1,-0.1035283149741775,0.03631224876733555,-0.17221978164764495,-0.03123431386808561,0.10712105389455134
ESR1,min,s2_uniform,4800,5,1|2|3|4|5,-0.10274316439195622,-0.2138951870909951,1,-0.09912160116710192,0.03293968594204489,-0.16363521303068776,-0.034000228013423825,0.09717200098721113
ESR1,min,s3_top10,4800,5,1|2|3|4|5,0.0026658989158988788,-0.015790343915343952,1,0.002593493685390616,0.009299072811030405,-0.015250556657326412,0.02141236489220575,0.027432244313544258
ESR1,min,s3_top25,4800,5,1|2|3|4|5,-0.030480783604711514,-0.13658429052270316,1,-0.029364883163479676,0.02210684606795938,-0.07406257967608525,0.015208161431365722,0.06521514721541136
ESR1,min,s3_top50,4800,5,1|2|3|4|5,-0.06220385900919114,-0.1862330789736637,1,-0.060289454721828145,0.03000459482362167,-0.11736264906492908,0.0008936688268269465,0.0885134886517025
ESR1,min,s4_scaffold25,4800,5,1|2|3|4|5,0.030411631244351554,-0.028398748907507487,4,0.029261570621757906,0.022582768833297868,-0.015465766112504244,0.07361662317368546,0.06661911832505324
ESR1,min,s4_scaffold50,4800,5,1|2|3|4|5,-0.046592613161381934,-0.15701492940218204,2,-0.04370247156316577,0.029748591564415613,-0.10330548846971528,0.013973643700640732,0.08775827960083091
ESR1,min,s5_score_oracle,4800,5,1|2|3|4|5,-0.10686701002303041,-0.21681663727363448,1,-0.1035283149741775,0.03631224876733555,-0.17221978164764495,-0.03123431386808561,0.10712105389455134
FA10,mean,s2_uniform,600,5,1|2|3|4|5,0.0,0.0,0,0.0,0.0,0.0,0.0,0.0
FA10,mean,s3_top10,600,5,1|2|3|4|5,0.0,0.0,0,0.0,0.0,0.0,0.0,0.0
FA10,mean,s3_top25,600,5,1|2|3|4|5,0.0,0.0,0,0.0,0.0,0.0,0.0,0.0
FA10,mean,s3_top50,600,5,1|2|3|4|5,0.0,0.0,0,0.0,0.0,0.0,0.0,0.0
FA10,mean,s4_scaffold25,600,5,1|2|3|4|5,0.0708792680043592,0.03773940857102953,5,0.06659082814618987,0.01800935760918819,0.032972592799462234,0.1018608183433886,0.053127565285779804
FA10,mean,s4_scaffold50,600,5,1|2|3|4|5,0.03402110257821285,-0.011278876140128458,4,0.03266127505191747,0.013482677797534795,0.00621462222634814,0.060526880707077554,0.03977386981033759
FA10,mean,s5_score_oracle,600,5,1|2|3|4|5,0.004742872079588517,-0.04417219692442054,3,0.0033953278693583094,0.01948179512280768,-0.035277910266144574,0.04108603976190873,0.057471252708263997
FA10,mean,s2_uniform,1200,5,1|2|3|4|5,0.03275590164370093,0.010308189607789231,5,0.030653863324443982,0.013078403015469727,0.005155184258595926,0.057556150763554574,0.038581260093564655
FA10,mean,s3_top10,1200,5,1|2|3|4|5,-0.0024396075686629105,-0.041856081010492874,3,-0.004593705720070728,0.012041590734895186,-0.029709032700940944,0.018306541761023667,0.03552266614920213
FA10,mean,s3_top25,1200,5,1|2|3|4|5,0.027125392399236076,0.008125625791418845,5,0.023646512718739784,0.012989461583355542,-0.0007057712793731985,0.049372453077625625,0.03831888306470015
FA10,mean,s3_top50,1200,5,1|2|3|4|5,0.039203681332181814,-0.0019224190741723435,4,0.03623399452757487,0.016424676322108176,0.004049277973156093,0.06879849133851682,0.04845275897877727
FA10,mean,s4_scaffold25,1200,5,1|2|3|4|5,0.05973896755115145,0.02032752976188157,5,0.05554924934248339,0.018425126535538728,0.02120944731964794,0.09257040495845614,0.054354082702881744
FA10,mean,s4_scaffold50,1200,5,1|2|3|4|5,0.05274460957465719,-0.01001075301617027,4,0.048945181794279355,0.016716533857155793,0.018056831111815684,0.08269144047087275,0.04931373806442096
FA10,mean,s5_score_oracle,1200,5,1|2|3|4|5,0.01986457746101798,-0.024555217943873275,4,0.017991974070067463,0.01725133934855427,-0.014386755044925465,0.05237169989949994,0.05089141308626461
FA10,mean,s2_uniform,2400,5,1|2|3|4|5,0.05448016764691306,0.022786882406755637,5,0.05187944675437549,0.01746981976520992,0.018826203285552397,0.08803476196612985,0.051535929834247644
FA10,mean,s3_top10,2400,5,1|2|3|4|5,-0.005060814915914319,-0.049565958342463246,2,-0.007486614026568429,0.013397927825820779,-0.03529584032490004,0.017649228028605857,0.039523857580422886
FA10,mean,s3_top25,2400,5,1|2|3|4|5,0.016016247525783938,-0.014161422255221656,3,0.010566807638984451,0.01649081860594059,-0.022570792793308724,0.04195999428900692,0.04864787857042025
FA10,mean,s3_top50,2400,5,1|2|3|4|5,0.03240979796340198,-0.010307383798516478,4,0.029443127734196616,0.01649464003123327,-0.0034415768218973458,0.06219139384186625,0.04865915176661787
FA10,mean,s4_scaffold25,2400,5,1|2|3|4|5,0.04606771216585917,-0.000879591967475668,4,0.04194251497699351,0.019724941122215647,0.004274106817329855,0.08010920265533826,0.05818853287104628
FA10,mean,s4_scaffold50,2400,5,1|2|3|4|5,0.034645023897549025,0.008218090058769278,5,0.031888479616492466,0.015837488406485228,-0.00011551854727190005,0.062355732305638484,0.04672055592083125
FA10,mean,s5_score_oracle,2400,5,1|2|3|4|5,0.02905608233884476,-0.012050312950266151,4,0.02564566931383417,0.017494267242685487,-0.00720223488211331,0.060632289652915734,0.05160804983896081
FA10,mean,s2_uniform,3600,5,1|2|3|4|5,0.03490938833443734,-0.005976087478747671,4,0.032997153108282086,0.01735894148939535,0.00023234150224972922,0.06738676778379775,0.051208839164777684
FA10,mean,s3_top10,3600,5,1|2|3|4|5,-0.005060814915914319,-0.049565958342463246,2,-0.007486614026568429,0.013397927825820779,-0.03529584032490004,0.017649228028605857,0.039523857580422886
FA10,mean,s3_top25,3600,5,1|2|3|4|5,0.016016247525783938,-0.014161422255221656,3,0.010566807638984451,0.01649081860594059,-0.022570792793308724,0.04195999428900692,0.04864787857042025
FA10,mean,s3_top50,3600,5,1|2|3|4|5,0.03354197782200868,-0.015012106625448163,4,0.02944094672350213,0.0180100846624166,-0.006150411008211979,0.06540169016219306,0.05312971009120245
FA10,mean,s4_scaffold25,3600,5,1|2|3|4|5,0.04606771216585917,-0.000879591967475668,4,0.04194251497699351,0.019724941122215647,0.004274106817329855,0.08010920265533826,0.05818853287104628
FA10,mean,s4_scaffold50,3600,5,1|2|3|4|5,0.03153467509210875,0.003157289704344035,5,0.027160999395653043,0.017616609658462148,-0.008048105471778122,0.06180937491647012,0.05196895969607189
FA10,mean,s5_score_oracle,3600,5,1|2|3|4|5,0.02982187150744266,-0.013413444357788573,4,0.026421459454366015,0.017338463630104068,-0.005825172311276659,0.06110102908660467,0.05114842952496602
FA10,mean,s2_uniform,4800,5,1|2|3|4|5,0.03631958427925302,-0.005261351820472382,4,0.03256397922131771,0.016569356861636922,-9.020560463470814e-05,0.06564501057370936,0.0488795662517626
FA10,mean,s3_top10,4800,5,1|2|3|4|5,-0.005060814915914319,-0.049565958342463246,2,-0.007486614026568429,0.013397927825820779,-0.03529584032490004,0.017649228028605857,0.039523857580422886
FA10,mean,s3_top25,4800,5,1|2|3|4|5,0.016016247525783938,-0.014161422255221656,3,0.010566807638984451,0.01649081860594059,-0.022570792793308724,0.04195999428900692,0.04864787857042025
FA10,mean,s3_top50,4800,5,1|2|3|4|5,0.022524290923249497,-0.01316358575278731,4,0.017745450026499125,0.018028496522063793,-0.01715036445287295,0.052542056272247104,0.05318402503661393
FA10,mean,s4_scaffold25,4800,5,1|2|3|4|5,0.04606771216585917,-0.000879591967475668,4,0.04194251497699351,0.019724941122215647,0.004274106817329855,0.08010920265533826,0.05818853287104628
FA10,mean,s4_scaffold50,4800,5,1|2|3|4|5,0.031516019543742196,0.0006799401244412806,5,0.027369223115129855,0.0172320044225117,-0.006140555701453537,0.06159521523867926,0.05083437509701961
FA10,mean,s5_score_oracle,4800,5,1|2|3|4|5,0.030054369097191995,-0.02171136293708542,4,0.026427941016695704,0.017647065950507704,-0.006389750210298122,0.06185052454920565,0.05205880569053355
FA10,min,s2_uniform,600,5,1|2|3|4|5,0.0,0.0,0,0.0,0.0,0.0,0.0,0.0
FA10,min,s3_top10,600,5,1|2|3|4|5,0.0,0.0,0,0.0,0.0,0.0,0.0,0.0
FA10,min,s3_top25,600,5,1|2|3|4|5,0.0,0.0,0,0.0,0.0,0.0,0.0,0.0
FA10,min,s3_top50,600,5,1|2|3|4|5,0.0,0.0,0,0.0,0.0,0.0,0.0,0.0
FA10,min,s4_scaffold25,600,5,1|2|3|4|5,0.06936002204347717,0.02912484323265463,5,0.06413533627272971,0.01751766938615186,0.03358043344208418,0.10031198589293816,0.05167708611064895
FA10,min,s4_scaffold50,600,5,1|2|3|4|5,0.05120201352405993,-0.005906544931341462,4,0.04586448618751542,0.014701513000298504,0.01880717477215976,0.07714974325031468,0.04336943097429598
FA10,min,s5_score_oracle,600,5,1|2|3|4|5,0.004742872079588517,-0.04417219692442054,3,0.0033953278693583094,0.01948179512280768,-0.035277910266144574,0.04108603976190873,0.057471252708263997
FA10,min,s2_uniform,1200,5,1|2|3|4|5,0.029972086367931867,-0.0021192217416496906,4,0.027612174440384746,0.013704971378494352,0.0015770866936669632,0.055520371595887366,0.04042963538461956
FA10,min,s3_top10,1200,5,1|2|3|4|5,0.0060807479557479175,-0.015909090909090984,4,0.0036817791200280717,0.007192347806143193,-0.008090306061459922,0.020154438086423324,0.021217410188687575
FA10,min,s3_top25,1200,5,1|2|3|4|5,0.007486685993083569,-0.03478036017703212,3,0.005459916105004396,0.01241494127868038,-0.01952965875728681,0.029466518645832822,0.03662404943115271
FA10,min,s3_top50,1200,5,1|2|3|4|5,0.029058761001091966,-0.01628029650727858,4,0.027400526060688876,0.015005915239554307,-0.0006795756094712972,0.05769207458512305,0.04426741690972708
FA10,min,s4_scaffold25,1200,5,1|2|3|4|5,0.03653390189368771,-0.00633482298359056,4,0.03651358726850983,0.019466500745347524,0.0005007406841948139,0.07598243899253203,0.057426134328438766
FA10,min,s4_scaffold50,1200,5,1|2|3|4|5,0.040203177426467465,-0.059731995952342465,4,0.0358977314571204,0.0179522106505907,-9.47225678970087e-05,0.07123356713861623,0.05295898188376978
FA10,min,s5_score_oracle,1200,5,1|2|3|4|5,0.004742872079588517,-0.04417219692442054,3,0.0033953278693583094,0.01948179512280768,-0.035277910266144574,0.04108603976190873,0.057471252708263997
FA10,min,s2_uniform,2400,5,1|2|3|4|5,0.0356258894096002,-0.026128375087018707,4,0.03417937326040742,0.019127160356031278,-0.002539103891052022,0.07214872048516263,0.05642508092727231
FA10,min,s3_top10,2400,5,1|2|3|4|5,0.0060807479557479175,-0.015909090909090984,4,0.0036817791200280717,0.007192347806143193,-0.008090306061459922,0.020154438086423324,0.021217410188687575
FA10,min,s3_top25,2400,5,1|2|3|4|5,0.0009952777600255648,-0.033660646557318485,3,-0.0016343004679377296,0.013310370984835946,-0.028379674330997,0.023976224004952713,0.03926556509234074
FA10,min,s3_top50,2400,5,1|2|3|4|5,0.0100008275822925,-0.03097456015993927,3,0.008065831633438382,0.017370286283788533,-0.026628197516224694,0.04227414732807362,0.05124230628325336
FA10,min,s4_scaffold25,2400,5,1|2|3|4|5,0.03502737474978119,-0.008624200272967841,4,0.035168355835170986,0.02011819601342528,-0.0016625952570883998,0.07550088193324113,0.059348633934064365
FA10,min,s4_scaffold50,2400,5,1|2|3|4|5,0.0122169522393405,-0.06390527625033249,3,0.011441288402577552,0.01688185033817665,-0.02247893400810297,0.043981111076202825,0.049801421319362264
FA10,min,s5_score_oracle,2400,5,1|2|3|4|5,0.004742872079588517,-0.04417219692442054,3,0.0033953278693583094,0.01948179512280768,-0.035277910266144574,0.04108603976190873,0.057471252708263997
FA10,min,s2_uniform,3600,5,1|2|3|4|5,0.020421245563993412,-0.02657543341417956,3,0.01988932455938007,0.018790184601198117,-0.017383249216124143,0.057163309105085505,0.05543100319262341
FA10,min,s3_top10,3600,5,1|2|3|4|5,0.0060807479557479175,-0.015909090909090984,4,0.0036817791200280717,0.007192347806143193,-0.008090306061459922,0.020154438086423324,0.021217410188687575
FA10,min,s3_top25,3600,5,1|2|3|4|5,0.0009952777600255648,-0.033660646557318485,3,-0.0016343004679377296,0.013310370984835946,-0.028379674330997,0.023976224004952713,0.03926556509234074
FA10,min,s3_top50,3600,5,1|2|3|4|5,0.004080332523533398,-0.04217002381314383,3,0.002428944865373685,0.017873414616470358,-0.03234836632056273,0.037926077790868706,0.052726533756644295
FA10,min,s4_scaffold25,3600,5,1|2|3|4|5,0.03502737474978119,-0.008624200272967841,4,0.035168355835170986,0.02011819601342528,-0.0016625952570883998,0.07550088193324113,0.059348633934064365
FA10,min,s4_scaffold50,3600,5,1|2|3|4|5,0.006196152530422489,-0.0726203073023457,3,0.004783484042466348,0.017727660481597473,-0.03126717866577235,0.03949350770892716,0.05229655937975809
FA10,min,s5_score_oracle,3600,5,1|2|3|4|5,0.004742872079588517,-0.04417219692442054,3,0.0033953278693583094,0.01948179512280768,-0.035277910266144574,0.04108603976190873,0.057471252708263997
FA10,min,s2_uniform,4800,5,1|2|3|4|5,0.01420823795063148,-0.03693266080573132,3,0.01333063580453619,0.018503786156942485,-0.024588249620143252,0.048979586665235435,0.05458612841279372
FA10,min,s3_top10,4800,5,1|2|3|4|5,0.0060807479557479175,-0.015909090909090984,4,0.0036817791200280717,0.007192347806143193,-0.008090306061459922,0.020154438086423324,0.021217410188687575
FA10,min,s3_top25,4800,5,1|2|3|4|5,0.0009952777600255648,-0.033660646557318485,3,-0.0016343004679377296,0.013310370984835946,-0.028379674330997,0.023976224004952713,0.03926556509234074
FA10,min,s3_top50,4800,5,1|2|3|4|5,0.0017219876937062451,-0.04217002381314383,3,-8.75432777844638e-05,0.018119564237418374,-0.034997456721226124,0.03585655796205755,0.053452674596354964
FA10,min,s4_scaffold25,4800,5,1|2|3|4|5,0.03502737474978119,-0.008624200272967841,4,0.035168355835170986,0.02011819601342528,-0.0016625952570883998,0.07550088193324113,0.059348633934064365
FA10,min,s4_scaffold50,4800,5,1|2|3|4|5,0.003885780819155621,-0.0726203073023457,3,0.0025458695381860266,0.01795592292875389,-0.033129609721268334,0.03736160685810384,0.052969933096175786
FA10,min,s5_score_oracle,4800,5,1|2|3|4|5,0.004742872079588517,-0.04417219692442054,3,0.0033953278693583094,0.01948179512280768,-0.035277910266144574,0.04108603976190873,0.057471252708263997
MK14,mean,s2_uniform,600,5,1|2|3|4|5,0.0,0.0,0,0.0,0.0,0.0,0.0,0.0
MK14,mean,s3_top10,600,5,1|2|3|4|5,0.0,0.0,0,0.0,0.0,0.0,0.0,0.0
MK14,mean,s3_top25,600,5,1|2|3|4|5,0.0,0.0,0,0.0,0.0,0.0,0.0,0.0
MK14,mean,s3_top50,600,5,1|2|3|4|5,0.0,0.0,0,0.0,0.0,0.0,0.0,0.0
MK14,mean,s4_scaffold25,600,5,1|2|3|4|5,0.03285765161645275,-0.08553137224467494,3,0.030352328113493365,0.029536802624465952,-0.0279749705126559,0.08745178952131286,0.08713350269439415
MK14,mean,s4_scaffold50,600,5,1|2|3|4|5,0.07674339611510297,-0.010610827522789856,4,0.07252040276862198,0.02999178606944164,0.01528816436284372,0.13079929896272252,0.08847570285507965
MK14,mean,s5_score_oracle,600,5,1|2|3|4|5,0.06891147715057033,-0.0488517813763123,4,0.06398542024596143,0.033244248910740834,0.00038845486164255385,0.12761895874879897,0.09807046107413668
MK14,mean,s2_uniform,1200,5,1|2|3|4|5,0.07077006412860082,-0.07110183846028051,4,0.06683077769828491,0.029112934664112435,0.009941977846215703,0.12297697254230076,0.08588309314481962
MK14,mean,s3_top10,1200,5,1|2|3|4|5,-0.06024448807968077,-0.1542153552074329,2,-0.061148062284945764,0.032013299406358435,-0.1255006803621015,0.002049222362073953,0.09443916274708203
MK14,mean,s3_top25,1200,5,1|2|3|4|5,0.018038723147124534,-0.05421618073286327,3,0.013404520653282298,0.031205596075067427,-0.04785817951260605,0.07183522070363091,0.09205643969854797
MK14,mean,s3_top50,1200,5,1|2|3|4|5,0.03839521184005111,-0.049053117951113556,3,0.036196032735780787,0.03228540006001244,-0.025268339920782968,0.10014852450002062,0.09524185907612438
MK14,mean,s4_scaffold25,1200,5,1|2|3|4|5,0.03549461502439329,-0.030297425273359435,3,0.031325573998527964,0.03409593201875758,-0.037136518340816486,0.09819790459806843,0.10058292436715668
MK14,mean,s4_scaffold50,1200,5,1|2|3|4|5,0.0449725413406574,-0.00768896486874715,4,0.041283074224035855,0.034131184925912904,-0.023195612898292473,0.11026834733007611,0.10068692036562875
MK14,mean,s5_score_oracle,1200,5,1|2|3|4|5,0.06995773266260923,-0.053832933614848644,4,0.06561008692390333,0.03417845042900972,-0.001636468307668934,0.1315166331003256,0.10082635349567334
MK14,mean,s2_uniform,2400,5,1|2|3|4|5,0.007541387604678052,-0.08988105070915281,2,0.005713587061499018,0.03280628291129079,-0.059807342091592594,0.07167208054929207,0.09677846234027497
MK14,mean,s3_top10,2400,5,1|2|3|4|5,-0.07405329617300219,-0.17773094917286408,2,-0.07483733275271491,0.03348123058421335,-0.14251704953675748,-0.008537439331128795,0.09876955648898486
MK14,mean,s3_top25,2400,5,1|2|3|4|5,-0.04319624992281712,-0.13399912028640204,2,-0.04376873414003287,0.036253897350398114,-0.11379245900376572,0.025198896069279404,0.10694891734309103
MK14,mean,s3_top50,2400,5,1|2|3|4|5,0.045607642794230775,-0.017893513916042658,4,0.04264666337341653,0.03227249316032101,-0.019518720814005814,0.10546571923962722,0.09520378375045904
MK14,mean,s4_scaffold25,2400,5,1|2|3|4|5,-0.024697220311976,-0.1533199509815934,2,-0.025559524220853162,0.03708371769656491,-0.09947688196172064,0.045158518017871366,0.1093968855368012
MK14,mean,s4_scaffold50,2400,5,1|2|3|4|5,0.05537433813939222,-0.04007937142448181,4,0.05325417197105178,0.03555510028889901,-0.014688249454941696,0.12270732009918195,0.10488746755060294
MK14,mean,s5_score_oracle,2400,5,1|2|3|4|5,0.04672840046031386,-0.0703426717433045,4,0.04427290042872818,0.03523315807330791,-0.024715077144613566,0.11171202848631327,0.10393773872361034
MK14,mean,s2_uniform,3600,5,1|2|3|4|5,0.043877273127694794,0.017717447955762022,5,0.041595842322513614,0.034362020341328556,-0.024928737800323023,0.10927860916994428,0.10136788433274484
MK14,mean,s3_top10,3600,5,1|2|3|4|5,-0.07405329617300219,-0.17773094917286408,2,-0.07483733275271491,0.03348123058421335,-0.14251704953675748,-0.008537439331128795,0.09876955648898486
MK14,mean,s3_top25,3600,5,1|2|3|4|5,-0.05682716641415906,-0.1423021504099592,2,-0.0565756916148989,0.03675514889646894,-0.12582784107802863,0.014495430824271745,0.10842760830011271
MK14,mean,s3_top50,3600,5,1|2|3|4|5,0.03595930341920887,-0.09744941382252509,4,0.034660271311895044,0.03608004573946819,-0.032804557967701556,0.10406943410237628,0.10643605547371457
MK14,mean,s4_scaffold25,3600,5,1|2|3|4|5,-0.024697220311976,-0.1533199509815934,2,-0.025559524220853162,0.03708371769656491,-0.09947688196172064,0.045158518017871366,0.1093968855368012
MK14,mean,s4_scaffold50,3600,5,1|2|3|4|5,0.011975729124939393,-0.09279756202918288,3,0.011613151349516761,0.036870108332086725,-0.06072813432298988,0.08643190791699663,0.10876673838201435
MK14,mean,s5_score_oracle,3600,5,1|2|3|4|5,0.026554420105789057,-0.11332931631258464,3,0.025877645868032803,0.036202686897365416,-0.043616239221769666,0.0954067209279002,0.1067978466194234
MK14,mean,s2_uniform,4800,5,1|2|3|4|5,0.06291880203409922,-0.00776777069786716,4,0.0604059093949833,0.03447674306224127,-0.007030328419858135,0.1266542845254234,0.10170631610678785
MK14,mean,s3_top10,4800,5,1|2|3|4|5,-0.07405329617300219,-0.17773094917286408,2,-0.07483733275271491,0.03348123058421335,-0.14251704953675748,-0.008537439331128795,0.09876955648898486
MK14,mean,s3_top25,4800,5,1|2|3|4|5,-0.05682716641415906,-0.1423021504099592,2,-0.0565756916148989,0.03675514889646894,-0.12582784107802863,0.014495430824271745,0.10842760830011271
MK14,mean,s3_top50,4800,5,1|2|3|4|5,-0.007549147671282119,-0.14181138556255873,3,-0.007094104916647797,0.03759666146106272,-0.07876318516839219,0.06660853697974325,0.11091006851243314
MK14,mean,s4_scaffold25,4800,5,1|2|3|4|5,-0.024697220311976,-0.1533199509815934,2,-0.025559524220853162,0.03708371769656491,-0.09947688196172064,0.045158518017871366,0.1093968855368012
MK14,mean,s4_scaffold50,4800,5,1|2|3|4|5,0.00034323176233144184,-0.09410196081130245,3,0.0008747231535757901,0.037447588874415266,-0.07276656444714746,0.07308150083228385,0.11047030471012004
MK14,mean,s5_score_oracle,4800,5,1|2|3|4|5,0.00816731488533129,-0.1357701003135941,3,0.008497183099319478,0.03712364352938216,-0.06054919335064616,0.07998667728329047,0.10951466665568493
MK14,min,s2_uniform,600,5,1|2|3|4|5,0.0,0.0,0,0.0,0.0,0.0,0.0,0.0
MK14,min,s3_top10,600,5,1|2|3|4|5,0.0,0.0,0,0.0,0.0,0.0,0.0,0.0
MK14,min,s3_top25,600,5,1|2|3|4|5,0.0,0.0,0,0.0,0.0,0.0,0.0,0.0
MK14,min,s3_top50,600,5,1|2|3|4|5,0.0,0.0,0,0.0,0.0,0.0,0.0,0.0
MK14,min,s4_scaffold25,600,5,1|2|3|4|5,0.06896267328159186,0.03467443793724345,5,0.06301950112145198,0.020211353248184915,0.02473974765770928,0.10123773174263602,0.05962344757144865
MK14,min,s4_scaffold50,600,5,1|2|3|4|5,0.07515483614099948,0.04220397516139318,5,0.06862594602319444,0.024821676089978872,0.020982117767957473,0.11694872390567966,0.07322388980160163
MK14,min,s5_score_oracle,600,5,1|2|3|4|5,0.06891147715057033,-0.0488517813763123,4,0.06398542024596143,0.033244248910740834,0.00038845486164255385,0.12761895874879897,0.09807046107413668
MK14,min,s2_uniform,1200,5,1|2|3|4|5,0.03473378711560129,-0.005172585544508168,4,0.030879281949334942,0.02888208417152691,-0.02513077128654157,0.08815006638327313,0.0852020847000856
MK14,min,s3_top10,1200,5,1|2|3|4|5,0.02948743386243389,0.0,3,0.026151499263831472,0.012904059868636195,0.0023470290874702676,0.052069272376558874,0.03806694819435504
MK14,min,s3_top25,1200,5,1|2|3|4|5,0.034059377234310316,0.00012740882306105927,5,0.02885353073700045,0.021954280675293023,-0.013605242555345474,0.07200332038355982,0.06476507964303457
MK14,min,s3_top50,1200,5,1|2|3|4|5,0.040700029134210655,-0.038540707479861824,3,0.03706986610466499,0.02975669331036496,-0.02044293114202615,0.0946239119475605,0.08778217973353931
MK14,min,s4_scaffold25,1200,5,1|2|3|4|5,0.07143904434900641,0.02930181198451287,5,0.06602633530222682,0.019652823821187108,0.028881824281767138,0.10426920234023644,0.057975786991833284
MK14,min,s4_scaffold50,1200,5,1|2|3|4|5,0.08196351244515915,0.011270846234468612,5,0.07610753515327713,0.02972428047586435,0.016783769149920864,0.1338641287695482,0.08768656194314407
MK14,min,s5_score_oracle,1200,5,1|2|3|4|5,0.06891147715057033,-0.0488517813763123,4,0.06398542024596143,0.033244248910740834,0.00038845486164255385,0.12761895874879897,0.09807046107413668
MK14,min,s2_uniform,2400,5,1|2|3|4|5,0.02980217995923843,-0.04872528738563864,4,0.026191048143105057,0.03110151976372469,-0.03306900546072166,0.08698438107123599,0.0917494148092902
MK14,min,s3_top10,2400,5,1|2|3|4|5,0.02858821733821737,0.0,3,0.025241847487909294,0.012866426671984576,0.001432794708792619,0.05169750203390584,0.03795593034711093
MK14,min,s3_top25,2400,5,1|2|3|4|5,0.05473068140223035,-0.0005876941517672929,4,0.049123498225385503,0.02206932822148189,0.00742748063122424,0.0924452460612961,0.0651044696509269
MK14,min,s3_top50,2400,5,1|2|3|4|5,0.0778967843566989,-0.023352984097547824,4,0.07272337663494927,0.030327359285728408,0.014705794061681154,0.12912291598841744,0.08946564310410544
MK14,min,s4_scaffold25,2400,5,1|2|3|4|5,0.06419230488939198,0.025851663809300707,5,0.05928537347963746,0.019888998361819475,0.021429700861541303,0.09736291776688086,0.05867250136658054
MK14,min,s4_scaffold50,2400,5,1|2|3|4|5,0.10290678901042519,0.00538055064732057,5,0.09710032257760426,0.029513593182021777,0.041009307269186446,0.1545037911220767,0.08706503489029711
MK14,min,s5_score_oracle,2400,5,1|2|3|4|5,0.06891147715057033,-0.0488517813763123,4,0.06398542024596143,0.033244248910740834,0.00038845486164255385,0.12761895874879897,0.09807046107413668
MK14,min,s2_uniform,3600,5,1|2|3|4|5,0.05374609638903301,-0.04343376464820192,4,0.04935178150938373,0.031869914364913945,-0.01177014892127171,0.11054471521766164,0.09401617719059223
MK14,min,s3_top10,3600,5,1|2|3|4|5,0.02858821733821737,0.0,3,0.025241847487909294,0.012866426671984576,0.001432794708792619,0.05169750203390584,0.03795593034711093
MK14,min,s3_top25,3600,5,1|2|3|4|5,0.049619043560553557,-0.0005876941517672929,4,0.0441287516084801,0.022382867768453458,0.0012346414689934622,0.0877058062508017,0.06602941062399677
MK14,min,s3_top50,3600,5,1|2|3|4|5,0.08637766854451548,-0.027866134910574658,4,0.08103482303930716,0.030652224103122714,0.022499723436289615,0.13801430689511007,0.09042399359998118
MK14,min,s4_scaffold25,3600,5,1|2|3|4|5,0.06419230488939198,0.025851663809300707,5,0.05928537347963746,0.019888998361819475,0.021429700861541303,0.09736291776688086,0.05867250136658054
MK14,min,s4_scaffold50,3600,5,1|2|3|4|5,0.10409288323720414,0.018804892903960813,5,0.09800710113765686,0.03036154451144221,0.03973397922797814,0.1572281113722143,0.08956648944467634
MK14,min,s5_score_oracle,3600,5,1|2|3|4|5,0.06891147715057033,-0.0488517813763123,4,0.06398542024596143,0.033244248910740834,0.00038845486164255385,0.12761895874879897,0.09807046107413668
MK14,min,s2_uniform,4800,5,1|2|3|4|5,0.08141856899445157,-0.04296814718663722,4,0.07640009385318855,0.03185209902644838,0.01429240351586125,0.1380067936845396,0.09396362198135284
MK14,min,s3_top10,4800,5,1|2|3|4|5,0.02858821733821737,0.0,3,0.025241847487909294,0.012866426671984576,0.001432794708792619,0.05169750203390584,0.03795593034711093
MK14,min,s3_top25,4800,5,1|2|3|4|5,0.049619043560553557,-0.0005876941517672929,4,0.0441287516084801,0.022382867768453458,0.0012346414689934622,0.0877058062508017,0.06602941062399677
MK14,min,s3_top50,4800,5,1|2|3|4|5,0.07807641440266908,-0.01484879783562354,4,0.07272634123411874,0.03144351446418554,0.011227514769256722,0.1308227510039955,0.09275829842248776
MK14,min,s4_scaffold25,4800,5,1|2|3|4|5,0.06419230488939198,0.025851663809300707,5,0.05928537347963746,0.019888998361819475,0.021429700861541303,0.09736291776688086,0.05867250136658054
MK14,min,s4_scaffold50,4800,5,1|2|3|4|5,0.0972563129035112,0.018804892903960813,5,0.09150885991676429,0.030476346293556198,0.03197293912226725,0.15098625547638303,0.08990515444908899
MK14,min,s5_score_oracle,4800,5,1|2|3|4|5,0.06891147715057033,-0.0488517813763123,4,0.06398542024596143,0.033244248910740834,0.00038845486164255385,0.12761895874879897,0.09807046107413668
MK14_min,mean,s2_uniform,600,5,1|2|3|4|5,0.0,0.0,0,0.0,0.0,0.0,0.0,0.0
MK14_min,mean,s3_top10,600,5,1|2|3|4|5,0.0,0.0,0,0.0,0.0,0.0,0.0,0.0
MK14_min,mean,s3_top25,600,5,1|2|3|4|5,0.0,0.0,0,0.0,0.0,0.0,0.0,0.0
MK14_min,mean,s3_top50,600,5,1|2|3|4|5,0.0,0.0,0,0.0,0.0,0.0,0.0,0.0
MK14_min,mean,s4_scaffold25,600,5,1|2|3|4|5,0.025355339817471546,-0.04496294167324422,3,0.026503142222688857,0.03071435927452649,-0.03284667954497151,0.08616627984252621,0.09060729221878437
MK14_min,mean,s4_scaffold50,600,5,1|2|3|4|5,0.07294762251206664,0.01744105530143769,5,0.07008547135560075,0.03078868076213536,0.011569247257332096,0.1316743105524859,0.09082654044355515
MK14_min,mean,s5_score_oracle,600,5,1|2|3|4|5,0.07035011439174692,-0.04428135718544568,4,0.06517062660333911,0.032701803264160924,0.0019948027650312926,0.1284245981214112,0.09647024761133342
MK14_min,mean,s2_uniform,1200,5,1|2|3|4|5,0.10796762000258138,0.036460241011249894,5,0.10295790115089305,0.02955930946608922,0.044552346490803835,0.1622156875286905,0.08719989782761683
MK14_min,mean,s3_top10,1200,5,1|2|3|4|5,-0.04168491113282561,-0.16853965167138446,2,-0.04290092096241874,0.03296825050252379,-0.10665476012162553,0.022408742388764048,0.09725626637771724
MK14_min,mean,s3_top25,1200,5,1|2|3|4|5,0.00962162101537275,-0.0924244956288196,4,0.004851665994148293,0.029971242207879577,-0.05492103601512223,0.06036845857049173,0.08841509850871453
MK14_min,mean,s3_top50,1200,5,1|2|3|4|5,0.025516001433468893,-0.09455397322331266,3,0.025041564223405095,0.03327220297559114,-0.03972478662416238,0.09036563661130342,0.09815292550388291
MK14_min,mean,s4_scaffold25,1200,5,1|2|3|4|5,0.025391301848232007,-0.08393748253992228,4,0.022260733996312183,0.03313903035058155,-0.042440811084075256,0.08607635639788941,0.09776006655338565
MK14_min,mean,s4_scaffold50,1200,5,1|2|3|4|5,0.0413157362650932,0.010489138646670504,5,0.03820253652995112,0.03385082413573756,-0.02801544907270008,0.10379471832762864,0.09985985665203942
MK14_min,mean,s5_score_oracle,1200,5,1|2|3|4|5,0.07979626057196501,-0.03749482423170991,4,0.07504916453777428,0.03459613483005922,0.008228270687348323,0.13926274399682978,0.10205852155891884
MK14_min,mean,s2_uniform,2400,5,1|2|3|4|5,0.010044248799603505,-0.08183883371636969,3,0.00833372119009043,0.0336604180645672,-0.05900269416003012,0.07414108448916969,0.09929815916141094
MK14_min,mean,s3_top10,2400,5,1|2|3|4|5,-0.060043051655175136,-0.17411878799007274,2,-0.06010714391124734,0.0340739629399307,-0.126052175870772,0.009042916975266562,0.10051811563299906
MK14_min,mean,s3_top25,2400,5,1|2|3|4|5,-0.048518059679318395,-0.15997919591992465,2,-0.0504599242645372,0.036071172333400486,-0.12034326347451543,0.02021384701650186,0.1064098789453564
MK14_min,mean,s3_top50,2400,5,1|2|3|4|5,0.03753944478080817,-0.05643677078481002,4,0.03606228431987021,0.03445026972366438,-0.031438816212351915,0.10116508213499692,0.10162821981628722
MK14_min,mean,s4_scaffold25,2400,5,1|2|3|4|5,-0.03158523975676576,-0.12143434474139303,2,-0.03153856172362785,0.03705579497604677,-0.1039123744486247,0.03992618951683288,0.10931451357276582
MK14_min,mean,s4_scaffold50,2400,5,1|2|3|4|5,0.045336018330913,-0.012444276954771294,4,0.044943311982870514,0.03498924907564317,-0.023991373087658904,0.11178039526077507,0.10321820771765089
MK14_min,mean,s5_score_oracle,2400,5,1|2|3|4|5,0.053512836504903204,-0.03652115387014421,4,0.050345015924224044,0.034770570245821426,-0.017973448081332468,0.11628974235407102,0.10257310565126483
MK14_min,mean,s2_uniform,3600,5,1|2|3|4|5,0.03645031003693333,2.892781143970513e-05,5,0.034072175300725746,0.03432098860617306,-0.03178434785123627,0.10170207610568777,0.10124684080439876
MK14_min,mean,s3_top10,3600,5,1|2|3|4|5,-0.060043051655175136,-0.17411878799007274,2,-0.06010714391124734,0.0340739629399307,-0.126052175870772,0.009042916975266562,0.10051811563299906
MK14_min,mean,s3_top25,3600,5,1|2|3|4|5,-0.06326543046269666,-0.16403669186739922,2,-0.06466162639293904,0.03612332318775215,-0.1360727611192602,0.004775370389969158,0.10656372385084396
MK14_min,mean,s3_top50,3600,5,1|2|3|4|5,0.027455576931118574,-0.08423190020572097,4,0.027364210309128136,0.03727356742261805,-0.04375600242534188,0.10022549377198728,0.10995694181055911
MK14_min,mean,s4_scaffold25,3600,5,1|2|3|4|5,-0.03158523975676576,-0.12143434474139303,2,-0.03153856172362785,0.03705579497604677,-0.1039123744486247,0.03992618951683288,0.10931451357276582
MK14_min,mean,s4_scaffold50,3600,5,1|2|3|4|5,0.006005418672388629,-0.0453616844378375,2,0.007099191335826882,0.03693895701348809,-0.06420550224224882,0.08075046331604135,0.10896984184052554
MK14_min,mean,s5_score_oracle,3600,5,1|2|3|4|5,0.025812038207538513,-0.09802618664008966,4,0.02582961703075885,0.036860934819921434,-0.045244412068730276,0.09934238180451256,0.10873967654132922
MK14_min,mean,s2_uniform,4800,5,1|2|3|4|5,0.05153453232429267,-0.026286854152170358,4,0.05168524505297061,0.03507119708547222,-0.017545796382688654,0.12042136285567955,0.10345995416617557
MK14_min,mean,s3_top10,4800,5,1|2|3|4|5,-0.060043051655175136,-0.17411878799007274,2,-0.06010714391124734,0.0340739629399307,-0.126052175870772,0.009042916975266562,0.10051811563299906
MK14_min,mean,s3_top25,4800,5,1|2|3|4|5,-0.06326543046269666,-0.16403669186739922,2,-0.06466162639293904,0.03612332318775215,-0.1360727611192602,0.004775370389969158,0.10656372385084396
MK14_min,mean,s3_top50,4800,5,1|2|3|4|5,-0.00922533990012835,-0.1227665991190584,2,-0.0071828323427330695,0.03716097748158442,-0.07809638225213464,0.06798710314336193,0.10962480173246247
MK14_min,mean,s4_scaffold25,4800,5,1|2|3|4|5,-0.03158523975676576,-0.12143434474139303,2,-0.03153856172362785,0.03705579497604677,-0.1039123744486247,0.03992618951683288,0.10931451357276582
MK14_min,mean,s4_scaffold50,4800,5,1|2|3|4|5,-0.0030286329806527013,-0.0487502139738919,2,-0.0015925995252129527,0.036947648879770444,-0.07202787280220334,0.07103226824279894,0.10899548282691672
MK14_min,mean,s5_score_oracle,4800,5,1|2|3|4|5,0.013034184233838831,-0.11042616352581941,4,0.013457009760426526,0.03742288389031766,-0.056696897792760326,0.08692966520287573,0.11039742506143896
MK14_min,min,s2_uniform,600,5,1|2|3|4|5,0.0,0.0,0,0.0,0.0,0.0,0.0,0.0
MK14_min,min,s3_top10,600,5,1|2|3|4|5,0.0,0.0,0,0.0,0.0,0.0,0.0,0.0
MK14_min,min,s3_top25,600,5,1|2|3|4|5,0.0,0.0,0,0.0,0.0,0.0,0.0,0.0
MK14_min,min,s3_top50,600,5,1|2|3|4|5,0.0,0.0,0,0.0,0.0,0.0,0.0,0.0
MK14_min,min,s4_scaffold25,600,5,1|2|3|4|5,0.06789650083848502,0.034651393625838134,5,0.06143327139130139,0.020813700020558937,0.021441374926015278,0.10065642501387863,0.06140036922342655
MK14_min,min,s4_scaffold50,600,5,1|2|3|4|5,0.06329530127820683,0.04231066452191179,5,0.05683093473288076,0.024449873978143702,0.00966225312108664,0.10397881232139762,0.07212707439049358
MK14_min,min,s5_score_oracle,600,5,1|2|3|4|5,0.07035011439174692,-0.04428135718544568,4,0.06517062660333911,0.032701803264160924,0.0019948027650312926,0.1284245981214112,0.09647024761133342
MK14_min,min,s2_uniform,1200,5,1|2|3|4|5,0.04254259284132841,0.001126408010012625,5,0.038613414365454776,0.029416517018437827,-0.018475915426433637,0.09632547811033931,0.08677866042151162
MK14_min,min,s3_top10,1200,5,1|2|3|4|5,0.03383116883116886,0.0,4,0.029948457445043968,0.012853214895448611,0.005419195013864132,0.05547166693679376,0.037916955635425624
MK14_min,min,s3_top25,1200,5,1|2|3|4|5,0.027374375982500587,0.0035714285714285587,5,0.02214228140240157,0.02143212064407387,-0.018521220985689413,0.06407574118687988,0.06322470870087131
MK14_min,min,s3_top50,1200,5,1|2|3|4|5,0.046126560761186174,-0.03431819940083658,4,0.04150072758015897,0.029627560737765915,-0.017326481409811845,0.09846951115930294,0.0874012389287559
MK14_min,min,s4_scaffold25,1200,5,1|2|3|4|5,0.06114525223615075,0.02702675301627533,5,0.05541612122465673,0.019595230427572573,0.01864827771661414,0.09365681783960916,0.057805886607506164
MK14_min,min,s4_scaffold50,1200,5,1|2|3|4|5,0.0763246240482323,0.042962224251263226,5,0.06936764486835995,0.02810395402122853,0.013509990763111117,0.12140927613522766,0.0829066024703519
MK14_min,min,s5_score_oracle,1200,5,1|2|3|4|5,0.07035011439174692,-0.04428135718544568,4,0.06517062660333911,0.032701803264160924,0.0019948027650312926,0.1284245981214112,0.09647024761133342
MK14_min,min,s2_uniform,2400,5,1|2|3|4|5,0.03407483834789543,-0.04743111730616267,4,0.02963843670317222,0.030969554421792556,-0.03121746154281682,0.0891421923915785,0.09136011734121267
MK14_min,min,s3_top10,2400,5,1|2|3|4|5,0.029181952306952343,0.0,4,0.025779229747662287,0.013105055214637458,0.0005616262939098333,0.051789530408187665,0.03865988402241434
MK14_min,min,s3_top25,2400,5,1|2|3|4|5,0.04705264839408542,0.0025366325019711145,5,0.04149750850561831,0.021671255602652494,-0.00023024252871382245,0.08479597530912851,0.06393015630204041
MK14_min,min,s3_top50,2400,5,1|2|3|4|5,0.0774501410260479,-0.026709127620122453,4,0.07156678523309505,0.030588766969824314,0.010914458727324609,0.13056633330645515,0.09023679519650013
MK14_min,min,s4_scaffold25,2400,5,1|2|3|4|5,0.0581081324937507,0.028715081522523833,5,0.052668570879188914,0.019524116538107827,0.014180506425759952,0.09089387241386163,0.057596100790196586
MK14_min,min,s4_scaffold50,2400,5,1|2|3|4|5,0.09753701278001108,0.038002550594878115,5,0.09073605224281518,0.02863947605347253,0.03384142727704445,0.14676219090188308,0.08448639128611184
MK14_min,min,s5_score_oracle,2400,5,1|2|3|4|5,0.07035011439174692,-0.04428135718544568,4,0.06517062660333911,0.032701803264160924,0.0019948027650312926,0.1284245981214112,0.09647024761133342
MK14_min,min,s2_uniform,3600,5,1|2|3|4|5,0.05738343475389808,-0.04006002142495002,4,0.052306049870777034,0.03225471394756463,-0.01010411770816834,0.11408412555315561,0.0951513351119822
MK14_min,min,s3_top10,3600,5,1|2|3|4|5,0.029181952306952343,0.0,4,0.025779229747662287,0.013105055214637458,0.0005616262939098333,0.051789530408187665,0.03865988402241434
MK14_min,min,s3_top25,3600,5,1|2|3|4|5,0.04276606761249019,0.0025366325019711145,5,0.03734101605229646,0.021739859645125453,-0.0056343682956620095,0.08076751161087452,0.06413253807625156
MK14_min,min,s3_top50,3600,5,1|2|3|4|5,0.08710089277154494,-0.015973708153441124,4,0.08110988563507464,0.030786584251523686,0.021768350800926213,0.14145675210626155,0.09082035574186778
MK14_min,min,s4_scaffold25,3600,5,1|2|3|4|5,0.0581081324937507,0.028715081522523833,5,0.052668570879188914,0.019524116538107827,0.014180506425759952,0.09089387241386163,0.057596100790196586
MK14_min,min,s4_scaffold50,3600,5,1|2|3|4|5,0.0936272483274571,0.05557303838595418,5,0.08697723698399008,0.029057919134377566,0.028933749585105875,0.14426203668725238,0.08572079745326036
MK14_min,min,s5_score_oracle,3600,5,1|2|3|4|5,0.07035011439174692,-0.04428135718544568,4,0.06517062660333911,0.032701803264160924,0.0019948027650312926,0.1284245981214112,0.09647024761133342
MK14_min,min,s2_uniform,4800,5,1|2|3|4|5,0.08043221080799783,-0.06265353607935664,4,0.07522436727606069,0.03216667620572237,0.014112737084329556,0.13536970417156188,0.09489162396742971
MK14_min,min,s3_top10,4800,5,1|2|3|4|5,0.029181952306952343,0.0,4,0.025779229747662287,0.013105055214637458,0.0005616262939098333,0.051789530408187665,0.03865988402241434
MK14_min,min,s3_top25,4800,5,1|2|3|4|5,0.04276606761249019,0.0025366325019711145,5,0.03734101605229646,0.021739859645125453,-0.0056343682956620095,0.08076751161087452,0.06413253807625156
MK14_min,min,s3_top50,4800,5,1|2|3|4|5,0.08137402323880552,-0.0035942133110619112,4,0.07549140016662732,0.031011249955051532,0.015252470625406528,0.1341196026020061,0.09148311907250219
MK14_min,min,s4_scaffold25,4800,5,1|2|3|4|5,0.0581081324937507,0.028715081522523833,5,0.052668570879188914,0.019524116538107827,0.014180506425759952,0.09089387241386163,0.057596100790196586
MK14_min,min,s4_scaffold50,4800,5,1|2|3|4|5,0.09151692495326699,0.05557303838595418,5,0.0849698434460527,0.02903810792444891,0.027394838142830065,0.14149848747898325,0.08566235442760031
MK14_min,min,s5_score_oracle,4800,5,1|2|3|4|5,0.07035011439174692,-0.04428135718544568,4,0.06517062660333911,0.032701803264160924,0.0019948027650312926,0.1284245981214112,0.09647024761133342
PPARA,mean,s2_uniform,600,5,1|2|3|4|5,0.0,0.0,0,0.0,0.0,0.0,0.0,0.0
PPARA,mean,s3_top10,600,5,1|2|3|4|5,0.0,0.0,0,0.0,0.0,0.0,0.0,0.0
PPARA,mean,s3_top25,600,5,1|2|3|4|5,0.0,0.0,0,0.0,0.0,0.0,0.0,0.0
PPARA,mean,s3_top50,600,5,1|2|3|4|5,0.0,0.0,0,0.0,0.0,0.0,0.0,0.0
PPARA,mean,s4_scaffold25,600,5,1|2|3|4|5,0.13814407113334043,0.05923813352786356,5,0.12775340013642322,0.030647851822817814,0.06994107496005321,0.1863616248515856,0.09041109538271062
PPARA,mean,s4_scaffold50,600,5,1|2|3|4|5,0.13918715008227586,0.050441837231567255,5,0.12911586847118248,0.030945026984961734,0.07165952094602149,0.18977304458023625,0.09128776145657759
PPARA,mean,s5_score_oracle,600,5,1|2|3|4|5,-0.06631565105070661,-0.1290334374462686,1,-0.062120479341263656,0.025784159734606845,-0.1134592040952402,-0.012286453267310924,0.07606321443361293
PPARA,mean,s2_uniform,1200,5,1|2|3|4|5,0.08443333116131405,-0.0016517759277192567,4,0.07698446292275549,0.022310801711592523,0.035876202709639565,0.12143609203260468,0.06581681591496534
PPARA,mean,s3_top10,1200,5,1|2|3|4|5,0.038133785518462006,-0.007122269790072466,4,0.038325441455967835,0.018333149411527156,0.003918548239318862,0.07610608421792973,0.05408275038960534
PPARA,mean,s3_top25,1200,5,1|2|3|4|5,0.11320452516244991,0.02645221272563847,5,0.10834564852718807,0.02371606781147993,0.06399496232738022,0.15495486941374848,0.06996234781486894
PPARA,mean,s3_top50,1200,5,1|2|3|4|5,0.11206349571897956,0.001151897635902288,5,0.10302774756526077,0.026126033186466537,0.0536507456159105,0.15638659027315452,0.07707174036370408
PPARA,mean,s4_scaffold25,1200,5,1|2|3|4|5,0.11506636665664172,0.050441837231567255,5,0.10592247505538213,0.030571718437583592,0.048852289143700954,0.16611351318675469,0.09018650206393534
PPARA,mean,s4_scaffold50,1200,5,1|2|3|4|5,0.14419648412580346,0.050441837231567255,5,0.13539448229586173,0.03191312580605569,0.07591009166224735,0.19908562434339938,0.09414365084679745
PPARA,mean,s5_score_oracle,1200,5,1|2|3|4|5,-0.048417882565287604,-0.11897444271772034,2,-0.04501805914026354,0.02462947624823707,-0.09331921273820387,0.003654457145688658,0.07265690069173775
PPARA,mean,s2_uniform,2400,5,1|2|3|4|5,0.1202976278234951,0.01318757718476804,5,0.11099475574581454,0.026782431110756233,0.06096507213571872,0.16475030584941464,0.07900811279479843
PPARA,mean,s3_top10,2400,5,1|2|3|4|5,0.032189720200498526,-0.007994303654603296,4,0.032680245830210154,0.01751882888559086,-0.0006870333064870043,0.06899381867065249,0.05168050663144049
PPARA,mean,s3_top25,2400,5,1|2|3|4|5,0.07408338620722361,0.007486611714552893,5,0.07198470577956011,0.022173460478010703,0.02973953756700445,0.11765975800860146,0.06541165957836037
PPARA,mean,s3_top50,2400,5,1|2|3|4|5,0.1153778410317083,0.012273051833883941,5,0.10832202457095075,0.02817969982352209,0.05487092000367487,0.1662835288064347,0.0831300524203058
PPARA,mean,s4_scaffold25,2400,5,1|2|3|4|5,0.11244708030573773,0.050441837231567255,5,0.10342012647750912,0.030414262018557833,0.04686841178337334,0.1635253441605158,0.08972200597456964
PPARA,mean,s4_scaffold50,2400,5,1|2|3|4|5,0.11008643669257667,0.045233503898233884,5,0.10269675053051446,0.0306635562929459,0.04516811124450211,0.16322398974249175,0.09045742353500313
PPARA,mean,s5_score_oracle,2400,5,1|2|3|4|5,-0.018262968821679326,-0.09369433756088102,2,-0.01674398909223055,0.024257335612389876,-0.06538443131423641,0.033705112718604685,0.07155908663553974
PPARA,mean,s2_uniform,3600,5,1|2|3|4|5,0.12536677742968594,0.02243825074054584,5,0.1177658622861089,0.02812145776868766,0.06383390173252067,0.17353398423629593,0.0829582384868085
PPARA,mean,s3_top10,3600,5,1|2|3|4|5,0.032189720200498526,-0.007994303654603296,4,0.032680245830210154,0.01751882888559086,-0.0006870333064870043,0.06899381867065249,0.05168050663144049
PPARA,mean,s3_top25,3600,5,1|2|3|4|5,0.06254395396372836,0.001659712956152859,5,0.06076060846229293,0.021050372448300776,0.02107536490464586,0.10512986556718688,0.06209855236405026
PPARA,mean,s3_top50,3600,5,1|2|3|4|5,0.09197280729083905,-0.01136016689963526,4,0.08650807922947149,0.026876959128137014,0.03562310926189809,0.1413430569634309,0.07928697023789626
PPARA,mean,s4_scaffold25,3600,5,1|2|3|4|5,0.11244708030573773,0.050441837231567255,5,0.10342012647750912,0.030414262018557833,0.04686841178337334,0.1635253441605158,0.08972200597456964
PPARA,mean,s4_scaffold50,3600,5,1|2|3|4|5,0.10741213400046175,0.045233503898233884,5,0.10012720378329143,0.03043476733612665,0.042955862201296775,0.16052396925626267,0.08978249661623958
PPARA,mean,s5_score_oracle,3600,5,1|2|3|4|5,-0.0007048416293953918,-0.08094629863567987,3,-0.0011672552692791856,0.024575070553933882,-0.05056480776922824,0.049672177104815536,0.07249640401335894
PPARA,mean,s2_uniform,4800,5,1|2|3|4|5,0.11040221262478485,-0.003177326096497235,4,0.10339991723239202,0.027981304523749206,0.050181194256043296,0.1594182259072988,0.08254478672289424
PPARA,mean,s3_top10,4800,5,1|2|3|4|5,0.032189720200498526,-0.007994303654603296,4,0.032680245830210154,0.01751882888559086,-0.0006870333064870043,0.06899381867065249,0.05168050663144049
PPARA,mean,s3_top25,4800,5,1|2|3|4|5,0.06254395396372836,0.001659712956152859,5,0.06076060846229293,0.021050372448300776,0.02107536490464586,0.10512986556718688,0.06209855236405026
PPARA,mean,s3_top50,4800,5,1|2|3|4|5,0.06011513405448961,-0.02580286615719385,4,0.05642102897287873,0.027002906630469614,0.006353893362284898,0.10983396639402174,0.07965851509240802
PPARA,mean,s4_scaffold25,4800,5,1|2|3|4|5,0.11244708030573773,0.050441837231567255,5,0.10342012647750912,0.030414262018557833,0.04686841178337334,0.1635253441605158,0.08972200597456964
PPARA,mean,s4_scaffold50,4800,5,1|2|3|4|5,0.10741213400046175,0.045233503898233884,5,0.10012720378329143,0.03043476733612665,0.042955862201296775,0.16052396925626267,0.08978249661623958
PPARA,mean,s5_score_oracle,4800,5,1|2|3|4|5,0.013640894533793458,-0.0662788241349544,3,0.012407108939540383,0.025389119372616113,-0.039657573744969525,0.06440102264420165,0.07489784623572268
PPARA,min,s2_uniform,600,5,1|2|3|4|5,0.0,0.0,0,0.0,0.0,0.0,0.0,0.0
PPARA,min,s3_top10,600,5,1|2|3|4|5,0.0,0.0,0,0.0,0.0,0.0,0.0,0.0
PPARA,min,s3_top25,600,5,1|2|3|4|5,0.0,0.0,0,0.0,0.0,0.0,0.0,0.0
PPARA,min,s3_top50,600,5,1|2|3|4|5,0.0,0.0,0,0.0,0.0,0.0,0.0,0.0
PPARA,min,s4_scaffold25,600,5,1|2|3|4|5,0.10006237153642443,0.050441837231567255,5,0.0899308097590475,0.02903237869751487,0.03592164031094132,0.1474721242156343,0.08564545322076215
PPARA,min,s4_scaffold50,600,5,1|2|3|4|5,0.10978757930395407,0.04795386831976578,5,0.09970452079657252,0.029027766143685615,0.04445908442576451,0.15827222603763733,0.08563184619712391
PPARA,min,s5_score_oracle,600,5,1|2|3|4|5,-0.06631565105070661,-0.1290334374462686,1,-0.062120479341263656,0.025784159734606845,-0.1134592040952402,-0.012286453267310924,0.07606321443361293
PPARA,min,s2_uniform,1200,5,1|2|3|4|5,0.02472765568163878,-0.04856386548079955,3,0.020949206369113908,0.018254532877406752,-0.014512700793531803,0.05621566236455251,0.053850831787084365
PPARA,min,s3_top10,1200,5,1|2|3|4|5,0.016915223257135015,-0.006004585692085729,3,0.015781462177468644,0.009720255682643902,-0.0018461038645000288,0.0364106367372697,0.028674732857249006
PPARA,min,s3_top25,1200,5,1|2|3|4|5,0.050289643433529096,-0.006166609227070408,4,0.04755482476878055,0.016223728125039628,0.017071728477655524,0.07883877120214966,0.047859962239965644
PPARA,min,s3_top50,1200,5,1|2|3|4|5,0.026880542981136724,-0.06339492978890832,3,0.023534673401792338,0.01893486026640482,-0.013753185729110412,0.061331878350449,0.05585779608636945
PPARA,min,s4_scaffold25,1200,5,1|2|3|4|5,0.08773176394169148,0.030676035054536532,5,0.07890860254448787,0.030379957680491333,0.019941875937902503,0.13819178643771987,0.08962080825282064
PPARA,min,s4_scaffold50,1200,5,1|2|3|4|5,0.09928157161171772,0.028963131637556705,5,0.09112623370774904,0.029328743792885102,0.036251514552062075,0.14849143616979313,0.08651972959943073
PPARA,min,s5_score_oracle,1200,5,1|2|3|4|5,-0.06631565105070661,-0.1290334374462686,1,-0.062120479341263656,0.025784159734606845,-0.1134592040952402,-0.012286453267310924,0.07606321443361293
PPARA,min,s2_uniform,2400,5,1|2|3|4|5,0.044536574628498485,-0.057865671530322405,3,0.03792482476717808,0.021929605775614567,-0.004668687901235831,0.08030003920376255,0.06469228874332374
PPARA,min,s3_top10,2400,5,1|2|3|4|5,0.00809906256597429,-0.005317772505272544,2,0.00736172916573384,0.009839766887359757,-0.0112759176428215,0.027039994098358056,0.029027290647965786
PPARA,min,s3_top25,2400,5,1|2|3|4|5,0.004577238271468465,-0.047443924153106776,3,0.00474743807519714,0.016808236764471237,-0.02698300451415541,0.03839347338089485,0.049584261439047685
PPARA,min,s3_top50,2400,5,1|2|3|4|5,0.029364702998657864,-0.09537007213506005,3,0.024641197921030433,0.021481673569255764,-0.017785717379292052,0.0659820055274322,0.06337088972102937
PPARA,min,s4_scaffold25,2400,5,1|2|3|4|5,0.08537518533511285,0.030676035054536532,5,0.07650117226527677,0.030246127799205595,0.01892434074741299,0.13663596800609154,0.08922601039775617
PPARA,min,s4_scaffold50,2400,5,1|2|3|4|5,0.04218552918755195,-0.09570288686714684,4,0.03958010482265231,0.030165601502022004,-0.016971734327444872,0.10052222866544963,0.08898845799840459
PPARA,min,s5_score_oracle,2400,5,1|2|3|4|5,-0.06631565105070661,-0.1290334374462686,1,-0.062120479341263656,0.025784159734606845,-0.1134592040952402,-0.012286453267310924,0.07606321443361293
PPARA,min,s2_uniform,3600,5,1|2|3|4|5,0.03438285810045418,-0.06530469648708614,3,0.03034791196534682,0.021478813566791856,-0.01262852089300787,0.07190838789554828,0.06336245272005933
PPARA,min,s3_top10,3600,5,1|2|3|4|5,0.00809906256597429,-0.005317772505272544,2,0.00736172916573384,0.009839766887359757,-0.0112759176428215,0.027039994098358056,0.029027290647965786
PPARA,min,s3_top25,3600,5,1|2|3|4|5,0.000832799249963223,-0.045940059183852744,2,0.0010182839490341668,0.016722671202998567,-0.03024586445208893,0.03523033911966085,0.0493318432211411
PPARA,min,s3_top50,3600,5,1|2|3|4|5,-0.005999145471329126,-0.10694025137605168,3,-0.0072637557796112725,0.022917768313376656,-0.05470954529074088,0.037460929640368186,0.067607366053529
PPARA,min,s4_scaffold25,3600,5,1|2|3|4|5,0.08537518533511285,0.030676035054536532,5,0.07650117226527677,0.030246127799205595,0.01892434074741299,0.13663596800609154,0.08922601039775617
PPARA,min,s4_scaffold50,3600,5,1|2|3|4|5,0.041567138317526245,-0.09879484121727539,4,0.039160670736277346,0.03026638751599601,-0.017480825526645465,0.10033332670282069,0.08928577651767068
PPARA,min,s5_score_oracle,3600,5,1|2|3|4|5,-0.06631565105070661,-0.1290334374462686,1,-0.062120479341263656,0.025784159734606845,-0.1134592040952402,-0.012286453267310924,0.07606321443361293
PPARA,min,s2_uniform,4800,5,1|2|3|4|5,0.0023333575417533114,-0.09112838240869775,3,0.0002775735757996169,0.022228734545299698,-0.04317786460887689,0.04392705176711543,0.06557471795513492
PPARA,min,s3_top10,4800,5,1|2|3|4|5,0.00809906256597429,-0.005317772505272544,2,0.00736172916573384,0.009839766887359757,-0.0112759176428215,0.027039994098358056,0.029027290647965786
PPARA,min,s3_top25,4800,5,1|2|3|4|5,0.000832799249963223,-0.045940059183852744,2,0.0010182839490341668,0.016722671202998567,-0.03024586445208893,0.03523033911966085,0.0493318432211411
PPARA,min,s3_top50,4800,5,1|2|3|4|5,-0.03369257510459435,-0.11510595272968455,2,-0.03295073663900928,0.02243814726366639,-0.07854862086359897,0.010383725759532987,0.06619248501313497
PPARA,min,s4_scaffold25,4800,5,1|2|3|4|5,0.08537518533511285,0.030676035054536532,5,0.07650117226527677,0.030246127799205595,0.01892434074741299,0.13663596800609154,0.08922601039775617
PPARA,min,s4_scaffold50,4800,5,1|2|3|4|5,0.041567138317526245,-0.09879484121727539,4,0.039160670736277346,0.03026638751599601,-0.017480825526645465,0.10033332670282069,0.08928577651767068
PPARA,min,s5_score_oracle,4800,5,1|2|3|4|5,-0.06631565105070661,-0.1290334374462686,1,-0.062120479341263656,0.025784159734606845,-0.1134592040952402,-0.012286453267310924,0.07606321443361293
PPARA_pool30,mean,s2_uniform,600,5,1|2|3|4|5,0.0,0.0,0,0.0,0.0,0.0,0.0,0.0
PPARA_pool30,mean,s3_top10,600,5,1|2|3|4|5,0.0,0.0,0,0.0,0.0,0.0,0.0,0.0
PPARA_pool30,mean,s3_top25,600,5,1|2|3|4|5,0.0,0.0,0,0.0,0.0,0.0,0.0,0.0
PPARA_pool30,mean,s3_top50,600,5,1|2|3|4|5,0.0,0.0,0,0.0,0.0,0.0,0.0,0.0
PPARA_pool30,mean,s4_scaffold25,600,5,1|2|3|4|5,0.04335317847349973,-0.04809115358238636,4,0.038872529426976596,0.02624539669729442,-0.010126017042212547,0.09128984668723282,0.0774238624577766
PPARA_pool30,mean,s4_scaffold50,600,5,1|2|3|4|5,0.032189923806395924,-0.1539580023432336,4,0.02841409505875891,0.026460557778782586,-0.020521373655536624,0.08254457121970414,0.0780585871743256
PPARA_pool30,mean,s5_score_oracle,600,5,1|2|3|4|5,-0.1778018574552609,-0.30852413466401557,1,-0.1669127532353375,0.03970284858306843,-0.24340624789459528,-0.09044666096346055,0.11712331588397396
PPARA_pool30,mean,s2_uniform,1200,5,1|2|3|4|5,0.03277414235655818,-0.15302300923732037,4,0.030663359463420848,0.027587641228305506,-0.02336558098495327,0.0861277037627831,0.08138348086828506
PPARA_pool30,mean,s3_top10,1200,5,1|2|3|4|5,-0.03399028301969541,-0.10940710762692185,1,-0.0293501081128661,0.022081026358148,-0.07248089144026057,0.01414216749021318,0.06513897912832955
PPARA_pool30,mean,s3_top25,1200,5,1|2|3|4|5,0.002609131059097125,-0.09414942167457441,3,0.0027659330654506136,0.021874679655422384,-0.0378204914306921,0.04610015818378613,0.06453025680971851
PPARA_pool30,mean,s3_top50,1200,5,1|2|3|4|5,0.02883173977062824,-0.10145566138572476,3,0.025508133645130996,0.02400490651367985,-0.021171444370062326,0.07435785663177676,0.0708144213502602
PPARA_pool30,mean,s4_scaffold25,1200,5,1|2|3|4|5,0.03653851127787231,-0.04904271184993003,3,0.03278872367592969,0.026831844304638176,-0.017140982012899455,0.08540393682724855,0.07915388160792936
PPARA_pool30,mean,s4_scaffold50,1200,5,1|2|3|4|5,0.024840271625796086,-0.13679388735243297,4,0.02183432899180708,0.02667254493201317,-0.029213713142841047,0.07691876058497402,0.07868394880950456
PPARA_pool30,mean,s5_score_oracle,1200,5,1|2|3|4|5,-0.18771647295973062,-0.3447752793399002,1,-0.17505005521814504,0.03909063130041355,-0.25139266911753,-0.09807238812516106,0.11531727624840495
PPARA_pool30,mean,s2_uniform,2400,5,1|2|3|4|5,0.03884263130633644,-0.13373213619527152,4,0.035134238679408396,0.02554517982605574,-0.014822365969019922,0.0847314960101845,0.07535822422968357
PPARA_pool30,mean,s3_top10,2400,5,1|2|3|4|5,-0.038244742110481456,-0.11729158086065983,0,-0.03299915959133951,0.022363857965205472,-0.07671476981642922,0.010032861749975346,0.06597333174627977
PPARA_pool30,mean,s3_top25,2400,5,1|2|3|4|5,-0.009224448319155453,-0.14010675327812683,3,-0.007304803418883315,0.022534591883019945,-0.05015018892315683,0.03650909634461493,0.06647699642783163
PPARA_pool30,mean,s3_top50,2400,5,1|2|3|4|5,0.017697738981173917,-0.10257469235266009,3,0.015890498113212893,0.023933468495658954,-0.03076748089191366,0.06308568758042554,0.0706036793544238
PPARA_pool30,mean,s4_scaffold25,2400,5,1|2|3|4|5,0.021326873969769976,-0.06376884712991815,3,0.018556739160154666,0.027087399466834704,-0.03329751584967072,0.0700310167901169,0.07990776877360967
PPARA_pool30,mean,s4_scaffold50,2400,5,1|2|3|4|5,0.011288025538612056,-0.15012491662068594,4,0.008883533980816843,0.02765655123578212,-0.04287993655256552,0.06454076487485291,0.08158676523858319
PPARA_pool30,mean,s5_score_oracle,2400,5,1|2|3|4|5,-0.17928213337208126,-0.3191611645485724,1,-0.16660120029132736,0.03904048503409514,-0.24217344446315886,-0.0877404338290913,0.11516934487320088
PPARA_pool30,mean,s2_uniform,3600,5,1|2|3|4|5,0.03738392235885838,-0.0793611555287374,4,0.03366540026936906,0.02641153593096318,-0.017897154067164883,0.08766014759526636,0.07791397283121732
PPARA_pool30,mean,s3_top10,3600,5,1|2|3|4|5,-0.038244742110481456,-0.11729158086065983,0,-0.03299915959133951,0.022363857965205472,-0.07671476981642922,0.010032861749975346,0.06597333174627977
PPARA_pool30,mean,s3_top25,3600,5,1|2|3|4|5,-0.02863135526991629,-0.15919497688090356,2,-0.026093069240698243,0.02400064002014388,-0.07265336057068957,0.02024180578742478,0.07080183520372502
PPARA_pool30,mean,s3_top50,3600,5,1|2|3|4|5,0.01929143009205846,-0.13769943215141495,4,0.01885401404078846,0.026285216877498133,-0.030830339298998824,0.07187847769287314,0.07754133190168308
PPARA_pool30,mean,s4_scaffold25,3600,5,1|2|3|4|5,0.021326873969769976,-0.06376884712991815,3,0.018556739160154666,0.027087399466834704,-0.03329751584967072,0.0700310167901169,0.07990776877360967
PPARA_pool30,mean,s4_scaffold50,3600,5,1|2|3|4|5,-0.007839954126071625,-0.1923727112108306,3,-0.00885409187831168,0.028351277195488786,-0.0636145532419399,0.04851697316812391,0.08363620528974922
PPARA_pool30,mean,s5_score_oracle,3600,5,1|2|3|4|5,-0.16646453631728528,-0.3100089450997272,1,-0.15593172130385605,0.03900104203198577,-0.23356150548470347,-0.07838945807150577,0.11505298810384204
PPARA_pool30,mean,s2_uniform,4800,5,1|2|3|4|5,0.028764798171235395,-0.10639160810194864,3,0.026923229173141706,0.02801871402396762,-0.026916933048038254,0.08455524614455465,0.08265514466615304
PPARA_pool30,mean,s3_top10,4800,5,1|2|3|4|5,-0.038244742110481456,-0.11729158086065983,0,-0.03299915959133951,0.022363857965205472,-0.07671476981642922,0.010032861749975346,0.06597333174627977
PPARA_pool30,mean,s3_top25,4800,5,1|2|3|4|5,-0.04922449075080365,-0.18261629759230974,1,-0.04560012592779835,0.024696948740600928,-0.09543119699731001,0.0021801476685426808,0.07285594439561902
PPARA_pool30,mean,s3_top50,4800,5,1|2|3|4|5,0.008807780085743299,-0.14802216737045493,3,0.009286932359746322,0.027611403709118135,-0.04286658652812643,0.06464165673184885,0.08145358013435113
PPARA_pool30,mean,s4_scaffold25,4800,5,1|2|3|4|5,0.021326873969769976,-0.06376884712991815,3,0.018556739160154666,0.027087399466834704,-0.03329751584967072,0.0700310167901169,0.07990776877360967
PPARA_pool30,mean,s4_scaffold50,4800,5,1|2|3|4|5,-0.025485775905223475,-0.2124803497799692,2,-0.025534781650439157,0.02943182498849833,-0.08244922172986531,0.03280326061658316,0.08682381889947795
PPARA_pool30,mean,s5_score_oracle,4800,5,1|2|3|4|5,-0.15208697197335783,-0.2972045716863401,1,-0.1428523023119538,0.03778065538386145,-0.21760597524934847,-0.06683279803112521,0.11145285017948656
PPARA_pool30,min,s2_uniform,600,5,1|2|3|4|5,0.0,0.0,0,0.0,0.0,0.0,0.0,0.0
PPARA_pool30,min,s3_top10,600,5,1|2|3|4|5,0.0,0.0,0,0.0,0.0,0.0,0.0,0.0
PPARA_pool30,min,s3_top25,600,5,1|2|3|4|5,0.0,0.0,0,0.0,0.0,0.0,0.0,0.0
PPARA_pool30,min,s3_top50,600,5,1|2|3|4|5,0.0,0.0,0,0.0,0.0,0.0,0.0,0.0
PPARA_pool30,min,s4_scaffold25,600,5,1|2|3|4|5,0.0042662112112477725,-0.07081773263810864,3,0.0007611423149994612,0.025358207972147447,-0.04697345705399797,0.05109866431347581,0.07480665767241512
PPARA_pool30,min,s4_scaffold50,600,5,1|2|3|4|5,-0.02241396538410696,-0.23325261169181855,3,-0.02374713293967085,0.027407636705364103,-0.07571549936040903,0.03246948355618129,0.08085246792202508
PPARA_pool30,min,s5_score_oracle,600,5,1|2|3|4|5,-0.1778018574552609,-0.30852413466401557,1,-0.1669127532353375,0.03970284858306843,-0.24340624789459528,-0.09044666096346055,0.11712331588397396
PPARA_pool30,min,s2_uniform,1200,5,1|2|3|4|5,-0.013527913831955918,-0.20446788195371263,3,-0.014899902905634104,0.030427081946133954,-0.07154915737694825,0.04529468122254102,0.08975982473268636
PPARA_pool30,min,s3_top10,1200,5,1|2|3|4|5,-0.04363460398677114,-0.12744454619454615,0,-0.040643353976951,0.015770832422973488,-0.07013467299444365,-0.010109393881607833,0.04652392091626556
PPARA_pool30,min,s3_top25,1200,5,1|2|3|4|5,-0.06297916710816781,-0.19751087283111973,1,-0.06011863306018982,0.02212469544227323,-0.10496588627713165,-0.018640358880048266,0.06526780283032822
PPARA_pool30,min,s3_top50,1200,5,1|2|3|4|5,-0.02941445410992829,-0.22037553480513772,3,-0.02876965535801726,0.027944781935083294,-0.0835292604657519,0.0261135152027005,0.0824370451667621
PPARA_pool30,min,s4_scaffold25,1200,5,1|2|3|4|5,0.0030558177994928328,-0.08200599858318208,3,-8.9313940569901e-05,0.025235477255209943,-0.04618671132611658,0.05110967666822763,0.07444460232773469
PPARA_pool30,min,s4_scaffold50,1200,5,1|2|3|4|5,-0.03767760032879386,-0.2290795728200159,3,-0.03960056940261359,0.02765803213471916,-0.09305696504369897,0.016202802665323722,0.08159113388718613
PPARA_pool30,min,s5_score_oracle,1200,5,1|2|3|4|5,-0.1778018574552609,-0.30852413466401557,1,-0.1669127532353375,0.03970284858306843,-0.24340624789459528,-0.09044666096346055,0.11712331588397396
PPARA_pool30,min,s2_uniform,2400,5,1|2|3|4|5,-0.036445693956911364,-0.25278170304737885,3,-0.03744447003386348,0.029983194962789807,-0.09321859669239141,0.022580804142555557,0.08845035910937661
PPARA_pool30,min,s3_top10,2400,5,1|2|3|4|5,-0.06361399959116673,-0.13403795278795272,0,-0.0581112714660101,0.019244893725339447,-0.09631903843874964,-0.020169506404831318,0.056772394107451676
PPARA_pool30,min,s3_top25,2400,5,1|2|3|4|5,-0.07278132269848754,-0.21633858479512563,0,-0.07009951889127837,0.022019541785314182,-0.11624833771989117,-0.028547031733278532,0.06495759977387493
PPARA_pool30,min,s3_top50,2400,5,1|2|3|4|5,-0.04852589044458348,-0.1881644162066401,1,-0.04767466591499712,0.029195514110769167,-0.10348252084929549,0.008550235446120111,0.08612670233059538
PPARA_pool30,min,s4_scaffold25,2400,5,1|2|3|4|5,-0.023681183625008605,-0.09016190517658867,2,-0.023087822060401032,0.02935908216367325,-0.07888913353330226,0.03619737691133108,0.08660922772644271
PPARA_pool30,min,s4_scaffold50,2400,5,1|2|3|4|5,-0.052703049408134396,-0.2494979306039704,2,-0.05350740667859813,0.02945211890100245,-0.11044504253354422,0.00490457262142477,0.08688368589667257
PPARA_pool30,min,s5_score_oracle,2400,5,1|2|3|4|5,-0.1778018574552609,-0.30852413466401557,1,-0.1669127532353375,0.03970284858306843,-0.24340624789459528,-0.09044666096346055,0.11712331588397396
PPARA_pool30,min,s2_uniform,3600,5,1|2|3|4|5,-0.04385308001816927,-0.1810259203860185,2,-0.04412469356057538,0.03207989144984949,-0.10383871443822874,0.01609835500637225,0.0946356091287275
PPARA_pool30,min,s3_top10,3600,5,1|2|3|4|5,-0.06361399959116673,-0.13403795278795272,0,-0.0581112714660101,0.019244893725339447,-0.09631903843874964,-0.020169506404831318,0.056772394107451676
PPARA_pool30,min,s3_top25,3600,5,1|2|3|4|5,-0.11140079745900149,-0.24577554571922483,0,-0.10567084285854922,0.026854783770127642,-0.15986070226357454,-0.05380970994845425,0.07922155298060456
PPARA_pool30,min,s3_top50,3600,5,1|2|3|4|5,-0.04650868186308539,-0.2139401748068861,1,-0.045983422047475506,0.02846438539241653,-0.09982917338589847,0.00912195082026026,0.08396987422159216
PPARA_pool30,min,s4_scaffold25,3600,5,1|2|3|4|5,-0.023681183625008605,-0.09016190517658867,2,-0.023087822060401032,0.02935908216367325,-0.07888913353330226,0.03619737691133108,0.08660922772644271
PPARA_pool30,min,s4_scaffold50,3600,5,1|2|3|4|5,-0.07943126306516164,-0.2859465969805181,1,-0.0776915116339918,0.031710313130684724,-0.13877442534004888,-0.016057535701787362,0.09354535390109978
PPARA_pool30,min,s5_score_oracle,3600,5,1|2|3|4|5,-0.1778018574552609,-0.30852413466401557,1,-0.1669127532353375,0.03970284858306843,-0.24340624789459528,-0.09044666096346055,0.11712331588397396
PPARA_pool30,min,s2_uniform,4800,5,1|2|3|4|5,-0.04826412191650905,-0.20181732740858777,2,-0.04824960029395639,0.03227433507586543,-0.10762611108887853,0.012293874173206003,0.09520921739725872
PPARA_pool30,min,s3_top10,4800,5,1|2|3|4|5,-0.06361399959116673,-0.13403795278795272,0,-0.0581112714660101,0.019244893725339447,-0.09631903843874964,-0.020169506404831318,0.056772394107451676
PPARA_pool30,min,s3_top25,4800,5,1|2|3|4|5,-0.1281754460574712,-0.25121739894874584,0,-0.12245915675984927,0.026698636719590853,-0.17639147707021754,-0.07215984505558826,0.07876091952539777
PPARA_pool30,min,s3_top50,4800,5,1|2|3|4|5,-0.062285029729291085,-0.22562012500128487,1,-0.061174035110150404,0.030590608213759786,-0.119800831913776,-0.0017127828273197203,0.09024222686205487
PPARA_pool30,min,s4_scaffold25,4800,5,1|2|3|4|5,-0.023681183625008605,-0.09016190517658867,2,-0.023087822060401032,0.02935908216367325,-0.07888913353330226,0.03619737691133108,0.08660922772644271
PPARA_pool30,min,s4_scaffold50,4800,5,1|2|3|4|5,-0.09506707422848197,-0.2898834842093126,1,-0.09308626413655104,0.03230014292351815,-0.15729101811531623,-0.030785161855256944,0.09528535049099858
PPARA_pool30,min,s5_score_oracle,4800,5,1|2|3|4|5,-0.1778018574552609,-0.30852413466401557,1,-0.1669127532353375,0.03970284858306843,-0.24340624789459528,-0.09044666096346055,0.11712331588397396
PPARG,mean,s2_uniform,600,5,1|2|3|4|5,0.0,0.0,0,0.0,0.0,0.0,0.0,0.0
PPARG,mean,s3_top10,600,5,1|2|3|4|5,0.0,0.0,0,0.0,0.0,0.0,0.0,0.0
PPARG,mean,s3_top25,600,5,1|2|3|4|5,0.0,0.0,0,0.0,0.0,0.0,0.0,0.0
PPARG,mean,s3_top50,600,5,1|2|3|4|5,0.0,0.0,0,0.0,0.0,0.0,0.0,0.0
PPARG,mean,s4_scaffold25,600,5,1|2|3|4|5,0.14834278425005526,0.09064414182659469,5,0.13231462727752694,0.03126874421865558,0.0712790033167496,0.19143944038693908,0.09224272658306427
PPARG,mean,s4_scaffold50,600,5,1|2|3|4|5,0.11761946771655847,0.04753118488965552,5,0.10375461840151308,0.03135849806372709,0.043247454036376205,0.16521604581037827,0.09250750022836372
PPARG,mean,s5_score_oracle,600,5,1|2|3|4|5,-0.09241595130034289,-0.14396637974765958,1,-0.09255068166435312,0.02577961605971512,-0.14470391449371475,-0.04475906739811102,0.0760498106026887
PPARG,mean,s2_uniform,1200,5,1|2|3|4|5,0.04389943841475449,-0.0009183070256922887,4,0.03586324944290736,0.018901718619326935,-0.0015164662498843744,0.07171045817544892,0.055760028300476286
PPARG,mean,s3_top10,1200,5,1|2|3|4|5,0.015185078673875496,-0.021803281276711883,3,0.017700213132921597,0.018873035488658898,-0.018717023012138553,0.054141024177577025,0.055675413128173354
PPARG,mean,s3_top25,1200,5,1|2|3|4|5,0.0626756550066852,0.027219461553406543,5,0.05573079810010982,0.018739835412735783,0.020764560138491327,0.0926858988793011,0.05528247319754163
PPARG,mean,s3_top50,1200,5,1|2|3|4|5,0.05358311396059492,0.0036199303324008225,5,0.04517510660331466,0.02066416345378465,0.004831170374925565,0.08560796169994135,0.06095923668076112
PPARG,mean,s4_scaffold25,1200,5,1|2|3|4|5,0.11752240534203166,0.06196758916059947,5,0.10709447985355638,0.03229981516809009,0.04697096968129764,0.16835612026777946,0.09528438361320762
PPARG,mean,s4_scaffold50,1200,5,1|2|3|4|5,0.12466666217797537,0.06389960428899844,5,0.10908304717516948,0.029998804893669188,0.05155039541706009,0.16632506931857388,0.08849640837109363
PPARG,mean,s5_score_oracle,1200,5,1|2|3|4|5,-0.07534371923628207,-0.12715074304256152,1,-0.07624715383369608,0.025166220946740068,-0.12781682717257004,-0.028570242461476186,0.07424029637026909
PPARG,mean,s2_uniform,2400,5,1|2|3|4|5,0.06809249730077306,0.001660585797852776,5,0.0555160119611851,0.028733861966180003,0.0009429549996750671,0.11003770260280551,0.08476482952073637
PPARG,mean,s3_top10,2400,5,1|2|3|4|5,0.00368547889043489,-0.01864345262192979,2,0.0070360575170934315,0.019818425652411452,-0.031166793150484803,0.047374010176572265,0.05846431202924647
PPARG,mean,s3_top25,2400,5,1|2|3|4|5,0.01886407749766552,-0.042805389278737116,4,0.018037734729514438,0.021316314250641608,-0.02209877890294255,0.06208094341888954,0.06288308009528217
PPARG,mean,s3_top50,2400,5,1|2|3|4|5,0.04977375766579619,0.01439802387467709,5,0.045437854824204336,0.023015074456267152,0.0008959141810149485,0.09166590227839004,0.06789441896076234
PPARG,mean,s4_scaffold25,2400,5,1|2|3|4|5,0.10354930299143064,0.05155614205507347,5,0.09345395468437831,0.032633095164259475,0.03248655446618905,0.1547452879477379,0.09626755886793739
PPARG,mean,s4_scaffold50,2400,5,1|2|3|4|5,0.07353221490086381,0.020734221730437485,5,0.06545454945959701,0.032098555234971994,0.004514316463171417,0.12567491443266446,0.09469066725373636
PPARG,mean,s5_score_oracle,2400,5,1|2|3|4|5,-0.05849524379052932,-0.13120380055325387,1,-0.05993281749999055,0.02597002320700125,-0.112304875910713,-0.010082525845962453,0.07661151126785634
PPARG,mean,s2_uniform,3600,5,1|2|3|4|5,0.08307981826209698,0.03653701070527504,5,0.07057448317586987,0.030149044817294836,0.013676151752726145,0.12829948289536386,0.0889396158149216
PPARG,mean,s3_top10,3600,5,1|2|3|4|5,0.00368547889043489,-0.01864345262192979,2,0.0070360575170934315,0.019818425652411452,-0.031166793150484803,0.047374010176572265,0.05846431202924647
PPARG,mean,s3_top25,3600,5,1|2|3|4|5,-0.002118211360608058,-0.0651512717551962,3,-0.0005918519890538207,0.022266073475034995,-0.04289064181203135,0.04378320119100759,0.06568486771562394
PPARG,mean,s3_top50,3600,5,1|2|3|4|5,0.01610880884022491,-0.028507174959333414,4,0.013505228607421047,0.02511088279120502,-0.03494516538593999,0.06330022414739629,0.07407704893330982
PPARG,mean,s4_scaffold25,3600,5,1|2|3|4|5,0.10354930299143064,0.05155614205507347,5,0.09345395468437831,0.032633095164259475,0.03248655446618905,0.1547452879477379,0.09626755886793739
PPARG,mean,s4_scaffold50,3600,5,1|2|3|4|5,0.04587106931511438,-0.02350001403727353,4,0.03940898458933108,0.032493653256451836,-0.022319122614940345,0.10315698639092004,0.09585620554699249
PPARG,mean,s5_score_oracle,3600,5,1|2|3|4|5,-0.04741951051439025,-0.131764773697451,1,-0.049319772417829186,0.026277736738292173,-0.10317388102727405,0.0010092489375917702,0.07751926550749873
PPARG,mean,s2_uniform,4800,5,1|2|3|4|5,0.06056581459066117,0.010683896089130007,5,0.052074056212435604,0.03066163584044301,-0.006852917501258423,0.11079166581312315,0.09045175820434895
PPARG,mean,s3_top10,4800,5,1|2|3|4|5,0.00368547889043489,-0.01864345262192979,2,0.0070360575170934315,0.019818425652411452,-0.031166793150484803,0.047374010176572265,0.05846431202924647
PPARG,mean,s3_top25,4800,5,1|2|3|4|5,-0.002118211360608058,-0.0651512717551962,3,-0.0005918519890538207,0.022266073475034995,-0.04289064181203135,0.04378320119100759,0.06568486771562394
PPARG,mean,s3_top50,4800,5,1|2|3|4|5,9.91173013553448e-05,-0.05697034708597015,2,-0.0013988499080901478,0.02523484723144848,-0.051160930098574156,0.04958585510901668,0.07444274375902585
PPARG,mean,s4_scaffold25,4800,5,1|2|3|4|5,0.10354930299143064,0.05155614205507347,5,0.09345395468437831,0.032633095164259475,0.03248655446618905,0.1547452879477379,0.09626755886793739
PPARG,mean,s4_scaffold50,4800,5,1|2|3|4|5,0.04245123604141687,-0.02455164848151259,3,0.03566893284466194,0.03245314948982405,-0.026979646934679566,0.09633393978754808,0.09573671952464043
PPARG,mean,s5_score_oracle,4800,5,1|2|3|4|5,-0.03881992169602846,-0.12674574748169043,1,-0.04128398633331405,0.02771309395287368,-0.0973326888177725,0.010732374973271735,0.08175356612948141
PPARG,min,s2_uniform,600,5,1|2|3|4|5,0.0,0.0,0,0.0,0.0,0.0,0.0,0.0
PPARG,min,s3_top10,600,5,1|2|3|4|5,0.0,0.0,0,0.0,0.0,0.0,0.0,0.0
PPARG,min,s3_top25,600,5,1|2|3|4|5,0.0,0.0,0,0.0,0.0,0.0,0.0,0.0
PPARG,min,s3_top50,600,5,1|2|3|4|5,0.0,0.0,0,0.0,0.0,0.0,0.0,0.0
PPARG,min,s4_scaffold25,600,5,1|2|3|4|5,0.10427371360529518,0.059315558897815535,5,0.09133205835062826,0.028918701939665514,0.03767072344433198,0.1472208434422297,0.08531010703545257
PPARG,min,s4_scaffold50,600,5,1|2|3|4|5,0.08272164805344956,0.0306058369583877,5,0.07094992463800762,0.028360876602187335,0.018206757182955415,0.1251834498314402,0.08366452351836952
PPARG,min,s5_score_oracle,600,5,1|2|3|4|5,-0.09241595130034289,-0.14396637974765958,1,-0.09255068166435312,0.02577961605971512,-0.14470391449371475,-0.04475906739811102,0.0760498106026887
PPARG,min,s2_uniform,1200,5,1|2|3|4|5,-0.008813438574547961,-0.023275817190819503,2,-0.010843164174383647,0.013340496305411068,-0.03826233101166889,0.015035466910158916,0.039354434721693504
PPARG,min,s3_top10,1200,5,1|2|3|4|5,-0.01727459291797524,-0.058680555555555514,2,-0.013587417145731563,0.01366835470710689,-0.04070737756794342,0.011953377606990303,0.040321616284666045
PPARG,min,s3_top25,1200,5,1|2|3|4|5,-0.003492869389916331,-0.0304941042073395,2,-0.00419769633143928,0.012331320066048541,-0.027927042949166193,0.020067542970463537,0.03637736703804461
PPARG,min,s3_top50,1200,5,1|2|3|4|5,-0.009850333050265326,-0.03202061521675259,1,-0.01121124562181049,0.014685927068042058,-0.03902573758370986,0.01826437650251438,0.04332345250846377
PPARG,min,s4_scaffold25,1200,5,1|2|3|4|5,0.08077486277964346,0.002126576691676596,5,0.07234174122948792,0.03153903640486202,0.012649950174083855,0.13247432415057983,0.09304008793711903
PPARG,min,s4_scaffold50,1200,5,1|2|3|4|5,0.05617851034574166,-0.00657576094307083,3,0.046469575969343695,0.02971146555416281,-0.009004880974298543,0.10417482222256542,0.08764875795234633
PPARG,min,s5_score_oracle,1200,5,1|2|3|4|5,-0.09241595130034289,-0.14396637974765958,1,-0.09255068166435312,0.02577961605971512,-0.14470391449371475,-0.04475906739811102,0.0760498106026887
PPARG,min,s2_uniform,2400,5,1|2|3|4|5,-0.032804057942774155,-0.07200647764054735,1,-0.035000395892695976,0.017975939130966085,-0.07112972771039419,-0.0015607808089440217,0.05302898084862084
PPARG,min,s3_top10,2400,5,1|2|3|4|5,-0.015796418314800643,-0.058680555555555514,2,-0.012202109788499654,0.012416723263513204,-0.03703424294648253,0.011796815137783393,0.03662930628248515
PPARG,min,s3_top25,2400,5,1|2|3|4|5,-0.034270638647018445,-0.07770487629749756,1,-0.03203081049975218,0.017010623580069432,-0.06662088184380484,-5.708271537055027e-05,0.05018130209935355
PPARG,min,s3_top50,2400,5,1|2|3|4|5,-0.030174915179011184,-0.05575968239433282,0,-0.03081189021942519,0.017743886870864544,-0.06673256697648351,0.0021340627173471543,0.05234442719236118
PPARG,min,s4_scaffold25,2400,5,1|2|3|4|5,0.07836877349855417,-0.0035812571411572014,4,0.0697477422634957,0.031622320640714546,0.008885729595071713,0.13010235813571577,0.09328577624947026
PPARG,min,s4_scaffold50,2400,5,1|2|3|4|5,0.006624717732314078,-0.0776839574428771,2,0.0021584204319300415,0.03286677975910511,-0.06061236892135084,0.06516166229279712,0.0969569279080973
PPARG,min,s5_score_oracle,2400,5,1|2|3|4|5,-0.09241595130034289,-0.14396637974765958,1,-0.09255068166435312,0.02577961605971512,-0.14470391449371475,-0.04475906739811102,0.0760498106026887
PPARG,min,s2_uniform,3600,5,1|2|3|4|5,-0.047275496912775127,-0.09344612702448968,0,-0.049569733894989,0.020134838924206727,-0.08986968721448459,-0.01138645497775992,0.059397730484217585
PPARG,min,s3_top10,3600,5,1|2|3|4|5,-0.015796418314800643,-0.058680555555555514,2,-0.012202109788499654,0.012416723263513204,-0.03703424294648253,0.011796815137783393,0.03662930628248515
PPARG,min,s3_top25,3600,5,1|2|3|4|5,-0.03833292626193764,-0.08229083614661531,1,-0.034781842694667595,0.016979413158599993,-0.06834817407182152,-0.002321747673791361,0.050089231424752224
PPARG,min,s3_top50,3600,5,1|2|3|4|5,-0.05924276405607863,-0.09181595145946453,1,-0.056357430371857066,0.02211921698922608,-0.10327213811230884,-0.015985189141351563,0.06525164140590411
PPARG,min,s4_scaffold25,3600,5,1|2|3|4|5,0.07836877349855417,-0.0035812571411572014,4,0.0697477422634957,0.031622320640714546,0.008885729595071713,0.13010235813571577,0.09328577624947026
PPARG,min,s4_scaffold50,3600,5,1|2|3|4|5,0.0004180160101883601,-0.08455897507220628,2,-0.005448659792737998,0.03229570022753283,-0.06834321281381772,0.05476072922551464,0.09527224454762587
PPARG,min,s5_score_oracle,3600,5,1|2|3|4|5,-0.09241595130034289,-0.14396637974765958,1,-0.09255068166435312,0.02577961605971512,-0.14470391449371475,-0.04475906739811102,0.0760498106026887
PPARG,min,s2_uniform,4800,5,1|2|3|4|5,-0.05287212806870857,-0.09089585550581125,1,-0.05348532425043217,0.022528912865251504,-0.09866257729679574,-0.01155846171137489,0.06646024333792142
PPARG,min,s3_top10,4800,5,1|2|3|4|5,-0.015796418314800643,-0.058680555555555514,2,-0.012202109788499654,0.012416723263513204,-0.03703424294648253,0.011796815137783393,0.03662930628248515
PPARG,min,s3_top25,4800,5,1|2|3|4|5,-0.03833292626193764,-0.08229083614661531,1,-0.034781842694667595,0.016979413158599993,-0.06834817407182152,-0.002321747673791361,0.050089231424752224
PPARG,min,s3_top50,4800,5,1|2|3|4|5,-0.06079535971460696,-0.10406240501550068,1,-0.06108035463357494,0.02249107472658234,-0.10750535346915038,-0.018526024489853663,0.06634862091217687
PPARG,min,s4_scaffold25,4800,5,1|2|3|4|5,0.07836877349855417,-0.0035812571411572014,4,0.0697477422634957,0.031622320640714546,0.008885729595071713,0.13010235813571577,0.09328577624947026
PPARG,min,s4_scaffold50,4800,5,1|2|3|4|5,-0.0026564424197177638,-0.0887802029855011,2,-0.00830819892267763,0.032294843797377654,-0.07121243106457864,0.05275216932090297,0.09526971808055418
PPARG,min,s5_score_oracle,4800,5,1|2|3|4|5,-0.09241595130034289,-0.14396637974765958,1,-0.09255068166435312,0.02577961605971512,-0.14470391449371475,-0.04475906739811102,0.0760498106026887
