target_id,role,phi,k,n_folds,h_nested,h_lower95,noise_floor,ratio,h_raw,h_perm,go_folds,verdict
BACE1_min,sensitivity,gmean,1,5,-0.06549448163128217,-0.16421678819737462,0.0,nan,0.010181566177978652,,0,NO-GO
BACE1_min,sensitivity,gmean,2,5,-0.03764384926181497,-0.16864535140963974,0.03513277652688833,-1.071473791233233,0.04460975060265811,-0.33484564138486617,0,NO-GO
BACE1_min,sensitivity,gmean,3,5,-0.02562511555997051,-0.14240274422160373,0.032233998902188095,-0.7949716582707658,0.04758396045158023,-0.32795272839252326,0,NO-GO
BACE1_min,sensitivity,gmean,4,5,-0.045823405070950576,-0.17331559503625954,0.03431880474286235,-1.3352273021828058,0.04784074570278487,,0,NO-GO
BACE1_min,sensitivity,gmean,5,5,-0.049877204334798274,-0.16432689972606646,0.03976309019832529,-1.254359359044458,0.04430903222095086,,0,NO-GO
BACE1_min,sensitivity,gmean,6,5,-0.03996543281827482,-0.15813521199140343,0.04128871228774776,-0.9679505754441845,0.03343299410259779,,0,NO-GO
BACE1_min,sensitivity,hmean,1,5,-0.06549448163128217,-0.16421678819737462,0.0,nan,0.010181566177978652,,0,NO-GO
BACE1_min,sensitivity,hmean,2,5,-0.025263536709066736,-0.1427710303188061,0.03428375999754498,-0.7368951570911658,0.04765316442051905,-0.3311688963278959,0,NO-GO
BACE1_min,sensitivity,hmean,3,5,-0.05596556085325645,-0.18453494605875878,0.03449501662191577,-1.622424521972828,0.04678304928225323,-0.3287909569742447,0,NO-GO
BACE1_min,sensitivity,hmean,4,5,-0.05117402316436823,-0.17480690442356892,0.03692745873242577,-1.3857986690926187,0.0495514444880925,,0,NO-GO
BACE1_min,sensitivity,hmean,5,5,-0.028202355976701447,-0.1478202716373695,0.03890261595285371,-0.7249475462236277,0.04748217883106998,,0,NO-GO
BACE1_min,sensitivity,hmean,6,5,-0.03015977444629232,-0.1451655629368215,0.04372267297724479,-0.6897971325309593,0.042240580783254246,,0,NO-GO
BACE1_min,sensitivity,max,1,5,-0.06549448163128217,-0.16421678819737462,0.0,nan,0.010181566177978652,,0,NO-GO
BACE1_min,sensitivity,max,2,5,-0.041374531628748296,-0.1268350457619391,0.031843156779466045,-1.2993225488067353,0.01912821430787126,-0.37141991968549043,0,NO-GO
BACE1_min,sensitivity,max,3,5,-0.036609097408369755,-0.16944914321284674,0.03718338443099252,-0.9845552783478178,0.03527552009856679,-0.3613275882987977,0,NO-GO
BACE1_min,sensitivity,max,4,5,-0.03705245311801454,-0.15364771205731884,0.04020022082995674,-0.921697750734829,0.03227898265632008,,0,NO-GO
BACE1_min,sensitivity,max,5,5,-0.03158895703159563,-0.16652141548826718,0.04518572427636333,-0.6990915280762651,0.03323085893256363,,0,NO-GO
BACE1_min,sensitivity,max,6,5,-0.07463135165272568,-0.23434031260188667,0.056085737794821476,-1.3306654166831084,0.01235850190512804,,0,NO-GO
BACE1_min,sensitivity,mean,1,5,-0.06549448163128217,-0.16421678819737462,0.0,nan,0.010181566177978652,,0,NO-GO
BACE1_min,sensitivity,mean,2,5,-0.06492991148835013,-0.1976593987661412,0.030437552043274325,-2.133217263860004,0.028547613476975008,-0.35091922457952585,0,NO-GO
BACE1_min,sensitivity,mean,3,5,-0.07375191781444897,-0.19703108758791385,0.03176204525653487,-2.3220141278299735,0.04660235423390054,-0.33333694287840526,0,NO-GO
BACE1_min,sensitivity,mean,4,5,-0.07210496574654246,-0.20446609418517347,0.03679769718598424,-1.9594966875809363,0.045792258043766375,,0,NO-GO
BACE1_min,sensitivity,mean,5,5,-0.0568459704111985,-0.17680484741927355,0.042521315236576,-1.3368817520089482,0.039579156942488924,,0,NO-GO
BACE1_min,sensitivity,mean,6,5,-0.07872784807132002,-0.20635717922198094,0.04256634289961031,-1.8495328165023255,0.021818393058530904,,0,NO-GO
BACE1_min,sensitivity,min,1,5,-0.06549448163128217,-0.16421678819737462,0.0,nan,0.010181566177978652,,0,NO-GO
BACE1_min,sensitivity,min,2,5,-0.07822198063432348,-0.1885731840486455,0.025422923519275692,-3.076828696550791,0.019638160036552565,-0.35934745832003934,0,NO-GO
BACE1_min,sensitivity,min,3,5,-0.010592258957632711,-0.12950725946895608,0.04921083162542053,-0.21524242951751163,0.08330900593562987,-0.2992408036138693,0,NO-GO
BACE1_min,sensitivity,min,4,5,-0.0061662163740119486,-0.11606548116246349,0.048450158094877536,-0.12726927251582862,0.09739573842841036,,0,NO-GO
BACE1_min,sensitivity,min,5,5,0.01863699734180614,-0.08469050514746043,0.055480035469875746,0.3359225924057954,0.10303180252726052,,0,NO-GO
BACE1_min,sensitivity,min,6,5,0.02280063936132143,-0.07344197931791593,0.056452909137089634,0.40388776610170085,0.10442217375813223,,0,NO-GO
BACE1_min,sensitivity,ranksum,1,5,-0.05014657856936293,-0.18748229042596384,0.0,nan,0.015952953656351555,,0,NO-GO
BACE1_min,sensitivity,ranksum,2,5,-0.07186948895873743,-0.1649283429844429,0.03180362638006045,-2.259789122783703,0.02214275138539843,-0.3632245625730916,0,NO-GO
BACE1_min,sensitivity,ranksum,3,5,-0.07709056883850059,-0.19585680306591965,0.029370216289636486,-2.6247872360988573,0.010486878236287056,-0.3723041586108221,0,NO-GO
BACE1_min,sensitivity,ranksum,4,5,-0.07601630014226275,-0.19038445300699708,0.036125176407483084,-2.1042471678149783,0.032962192906183865,,0,NO-GO
BACE1_min,sensitivity,ranksum,5,5,-0.042627027409622584,-0.16619785161698847,0.035215494864740834,-1.2104622574054034,0.03915202928509333,,0,NO-GO
BACE1_min,sensitivity,ranksum,6,5,-0.05468044206176281,-0.17028818311698685,0.04196983098840481,-1.3028511379249923,0.01872780512014629,,0,NO-GO
BACE1_min,sensitivity,rrf,1,5,-0.05014657856936293,-0.18748229042596384,0.0,nan,0.015952953656351555,,0,NO-GO
BACE1_min,sensitivity,rrf,2,5,-0.04771483911723708,-0.14838127207461735,0.02831478925135819,-1.685156074928169,0.028720024341472493,-0.35282450251618325,0,NO-GO
BACE1_min,sensitivity,rrf,3,5,-0.06355697109017804,-0.16622032611145526,0.02938300699172755,-2.1630519676924753,0.03613737627457958,-0.342094778406215,0,NO-GO
BACE1_min,sensitivity,rrf,4,5,-0.08207642249529472,-0.19509091007172613,0.03347504679355088,-2.4518687905495957,0.04407835915208569,,0,NO-GO
BACE1_min,sensitivity,rrf,5,5,-0.07883859690489776,-0.1857098788225349,0.03941016247841841,-2.00046363544101,0.03955135288269444,,0,NO-GO
BACE1_min,sensitivity,rrf,6,5,-0.05420910904078876,-0.16161232209699267,0.04081079068881159,-1.328303326787794,0.029203449106110935,,0,NO-GO
BACE1_min,sensitivity,zmean,1,5,-0.06549448163128217,-0.16421678819737462,0.0,nan,0.010181566177978652,,0,NO-GO
BACE1_min,sensitivity,zmean,2,5,-0.06332325839698627,-0.18160534061765837,0.03411143354188301,-1.856364620948461,0.04260840883222918,-0.3380232858378852,0,NO-GO
BACE1_min,sensitivity,zmean,3,5,-0.05385007507623383,-0.1880909243539484,0.030642672229775608,-1.7573557120748593,0.042127545579355,-0.33978621865841707,0,NO-GO
BACE1_min,sensitivity,zmean,4,5,-0.07232192252621869,-0.2095110413400644,0.03687116205699833,-1.9614766254021991,0.04395602284853665,,0,NO-GO
BACE1_min,sensitivity,zmean,5,5,-0.06148733221753048,-0.17718197559145446,0.040835481069687124,-1.5057330195914742,0.037606953839007376,,0,NO-GO
BACE1_min,sensitivity,zmean,6,5,-0.06789553158343367,-0.19848987545755234,0.0425121507890836,-1.597085311450958,0.01973726461859384,,0,NO-GO
BACE1_seed20260821,sensitivity,gmean,1,5,-0.07188597069253046,-0.21341385850205458,0.0,nan,0.03762970236614428,,0,NO-GO
BACE1_seed20260821,sensitivity,gmean,2,5,-0.045441666915807324,-0.1782049356733419,0.04084219303928325,-1.112615742061161,0.06457974945544673,-0.3180521964547264,0,NO-GO
BACE1_seed20260821,sensitivity,gmean,3,5,-0.03889297255354387,-0.1641165578042974,0.04222777300149775,-0.921028266211538,0.07028674371093849,-0.3111165984128518,0,NO-GO
BACE1_seed20260821,sensitivity,gmean,4,5,-0.03347199028530186,-0.1459673103369215,0.049828194838633405,-0.6717480011808484,0.0626630869567658,,0,NO-GO
BACE1_seed20260821,sensitivity,gmean,5,5,-0.0397284640295946,-0.14152749986156135,0.04823806513898188,-0.823591574726936,0.0405940146103904,,0,NO-GO
BACE1_seed20260821,sensitivity,gmean,6,5,-0.053274542953106144,-0.14724431955133432,0.04579756814865891,-1.1632613937093117,0.026946027115704384,,0,NO-GO
BACE1_seed20260821,sensitivity,hmean,1,5,-0.07188597069253046,-0.21341385850205458,0.0,nan,0.03762970236614428,,0,NO-GO
BACE1_seed20260821,sensitivity,hmean,2,5,-0.018369604965863047,-0.14331127667226215,0.04087034761649154,-0.44946045329085366,0.0778190988557146,-0.30474695800624324,0,NO-GO
BACE1_seed20260821,sensitivity,hmean,3,5,-0.032951843479094856,-0.14694514375056894,0.04539777715384953,-0.7258470688426798,0.07768255296105611,-0.30485932315492575,0,NO-GO
BACE1_seed20260821,sensitivity,hmean,4,5,-0.020431912468399697,-0.131685806526668,0.04910164647648415,-0.41611460988757243,0.060598566969525224,,0,NO-GO
BACE1_seed20260821,sensitivity,hmean,5,5,-0.03478214426202807,-0.14334436613921353,0.0506243916973539,-0.6870629571208478,0.048762145521708565,,0,NO-GO
BACE1_seed20260821,sensitivity,hmean,6,5,-0.02035045575334316,-0.10735362395735266,0.043115827891915585,-0.47199501316218406,0.03640439792002218,,0,NO-GO
BACE1_seed20260821,sensitivity,max,1,5,-0.07188597069253046,-0.21341385850205458,0.0,nan,0.03762970236614428,,0,NO-GO
BACE1_seed20260821,sensitivity,max,2,5,-0.03439656001670827,-0.16226579410329217,0.034182784532010006,-1.006253893227981,0.0587488271283748,-0.33662356770535673,0,NO-GO
BACE1_seed20260821,sensitivity,max,3,5,-0.026235610954839866,-0.15954710763073846,0.043183070406006094,-0.6075438987587807,0.07137503774667016,-0.330432430315653,0,NO-GO
BACE1_seed20260821,sensitivity,max,4,5,-0.02500215316704586,-0.11575642915175285,0.05234175317676857,-0.4776712977612459,0.050202458137930214,,0,NO-GO
BACE1_seed20260821,sensitivity,max,5,5,-0.009840491090888453,-0.13005973282560684,0.05395930007981127,-0.18236876824446147,0.057274682201912265,,0,NO-GO
BACE1_seed20260821,sensitivity,max,6,5,-0.03884339669217026,-0.1781326734816432,0.0649130730959337,-0.5983909687154143,0.04666771042480515,,0,NO-GO
BACE1_seed20260821,sensitivity,mean,1,5,-0.07188597069253046,-0.21341385850205458,0.0,nan,0.03762970236614428,,0,NO-GO
BACE1_seed20260821,sensitivity,mean,2,5,-0.04548158725282237,-0.1772553586070623,0.04257577441362979,-1.0682503813309934,0.06380475007257481,-0.3234565271166846,0,NO-GO
BACE1_seed20260821,sensitivity,mean,3,5,-0.0193789797756386,-0.1435505934123612,0.04283382632069961,-0.45242233627570255,0.0680266462288929,-0.3179406196208328,0,NO-GO
BACE1_seed20260821,sensitivity,mean,4,5,-0.04790144498995298,-0.16026949776374133,0.04138927845269836,-1.1573394555475771,0.059157610237991466,,0,NO-GO
BACE1_seed20260821,sensitivity,mean,5,5,-0.04413655100907922,-0.14151742606158654,0.04732733635225509,-0.9325805002118224,0.040990133343701184,,0,NO-GO
BACE1_seed20260821,sensitivity,mean,6,5,-0.07191380231893021,-0.16941955545907533,0.045333809315282206,-1.5863172189831352,0.02199756093406714,,0,NO-GO
BACE1_seed20260821,sensitivity,min,1,5,-0.07188597069253046,-0.21341385850205458,0.0,nan,0.03762970236614428,,0,NO-GO
BACE1_seed20260821,sensitivity,min,2,5,-0.0819984097074446,-0.20601795026787434,0.030862271424134613,-2.6569142815366793,0.06937750661612531,-0.31129771882860563,0,NO-GO
BACE1_seed20260821,sensitivity,min,3,5,-0.04786033536410614,-0.1690694719542458,0.049891514708977944,-0.9592880802132412,0.09426482350676632,-0.2894689038226897,0,NO-GO
BACE1_seed20260821,sensitivity,min,4,5,0.012387211383851482,-0.1143344336477389,0.05606418176895882,0.22094697528806062,0.11633338862968419,,0,NO-GO
BACE1_seed20260821,sensitivity,min,5,5,0.01843963850180206,-0.09267051622971234,0.05771065106195896,0.319518809136376,0.1180451439293767,,0,NO-GO
BACE1_seed20260821,sensitivity,min,6,5,0.011689460158723745,-0.08205405541882142,0.06070600853874297,0.19255853646288495,0.11749582778037677,,0,NO-GO
BACE1_seed20260821,sensitivity,ranksum,1,5,-0.060920050269323144,-0.20492429515171465,0.0,nan,0.03467205312578876,,0,NO-GO
BACE1_seed20260821,sensitivity,ranksum,2,5,-0.05519792854684173,-0.17794567791673938,0.027721077728623554,-1.991189847927406,0.054054988674070006,-0.3364443953095989,0,NO-GO
BACE1_seed20260821,sensitivity,ranksum,3,5,-0.04687911279727412,-0.18469973868502668,0.03458014648418225,-1.355665535387992,0.052429960646322174,-0.3413959232730029,0,NO-GO
BACE1_seed20260821,sensitivity,ranksum,4,5,-0.05839138544410187,-0.18082709667519475,0.037520928671039906,-1.5562350803212017,0.04933744072213238,,0,NO-GO
BACE1_seed20260821,sensitivity,ranksum,5,5,-0.05469070128030736,-0.16703326202019608,0.04512098743217885,-1.2120900803093617,0.04127129695329187,,0,NO-GO
BACE1_seed20260821,sensitivity,ranksum,6,5,-0.06034504141599243,-0.16286160930527577,0.05010689157892471,-1.2043261817776372,0.024509954234780296,,0,NO-GO
BACE1_seed20260821,sensitivity,rrf,1,5,-0.060920050269323144,-0.20492429515171465,0.0,nan,0.03467205312578876,,0,NO-GO
BACE1_seed20260821,sensitivity,rrf,2,5,-0.04733403665096809,-0.15969523935339902,0.038474872115665894,-1.230258453066956,0.05515196300432288,-0.3284384138822127,0,NO-GO
BACE1_seed20260821,sensitivity,rrf,3,5,-0.04404789180357871,-0.16833074298733378,0.03499160305483725,-1.2588131996853318,0.06273272950703218,-0.3184785579243673,0,NO-GO
BACE1_seed20260821,sensitivity,rrf,4,5,-0.06825651275756009,-0.1968418262477989,0.03893028988866852,-1.7533009117773763,0.06601269145308922,,0,NO-GO
BACE1_seed20260821,sensitivity,rrf,5,5,-0.05993341718283608,-0.16734843324712032,0.04333116368856192,-1.3831481105285117,0.045069196173823343,,0,NO-GO
BACE1_seed20260821,sensitivity,rrf,6,5,-0.0653777421729042,-0.16474052635951014,0.0447851017437233,-1.459810062440396,0.033962074499758535,,0,NO-GO
BACE1_seed20260821,sensitivity,zmean,1,5,-0.07188597069253046,-0.21341385850205458,0.0,nan,0.03762970236614428,,0,NO-GO
BACE1_seed20260821,sensitivity,zmean,2,5,-0.034948292571428625,-0.16105018514143893,0.04530274428162858,-0.7714387533384164,0.06611618300497454,-0.3195343951318496,0,NO-GO
BACE1_seed20260821,sensitivity,zmean,3,5,-0.042360469122020766,-0.17322619513089577,0.043523836487083245,-0.973270569440547,0.06351531079150854,-0.3218148105370542,0,NO-GO
BACE1_seed20260821,sensitivity,zmean,4,5,-0.04538607989338849,-0.16085826582997692,0.04734000450398128,-0.9587257197994465,0.05070594684340227,,0,NO-GO
BACE1_seed20260821,sensitivity,zmean,5,5,-0.062469682073822995,-0.16526165707707333,0.04498991836943024,-1.3885262373863276,0.03453376075406715,,0,NO-GO
BACE1_seed20260821,sensitivity,zmean,6,5,-0.07280034665059541,-0.16493673203451026,0.04584771654402956,-1.5878729005114587,0.02370597191551057,,0,NO-GO
BACE1_seed20260822,sensitivity,gmean,1,5,-0.0794918807306589,-0.17070923917865213,0.0,nan,0.0184996217091432,,0,NO-GO
BACE1_seed20260822,sensitivity,gmean,2,5,-0.09139739326794681,-0.2102379902215084,0.03508011460133455,-2.605390384456435,0.03419028477045891,-0.3459061530182933,0,NO-GO
BACE1_seed20260822,sensitivity,gmean,3,5,-0.03841856793317711,-0.15400778665466527,0.04557297282314781,-0.8430121090029753,0.05588790924647084,-0.32576393022254285,0,NO-GO
BACE1_seed20260822,sensitivity,gmean,4,5,-0.041266718919660904,-0.14781571413642447,0.04288204089037215,-0.9623310379550075,0.0607478958921571,,0,NO-GO
BACE1_seed20260822,sensitivity,gmean,5,5,-0.05532018834694837,-0.16192583772973107,0.043664619259654015,-1.266933945260896,0.05043328629058632,,0,NO-GO
BACE1_seed20260822,sensitivity,gmean,6,5,-0.030731310647135725,-0.13058197451580664,0.04362695838475763,-0.7044110289813974,0.050475301976924326,,0,NO-GO
BACE1_seed20260822,sensitivity,hmean,1,5,-0.0794918807306589,-0.17070923917865213,0.0,nan,0.0184996217091432,,0,NO-GO
BACE1_seed20260822,sensitivity,hmean,2,5,-0.06413218410117846,-0.1840389913366911,0.036452442741418636,-1.7593384497195592,0.03767046073243309,-0.3413387348600148,0,NO-GO
BACE1_seed20260822,sensitivity,hmean,3,5,-0.04424139889288011,-0.16683973326251805,0.043819784353332045,-1.0096215566956803,0.05907009028227579,-0.31995033924935523,0,NO-GO
BACE1_seed20260822,sensitivity,hmean,4,5,-0.017710022207439405,-0.12422803044597511,0.04345672683651016,-0.4075323545205511,0.061645421109204,,0,NO-GO
BACE1_seed20260822,sensitivity,hmean,5,5,-0.029122089154192038,-0.1390196949357486,0.04430785724824547,-0.6572669265188903,0.04913629947812683,,0,NO-GO
BACE1_seed20260822,sensitivity,hmean,6,5,-0.023288220780676477,-0.12670505256556286,0.043336595763220076,-0.5373800219084415,0.04928657613400812,,0,NO-GO
BACE1_seed20260822,sensitivity,max,1,5,-0.0794918807306589,-0.17070923917865213,0.0,nan,0.0184996217091432,,0,NO-GO
BACE1_seed20260822,sensitivity,max,2,5,-0.03882038237983996,-0.16628441096408406,0.027570022507352084,-1.4080649505994327,0.0385148929519865,-0.3501715249001712,0,NO-GO
BACE1_seed20260822,sensitivity,max,3,5,0.005960709575463255,-0.1165535127558345,0.038039750135872935,0.1566968645738311,0.06275180924573841,-0.3388301140439582,0,NO-GO
BACE1_seed20260822,sensitivity,max,4,5,-0.045526228088909805,-0.20276249548239078,0.04439084587836878,-1.0255769447072935,0.0681480309566603,,0,NO-GO
BACE1_seed20260822,sensitivity,max,5,5,-0.025665512245409278,-0.17670590280148443,0.04838234859946722,-0.5304726411254022,0.05813962765755328,,0,NO-GO
BACE1_seed20260822,sensitivity,max,6,5,-0.028018397165834163,-0.18437050992126885,0.06065844557482132,-0.46190430533327587,0.04236046619022973,,0,NO-GO
BACE1_seed20260822,sensitivity,mean,1,5,-0.0794918807306589,-0.17070923917865213,0.0,nan,0.0184996217091432,,0,NO-GO
BACE1_seed20260822,sensitivity,mean,2,5,-0.08626855247521503,-0.20523983776204924,0.034619761728259674,-2.4918875280645016,0.03506518953815816,-0.34695092077088086,0,NO-GO
BACE1_seed20260822,sensitivity,mean,3,5,-0.027092159067232974,-0.13531859673211108,0.041975741041276916,-0.6454241996726598,0.059344266467172405,-0.32257488908667953,0,NO-GO
BACE1_seed20260822,sensitivity,mean,4,5,-0.05467207996065191,-0.1666005235539831,0.03964478879108831,-1.3790483346689328,0.05569317729307406,,0,NO-GO
BACE1_seed20260822,sensitivity,mean,5,5,-0.03904224832210225,-0.14736834634329168,0.038951426885007225,-1.002331658795534,0.052360987257923985,,0,NO-GO
BACE1_seed20260822,sensitivity,mean,6,5,-0.04937211885773497,-0.15869614400675813,0.04240717634961615,-1.1642397138328184,0.04396879926689562,,0,NO-GO
BACE1_seed20260822,sensitivity,min,1,5,-0.0794918807306589,-0.17070923917865213,0.0,nan,0.0184996217091432,,0,NO-GO
BACE1_seed20260822,sensitivity,min,2,5,-0.0699252317947906,-0.18589841051700362,0.029006091555934737,-2.4107085113465994,0.048805419789913894,-0.33201905978795276,0,NO-GO
BACE1_seed20260822,sensitivity,min,3,5,-0.030062276453280502,-0.1432426051235974,0.052470969988213344,-0.5729315936037289,0.08269134219056672,-0.30271168034067436,0,NO-GO
BACE1_seed20260822,sensitivity,min,4,5,0.03145577672896733,-0.06133754216652332,0.05575794747295404,0.5641487564481328,0.1045109129061577,,0,NO-GO
BACE1_seed20260822,sensitivity,min,5,5,0.005878769423456673,-0.10037417742775549,0.05618335402171924,0.10463543029460418,0.09167760999983246,,0,NO-GO
BACE1_seed20260822,sensitivity,min,6,5,0.01516676840021618,-0.07816242107198923,0.056178742365058376,0.2699734412290705,0.09269964079021506,,0,NO-GO
BACE1_seed20260822,sensitivity,ranksum,1,5,-0.07840249181131652,-0.17168531802154305,0.0,nan,0.01678650957974227,,0,NO-GO
BACE1_seed20260822,sensitivity,ranksum,2,5,-0.08505894508690429,-0.18826879207004268,0.02795429827403175,-3.04278591625103,0.019839614788469462,-0.36588312643173393,0,NO-GO
BACE1_seed20260822,sensitivity,ranksum,3,5,-0.024746887034233556,-0.14072247759971,0.03888415528484769,-0.6364259903024531,0.06047817641058347,-0.3261455496992308,0,NO-GO
BACE1_seed20260822,sensitivity,ranksum,4,5,-0.03655848485295045,-0.15982747395067198,0.03908841994104224,-0.9352766089827181,0.06296580836106579,,0,NO-GO
BACE1_seed20260822,sensitivity,ranksum,5,5,-0.029684667097052243,-0.1360223441413007,0.03954315293451606,-0.7506904456053469,0.04718608827711192,,0,NO-GO
BACE1_seed20260822,sensitivity,ranksum,6,5,-0.03205130017399251,-0.13084065032509615,0.04575683702455176,-0.7004701867131843,0.04017677918305055,,0,NO-GO
BACE1_seed20260822,sensitivity,rrf,1,5,-0.07840249181131652,-0.17168531802154305,0.0,nan,0.01678650957974227,,0,NO-GO
BACE1_seed20260822,sensitivity,rrf,2,5,-0.04974650970254675,-0.1351041909024662,0.0321361076424597,-1.5479942454766793,0.028304292528461693,-0.35440922930230034,0,NO-GO
BACE1_seed20260822,sensitivity,rrf,3,5,-0.05992401504053426,-0.17220489288031832,0.04023228216437179,-1.4894510531545422,0.050731252875964084,-0.3310194755462218,0,NO-GO
BACE1_seed20260822,sensitivity,rrf,4,5,-0.040336534490330936,-0.14328603629108114,0.04121122336715656,-0.9787754692688228,0.05835585459197775,,0,NO-GO
BACE1_seed20260822,sensitivity,rrf,5,5,-0.04342863820999024,-0.1452417645851715,0.03933278093540105,-1.104133427059635,0.050551138958854894,,0,NO-GO
BACE1_seed20260822,sensitivity,rrf,6,5,-0.03221562550840477,-0.13163272398849715,0.039802505406847134,-0.8093868760046142,0.03893727626172487,,0,NO-GO
BACE1_seed20260822,sensitivity,zmean,1,5,-0.0794918807306589,-0.17070923917865213,0.0,nan,0.0184996217091432,,0,NO-GO
BACE1_seed20260822,sensitivity,zmean,2,5,-0.08750171631454129,-0.20208010187019293,0.03353005577249961,-2.6096501869319195,0.032934548275311636,-0.35179607596115875,0,NO-GO
BACE1_seed20260822,sensitivity,zmean,3,5,-0.051752870381898464,-0.15494197393390263,0.038277622559877815,-1.3520398321745628,0.06035582357484738,-0.32475352241424266,0,NO-GO
BACE1_seed20260822,sensitivity,zmean,4,5,-0.06674435846210398,-0.1857838320435729,0.03931356791551315,-1.6977436035706805,0.06079209109960613,,0,NO-GO
BACE1_seed20260822,sensitivity,zmean,5,5,-0.03940243436033711,-0.141653651874653,0.04345174802913875,-0.9068089581554654,0.04545710800638717,,0,NO-GO
BACE1_seed20260822,sensitivity,zmean,6,5,-0.057148663165937905,-0.17274213697638235,0.04291269008390158,-1.3317427328420237,0.043212886743758304,,0,NO-GO
BACE1_seed20260823,sensitivity,gmean,1,5,-0.10636015344437495,-0.2128423691835933,0.0,nan,0.005759704451192516,,0,NO-GO
BACE1_seed20260823,sensitivity,gmean,2,5,-0.0555908965408894,-0.16984983510754154,0.03617422910370151,-1.5367541456523008,0.05544299674051637,-0.3251698796727255,0,NO-GO
BACE1_seed20260823,sensitivity,gmean,3,5,-0.05233268756942646,-0.1438234919792139,0.03335926302477056,-1.5687603029649482,0.05301844703241613,-0.32739401570628385,0,NO-GO
BACE1_seed20260823,sensitivity,gmean,4,5,-0.05446253800202794,-0.15689720714239225,0.03897344880613026,-1.3974267012638961,0.04051918827534222,,0,NO-GO
BACE1_seed20260823,sensitivity,gmean,5,5,-0.040647979523539594,-0.14061667165603042,0.03724699838772173,-1.0913088646879792,0.040559902462339426,,0,NO-GO
BACE1_seed20260823,sensitivity,gmean,6,5,-0.05694381635402355,-0.1737130646471165,0.04015821956686923,-1.4179865782944854,0.04674796180195512,,0,NO-GO
BACE1_seed20260823,sensitivity,hmean,1,5,-0.10636015344437495,-0.2128423691835933,0.0,nan,0.005759704451192516,,0,NO-GO
BACE1_seed20260823,sensitivity,hmean,2,5,-0.06853748885287873,-0.1781547547412359,0.034468095991963224,-1.988432690591883,0.054569153888768394,-0.3265684811513011,0,NO-GO
BACE1_seed20260823,sensitivity,hmean,3,5,-0.0481373093420503,-0.13819252075944893,0.03461548535518999,-1.390629333898187,0.05673602185521258,-0.3215322841173208,0,NO-GO
BACE1_seed20260823,sensitivity,hmean,4,5,-0.034686715812543525,-0.14480746695205426,0.038721279336236675,-0.895805004564571,0.04755075221252582,,0,NO-GO
BACE1_seed20260823,sensitivity,hmean,5,5,-0.0399807301859838,-0.14897102916848215,0.04062334775831941,-0.9841810779318647,0.05671499251484767,,0,NO-GO
BACE1_seed20260823,sensitivity,hmean,6,5,-0.03218034975659216,-0.12825779223364728,0.041090400883435366,-0.7831597907229207,0.050883219301081195,,0,NO-GO
BACE1_seed20260823,sensitivity,max,1,5,-0.10636015344437495,-0.2128423691835933,0.0,nan,0.005759704451192516,,0,NO-GO
BACE1_seed20260823,sensitivity,max,2,5,-0.08003078028886856,-0.17820374470961273,0.033775517655337,-2.369490857417624,0.03240894757655939,-0.36684803707528996,0,NO-GO
BACE1_seed20260823,sensitivity,max,3,5,-0.06959368436890999,-0.19647854404458992,0.03911068159669524,-1.7794035165776934,0.03194571383024628,-0.3828525687220659,0,NO-GO
BACE1_seed20260823,sensitivity,max,4,5,-0.05542632733708184,-0.2009506847418458,0.049117580461567494,-1.1284417273047618,0.050937607101854,,0,NO-GO
BACE1_seed20260823,sensitivity,max,5,5,-0.06915454676787475,-0.1975038004302073,0.05122035678041566,-1.3501379356716294,0.03499073388422382,,0,NO-GO
BACE1_seed20260823,sensitivity,max,6,5,-0.07574609327025476,-0.21170986738202746,0.05993260055633346,-1.2638546061263847,0.03234065233787784,,0,NO-GO
BACE1_seed20260823,sensitivity,mean,1,5,-0.10636015344437495,-0.2128423691835933,0.0,nan,0.005759704451192516,,0,NO-GO
BACE1_seed20260823,sensitivity,mean,2,5,-0.06617301971555814,-0.18134386969367747,0.03700359385920328,-1.7882862936865804,0.05526856430834175,-0.3285647642089413,0,NO-GO
BACE1_seed20260823,sensitivity,mean,3,5,-0.09570493265707747,-0.19763919163811783,0.03453664711692839,-2.7711124456597007,0.04731913390622772,-0.3339182860269956,0,NO-GO
BACE1_seed20260823,sensitivity,mean,4,5,-0.07372818772432424,-0.16659925721791527,0.03981037949595071,-1.851984046819334,0.027105232837062766,,0,NO-GO
BACE1_seed20260823,sensitivity,mean,5,5,-0.07057036100231598,-0.18439875268597627,0.038430703271440034,-1.8363015764731188,0.03234489353619643,,0,NO-GO
BACE1_seed20260823,sensitivity,mean,6,5,-0.04189834573264948,-0.1457721752776304,0.04381219958401912,-0.9563168736210237,0.04428562118487217,,0,NO-GO
BACE1_seed20260823,sensitivity,min,1,5,-0.10636015344437495,-0.2128423691835933,0.0,nan,0.005759704451192516,,0,NO-GO
BACE1_seed20260823,sensitivity,min,2,5,-0.11575287518028102,-0.2299228542155686,0.02596008919979028,-4.458878176012436,0.020331570204321147,-0.3610710938762293,0,NO-GO
BACE1_seed20260823,sensitivity,min,3,5,-0.06234679775118668,-0.17793255899233307,0.04420120629642,-1.4105225394320595,0.0905075542178623,-0.29234850954190056,0,NO-GO
BACE1_seed20260823,sensitivity,min,4,5,-0.03296929521918629,-0.15007537040605623,0.04704357998460566,-0.7008245382255138,0.10701905591761354,,0,NO-GO
BACE1_seed20260823,sensitivity,min,5,5,-0.025502690727207632,-0.13903857385667776,0.05865730904430978,-0.4347743042208581,0.11063822425966689,,0,NO-GO
BACE1_seed20260823,sensitivity,min,6,5,-0.013996962173218525,-0.12944189981514814,0.05817001143394376,-0.24062161633083198,0.11167497958576762,,0,NO-GO
BACE1_seed20260823,sensitivity,ranksum,1,5,-0.10548101039642481,-0.21657232863437517,0.0,nan,0.004531099906441449,,0,NO-GO
BACE1_seed20260823,sensitivity,ranksum,2,5,-0.07534793010941757,-0.1819437921882448,0.03687995944012619,-2.043058920163491,0.04237987407142989,-0.3477243805639204,0,NO-GO
BACE1_seed20260823,sensitivity,ranksum,3,5,-0.08600142584705986,-0.18897379846921059,0.03537905447399544,-2.4308571024777734,0.03878107270612106,-0.35164252526356454,0,NO-GO
BACE1_seed20260823,sensitivity,ranksum,4,5,-0.09568441202102618,-0.18658125431843972,0.04084319506026168,-2.342725927289713,0.02708556951341764,,0,NO-GO
BACE1_seed20260823,sensitivity,ranksum,5,5,-0.07964061382893765,-0.18224780443360655,0.04378281213925016,-1.8189926580239442,0.024581113689471946,,0,NO-GO
BACE1_seed20260823,sensitivity,ranksum,6,5,-0.062216172234612246,-0.15884759514062002,0.04608360533326309,-1.350071718232182,0.02742617883185481,,0,NO-GO
BACE1_seed20260823,sensitivity,rrf,1,5,-0.10548101039642481,-0.21657232863437517,0.0,nan,0.004531099906441449,,0,NO-GO
BACE1_seed20260823,sensitivity,rrf,2,5,-0.06751340225180089,-0.15871484501246594,0.03259871421729736,-2.071044943729016,0.04083972022091651,-0.3447314182870635,0,NO-GO
BACE1_seed20260823,sensitivity,rrf,3,5,-0.07033551386609187,-0.1519372596506829,0.03392380574997408,-2.0733379498892344,0.04067659374222453,-0.33967737016902466,0,NO-GO
BACE1_seed20260823,sensitivity,rrf,4,5,-0.06072878659629376,-0.1592152271810642,0.03724836272959329,-1.6303746566569384,0.05203267499410895,,0,NO-GO
BACE1_seed20260823,sensitivity,rrf,5,5,-0.06955683422600159,-0.16378897228048056,0.04026428710709982,-1.7275069105529155,0.04434909540382811,,0,NO-GO
BACE1_seed20260823,sensitivity,rrf,6,5,-0.05449403895216067,-0.13456431180208114,0.04182671730842644,-1.3028523981532318,0.03563577889725632,,0,NO-GO
BACE1_seed20260823,sensitivity,zmean,1,5,-0.10636015344437495,-0.2128423691835933,0.0,nan,0.005759704451192516,,0,NO-GO
BACE1_seed20260823,sensitivity,zmean,2,5,-0.07771281120881629,-0.1857135538458629,0.030859905776379225,-2.518245252333181,0.03211313464769535,-0.35336802696404057,0,NO-GO
BACE1_seed20260823,sensitivity,zmean,3,5,-0.09477631402022886,-0.21099828210753055,0.031545933158338924,-3.0043908843817313,0.03886706486928913,-0.34386283203111734,0,NO-GO
BACE1_seed20260823,sensitivity,zmean,4,5,-0.06606711220248387,-0.1662258655161673,0.03502103022254702,-1.8864982492704903,0.031899972663521084,,0,NO-GO
BACE1_seed20260823,sensitivity,zmean,5,5,-0.04726997545569838,-0.1304499669874163,0.03504193525280805,-1.3489544773903561,0.04177020458976849,,0,NO-GO
BACE1_seed20260823,sensitivity,zmean,6,5,-0.06531972236203354,-0.17376251829224063,0.03786708681683189,-1.7249735285419152,0.03411258193288778,,0,NO-GO
ESR1_min,sensitivity,gmean,1,5,-0.018397260835755415,-0.0721039745217072,0.0,nan,0.0052201275744578005,,0,NO-GO
ESR1_min,sensitivity,gmean,2,5,-0.036595076427896146,-0.1447423565848062,0.043026698871738614,-0.8505201976332194,0.02040100767735875,-0.3704524072880667,0,NO-GO
ESR1_min,sensitivity,gmean,3,5,-0.044709173781785724,-0.15815057947326677,0.04395984337023513,-1.0170457934811015,0.023863470404135324,-0.36675555249423464,0,NO-GO
ESR1_min,sensitivity,gmean,4,5,-0.03975367599527578,-0.14329017743125871,0.04136015246458163,-0.9611588358944871,0.012936963519646728,,0,NO-GO
ESR1_min,sensitivity,gmean,5,5,-0.0644963057440933,-0.17508652138867564,0.04586342042657086,-1.406268986137971,0.014375243699441409,,0,NO-GO
ESR1_min,sensitivity,gmean,6,5,-0.06459647151506129,-0.17749217275956894,0.049480313674178246,-1.3054984238867415,0.009043940931593285,,0,NO-GO
ESR1_min,sensitivity,hmean,1,5,-0.018397260835755415,-0.0721039745217072,0.0,nan,0.0052201275744578005,,0,NO-GO
ESR1_min,sensitivity,hmean,2,5,-0.08568792600069766,-0.21970537905258825,0.04472937391178418,-1.915696968387987,0.02276960863033848,-0.368353173682556,0,NO-GO
ESR1_min,sensitivity,hmean,3,5,-0.06271216018394249,-0.17633367122188268,0.04419439018400313,-1.419007252342225,0.03316152797904581,-0.3548704526978034,0,NO-GO
ESR1_min,sensitivity,hmean,4,5,-0.01401924915870575,-0.11347004391805866,0.04545464747886559,-0.30842278922576805,0.06024584641027951,,0,NO-GO
ESR1_min,sensitivity,hmean,5,5,-0.05324525677693692,-0.15502155507498525,0.04195960125456204,-1.2689647943484177,0.039735375690164346,,0,NO-GO
ESR1_min,sensitivity,hmean,6,5,-0.060455112204179304,-0.17207180513663445,0.04611810750892099,-1.310875824479246,0.015718747060662362,,0,NO-GO
ESR1_min,sensitivity,max,1,5,-0.018397260835755415,-0.0721039745217072,0.0,nan,0.0052201275744578005,,0,NO-GO
ESR1_min,sensitivity,max,2,5,-0.06225383673596453,-0.13395589299353544,0.014840328156227756,-4.194909713626491,0.014836010682892687,-0.3759832785970887,0,NO-GO
ESR1_min,sensitivity,max,3,5,-0.07756615136047529,-0.16219448279909265,0.024765163172868716,-3.1320670418780963,0.008902062708119463,-0.3821744453585051,0,NO-GO
ESR1_min,sensitivity,max,4,5,-0.08926253516965295,-0.18102453064646698,0.03111147533281574,-2.869119327025314,0.00015619444363608183,,0,NO-GO
ESR1_min,sensitivity,max,5,5,-0.06567107540452036,-0.15882473234174582,0.03656474939170749,-1.7960214823573732,-0.009780260416585817,,0,NO-GO
ESR1_min,sensitivity,max,6,5,-0.05832471180967487,-0.14233764499265167,0.0381767547040767,-1.527754578978047,-0.020302611934519276,,0,NO-GO
ESR1_min,sensitivity,mean,1,5,-0.018397260835755415,-0.0721039745217072,0.0,nan,0.0052201275744578005,,0,NO-GO
ESR1_min,sensitivity,mean,2,5,-0.0157575243233548,-0.11828732550590686,0.04099237910059738,-0.38440131236796565,0.021804510107257546,-0.3632971792013478,0,NO-GO
ESR1_min,sensitivity,mean,3,5,-0.041835446358379845,-0.14623176557707235,0.04284590913953219,-0.976416353359158,0.006359134480022943,-0.3822075837955617,0,NO-GO
ESR1_min,sensitivity,mean,4,5,-0.06336032471985065,-0.1713051261860794,0.03905444930035899,-1.6223586775622063,0.0013814794979409406,,0,NO-GO
ESR1_min,sensitivity,mean,5,5,-0.06089487520801895,-0.17269490363190815,0.04408680924239933,-1.3812493182077443,-0.0043644446299206715,,0,NO-GO
ESR1_min,sensitivity,mean,6,5,-0.09118823754077088,-0.2071696541118336,0.04876955687571714,-1.8697778569764785,-0.006416060093781062,,0,NO-GO
ESR1_min,sensitivity,min,1,5,-0.018397260835755415,-0.0721039745217072,0.0,nan,0.0052201275744578005,,0,NO-GO
ESR1_min,sensitivity,min,2,5,-0.00795967829903892,-0.10762795882088438,0.03246770876955385,-0.24515676038412046,0.05915987010845571,-0.32548879823222693,0,NO-GO
ESR1_min,sensitivity,min,3,5,-0.046135472463793833,-0.17603506544854258,0.05801103604178702,-0.795287855754914,0.07075103448047178,-0.3137385762726712,0,NO-GO
ESR1_min,sensitivity,min,4,5,0.009751339518685615,-0.10968315147653981,0.06868561082301114,0.14197063113863595,0.08701474140786067,,0,NO-GO
ESR1_min,sensitivity,min,5,5,-0.019802809813371146,-0.13808337460173026,0.06251213615947601,-0.3167834444635164,0.04779335324431562,,0,NO-GO
ESR1_min,sensitivity,min,6,5,-0.041195540744344464,-0.14111776018150057,0.05891060007436426,-0.6992891040380228,0.04267920465357369,,0,NO-GO
ESR1_min,sensitivity,ranksum,1,5,-0.016845460305253922,-0.0663702196792341,0.0,nan,0.005356730189515058,,0,NO-GO
ESR1_min,sensitivity,ranksum,2,5,-0.06684432755206934,-0.16884813606789228,0.03549361296150433,-1.883277637150306,0.009627945403068838,-0.382141589316864,0,NO-GO
ESR1_min,sensitivity,ranksum,3,5,-0.062236446797984735,-0.1571711470056001,0.04134422723377233,-1.5053237407505937,-0.002161367522932811,-0.398191826088827,0,NO-GO
ESR1_min,sensitivity,ranksum,4,5,-0.07224296185185647,-0.17732287166345315,0.040831187640682484,-1.769308365154596,-0.004984052280290263,,0,NO-GO
ESR1_min,sensitivity,ranksum,5,5,-0.06947473733804783,-0.17510019055907108,0.04522221877406695,-1.5362965201939336,-0.006391246380502769,,0,NO-GO
ESR1_min,sensitivity,ranksum,6,5,-0.07270394527851377,-0.1800290330239435,0.048887776291860786,-1.4871599977153815,-0.015914395759898614,,0,NO-GO
ESR1_min,sensitivity,rrf,1,5,-0.016845460305253922,-0.0663702196792341,0.0,nan,0.005356730189515058,,0,NO-GO
ESR1_min,sensitivity,rrf,2,5,-0.045175154354704476,-0.16192084885274308,0.03986984611564441,-1.1330656813590843,0.02778227137901861,-0.36300362727593355,0,NO-GO
ESR1_min,sensitivity,rrf,3,5,0.017167413714543354,-0.08900471660399975,0.04930549048630052,0.34818462498234964,0.07626860669451299,-0.31154201354601757,0,NO-GO
ESR1_min,sensitivity,rrf,4,5,-0.020640612494517548,-0.11879868731068086,0.04522138198165406,-0.4564348011940739,0.06576694949109776,,0,NO-GO
ESR1_min,sensitivity,rrf,5,5,0.0029264248140794314,-0.08351322676940495,0.045106278395761354,0.06487843639865505,0.05959587709174534,,0,NO-GO
ESR1_min,sensitivity,rrf,6,5,-0.020796230297534433,-0.1209953403594403,0.04444069777332562,-0.4679546303167371,0.06698903025621347,,0,NO-GO
ESR1_min,sensitivity,zmean,1,5,-0.018397260835755415,-0.0721039745217072,0.0,nan,0.0052201275744578005,,0,NO-GO
ESR1_min,sensitivity,zmean,2,5,-0.020075489528972194,-0.1255534620409283,0.04233619623125244,-0.474192093671196,0.021345704588245095,-0.3708331673032291,0,NO-GO
ESR1_min,sensitivity,zmean,3,5,-0.01823438992328432,-0.12108211912919134,0.04203556825936657,-0.4337847846084784,0.029384737966864204,-0.3610070537502432,0,NO-GO
ESR1_min,sensitivity,zmean,4,5,-0.04332970137365754,-0.14896540222300753,0.043711334590047446,-0.9912692389749912,0.013938571568542812,,0,NO-GO
ESR1_min,sensitivity,zmean,5,5,-0.053791404668527096,-0.15943743462520021,0.043967087504586624,-1.2234470764731824,0.006920974210701503,,0,NO-GO
ESR1_min,sensitivity,zmean,6,5,-0.06141275256859258,-0.16540992496092616,0.04234087723253106,-1.4504364713872375,0.00047545500344439164,,0,NO-GO
ESR1_seed20260821,sensitivity,gmean,1,5,-0.011174499575409025,-0.06151669657562331,0.0,nan,0.008886245409859028,,0,NO-GO
ESR1_seed20260821,sensitivity,gmean,2,5,-0.026771460232331835,-0.13641151474458918,0.04289167140127738,-0.6241645372563994,0.026555214743770473,-0.36240537884382756,0,NO-GO
ESR1_seed20260821,sensitivity,gmean,3,5,-0.02808224588042272,-0.15316849679856814,0.044219556122936966,-0.6350639477779896,0.02523063014128437,-0.36834456893174344,0,NO-GO
ESR1_seed20260821,sensitivity,gmean,4,5,-0.036282301831969725,-0.14207427877094223,0.03998821908719383,-0.9073247736503746,0.033092095675499957,,0,NO-GO
ESR1_seed20260821,sensitivity,gmean,5,5,-0.00785967677548401,-0.11009855635017798,0.04791643340095615,-0.16402883557120454,0.04526313331517251,,0,NO-GO
ESR1_seed20260821,sensitivity,gmean,6,5,-0.030864075633640086,-0.1433349814317526,0.049152014588201606,-0.627931039901845,0.021068419820939942,,0,NO-GO
ESR1_seed20260821,sensitivity,hmean,1,5,-0.011174499575409025,-0.06151669657562331,0.0,nan,0.008886245409859028,,0,NO-GO
ESR1_seed20260821,sensitivity,hmean,2,5,-0.059518820502842115,-0.19456600508335908,0.04437034459065653,-1.3414099225944605,0.027110596692587818,-0.36181306614484443,0,NO-GO
ESR1_seed20260821,sensitivity,hmean,3,5,-0.04788813816914214,-0.15547426866562547,0.046648365975880804,-1.0265769693605635,0.03997385154751927,-0.34877716683148247,0,NO-GO
ESR1_seed20260821,sensitivity,hmean,4,5,-0.005710055525424562,-0.10594025151022039,0.04644334221947523,-0.12294669704089786,0.06894505112275158,,0,NO-GO
ESR1_seed20260821,sensitivity,hmean,5,5,-0.02584682086662023,-0.1397260008887043,0.04824324333153361,-0.5357604315488832,0.06435905182918936,,0,NO-GO
ESR1_seed20260821,sensitivity,hmean,6,5,-0.022327656309428994,-0.11882692649733131,0.04513637450849076,-0.4946710176119453,0.04939785095327689,,0,NO-GO
ESR1_seed20260821,sensitivity,max,1,5,-0.011174499575409025,-0.06151669657562331,0.0,nan,0.008886245409859028,,0,NO-GO
ESR1_seed20260821,sensitivity,max,2,5,-0.04412180966613855,-0.133964549518097,0.01554153090033904,-2.838961615111934,0.025670702892642415,-0.36146994387435344,0,NO-GO
ESR1_seed20260821,sensitivity,max,3,5,-0.0781379248747068,-0.1768010168718924,0.022296076217748206,-3.5045594620145386,0.01211743364505662,-0.3773565441078285,0,NO-GO
ESR1_seed20260821,sensitivity,max,4,5,-0.07018642602967351,-0.15857762984420629,0.031907201376480177,-2.199704862909418,0.00481146299721742,,0,NO-GO
ESR1_seed20260821,sensitivity,max,5,5,-0.04203439369137914,-0.12676023823860225,0.03795736882731297,-1.1074106290827108,-0.0031968893516340024,,0,NO-GO
ESR1_seed20260821,sensitivity,max,6,5,-0.04203241433234775,-0.12434817933788016,0.040079426407769146,-1.048727940981711,-0.015091488807432451,,0,NO-GO
ESR1_seed20260821,sensitivity,mean,1,5,-0.011174499575409025,-0.06151669657562331,0.0,nan,0.008886245409859028,,0,NO-GO
ESR1_seed20260821,sensitivity,mean,2,5,-0.02101259297818775,-0.127770008704213,0.04146882892246908,-0.5067081353436167,0.02655670898901443,-0.3562634590970319,0,NO-GO
ESR1_seed20260821,sensitivity,mean,3,5,-0.05076673754297469,-0.16720014586646031,0.0455851683640632,-1.1136678741104826,0.03209254189298159,-0.35563330790625025,0,NO-GO
ESR1_seed20260821,sensitivity,mean,4,5,-0.03902961788063861,-0.14494154711416132,0.03866841533760362,-1.0093410226377633,0.030489190878877137,,0,NO-GO
ESR1_seed20260821,sensitivity,mean,5,5,-0.010512164405917956,-0.09971978483465795,0.04330945952256815,-0.2427221332660632,0.026428781591780838,,0,NO-GO
ESR1_seed20260821,sensitivity,mean,6,5,-0.04261493529784524,-0.145597360009007,0.04916952325617393,-0.8666940917002756,0.003598613293405184,,0,NO-GO
ESR1_seed20260821,sensitivity,min,1,5,-0.011174499575409025,-0.06151669657562331,0.0,nan,0.008886245409859028,,0,NO-GO
ESR1_seed20260821,sensitivity,min,2,5,0.020611760622996543,-0.07665160505476303,0.05063302084230403,0.4070813923425908,0.06797015372588808,-0.316887961687047,0,NO-GO
ESR1_seed20260821,sensitivity,min,3,5,0.03306069322509332,-0.10683815597917275,0.05650029124870487,0.5851419965176048,0.10418141042443536,-0.28040574529413365,0,NO-GO
ESR1_seed20260821,sensitivity,min,4,5,0.020366367859631796,-0.0993249231344022,0.05983129093184224,0.34039659754011437,0.10243810411583532,,0,NO-GO
ESR1_seed20260821,sensitivity,min,5,5,-0.03187378452200444,-0.12772440881707134,0.05578063107223248,-0.571413121531914,0.03799063240445479,,0,NO-GO
ESR1_seed20260821,sensitivity,min,6,5,-0.0643924311071086,-0.16796283585627453,0.05823615633015705,-1.1057122441606535,0.03212713252719936,,0,NO-GO
ESR1_seed20260821,sensitivity,ranksum,1,5,-0.011394557295466734,-0.06260034921516436,0.0,nan,0.008485736106292063,,0,NO-GO
ESR1_seed20260821,sensitivity,ranksum,2,5,-0.05159543858996053,-0.15493762749679355,0.035527070614169334,-1.4522851926154199,0.018037072420378886,-0.37402177162750244,0,NO-GO
ESR1_seed20260821,sensitivity,ranksum,3,5,-0.04925432633035667,-0.14891315454283496,0.042825192060862466,-1.1501250539719057,0.010085225330157589,-0.38186325994386483,0,NO-GO
ESR1_seed20260821,sensitivity,ranksum,4,5,-0.05535968076291107,-0.1595284396276095,0.03999319127871383,-1.3842276395776392,0.009514697163830155,,0,NO-GO
ESR1_seed20260821,sensitivity,ranksum,5,5,-0.06749245595044676,-0.17325212212581756,0.04219724938642249,-1.599451550322219,0.0038266540200867284,,0,NO-GO
ESR1_seed20260821,sensitivity,ranksum,6,5,-0.05256900866032845,-0.16514861190004806,0.05000046396420723,-1.0513704172417262,0.0020088214063068042,,0,NO-GO
ESR1_seed20260821,sensitivity,rrf,1,5,-0.011394557295466734,-0.06260034921516436,0.0,nan,0.008485736106292063,,0,NO-GO
ESR1_seed20260821,sensitivity,rrf,2,5,-0.036007737610272005,-0.15058617816298034,0.04012582314608481,-0.8973706901707605,0.033954274148356965,-0.35744601337383325,0,NO-GO
ESR1_seed20260821,sensitivity,rrf,3,5,0.025580750728098088,-0.09017341981695352,0.04935665569394394,0.518283712063515,0.08260338166228678,-0.3058302424361664,0,NO-GO
ESR1_seed20260821,sensitivity,rrf,4,5,-0.01733806506150713,-0.111134715686698,0.04686678237964698,-0.36994357583712845,0.06316448475742369,,0,NO-GO
ESR1_seed20260821,sensitivity,rrf,5,5,-0.006465996767153687,-0.0834752425216023,0.04665574483164377,-0.1385895089765707,0.058153520121488535,,0,NO-GO
ESR1_seed20260821,sensitivity,rrf,6,5,-0.022398060749000536,-0.10769496805202797,0.04075088983143004,-0.5496336605569169,0.04839958107976663,,0,NO-GO
ESR1_seed20260821,sensitivity,zmean,1,5,-0.011174499575409025,-0.06151669657562331,0.0,nan,0.008886245409859028,,0,NO-GO
ESR1_seed20260821,sensitivity,zmean,2,5,-0.017814580656205652,-0.12683905887669994,0.03995848967376865,-0.4458271771943448,0.026507535662880867,-0.36526209909126245,0,NO-GO
ESR1_seed20260821,sensitivity,zmean,3,5,0.003189919487656556,-0.09668926390519886,0.044805418799759765,0.07119494858228308,0.04537375442641969,-0.3470424314743753,0,NO-GO
ESR1_seed20260821,sensitivity,zmean,4,5,-0.002887825935636501,-0.10104615237954058,0.04118919678789527,-0.07011124665789013,0.05121961616579518,,0,NO-GO
ESR1_seed20260821,sensitivity,zmean,5,5,0.005284013299777085,-0.0910767207613068,0.0395916910761495,0.13346268260211386,0.05201685892368892,,0,NO-GO
ESR1_seed20260821,sensitivity,zmean,6,5,-0.009861442624111483,-0.09690479876510295,0.040604033805715777,-0.242868545309981,0.04013451100250296,,0,NO-GO
ESR1_seed20260822,sensitivity,gmean,1,5,-0.006888104644084292,-0.050897074482997275,0.0,nan,0.008768873875747252,,0,NO-GO
ESR1_seed20260822,sensitivity,gmean,2,5,-0.017905395817092155,-0.12569721700649622,0.04901952855696336,-0.3652706654713154,0.025495506192189876,-0.3598742709402808,0,NO-GO
ESR1_seed20260822,sensitivity,gmean,3,5,-0.07254726238654134,-0.1925900932380639,0.043999701700096996,-1.648812596072246,0.02148850791909076,-0.37013866638300497,0,NO-GO
ESR1_seed20260822,sensitivity,gmean,4,5,-0.036416599340719905,-0.1479258042652153,0.04180413613997397,-0.871124312168183,0.012602661004081117,,0,NO-GO
ESR1_seed20260822,sensitivity,gmean,5,5,-0.03923016889630632,-0.1402730664753909,0.047297577658260606,-0.8294329400916941,0.012024994429581316,,0,NO-GO
ESR1_seed20260822,sensitivity,gmean,6,5,-0.0652923862747513,-0.18667407922832335,0.05018149997867062,-1.301124643593824,0.009996069595593893,,0,NO-GO
ESR1_seed20260822,sensitivity,hmean,1,5,-0.006888104644084292,-0.050897074482997275,0.0,nan,0.008768873875747252,,0,NO-GO
ESR1_seed20260822,sensitivity,hmean,2,5,-0.0689379442679339,-0.19422342512285343,0.04514277897317251,-1.5271090047181721,0.027543040834727296,-0.3648517882667889,0,NO-GO
ESR1_seed20260822,sensitivity,hmean,3,5,-0.04363607491748843,-0.1479628141892455,0.046653419089233365,-0.9353242649595799,0.027614061064731677,-0.36202128605446293,0,NO-GO
ESR1_seed20260822,sensitivity,hmean,4,5,-0.021103041007433064,-0.12738347445162967,0.04874469904250304,-0.4329299682214106,0.03445803341463734,,0,NO-GO
ESR1_seed20260822,sensitivity,hmean,5,5,-0.0319304325489254,-0.1397230792313401,0.0494940636955704,-0.64513661164143,0.050957318340491706,,0,NO-GO
ESR1_seed20260822,sensitivity,hmean,6,5,-0.027271433715585852,-0.12588813099936053,0.04707839104710706,-0.5792770973905589,0.0405511434499485,,0,NO-GO
ESR1_seed20260822,sensitivity,max,1,5,-0.006888104644084292,-0.050897074482997275,0.0,nan,0.008768873875747252,,0,NO-GO
ESR1_seed20260822,sensitivity,max,2,5,-0.06370834426955527,-0.1495438131640226,0.01921528126748873,-3.315504123134878,0.017178822191444,-0.3692415454790244,0,NO-GO
ESR1_seed20260822,sensitivity,max,3,5,-0.056287606453032726,-0.14242148627608603,0.025097512651825988,-2.242756373267033,0.011524118597008037,-0.37639531481077443,0,NO-GO
ESR1_seed20260822,sensitivity,max,4,5,-0.04999470447264915,-0.132174875291507,0.031881893073000295,-1.5681222052334147,0.0016499764981728448,,0,NO-GO
ESR1_seed20260822,sensitivity,max,5,5,-0.05267616709946425,-0.1368403418451179,0.03521039795557598,-1.4960400949152683,-0.009089715761753037,,0,NO-GO
ESR1_seed20260822,sensitivity,max,6,5,-0.05753168520564299,-0.14659721316984906,0.03645627936927022,-1.5781008430097143,-0.019778321675865084,,0,NO-GO
ESR1_seed20260822,sensitivity,mean,1,5,-0.006888104644084292,-0.050897074482997275,0.0,nan,0.008768873875747252,,0,NO-GO
ESR1_seed20260822,sensitivity,mean,2,5,-0.026681249498492432,-0.13495599503243522,0.04452365015424102,-0.5992601551324281,0.022894145059593463,-0.3603855196927771,0,NO-GO
ESR1_seed20260822,sensitivity,mean,3,5,-0.012099939544575477,-0.10448296725648469,0.04264718582574421,-0.2837218754366503,0.023626188422550286,-0.3629469671466574,0,NO-GO
ESR1_seed20260822,sensitivity,mean,4,5,-0.04882126552509989,-0.15103957285372965,0.038796622306422,-1.2583895871012079,0.008765477399773713,,0,NO-GO
ESR1_seed20260822,sensitivity,mean,5,5,-0.06175038070350429,-0.16831502087420158,0.045914159703350194,-1.3449093068994702,0.0024350580640294605,,0,NO-GO
ESR1_seed20260822,sensitivity,mean,6,5,-0.05643312567881257,-0.1696902950811271,0.04708544031743023,-1.1985260262697806,-0.003238493128686115,,0,NO-GO
ESR1_seed20260822,sensitivity,min,1,5,-0.006888104644084292,-0.050897074482997275,0.0,nan,0.008768873875747252,,0,NO-GO
ESR1_seed20260822,sensitivity,min,2,5,-0.004125161529534438,-0.09609942616287238,0.03798873654912861,-0.10858906887307523,0.06613372541850633,-0.31932914877312923,0,NO-GO
ESR1_seed20260822,sensitivity,min,3,5,-0.021221372334731658,-0.1425593111102942,0.05595961281328118,-0.37922657552225025,0.0821206978931677,-0.3016292890155314,0,NO-GO
ESR1_seed20260822,sensitivity,min,4,5,0.011505484310628294,-0.11317772349256464,0.06274563870977062,0.1833670761381011,0.08519309046670318,,0,NO-GO
ESR1_seed20260822,sensitivity,min,5,5,-0.03972193077124268,-0.15223387571850475,0.05559417686422059,-0.714498046589606,0.03795016341627211,,0,NO-GO
ESR1_seed20260822,sensitivity,min,6,5,-0.02860360387855463,-0.1369688551834096,0.05792723665514641,-0.49378505743055173,0.04654770246833102,,0,NO-GO
ESR1_seed20260822,sensitivity,ranksum,1,5,-0.007480314117872688,-0.04981701797183437,0.0,nan,0.008783991251115375,,0,NO-GO
ESR1_seed20260822,sensitivity,ranksum,2,5,-0.053868717920568,-0.15241462432002043,0.04148645414511053,-1.2984652227000897,0.010997620350298543,-0.37658766227834417,0,NO-GO
ESR1_seed20260822,sensitivity,ranksum,3,5,-0.06038376053900416,-0.15340828445126645,0.037947015728484836,-1.5912650673522462,0.001819951489955196,-0.3904718120710423,0,NO-GO
ESR1_seed20260822,sensitivity,ranksum,4,5,-0.060856117924981336,-0.15435498896088048,0.04211257342392231,-1.4450819073054235,-0.004116232100119443,,0,NO-GO
ESR1_seed20260822,sensitivity,ranksum,5,5,-0.04584504701579295,-0.1540316367150442,0.046617970274460074,-0.983420057670538,-0.003489978944435834,,0,NO-GO
ESR1_seed20260822,sensitivity,ranksum,6,5,-0.0688678892760394,-0.17957701226658254,0.04859488878771381,-1.417183802537093,-0.01250537559404934,,0,NO-GO
ESR1_seed20260822,sensitivity,rrf,1,5,-0.007480314117872688,-0.04981701797183437,0.0,nan,0.008783991251115375,,0,NO-GO
ESR1_seed20260822,sensitivity,rrf,2,5,-0.034217468753341855,-0.1476020087567858,0.04425030446408674,-0.7732708094949388,0.029768641360532345,-0.3605463571172692,0,NO-GO
ESR1_seed20260822,sensitivity,rrf,3,5,0.006536198143773891,-0.10989100442760776,0.048019112307018406,0.13611659669973886,0.0742252361900055,-0.3147587290266233,0,NO-GO
ESR1_seed20260822,sensitivity,rrf,4,5,-0.025996037873432392,-0.12029627555182858,0.04573413007414937,-0.5684165814739377,0.06343161971620445,,0,NO-GO
ESR1_seed20260822,sensitivity,rrf,5,5,-0.01691475760839218,-0.11474657370420123,0.04524192528295939,-0.37387351450233736,0.05227869876663702,,0,NO-GO
ESR1_seed20260822,sensitivity,rrf,6,5,0.004596222467039457,-0.09077234301321314,0.043339806518423514,0.10605083031659655,0.06592554242771927,,0,NO-GO
ESR1_seed20260822,sensitivity,zmean,1,5,-0.006888104644084292,-0.050897074482997275,0.0,nan,0.008768873875747252,,0,NO-GO
ESR1_seed20260822,sensitivity,zmean,2,5,-0.006461942321873781,-0.1087632515748806,0.04260647428464055,-0.15166573696531568,0.026992555397405728,-0.3637826209330375,0,NO-GO
ESR1_seed20260822,sensitivity,zmean,3,5,-0.019361076760129547,-0.1166746483584491,0.04189015721392263,-0.4621867772244763,0.028318885246512472,-0.3677672270372815,0,NO-GO
ESR1_seed20260822,sensitivity,zmean,4,5,-0.027419731550328303,-0.11334780259180317,0.03781947516409503,-0.7250161836291158,0.016898504072917663,,0,NO-GO
ESR1_seed20260822,sensitivity,zmean,5,5,-0.03849411201188555,-0.13775269664561046,0.044655921028904144,-0.8620158564632385,0.018053649041224373,,0,NO-GO
ESR1_seed20260822,sensitivity,zmean,6,5,-0.0531638973994484,-0.16279931414068013,0.04584767996352228,-1.1595766119844475,0.01130641839535429,,0,NO-GO
ESR1_seed20260823,sensitivity,gmean,1,5,-0.0003815300378469999,-0.061718417898740906,0.0,nan,0.00723923353000786,,0,NO-GO
ESR1_seed20260823,sensitivity,gmean,2,5,-0.04005444695476866,-0.15248839140519146,0.04436022854282251,-0.9029359917770188,0.02404945858569718,-0.3620507958019944,0,NO-GO
ESR1_seed20260823,sensitivity,gmean,3,5,-0.05362189234219576,-0.16915436224924002,0.04520276732490987,-1.1862524246971573,0.021544216957236118,-0.3714694626188696,0,NO-GO
ESR1_seed20260823,sensitivity,gmean,4,5,-0.030358943652851023,-0.13856238229096532,0.04650357512675796,-0.6528303161660063,0.0370104310696463,,0,NO-GO
ESR1_seed20260823,sensitivity,gmean,5,5,-0.044082134945149766,-0.14948917716146318,0.046322454155322004,-0.9516364309485782,0.016051084706593267,,0,NO-GO
ESR1_seed20260823,sensitivity,gmean,6,5,-0.06490664759046672,-0.17865420685650218,0.049436726006227776,-1.312923666957438,0.01566355055515718,,0,NO-GO
ESR1_seed20260823,sensitivity,hmean,1,5,-0.0003815300378469999,-0.061718417898740906,0.0,nan,0.00723923353000786,,0,NO-GO
ESR1_seed20260823,sensitivity,hmean,2,5,-0.030704168471831488,-0.1484711817857572,0.04623250127162661,-0.6641251852552258,0.028226979098212722,-0.3640956517739555,0,NO-GO
ESR1_seed20260823,sensitivity,hmean,3,5,-0.02929276329026958,-0.135699698753001,0.04749191364458347,-0.6167947560397046,0.03140630982843899,-0.3550642232521866,0,NO-GO
ESR1_seed20260823,sensitivity,hmean,4,5,-0.0484806483629226,-0.1453346723930748,0.047167085884640914,-1.0278491336415045,0.04407005739007845,,0,NO-GO
ESR1_seed20260823,sensitivity,hmean,5,5,-0.0288336324876301,-0.1263318869332378,0.04732069102359861,-0.6093239947246524,0.04816334089330106,,0,NO-GO
ESR1_seed20260823,sensitivity,hmean,6,5,-0.017826999807046977,-0.11399451862265134,0.04657663594530359,-0.38274554280781,0.04011076713834651,,0,NO-GO
ESR1_seed20260823,sensitivity,max,1,5,-0.0003815300378469999,-0.061718417898740906,0.0,nan,0.00723923353000786,,0,NO-GO
ESR1_seed20260823,sensitivity,max,2,5,-0.038804249347658575,-0.10860160465816186,0.016388054055198754,-2.3678375246357435,0.014482563416591576,-0.3757314654295491,0,NO-GO
ESR1_seed20260823,sensitivity,max,3,5,-0.07019459853860407,-0.1604489520041969,0.020803913185737398,-3.3741055306233254,0.01440463278341213,-0.3783917166116325,0,NO-GO
ESR1_seed20260823,sensitivity,max,4,5,-0.05701357254972801,-0.13799018873773672,0.03227186803084273,-1.7666647773608655,0.002525570483516826,,0,NO-GO
ESR1_seed20260823,sensitivity,max,5,5,-0.06778227992955876,-0.15669435469096288,0.03801215964831798,-1.7831736096204178,-0.007828076437963261,,0,NO-GO
ESR1_seed20260823,sensitivity,max,6,5,-0.06520071011871856,-0.15262189072542237,0.03829504291438847,-1.7025887727683133,-0.019206898436536002,,0,NO-GO
ESR1_seed20260823,sensitivity,mean,1,5,-0.0003815300378469999,-0.061718417898740906,0.0,nan,0.00723923353000786,,0,NO-GO
ESR1_seed20260823,sensitivity,mean,2,5,-0.04055368331178752,-0.14894403865111394,0.044244397175047516,-0.9165834749955313,0.02376157901683984,-0.3594471188509719,0,NO-GO
ESR1_seed20260823,sensitivity,mean,3,5,-0.04389932376744719,-0.15074007099454687,0.04265958556560821,-1.0290611871963062,0.02568387423304199,-0.36042520910813225,0,NO-GO
ESR1_seed20260823,sensitivity,mean,4,5,-0.06478868071198315,-0.17387226853424745,0.04513793697028283,-1.4353487345830107,0.012569691999846744,,0,NO-GO
ESR1_seed20260823,sensitivity,mean,5,5,-0.02958935625035844,-0.13243911014417137,0.04510740752720978,-0.6559755453139152,0.0028468185589677784,,0,NO-GO
ESR1_seed20260823,sensitivity,mean,6,5,-0.039060447280952315,-0.14679371605391828,0.050432953548052974,-0.7745024737394206,-0.0012686685082845984,,0,NO-GO
ESR1_seed20260823,sensitivity,min,1,5,-0.0003815300378469999,-0.061718417898740906,0.0,nan,0.00723923353000786,,0,NO-GO
ESR1_seed20260823,sensitivity,min,2,5,0.011571862029200242,-0.08813982481187839,0.046010931528838436,0.25150245049803666,0.06443136877664175,-0.3237414527470549,0,NO-GO
ESR1_seed20260823,sensitivity,min,3,5,0.02413917611111485,-0.10051133917778506,0.062339708029073404,0.38721990965785485,0.10707565075262289,-0.2825363351532446,0,NO-GO
ESR1_seed20260823,sensitivity,min,4,5,-0.008800091193318404,-0.12164303910329907,0.0662745733539785,-0.13278231375879734,0.07607028998798229,,0,NO-GO
ESR1_seed20260823,sensitivity,min,5,5,-0.046494573375016,-0.15390730291590193,0.06137432438946862,-0.7575573961510544,0.04350724271321223,,0,NO-GO
ESR1_seed20260823,sensitivity,min,6,5,-0.03744595538470048,-0.1328902884492585,0.06029892349747314,-0.621005371451941,0.051146684624141604,,0,NO-GO
ESR1_seed20260823,sensitivity,ranksum,1,5,0.004820748706754219,-0.052105548290270365,0.0,nan,0.0074716018612168925,,0,NO-GO
ESR1_seed20260823,sensitivity,ranksum,2,5,-0.0617126532407129,-0.1652578903811612,0.03827627679160793,-1.6122950927725392,0.01465232923829678,-0.3729914999856364,0,NO-GO
ESR1_seed20260823,sensitivity,ranksum,3,5,-0.0862559106353506,-0.1991497597321338,0.042713194724583146,-2.019420724474793,0.0013716820374161775,-0.3908804808564794,0,NO-GO
ESR1_seed20260823,sensitivity,ranksum,4,5,-0.08895203838799641,-0.19631811171947938,0.03891636475816676,-2.2857232154328972,0.0021807091367676444,,0,NO-GO
ESR1_seed20260823,sensitivity,ranksum,5,5,-0.07916361897976128,-0.18991516416327786,0.04467752373630694,-1.7718891370747434,0.00030709585839368004,,0,NO-GO
ESR1_seed20260823,sensitivity,ranksum,6,5,-0.07581576105973283,-0.18356248567678216,0.049686604369806764,-1.5258792992866315,-0.006087879745962454,,0,NO-GO
ESR1_seed20260823,sensitivity,rrf,1,5,0.004820748706754219,-0.052105548290270365,0.0,nan,0.0074716018612168925,,0,NO-GO
ESR1_seed20260823,sensitivity,rrf,2,5,-0.03938093631227553,-0.15392015140718698,0.04083350822772357,-0.9644269625977955,0.0267224689088724,-0.36261878348864657,0,NO-GO
ESR1_seed20260823,sensitivity,rrf,3,5,0.001988675467929274,-0.11686163026756384,0.0484535811763068,0.04104289960928031,0.07773176370651334,-0.30982611049613773,0,NO-GO
ESR1_seed20260823,sensitivity,rrf,4,5,-0.014036159619731309,-0.10426516809229731,0.04578580806360306,-0.30656136067824924,0.061217489878052,,0,NO-GO
ESR1_seed20260823,sensitivity,rrf,5,5,-0.006193244385453295,-0.09009488170753557,0.04498800437717283,-0.13766435011275543,0.05543879321669578,,0,NO-GO
ESR1_seed20260823,sensitivity,rrf,6,5,-0.00845240174053205,-0.08284207115696271,0.03821047446629034,-0.2212064063216185,0.05060468271090344,,0,NO-GO
ESR1_seed20260823,sensitivity,zmean,1,5,-0.0003815300378469999,-0.061718417898740906,0.0,nan,0.00723923353000786,,0,NO-GO
ESR1_seed20260823,sensitivity,zmean,2,5,-0.0384947847453471,-0.1399615122854213,0.04256817733953431,-0.9043089733042403,0.017983862506523018,-0.3704233811657882,0,NO-GO
ESR1_seed20260823,sensitivity,zmean,3,5,-0.010451252061603744,-0.11006215442826292,0.04172462295770933,-0.2504816417921087,0.02948402837514654,-0.36654384540818,0,NO-GO
ESR1_seed20260823,sensitivity,zmean,4,5,0.007690371454240663,-0.08640731230346363,0.04356215901528123,0.1765378858183532,0.044541588993220915,,0,NO-GO
ESR1_seed20260823,sensitivity,zmean,5,5,-0.02933089379019472,-0.1272781990252224,0.04914237798466391,-0.5968554024664445,0.014721210596278489,,0,NO-GO
ESR1_seed20260823,sensitivity,zmean,6,5,-0.05864131670206957,-0.16931819369150128,0.046886559691133325,-1.2507063236964084,0.013299685035522212,,0,NO-GO
MK14_min,sensitivity,gmean,1,5,0.03147282765616691,-0.15388274668026633,0.0,nan,0.0965295672995464,,0,NO-GO
MK14_min,sensitivity,gmean,2,5,-0.03180208122307314,-0.15886876593805505,0.06195023955801633,-0.5133488013922937,0.053945272035522775,-0.34353409174741734,0,NO-GO
MK14_min,sensitivity,gmean,3,5,0.03514716205314383,-0.09698551477891337,0.07354162718832372,0.47792200685388403,0.08798038714887967,-0.3151237836348093,0,NO-GO
MK14_min,sensitivity,gmean,4,5,0.04537061036383835,-0.06703720027997274,0.07529787631217079,0.6025483398195768,0.10424069803535294,,0,NO-GO
MK14_min,sensitivity,gmean,5,5,0.017419803861753597,-0.10434141665492307,0.0771259136119062,0.22586188021589207,0.08238322995155328,,0,NO-GO
MK14_min,sensitivity,gmean,6,5,0.042853999979803,-0.06342049098211204,0.07601469550984129,0.5637594111556348,0.0943740699258055,,0,NO-GO
MK14_min,sensitivity,hmean,1,5,0.03147282765616691,-0.15388274668026633,0.0,nan,0.0965295672995464,,0,NO-GO
MK14_min,sensitivity,hmean,2,5,0.07082701248736571,-0.09142252585233371,0.05847569014500753,1.2112214889936224,0.10731698041773144,-0.2905594775805419,0,GO
MK14_min,sensitivity,hmean,3,5,0.02282504993192395,-0.09201970855666425,0.06787989923841023,0.3362563908905785,0.09661953925119492,-0.3067001518078881,0,NO-GO
MK14_min,sensitivity,hmean,4,5,0.03937013871748699,-0.0644777672436898,0.07476282077329771,0.5266004988879236,0.11541434501916852,,0,NO-GO
MK14_min,sensitivity,hmean,5,5,0.04447550543337625,-0.06175651217000995,0.07564491534229449,0.5879510239666983,0.10296563748688617,,0,NO-GO
MK14_min,sensitivity,hmean,6,5,0.03135071359962095,-0.07399562406908147,0.07488908959259899,0.4186285848869396,0.08743084696516742,,0,NO-GO
MK14_min,sensitivity,max,1,5,0.03147282765616691,-0.15388274668026633,0.0,nan,0.0965295672995464,,0,NO-GO
MK14_min,sensitivity,max,2,5,-0.05592470497030433,-0.20375385686531042,0.07776921545584878,-0.7191110858261642,0.08326807042852453,-0.3283147550176393,0,NO-GO
MK14_min,sensitivity,max,3,5,-0.008057454437570163,-0.16180299772427031,0.0810458768198393,-0.09941843747932369,0.127156929632735,-0.2959028224473884,0,NO-GO
MK14_min,sensitivity,max,4,5,-0.009457327113129604,-0.15763549027133636,0.08575031684617848,-0.11028912149787673,0.1271900917949109,,0,NO-GO
MK14_min,sensitivity,max,5,5,-0.005970081763985463,-0.1546342980680723,0.08674750075973521,-0.06882136905039853,0.1222718389003152,,0,NO-GO
MK14_min,sensitivity,max,6,5,-0.00028540944342068665,-0.15959038351796548,0.0848702451496907,-0.003362891705064514,0.12464176652447294,,0,NO-GO
MK14_min,sensitivity,mean,1,5,0.03147282765616691,-0.15388274668026633,0.0,nan,0.0965295672995464,,0,NO-GO
MK14_min,sensitivity,mean,2,5,-0.00944026450064785,-0.13301119240972992,0.06461481482001272,-0.14610061991114737,0.04314468701397241,-0.35398418536622256,0,NO-GO
MK14_min,sensitivity,mean,3,5,0.014248342283908349,-0.13647653875955296,0.08325782745404678,0.17113516794288874,0.10023127504794309,-0.30199979218165013,0,NO-GO
MK14_min,sensitivity,mean,4,5,0.04273441793769921,-0.08867552969722767,0.07748343908639202,0.5515297003021696,0.10872226289565586,,0,NO-GO
MK14_min,sensitivity,mean,5,5,0.02499431356789713,-0.10348920929225405,0.08118577004272623,0.30786569561073557,0.11665124514453448,,0,NO-GO
MK14_min,sensitivity,mean,6,5,0.012602208907783246,-0.095571010220622,0.08230863933830095,0.15310918767574644,0.09606137386291268,,0,NO-GO
MK14_min,sensitivity,min,1,5,0.03147282765616691,-0.15388274668026633,0.0,nan,0.0965295672995464,,0,NO-GO
MK14_min,sensitivity,min,2,5,0.014458922423172293,-0.1644780851812261,0.05726602268974571,0.2524869328101839,0.11514686111486397,-0.2836812087522386,0,NO-GO
MK14_min,sensitivity,min,3,5,0.039066119647343446,-0.1242346905617352,0.056185725289101894,0.6953032900497403,0.11499425346726042,-0.2875563394552314,0,NO-GO
MK14_min,sensitivity,min,4,5,-0.016489832420439055,-0.1465755334810237,0.0622229064982569,-0.2650122494824474,0.08448333802465384,,0,NO-GO
MK14_min,sensitivity,min,5,5,-0.016352217576704874,-0.14223174463699995,0.06315473324945045,-0.25892307251328883,0.09222633011170729,,0,NO-GO
MK14_min,sensitivity,min,6,5,-0.00817444275134761,-0.11893981207891573,0.06390308347093224,-0.1279193789618296,0.08533496293241029,,0,NO-GO
MK14_min,sensitivity,ranksum,1,5,0.038836357067811314,-0.1426483288809572,0.0,nan,0.09073118686190818,,0,NO-GO
MK14_min,sensitivity,ranksum,2,5,-0.03626891251046085,-0.19247690869973041,0.06964243718889904,-0.5207875251706741,0.06596289413751591,-0.33937696111887516,0,NO-GO
MK14_min,sensitivity,ranksum,3,5,-0.00970722347957828,-0.15386921983441856,0.07517913883983987,-0.12912123801069808,0.10629219056253034,-0.29806615137925263,0,NO-GO
MK14_min,sensitivity,ranksum,4,5,0.044961086871040924,-0.12235812628057788,0.07444275832556224,0.6039685777683245,0.11946301724461947,,0,NO-GO
MK14_min,sensitivity,ranksum,5,5,0.038818090039560396,-0.1338933977207918,0.07503522880107466,0.5173315342646685,0.12021269489104429,,0,NO-GO
MK14_min,sensitivity,ranksum,6,5,0.02189472840364177,-0.13730979550326666,0.07883201379381004,0.27773904724683013,0.0905734405111284,,0,NO-GO
MK14_min,sensitivity,rrf,1,5,0.038836357067811314,-0.1426483288809572,0.0,nan,0.09073118686190818,,0,NO-GO
MK14_min,sensitivity,rrf,2,5,-0.03668509363518489,-0.15523141231054866,0.07142314881997833,-0.5136303039179844,0.039747727198321495,-0.3572666217119959,0,NO-GO
MK14_min,sensitivity,rrf,3,5,0.03658291425018738,-0.09299719915852457,0.07687115386028703,0.4758991170690199,0.12121904848618562,-0.28417925547931483,0,NO-GO
MK14_min,sensitivity,rrf,4,5,0.03175281793310296,-0.08762607038805778,0.07908312019661887,0.4015119516548934,0.11631615054304494,,0,NO-GO
MK14_min,sensitivity,rrf,5,5,0.03319585290171806,-0.08446383864008415,0.07956596987615269,0.41721169179975565,0.1034835640089978,,0,NO-GO
MK14_min,sensitivity,rrf,6,5,0.03481968613856591,-0.06686475531708672,0.07646521435902201,0.45536635750577203,0.10727612596205693,,0,NO-GO
MK14_min,sensitivity,zmean,1,5,0.03147282765616691,-0.15388274668026633,0.0,nan,0.0965295672995464,,0,NO-GO
MK14_min,sensitivity,zmean,2,5,-0.05437928617829901,-0.19053324639492572,0.07028500991122852,-0.773696784662636,0.028540828561313035,-0.37049225280494313,0,NO-GO
MK14_min,sensitivity,zmean,3,5,0.012482774694881665,-0.13577732573663878,0.07390992653850309,0.16889172103802338,0.10965890057202583,-0.2925436768654822,0,NO-GO
MK14_min,sensitivity,zmean,4,5,0.007598840854112087,-0.10720310827592605,0.08215106083947839,0.0924983898742352,0.104591572453869,,0,NO-GO
MK14_min,sensitivity,zmean,5,5,-0.0005180256036812936,-0.1286413073943815,0.07867978127516953,-0.006583973611588786,0.08432541095183048,,0,NO-GO
MK14_min,sensitivity,zmean,6,5,0.00936507486720336,-0.0971476642843518,0.08169862618237618,0.11462952689434049,0.09489533664012693,,0,NO-GO
MK14_seed20260821,sensitivity,gmean,1,5,0.05470377157569336,-0.11954416606678575,0.0,nan,0.08006452807488507,,0,NO-GO
MK14_seed20260821,sensitivity,gmean,2,5,0.002366203812432477,-0.12922062938932885,0.062151433719794,0.038071588550963514,0.05796771086509313,-0.3471837481361828,0,NO-GO
MK14_seed20260821,sensitivity,gmean,3,5,-0.022613511248101858,-0.14354609775235092,0.07387475361449919,-0.3061060801110214,0.07194457827157971,-0.33688618482820076,0,NO-GO
MK14_seed20260821,sensitivity,gmean,4,5,0.031810090418340445,-0.09373081052753138,0.07554187826829487,0.4210921299224728,0.12492998529694528,,0,NO-GO
MK14_seed20260821,sensitivity,gmean,5,5,0.024849966436814187,-0.09331055420102619,0.07728324030000909,0.32154405457571456,0.10859423364136316,,0,NO-GO
MK14_seed20260821,sensitivity,gmean,6,5,0.046087783267289836,-0.061436165862074975,0.07872409414944781,0.5854342786059623,0.11943324958326595,,0,NO-GO
MK14_seed20260821,sensitivity,hmean,1,5,0.05470377157569336,-0.11954416606678575,0.0,nan,0.08006452807488507,,0,NO-GO
MK14_seed20260821,sensitivity,hmean,2,5,0.049388967332371504,-0.08636918190113001,0.06443921308441321,0.7664427445393167,0.08380813897627609,-0.3188635326886363,0,NO-GO
MK14_seed20260821,sensitivity,hmean,3,5,-0.03470635982888756,-0.15292264282901719,0.06896264832189952,-0.5032631529300817,0.06359472383896556,-0.3410187676188439,0,NO-GO
MK14_seed20260821,sensitivity,hmean,4,5,0.03312594854056148,-0.07639942245412917,0.07227553025028624,0.4583286822780562,0.11324468294859957,,0,NO-GO
MK14_seed20260821,sensitivity,hmean,5,5,0.03520367972386537,-0.08072968199766839,0.07183430753974136,0.4900677813924692,0.10533977975433557,,0,NO-GO
MK14_seed20260821,sensitivity,hmean,6,5,0.032858859682769644,-0.06391382447122522,0.07727023873310913,0.4252459966671504,0.10454066607677234,,0,NO-GO
MK14_seed20260821,sensitivity,max,1,5,0.05470377157569336,-0.11954416606678575,0.0,nan,0.08006452807488507,,0,NO-GO
MK14_seed20260821,sensitivity,max,2,5,-0.03655372280300096,-0.20734045232121665,0.07869061503075808,-0.4645245533881401,0.08070379406941783,-0.3351929019059018,0,NO-GO
MK14_seed20260821,sensitivity,max,3,5,-0.025321820005867173,-0.16448213045605975,0.08147412123578704,-0.31079586526113656,0.13167656189128307,-0.2954245803006859,0,NO-GO
MK14_seed20260821,sensitivity,max,4,5,0.007421564467326364,-0.13322303843533728,0.0860935329785267,0.08620350693678046,0.15918275357487632,,0,NO-GO
MK14_seed20260821,sensitivity,max,5,5,0.021248071011987203,-0.11195709893243175,0.08553977282134415,0.24839989996659564,0.1610652680578853,,0,NO-GO
MK14_seed20260821,sensitivity,max,6,5,-0.03589471520993944,-0.18156972157394455,0.08544623296977136,-0.42008540297660696,0.12424735033613894,,0,NO-GO
MK14_seed20260821,sensitivity,mean,1,5,0.05470377157569336,-0.11954416606678575,0.0,nan,0.08006452807488507,,0,NO-GO
MK14_seed20260821,sensitivity,mean,2,5,-0.041664490889222236,-0.1687723233491065,0.06683299576586979,-0.6234119900173534,0.036492266999864784,-0.36760103273360645,0,NO-GO
MK14_seed20260821,sensitivity,mean,3,5,0.0500599824507693,-0.09592598850848648,0.07598700869167857,0.6587965931635815,0.13489900482122097,-0.27488115265951796,0,NO-GO
MK14_seed20260821,sensitivity,mean,4,5,0.05311449937646549,-0.07339056847403161,0.07841346870837407,0.6773644917304009,0.13164541070046176,,0,NO-GO
MK14_seed20260821,sensitivity,mean,5,5,0.03747288712980259,-0.09072591882578965,0.07925475030840305,0.4728156606889151,0.11230357195488216,,0,NO-GO
MK14_seed20260821,sensitivity,mean,6,5,0.008646239075461064,-0.11790260926235378,0.07782363209031726,0.11110043110589825,0.10792075913550425,,0,NO-GO
MK14_seed20260821,sensitivity,min,1,5,0.05470377157569336,-0.11954416606678575,0.0,nan,0.08006452807488507,,0,NO-GO
MK14_seed20260821,sensitivity,min,2,5,0.0010137457490616898,-0.13193155200211673,0.06915920607821605,0.014658146131914638,0.07640908631279078,-0.32794274752229813,0,NO-GO
MK14_seed20260821,sensitivity,min,3,5,0.007372477617562945,-0.12618152229006507,0.06731136939598945,0.10952796954985457,0.07692805892315412,-0.33102338334594233,0,NO-GO
MK14_seed20260821,sensitivity,min,4,5,-0.027507478479197944,-0.16144625001037402,0.06860635411841857,-0.40094651337569154,0.06802380132921042,,0,NO-GO
MK14_seed20260821,sensitivity,min,5,5,-0.043583078022681306,-0.16680547362716872,0.06875481212594262,-0.6338913113870106,0.07620374551147222,,0,NO-GO
MK14_seed20260821,sensitivity,min,6,5,-0.02237637956955496,-0.1389667670166358,0.06887169105877666,-0.32489952294707636,0.07709622241801571,,0,NO-GO
MK14_seed20260821,sensitivity,ranksum,1,5,0.04445556975127276,-0.13346767613522625,0.0,nan,0.07995479636265687,,0,NO-GO
MK14_seed20260821,sensitivity,ranksum,2,5,-0.029286101429748652,-0.18142825278043365,0.06914640364163126,-0.42353759396557034,0.058921565095385806,-0.34632322734270626,0,NO-GO
MK14_seed20260821,sensitivity,ranksum,3,5,-0.03693715803007699,-0.16266645825598128,0.07346513236674061,-0.5027848836599838,0.0975319904655331,-0.3166716397847898,0,NO-GO
MK14_seed20260821,sensitivity,ranksum,4,5,-0.008066743640218421,-0.1314822228390387,0.0758578969647578,-0.10634019611651091,0.10317903043919512,,0,NO-GO
MK14_seed20260821,sensitivity,ranksum,5,5,-0.010967250816941453,-0.15900450845107486,0.0745356923120228,-0.14714092640382448,0.08914254810698377,,0,NO-GO
MK14_seed20260821,sensitivity,ranksum,6,5,-0.019991515375979197,-0.1649719601470716,0.08074059033752472,-0.24760179845611074,0.07320887969516683,,0,NO-GO
MK14_seed20260821,sensitivity,rrf,1,5,0.04445556975127276,-0.13346767613522625,0.0,nan,0.07995479636265687,,0,NO-GO
MK14_seed20260821,sensitivity,rrf,2,5,-0.02659868386719459,-0.12247335563395985,0.07173604872820591,-0.37078546057048506,0.02454567947142914,-0.3823833540432818,0,NO-GO
MK14_seed20260821,sensitivity,rrf,3,5,0.035522235629799406,-0.10557290802737214,0.0769432732196736,0.4616678514362544,0.12188683126970015,-0.2874162547228366,0,NO-GO
MK14_seed20260821,sensitivity,rrf,4,5,0.002642312974779354,-0.12783698193695542,0.07305951998194679,0.03616658000808487,0.099221147812551,,0,NO-GO
MK14_seed20260821,sensitivity,rrf,5,5,0.021687855460169003,-0.0893003307330812,0.07793234845845635,0.2782907982264928,0.09933393310976282,,0,NO-GO
MK14_seed20260821,sensitivity,rrf,6,5,0.016572933926408667,-0.08912555191037412,0.07563453393896452,0.2191186097581123,0.08181188939732761,,0,NO-GO
MK14_seed20260821,sensitivity,zmean,1,5,0.05470377157569336,-0.11954416606678575,0.0,nan,0.08006452807488507,,0,NO-GO
MK14_seed20260821,sensitivity,zmean,2,5,-0.01999210216022666,-0.1592643488336184,0.06285335908957376,-0.31807531768883596,0.08630670317748368,-0.3168050977075887,0,NO-GO
MK14_seed20260821,sensitivity,zmean,3,5,0.04702576882073316,-0.1294267286108952,0.07289634731363052,0.6451045978807232,0.1595603883990051,-0.24985094666944097,0,NO-GO
MK14_seed20260821,sensitivity,zmean,4,5,0.0007467671082036775,-0.14702045348958703,0.07280175953475816,0.010257542028872862,0.11682155134816705,,0,NO-GO
MK14_seed20260821,sensitivity,zmean,5,5,0.016362993381121026,-0.12665588000206573,0.07892796690648644,0.20731553114129797,0.11172603816907009,,0,NO-GO
MK14_seed20260821,sensitivity,zmean,6,5,-0.00046502446922007666,-0.12170250935548181,0.07805880098695724,-0.005957361160310125,0.10242341235215147,,0,NO-GO
MK14_seed20260822,sensitivity,gmean,1,5,0.03268992663425871,-0.12124773277421579,0.0,nan,0.06675515972160796,,0,NO-GO
MK14_seed20260822,sensitivity,gmean,2,5,0.004205036605118268,-0.11546371415925552,0.0510215033262061,0.08241694836456222,0.051499057879357046,-0.35093417684351647,0,NO-GO
MK14_seed20260822,sensitivity,gmean,3,5,0.013613459508730063,-0.11146551346533265,0.06474882428540088,0.21025029657255928,0.08836540784172266,-0.3202160005878931,0,NO-GO
MK14_seed20260822,sensitivity,gmean,4,5,0.066172747400392,-0.08161348811533783,0.06403438263852543,1.0333940091831237,0.13113226534181038,,0,GO
MK14_seed20260822,sensitivity,gmean,5,5,0.025541528273971454,-0.0881528431341708,0.06610617115811278,0.38637131490918164,0.10902933267309312,,0,NO-GO
MK14_seed20260822,sensitivity,gmean,6,5,0.03852844189481514,-0.07729579641997483,0.06840787920538041,0.5632164356263921,0.10415516023533118,,0,NO-GO
MK14_seed20260822,sensitivity,hmean,1,5,0.03268992663425871,-0.12124773277421579,0.0,nan,0.06675515972160796,,0,NO-GO
MK14_seed20260822,sensitivity,hmean,2,5,0.028779448406726395,-0.10113690531557817,0.04818711158360601,0.5972436915375854,0.08268724431297142,-0.3149992856291604,0,NO-GO
MK14_seed20260822,sensitivity,hmean,3,5,0.0006717772324145055,-0.11706455164597532,0.059427823130073734,0.011304086150760407,0.0727871330831105,-0.3363972451091505,0,NO-GO
MK14_seed20260822,sensitivity,hmean,4,5,0.016639238512560207,-0.09642243179384953,0.05763227227399341,0.28871390726110013,0.10863020321212462,,0,NO-GO
MK14_seed20260822,sensitivity,hmean,5,5,0.0016806330167247307,-0.10513524050954207,0.06390544360146513,0.026298745803341853,0.09131408396888203,,0,NO-GO
MK14_seed20260822,sensitivity,hmean,6,5,0.012976913365396036,-0.0899710055696314,0.06574461791395703,0.19738366085539524,0.07836604624618528,,0,NO-GO
MK14_seed20260822,sensitivity,max,1,5,0.03268992663425871,-0.12124773277421579,0.0,nan,0.06675515972160796,,0,NO-GO
MK14_seed20260822,sensitivity,max,2,5,-0.0799717162785725,-0.25185775477411393,0.07858689558389713,-1.017621521812081,0.06812786642552332,-0.3467558952809674,0,NO-GO
MK14_seed20260822,sensitivity,max,3,5,-0.030138331972936628,-0.20486685912276648,0.08667625236503967,-0.3477115259437859,0.09939632115486159,-0.32207295780422796,0,NO-GO
MK14_seed20260822,sensitivity,max,4,5,-0.041429711267173215,-0.2212013268422674,0.086124218591214,-0.4810460047692054,0.08163491744150767,,0,NO-GO
MK14_seed20260822,sensitivity,max,5,5,-0.05115377239221615,-0.2309671061764873,0.08420610476189469,-0.6074829436281498,0.080153663501615,,0,NO-GO
MK14_seed20260822,sensitivity,max,6,5,-0.0422060538738707,-0.2200057517647151,0.08500885632856985,-0.496490079936366,0.08129282043077433,,0,NO-GO
MK14_seed20260822,sensitivity,mean,1,5,0.03268992663425871,-0.12124773277421579,0.0,nan,0.06675515972160796,,0,NO-GO
MK14_seed20260822,sensitivity,mean,2,5,-0.010098726486510473,-0.12439983580913767,0.056954574696750956,-0.1773119462357528,0.042250562363440644,-0.362528201374594,0,NO-GO
MK14_seed20260822,sensitivity,mean,3,5,-0.018926911635137367,-0.16661223179551582,0.07175487902242494,-0.2637717726375415,0.08811127872517231,-0.32013885027166233,0,NO-GO
MK14_seed20260822,sensitivity,mean,4,5,0.01936297780196137,-0.12267403776488361,0.06319400050897166,0.30640531768854234,0.1229677496700411,,0,NO-GO
MK14_seed20260822,sensitivity,mean,5,5,0.03144722517208639,-0.09745765658408008,0.06385293751859715,0.49249457259389817,0.11927815594629505,,0,NO-GO
MK14_seed20260822,sensitivity,mean,6,5,0.02359270192714053,-0.09175783039612502,0.07197637550660681,0.3277839674626979,0.11431449143675705,,0,NO-GO
MK14_seed20260822,sensitivity,min,1,5,0.03268992663425871,-0.12124773277421579,0.0,nan,0.06675515972160796,,0,NO-GO
MK14_seed20260822,sensitivity,min,2,5,0.010276447102016644,-0.13469351751364153,0.04926859262223738,0.20858008226072952,0.0809509282791306,-0.31965346278204076,0,NO-GO
MK14_seed20260822,sensitivity,min,3,5,0.03239968064397738,-0.08455049125441721,0.04794561207657561,0.6757590369736175,0.0701325850072562,-0.3348618714790571,0,NO-GO
MK14_seed20260822,sensitivity,min,4,5,0.011328886781796199,-0.10896613378982438,0.04907842840418816,0.2308323055599196,0.07373429958573405,,0,NO-GO
MK14_seed20260822,sensitivity,min,5,5,0.007886720213276004,-0.11596466387827373,0.05074136192954008,0.1554298093974611,0.07809290620392033,,0,NO-GO
MK14_seed20260822,sensitivity,min,6,5,-0.007499424013625416,-0.1227209226990807,0.05165123114679382,-0.14519351905304842,0.07430785198471002,,0,NO-GO
MK14_seed20260822,sensitivity,ranksum,1,5,0.0281582907449004,-0.12591700244892895,0.0,nan,0.0635667627631318,,0,NO-GO
MK14_seed20260822,sensitivity,ranksum,2,5,-0.029442049920166892,-0.19372258226127928,0.06290551539639362,-0.4680360654330607,0.07273773616196746,-0.33355248550823646,0,NO-GO
MK14_seed20260822,sensitivity,ranksum,3,5,-0.026304611610642514,-0.16132071316238705,0.06026208376719304,-0.43650351873432675,0.08718382926353915,-0.3267675437465414,0,NO-GO
MK14_seed20260822,sensitivity,ranksum,4,5,-0.0030705828769358122,-0.16136992437600434,0.06707802209965093,-0.04577628828074511,0.09310578046086895,,0,NO-GO
MK14_seed20260822,sensitivity,ranksum,5,5,-0.033997321147013884,-0.19370573463452412,0.0721197531109551,-0.4714009640979988,0.0815354248805172,,0,NO-GO
MK14_seed20260822,sensitivity,ranksum,6,5,-0.010159142462187831,-0.16315305076423603,0.07532316016086259,-0.13487408707350615,0.07786173722035014,,0,NO-GO
MK14_seed20260822,sensitivity,rrf,1,5,0.0281582907449004,-0.12591700244892895,0.0,nan,0.0635667627631318,,0,NO-GO
MK14_seed20260822,sensitivity,rrf,2,5,-0.033363139032471324,-0.1513791673513098,0.06607086775368187,-0.5049599039148707,0.04153958041628682,-0.35911347539130434,0,NO-GO
MK14_seed20260822,sensitivity,rrf,3,5,0.049851775120070926,-0.09251784909907937,0.06258028715745698,0.7966050873918156,0.10926373419453297,-0.3011625398233253,0,NO-GO
MK14_seed20260822,sensitivity,rrf,4,5,0.0025089224815107057,-0.11797013746279875,0.06756327722200803,0.03713441065427552,0.08653877199700125,,0,NO-GO
MK14_seed20260822,sensitivity,rrf,5,5,0.006311885878544893,-0.10541601049266783,0.06671781604613176,0.09460570283326668,0.08561037301513243,,0,NO-GO
MK14_seed20260822,sensitivity,rrf,6,5,0.024954236964594596,-0.07352157184112487,0.0758768221449274,0.3288782563525279,0.0934349616102368,,0,NO-GO
MK14_seed20260822,sensitivity,zmean,1,5,0.03268992663425871,-0.12124773277421579,0.0,nan,0.06675515972160796,,0,NO-GO
MK14_seed20260822,sensitivity,zmean,2,5,-0.05146568228582747,-0.17285259219090726,0.06271389227297683,-0.8206424513058621,0.03454193172213775,-0.3682507608377835,0,NO-GO
MK14_seed20260822,sensitivity,zmean,3,5,0.04042151730253161,-0.10293779518922297,0.06173432002821565,0.6547657329676098,0.10027511739767365,-0.3095657684909174,0,NO-GO
MK14_seed20260822,sensitivity,zmean,4,5,-0.027068100427143877,-0.1426360363252334,0.07128927017001845,-0.37969389169771145,0.09405583884188908,,0,NO-GO
MK14_seed20260822,sensitivity,zmean,5,5,0.026997804519063508,-0.11045534090496467,0.06988389689588947,0.38632368425710245,0.11032778752274505,,0,NO-GO
MK14_seed20260822,sensitivity,zmean,6,5,0.0037623357763095834,-0.10102766841423043,0.07326974792322508,0.05134910222772851,0.1000611801438895,,0,NO-GO
MK14_seed20260823,sensitivity,gmean,1,5,0.01927020119552488,-0.1697034489820793,0.0,nan,0.08226621088736438,,0,NO-GO
MK14_seed20260823,sensitivity,gmean,2,5,0.0012507949324803702,-0.12977932003950884,0.07005408108534808,0.017854704723861917,0.0438045279494389,-0.3577328838696703,0,NO-GO
MK14_seed20260823,sensitivity,gmean,3,5,-0.04523758173027592,-0.18790189323598225,0.07402139261830191,-0.6111419973351171,0.051182393230105136,-0.3574021020962797,0,NO-GO
MK14_seed20260823,sensitivity,gmean,4,5,0.035328330749003205,-0.10313374632959368,0.08250799547703022,0.42818069381940593,0.10120558165236897,,0,NO-GO
MK14_seed20260823,sensitivity,gmean,5,5,0.014181375560769588,-0.11119885221308892,0.08633172894428572,0.16426609004809292,0.10814446586592381,,0,NO-GO
MK14_seed20260823,sensitivity,gmean,6,5,0.035546985890988404,-0.0835441126755033,0.08288010857450588,0.42889646867478576,0.11588310313431294,,0,NO-GO
MK14_seed20260823,sensitivity,hmean,1,5,0.01927020119552488,-0.1697034489820793,0.0,nan,0.08226621088736438,,0,NO-GO
MK14_seed20260823,sensitivity,hmean,2,5,0.045192236088823175,-0.08869071032511741,0.07463732323375019,0.6054911153135746,0.07356333077046479,-0.32847127269234033,0,NO-GO
MK14_seed20260823,sensitivity,hmean,3,5,-0.01597066779360364,-0.15109968007755503,0.07356725196063409,-0.21708936201870854,0.06267223354833544,-0.34554364644026836,0,NO-GO
MK14_seed20260823,sensitivity,hmean,4,5,0.04587780931741028,-0.07700791484681102,0.08381702830913886,0.5473566677668535,0.10181979642119691,,0,NO-GO
MK14_seed20260823,sensitivity,hmean,5,5,0.00045479198706114833,-0.11782377846422384,0.08375170300022161,0.00543024166398079,0.10508789339169292,,0,NO-GO
MK14_seed20260823,sensitivity,hmean,6,5,0.020100407440794388,-0.07957925118042342,0.08078824609167178,0.24880361207478274,0.09374961606917662,,0,NO-GO
MK14_seed20260823,sensitivity,max,1,5,0.01927020119552488,-0.1697034489820793,0.0,nan,0.08226621088736438,,0,NO-GO
MK14_seed20260823,sensitivity,max,2,5,-0.030706241400175544,-0.17901013365916268,0.06176072416566077,-0.4971807214859107,0.10480353857672756,-0.30791297078486385,0,NO-GO
MK14_seed20260823,sensitivity,max,3,5,-0.011716521170784967,-0.15829871578334367,0.06655986869192385,-0.1760298119729706,0.11641824493331472,-0.3075987295995173,0,NO-GO
MK14_seed20260823,sensitivity,max,4,5,-0.03041563746888095,-0.18142089725075353,0.0697875050835847,-0.4358321368911534,0.12205112071859343,,0,NO-GO
MK14_seed20260823,sensitivity,max,5,5,-0.031797219910228616,-0.2025691132773222,0.07618269564783416,-0.4173811341254712,0.1075776767249165,,0,NO-GO
MK14_seed20260823,sensitivity,max,6,5,-0.040427472556050136,-0.21212154702156968,0.07599941925436293,-0.5319444931643909,0.10480595716553118,,0,NO-GO
MK14_seed20260823,sensitivity,mean,1,5,0.01927020119552488,-0.1697034489820793,0.0,nan,0.08226621088736438,,0,NO-GO
MK14_seed20260823,sensitivity,mean,2,5,-0.05888780466628416,-0.19658512188306904,0.0714545509955048,-0.8241295179363564,0.030365258152397812,-0.3721731829889641,0,NO-GO
MK14_seed20260823,sensitivity,mean,3,5,-0.06758515435972766,-0.21751043244401588,0.07862030543026054,-0.8596399363988542,0.06626465764922894,-0.3412274125491955,0,NO-GO
MK14_seed20260823,sensitivity,mean,4,5,0.03434410805743131,-0.10727957930839047,0.08449770252995115,0.4064501995809609,0.11709579189624612,,0,NO-GO
MK14_seed20260823,sensitivity,mean,5,5,0.04297358065856858,-0.09479255879478195,0.08267680759373049,0.5197779390532168,0.12633346698290546,,0,NO-GO
MK14_seed20260823,sensitivity,mean,6,5,0.05622134710775354,-0.05317595720768074,0.08581360693113226,0.6551565552170846,0.11780764679466896,,0,NO-GO
MK14_seed20260823,sensitivity,min,1,5,0.01927020119552488,-0.1697034489820793,0.0,nan,0.08226621088736438,,0,NO-GO
MK14_seed20260823,sensitivity,min,2,5,0.06508937418488306,-0.10173553583922539,0.08274805387664928,0.7865970392718887,0.10895286557106924,-0.29447643032584575,0,NO-GO
MK14_seed20260823,sensitivity,min,3,5,-0.003665793112118809,-0.1400713329571547,0.08146962341253147,-0.04499582738411118,0.07599504796744591,-0.3305141077669488,0,NO-GO
MK14_seed20260823,sensitivity,min,4,5,0.03552126006485775,-0.09758231292268219,0.08051126418334036,0.44119615342231727,0.07564530762108694,,0,NO-GO
MK14_seed20260823,sensitivity,min,5,5,-0.01879974541310291,-0.1512710587604936,0.08147724082544641,-0.23073615678001091,0.07517468189173583,,0,NO-GO
MK14_seed20260823,sensitivity,min,6,5,-0.020561473875574436,-0.14032953278503502,0.08251954840065809,-0.24917094523763123,0.07310436453295005,,0,NO-GO
MK14_seed20260823,sensitivity,ranksum,1,5,0.054853651800420344,-0.13051602777599286,0.0,nan,0.0877255054795946,,0,NO-GO
MK14_seed20260823,sensitivity,ranksum,2,5,-0.10006319728371338,-0.24237720499763715,0.0719451296524946,-1.3908265613952344,0.032184218911635254,-0.37268215917395525,0,NO-GO
MK14_seed20260823,sensitivity,ranksum,3,5,-0.048811122768132015,-0.2042738815999455,0.08054004019636768,-0.6060479067197359,0.09129602754247822,-0.320410472593499,0,NO-GO
MK14_seed20260823,sensitivity,ranksum,4,5,0.015408254042631592,-0.14010279655478158,0.08192101697701167,0.18808670364718974,0.11663037324342687,,0,NO-GO
MK14_seed20260823,sensitivity,ranksum,5,5,0.028205373870089055,-0.12163932535282367,0.0826204311245137,0.3413849756797075,0.13067537181810024,,0,NO-GO
MK14_seed20260823,sensitivity,ranksum,6,5,0.042482403439557004,-0.11058503824573776,0.08991427738126964,0.47247672646487465,0.12193126264754742,,0,NO-GO
MK14_seed20260823,sensitivity,rrf,1,5,0.054853651800420344,-0.13051602777599286,0.0,nan,0.0877255054795946,,0,NO-GO
MK14_seed20260823,sensitivity,rrf,2,5,-0.04343768433929952,-0.14458895547421455,0.07337758086802733,-0.5919748760513655,0.02169439725972726,-0.3850014994852929,0,NO-GO
MK14_seed20260823,sensitivity,rrf,3,5,-0.02635294999240617,-0.15916254878854827,0.08172106266805426,-0.3224743919379777,0.10228744994491423,-0.30689231550680773,0,NO-GO
MK14_seed20260823,sensitivity,rrf,4,5,0.019153778308858015,-0.0974093539407109,0.08101387878652169,0.23642588894342184,0.09891432899301986,,0,NO-GO
MK14_seed20260823,sensitivity,rrf,5,5,0.007594517218723851,-0.10899211902092362,0.0816635479747239,0.09299763979241348,0.11138474684438351,,0,NO-GO
MK14_seed20260823,sensitivity,rrf,6,5,-0.014685292864075845,-0.1311147400446208,0.0831480128203194,-0.17661628180832611,0.09491824787922785,,0,NO-GO
MK14_seed20260823,sensitivity,zmean,1,5,0.01927020119552488,-0.1697034489820793,0.0,nan,0.08226621088736438,,0,NO-GO
MK14_seed20260823,sensitivity,zmean,2,5,-0.055269592216408106,-0.1844106292017075,0.07316213830689075,-0.7554398148475461,0.01994417590403037,-0.3824065370217444,0,NO-GO
MK14_seed20260823,sensitivity,zmean,3,5,-0.011297235973335328,-0.14845615070010837,0.08262470532061092,-0.13672951606300263,0.08877424955307564,-0.31716498160984624,0,NO-GO
MK14_seed20260823,sensitivity,zmean,4,5,0.01378373168821056,-0.1157217371285935,0.08106584407395699,0.17003131029679475,0.09489072052219019,,0,NO-GO
MK14_seed20260823,sensitivity,zmean,5,5,-0.004117004426147125,-0.11597244776637436,0.07767078398780154,-0.05300583069682565,0.08354231144200477,,0,NO-GO
MK14_seed20260823,sensitivity,zmean,6,5,-0.026509038027438415,-0.1181299266813336,0.08041759908218901,-0.3296422465976066,0.07528053311473405,,0,NO-GO
PPARA_min,sensitivity,gmean,1,5,0.1453246465942517,0.03785717514218339,0.0,nan,0.16341233279997652,,0,NO-GO
PPARA_min,sensitivity,gmean,2,5,0.008533152531661193,-0.07398532781326159,0.042760760953090574,0.19955567537776597,0.09475441361106433,-0.28366045605881524,0,NO-GO
PPARA_min,sensitivity,gmean,3,5,0.0013383392758373636,-0.06063277529030024,0.04706807951744859,0.028434116912316943,0.08135182330508008,-0.2944239865209516,0,NO-GO
PPARA_min,sensitivity,gmean,4,5,-0.0019055077477825393,-0.0573339387657091,0.053598618918311705,-0.03555143371672832,0.06013856823694828,,0,NO-GO
PPARA_min,sensitivity,gmean,5,5,-0.006195705559814224,-0.06143067648091653,0.05423034537025852,-0.11424794582282205,0.06535629334077339,,0,NO-GO
PPARA_min,sensitivity,gmean,6,5,0.002207032875814463,-0.04565504139856047,0.05266771204720631,0.04190485574608385,0.0526449283079234,,0,NO-GO
PPARA_min,sensitivity,hmean,1,5,0.1453246465942517,0.03785717514218339,0.0,nan,0.16341233279997652,,0,NO-GO
PPARA_min,sensitivity,hmean,2,5,0.08021056081476106,-0.007577868218168343,0.03872281635779153,2.0714030734136326,0.10082933190660263,-0.2789556538712687,1,GO
PPARA_min,sensitivity,hmean,3,5,0.05401564721954679,-0.014967995225500061,0.04619406456881663,1.169320078753367,0.08685422715952844,-0.29100739991170926,1,GO
PPARA_min,sensitivity,hmean,4,5,0.006663488322614689,-0.04916172072953823,0.0503455656488237,0.13235501948860073,0.07045099246789296,,0,NO-GO
PPARA_min,sensitivity,hmean,5,5,-0.008510857971070509,-0.0653067726928647,0.05480015834702726,-0.1553071784423447,0.0661229657026832,,0,NO-GO
PPARA_min,sensitivity,hmean,6,5,0.012930779661321284,-0.038379734098391946,0.0537040919781781,0.24077829426062214,0.05455231761515396,,0,NO-GO
PPARA_min,sensitivity,max,1,5,0.1453246465942517,0.03785717514218339,0.0,nan,0.16341233279997652,,0,NO-GO
PPARA_min,sensitivity,max,2,5,-0.06204146763344052,-0.17225181917358934,0.057106035964217386,-1.0864257444224577,0.06793243662238167,-0.3130273812947351,1,NO-GO
PPARA_min,sensitivity,max,3,5,-0.09154410768971545,-0.18058809541005366,0.06567936286784938,-1.3938032236078084,0.04957472425316217,-0.33449937001600805,0,NO-GO
PPARA_min,sensitivity,max,4,5,-0.022138834373789884,-0.08370315676579476,0.06649580017635352,-0.3329358292565166,0.054719460801273476,,0,NO-GO
PPARA_min,sensitivity,max,5,5,-0.015706085073912784,-0.07426009191040188,0.06618759089693874,-0.2372965213127165,0.0493242581900548,,0,NO-GO
PPARA_min,sensitivity,max,6,5,-0.004070588691124877,-0.06600252029848445,0.06773102875580064,-0.06009931881886944,0.05262044193840469,,0,NO-GO
PPARA_min,sensitivity,mean,1,5,0.1453246465942517,0.03785717514218339,0.0,nan,0.16341233279997652,,0,NO-GO
PPARA_min,sensitivity,mean,2,5,-0.0025519083512791224,-0.0763752806055222,0.05010405339992251,-0.05093217370878559,0.08401573321937551,-0.29379150219159816,0,NO-GO
PPARA_min,sensitivity,mean,3,5,-0.002308132758672718,-0.07349431312084803,0.04935652534547812,-0.04676449046031118,0.08906040757602188,-0.284197705584982,0,NO-GO
PPARA_min,sensitivity,mean,4,5,-0.0031709489564230144,-0.06060605412856214,0.049205440610142315,-0.06444305583089144,0.06332850967457102,,0,NO-GO
PPARA_min,sensitivity,mean,5,5,-0.021662947498278916,-0.07028116263478065,0.055419964844235683,-0.390887066766736,0.04028177343663271,,0,NO-GO
PPARA_min,sensitivity,mean,6,5,-0.000523384868101004,-0.04478094321777153,0.0565331535096773,-0.009258016501970147,0.034623083836709354,,0,NO-GO
PPARA_min,sensitivity,min,1,5,0.1453246465942517,0.03785717514218339,0.0,nan,0.16341233279997652,,0,NO-GO
PPARA_min,sensitivity,min,2,5,0.14378554255708811,0.03665224249710557,0.022068029546558683,6.515558729597143,0.13442068133559743,-0.24885570409682475,3,GO
PPARA_min,sensitivity,min,3,5,0.12397541122354594,0.011509990350942323,0.03913954941873018,3.167522699283239,0.1388425539713991,-0.24648000398510622,2,GO
PPARA_min,sensitivity,min,4,5,0.1725290495215499,0.05279419127002698,0.042881727015642676,4.023369895028099,0.12057189541935256,,3,GO
PPARA_min,sensitivity,min,5,5,0.16965202561497503,0.047487991048341074,0.04382677536346673,3.870967558256502,0.11342240443129943,,3,GO
PPARA_min,sensitivity,min,6,5,0.11813554435472742,-0.01581627251493276,0.04708899191954562,2.5087719982744403,0.09842849805205059,,3,GO
PPARA_min,sensitivity,ranksum,1,5,0.14395591348968456,0.0372101218016311,0.0,nan,0.16232816623814061,,0,NO-GO
PPARA_min,sensitivity,ranksum,2,5,0.003972290224594577,-0.09514340416491662,0.052233009942766195,0.07604942217473538,0.08255796524113454,-0.2953288081728498,1,NO-GO
PPARA_min,sensitivity,ranksum,3,5,-0.016238020104681134,-0.08648789505097843,0.0624499938170894,-0.2600163604858134,0.04601615683514263,-0.331983499128755,0,NO-GO
PPARA_min,sensitivity,ranksum,4,5,-0.007811639572963458,-0.059704764552036285,0.0634242133621856,-0.12316494220204026,0.04191928001755936,,0,NO-GO
PPARA_min,sensitivity,ranksum,5,5,-0.027977969624842513,-0.08365409427315462,0.06019267980120578,-0.4648068455706479,0.02863476832840033,,0,NO-GO
PPARA_min,sensitivity,ranksum,6,5,-0.0026341509492246035,-0.04855702678032197,0.060847523203511875,-0.043291013512815765,0.031209216385241413,,0,NO-GO
PPARA_min,sensitivity,rrf,1,5,0.14395591348968456,0.0372101218016311,0.0,nan,0.16232816623814061,,0,NO-GO
PPARA_min,sensitivity,rrf,2,5,0.13988307158992647,0.043192837845583774,0.03735144814903639,3.745050821905957,0.11698565635142628,-0.2595313526678493,2,GO
PPARA_min,sensitivity,rrf,3,5,0.07352162488189493,-0.0001409441719025328,0.04484305804379298,1.6395319161796444,0.10885039980378006,-0.26550130696863006,1,GO
PPARA_min,sensitivity,rrf,4,5,0.06401960993315799,0.00379925600880329,0.048661598682289475,1.3156084400584664,0.07500734142631929,,1,GO
PPARA_min,sensitivity,rrf,5,5,0.05661012345452805,0.002015821152758967,0.057517234919933956,0.9842288756288678,0.05174470569869447,,1,NO-GO
PPARA_min,sensitivity,rrf,6,5,0.04651012682859348,-0.014074123131430657,0.05525300577569531,0.8417664555192824,0.04883974671311262,,1,NO-GO
PPARA_min,sensitivity,zmean,1,5,0.1453246465942517,0.03785717514218339,0.0,nan,0.16341233279997652,,0,NO-GO
PPARA_min,sensitivity,zmean,2,5,0.00493037508366326,-0.0698671677047292,0.04914916939251434,0.10031451486572183,0.09180545127939091,-0.2876433276833296,0,NO-GO
PPARA_min,sensitivity,zmean,3,5,-0.0004550964918228234,-0.06360607654482883,0.05037032347990929,-0.00903501229259215,0.0799488314865432,-0.29389984723271645,0,NO-GO
PPARA_min,sensitivity,zmean,4,5,0.007480737230989002,-0.059411906476916874,0.0483937529985775,0.1545806383565435,0.07261408908132976,,0,NO-GO
PPARA_min,sensitivity,zmean,5,5,-0.005013783825814569,-0.06063720138408357,0.05463871800205296,-0.09176247190913564,0.052007532454325635,,0,NO-GO
PPARA_min,sensitivity,zmean,6,5,-0.00437970253053587,-0.05614334810515709,0.05762075121746666,-0.07600911890243188,0.04289074000801637,,0,NO-GO
PPARA_seed20260821,sensitivity,gmean,1,5,0.15287139708934183,0.04025079463604187,0.0,nan,0.17069464735884055,,0,NO-GO
PPARA_seed20260821,sensitivity,gmean,2,5,0.031836310344169484,-0.07320412160184853,0.04096393886528551,0.7771789341075512,0.12300376584218249,-0.2568804320237219,1,NO-GO
PPARA_seed20260821,sensitivity,gmean,3,5,0.0038959769239155007,-0.07037728450084499,0.04587824427023936,0.08491992197798146,0.10667885887626309,-0.27335580836144135,0,NO-GO
PPARA_seed20260821,sensitivity,gmean,4,5,-0.014951144944814249,-0.07253066448668613,0.05566025349902426,-0.2686143882739655,0.06916330841430174,,0,NO-GO
PPARA_seed20260821,sensitivity,gmean,5,5,-0.0031535021377725125,-0.0596501867391198,0.06041336030130236,-0.052198754084277134,0.044802205318093494,,0,NO-GO
PPARA_seed20260821,sensitivity,gmean,6,5,-0.01213979168827833,-0.04413439366436746,0.06299539240370518,-0.19270920022976648,0.02416089577982362,,0,NO-GO
PPARA_seed20260821,sensitivity,hmean,1,5,0.15287139708934183,0.04025079463604187,0.0,nan,0.17069464735884055,,0,NO-GO
PPARA_seed20260821,sensitivity,hmean,2,5,0.07531025758870091,-0.021846977154984133,0.041045997234615106,1.8347771442422138,0.1145231778894362,-0.26104831712384013,1,GO
PPARA_seed20260821,sensitivity,hmean,3,5,0.0019427432821045893,-0.08460367560379045,0.042722231147617654,0.04547382545148099,0.1020584371518237,-0.27579775070009827,0,NO-GO
PPARA_seed20260821,sensitivity,hmean,4,5,0.03464415561619235,-0.037410939377664945,0.054812166458893176,0.6320522952175958,0.057687786293011925,,1,NO-GO
PPARA_seed20260821,sensitivity,hmean,5,5,-0.007401542680238174,-0.061184486527899075,0.05693030654394042,-0.13001058890356498,0.04488595615623299,,0,NO-GO
PPARA_seed20260821,sensitivity,hmean,6,5,-0.0066428513353835456,-0.04524517030022596,0.05850204119868507,-0.11354905229414207,0.034157785503325044,,0,NO-GO
PPARA_seed20260821,sensitivity,max,1,5,0.15287139708934183,0.04025079463604187,0.0,nan,0.17069464735884055,,0,NO-GO
PPARA_seed20260821,sensitivity,max,2,5,-0.05743952978657899,-0.19058655427773566,0.05307864760211904,-1.082158878974261,0.12481227588501105,-0.26708038089853725,1,NO-GO
PPARA_seed20260821,sensitivity,max,3,5,-0.04723772448956791,-0.15569058985469753,0.06426053238440067,-0.7350969986833618,0.08981491785590964,-0.3075513197127761,0,NO-GO
PPARA_seed20260821,sensitivity,max,4,5,-0.03617539144419178,-0.12711732451782215,0.06926137323494781,-0.5223025440381891,0.08259103340860821,,0,NO-GO
PPARA_seed20260821,sensitivity,max,5,5,-0.026511207692259325,-0.10887687611972115,0.06937460219460082,-0.382145725576825,0.0844629096930957,,0,NO-GO
PPARA_seed20260821,sensitivity,max,6,5,-0.026860179858384976,-0.10777227582000695,0.06938730123159172,-0.3871051241600338,0.08153119563168407,,0,NO-GO
PPARA_seed20260821,sensitivity,mean,1,5,0.15287139708934183,0.04025079463604187,0.0,nan,0.17069464735884055,,0,NO-GO
PPARA_seed20260821,sensitivity,mean,2,5,0.03462603651800862,-0.07822045204787738,0.0444290549710583,0.7793556838101666,0.12226335694639379,-0.258786383692025,1,NO-GO
PPARA_seed20260821,sensitivity,mean,3,5,0.03985530889726806,-0.04987012514267507,0.04876643477192254,0.8172692771917562,0.10143980858633347,-0.27688304744601383,1,NO-GO
PPARA_seed20260821,sensitivity,mean,4,5,-0.01978939832171474,-0.07600154963470515,0.057500552039898775,-0.34416014489709895,0.06448353105212326,,0,NO-GO
PPARA_seed20260821,sensitivity,mean,5,5,0.04653150673080231,-0.020424410672039674,0.058488155841784774,0.7955714462373172,0.05727493590916164,,1,NO-GO
PPARA_seed20260821,sensitivity,mean,6,5,-0.008502774524614398,-0.05773118149271391,0.06504399951901674,-0.13072342702616965,0.03058082434907735,,0,NO-GO
PPARA_seed20260821,sensitivity,min,1,5,0.15287139708934183,0.04025079463604187,0.0,nan,0.17069464735884055,,0,NO-GO
PPARA_seed20260821,sensitivity,min,2,5,0.12501081324587085,0.014458599374799926,0.02568570754539542,4.866940613760942,0.15207553858731443,-0.23076215412780993,1,GO
PPARA_seed20260821,sensitivity,min,3,5,0.14551207386229686,0.03543401334051316,0.02820795930690966,5.158546645614774,0.16128330901690702,-0.22362269458925957,2,GO
PPARA_seed20260821,sensitivity,min,4,5,0.12466888798049465,0.018443698558472416,0.03429864751704381,3.6348047811081683,0.1377406224916886,,2,GO
PPARA_seed20260821,sensitivity,min,5,5,0.023425035266661526,-0.07810890462873005,0.03715080952849946,0.6305390263082021,0.12406825661196437,,1,NO-GO
PPARA_seed20260821,sensitivity,min,6,5,0.12897421114013602,0.02879569890512264,0.039833587669135764,3.2378256312591454,0.11176687389978465,,2,GO
PPARA_seed20260821,sensitivity,ranksum,1,5,0.15079436936461907,0.03937820111128102,0.0,nan,0.17061697437815812,,0,NO-GO
PPARA_seed20260821,sensitivity,ranksum,2,5,-0.05883193142532389,-0.1636540503490141,0.055194137078158886,-1.065909071864166,0.08123506569902143,-0.3022677350114786,0,NO-GO
PPARA_seed20260821,sensitivity,ranksum,3,5,-0.024098833381081673,-0.0949024174307594,0.05622654981409014,-0.42860238554140495,0.0723024153360131,-0.31112947221221976,0,NO-GO
PPARA_seed20260821,sensitivity,ranksum,4,5,0.06235822354187859,-0.014931174249841727,0.06054167721614889,1.030004889346626,0.07517404356780673,,1,GO
PPARA_seed20260821,sensitivity,ranksum,5,5,-0.024510881717205207,-0.09730447750358592,0.05833809719384915,-0.4201522314956392,0.0682484518743712,,0,NO-GO
PPARA_seed20260821,sensitivity,ranksum,6,5,-0.0005745281486048942,-0.06141509714257618,0.06533090770535456,-0.008794124692037693,0.035771767295105804,,0,NO-GO
PPARA_seed20260821,sensitivity,rrf,1,5,0.15079436936461907,0.03937820111128102,0.0,nan,0.17061697437815812,,0,NO-GO
PPARA_seed20260821,sensitivity,rrf,2,5,-0.024189169706557396,-0.11264438497204435,0.04118284266752841,-0.587360369992864,0.11141467719433415,-0.26694502535098213,0,NO-GO
PPARA_seed20260821,sensitivity,rrf,3,5,-0.012650179135531726,-0.07811427227063453,0.047523844524654614,-0.2661859380709196,0.09067355255484466,-0.2897336833121221,0,NO-GO
PPARA_seed20260821,sensitivity,rrf,4,5,-0.005753936596088785,-0.05892898508214136,0.05359495831023499,-0.10735966175740005,0.06377673196779457,,0,NO-GO
PPARA_seed20260821,sensitivity,rrf,5,5,0.013202681118067713,-0.050246469967230825,0.05403884206162228,0.2443183572107681,0.08726568901170582,,0,NO-GO
PPARA_seed20260821,sensitivity,rrf,6,5,0.060460850474874525,-0.015417431588259173,0.05806736193355183,1.0412191713489867,0.07209808372067798,,1,GO
PPARA_seed20260821,sensitivity,zmean,1,5,0.15287139708934183,0.04025079463604187,0.0,nan,0.17069464735884055,,0,NO-GO
PPARA_seed20260821,sensitivity,zmean,2,5,0.027400326572605743,-0.07017462858583128,0.04618083663828418,0.5933267685733246,0.09792682449591539,-0.2811150161290268,1,NO-GO
PPARA_seed20260821,sensitivity,zmean,3,5,0.04627354495858751,-0.04704572695265563,0.04694748542543582,0.9856448016173582,0.08884218124760125,-0.2910638185540094,1,NO-GO
PPARA_seed20260821,sensitivity,zmean,4,5,0.03487083046220984,-0.04875618725125293,0.05189910641922918,0.671896548286038,0.08303141976168228,,1,NO-GO
PPARA_seed20260821,sensitivity,zmean,5,5,0.049611851484541204,-0.029316911213071693,0.057012795130804504,0.8701880230695003,0.05292430684599854,,1,NO-GO
PPARA_seed20260821,sensitivity,zmean,6,5,-0.035111118100173,-0.09377010264211927,0.06115108137672174,-0.574170027899763,0.025080422916836154,,0,NO-GO
PPARA_seed20260822,sensitivity,gmean,1,5,0.15714801983915022,0.043295719983692416,0.0,nan,0.1569662377204291,,0,NO-GO
PPARA_seed20260822,sensitivity,gmean,2,5,0.13916319658073983,0.036887261974321524,0.047798519245084437,2.9114541366268636,0.10315497206065075,-0.2775688491601239,2,GO
PPARA_seed20260822,sensitivity,gmean,3,5,-0.0012986141341361558,-0.08028377268773018,0.054389041763950374,-0.023876392964821285,0.0793731756587133,-0.30266708344206633,0,NO-GO
PPARA_seed20260822,sensitivity,gmean,4,5,-0.0327213102293627,-0.09986330397737367,0.06179076605061547,-0.5295501629249793,0.038769635285297976,,0,NO-GO
PPARA_seed20260822,sensitivity,gmean,5,5,-0.03283701475843487,-0.0892236719471046,0.06350154340901645,-0.5171057740585941,0.021048384399751006,,0,NO-GO
PPARA_seed20260822,sensitivity,gmean,6,5,-0.022050743345689332,-0.07024339074881751,0.06388330246869409,-0.34517225148927244,0.03154355032867486,,0,NO-GO
PPARA_seed20260822,sensitivity,hmean,1,5,0.15714801983915022,0.043295719983692416,0.0,nan,0.1569662377204291,,0,NO-GO
PPARA_seed20260822,sensitivity,hmean,2,5,0.07716471942831263,-0.014744419624834314,0.04562450281486409,1.6912999521645855,0.09926169123773725,-0.28232824766925324,1,GO
PPARA_seed20260822,sensitivity,hmean,3,5,0.0022743965441179015,-0.0752653702005005,0.050308873018626535,0.04520865620018601,0.08092093402674072,-0.29991078187388953,0,NO-GO
PPARA_seed20260822,sensitivity,hmean,4,5,-0.029538534918023107,-0.1006540183282408,0.06005322300452252,-0.49187259967376945,0.04453874285731042,,0,NO-GO
PPARA_seed20260822,sensitivity,hmean,5,5,-0.01930940084614751,-0.06963667816072863,0.06332170062058588,-0.3049412864295376,0.03508932806877637,,0,NO-GO
PPARA_seed20260822,sensitivity,hmean,6,5,-0.0243777597344924,-0.07059489351605142,0.06168790787144718,-0.3951789025702373,0.031111605304554858,,0,NO-GO
PPARA_seed20260822,sensitivity,max,1,5,0.15714801983915022,0.043295719983692416,0.0,nan,0.1569662377204291,,0,NO-GO
PPARA_seed20260822,sensitivity,max,2,5,-0.1528274982434148,-0.24451604537710833,0.060984877986396534,-2.505990063266257,0.07003919481011882,-0.3235326964592588,0,NO-GO
PPARA_seed20260822,sensitivity,max,3,5,-0.05521437483760165,-0.12891479022693067,0.06957376200628715,-0.7936091601976635,0.04124794173326187,-0.35488347903370665,0,NO-GO
PPARA_seed20260822,sensitivity,max,4,5,-0.020063455947011744,-0.0809899416716974,0.06780937706627717,-0.2958802574959749,0.050759054409945846,,0,NO-GO
PPARA_seed20260822,sensitivity,max,5,5,-0.01692609112086143,-0.07455659999698497,0.0660927039452501,-0.25609621199463517,0.05669521805712311,,0,NO-GO
PPARA_seed20260822,sensitivity,max,6,5,-0.024044167826365814,-0.08717482270239817,0.06648856100310531,-0.3616286390262356,0.050376269090489076,,0,NO-GO
PPARA_seed20260822,sensitivity,mean,1,5,0.15714801983915022,0.043295719983692416,0.0,nan,0.1569662377204291,,0,NO-GO
PPARA_seed20260822,sensitivity,mean,2,5,0.14825214522920221,0.049003877343071864,0.04260701790496689,3.479524090605736,0.11910517069144252,-0.26263316605700365,2,GO
PPARA_seed20260822,sensitivity,mean,3,5,0.04296586460922972,-0.04753455785499357,0.05465726443280257,0.7860961402862261,0.07985056424771779,-0.30120829971853275,1,NO-GO
PPARA_seed20260822,sensitivity,mean,4,5,-0.04589765125483581,-0.12032187289912621,0.06312634776981205,-0.7270759813667653,0.04167695064150383,,0,NO-GO
PPARA_seed20260822,sensitivity,mean,5,5,-0.044450191706536336,-0.10704581134591555,0.06522320796532208,-0.6815088232116648,0.013670184748241132,,0,NO-GO
PPARA_seed20260822,sensitivity,mean,6,5,-0.03036482043351153,-0.08538541033386704,0.0640383955205873,-0.47416585294910674,0.020767361018458462,,0,NO-GO
PPARA_seed20260822,sensitivity,min,1,5,0.15714801983915022,0.043295719983692416,0.0,nan,0.1569662377204291,,0,NO-GO
PPARA_seed20260822,sensitivity,min,2,5,0.0663408930083212,-0.04616908176483198,0.025064223321774638,2.6468361758765253,0.13301444604314377,-0.2541686995254499,1,GO
PPARA_seed20260822,sensitivity,min,3,5,0.017324407069564694,-0.10509030566648377,0.046399088648992406,0.3733781756064924,0.14455124648142542,-0.24452651582715257,0,NO-GO
PPARA_seed20260822,sensitivity,min,4,5,0.07041511928571116,-0.07088038787238374,0.04994115010272383,1.4099619079831855,0.12355218391021099,,1,GO
PPARA_seed20260822,sensitivity,min,5,5,0.14277413493013594,0.00822378715781208,0.0514346349441326,2.775836458938898,0.11515510823400414,,2,GO
PPARA_seed20260822,sensitivity,min,6,5,0.10179406161139466,-0.024916760699666432,0.053165179526433536,1.9146754044305074,0.10096180559339567,,1,GO
PPARA_seed20260822,sensitivity,ranksum,1,5,0.14657588754408624,0.006614125429667253,0.0,nan,0.15848358424134307,,0,NO-GO
PPARA_seed20260822,sensitivity,ranksum,2,5,0.016676296367543912,-0.08298549854900608,0.04730082142761877,0.3525582825884433,0.12433596736594428,-0.2623370832251052,1,NO-GO
PPARA_seed20260822,sensitivity,ranksum,3,5,-0.01741392761183603,-0.09297665971400323,0.06776980957443286,-0.2569570096358318,0.051389870037375475,-0.33122428697865225,0,NO-GO
PPARA_seed20260822,sensitivity,ranksum,4,5,-0.013609992332612897,-0.07616467498765542,0.0663459183550382,-0.2051368444367818,0.05365602160632861,,0,NO-GO
PPARA_seed20260822,sensitivity,ranksum,5,5,-0.024272401839296878,-0.07278427966124297,0.06484474657921102,-0.3743156249311107,0.03486953460488086,,0,NO-GO
PPARA_seed20260822,sensitivity,ranksum,6,5,-0.01849655981225697,-0.06337407601674097,0.06448724451058338,-0.28682509157638747,0.03243214622864225,,0,NO-GO
PPARA_seed20260822,sensitivity,rrf,1,5,0.14657588754408624,0.006614125429667253,0.0,nan,0.15848358424134307,,0,NO-GO
PPARA_seed20260822,sensitivity,rrf,2,5,0.16273209489909118,0.050917086349902586,0.04206680357603439,3.868420727639983,0.12752784020874425,-0.2539642372194223,3,GO
PPARA_seed20260822,sensitivity,rrf,3,5,0.038858201565248315,-0.0418781694180547,0.05415503720511196,0.7175362361597695,0.08477002966678496,-0.29852507100525477,1,NO-GO
PPARA_seed20260822,sensitivity,rrf,4,5,-0.02200084697382443,-0.08244121108642419,0.05864346338599141,-0.3751628178747698,0.0548833505361756,,0,NO-GO
PPARA_seed20260822,sensitivity,rrf,5,5,-0.03172168785416207,-0.08726076349787533,0.06059016497689877,-0.5235451639099614,0.030377769492332053,,0,NO-GO
PPARA_seed20260822,sensitivity,rrf,6,5,0.04312542871660246,-0.011312998430042288,0.060405158809776774,0.713936186351396,0.07345995016358439,,1,NO-GO
PPARA_seed20260822,sensitivity,zmean,1,5,0.15714801983915022,0.043295719983692416,0.0,nan,0.1569662377204291,,0,NO-GO
PPARA_seed20260822,sensitivity,zmean,2,5,0.0617529684577434,-0.01976916281746604,0.045419000126976423,1.359628531784113,0.09693012220811957,-0.28834730142378284,1,GO
PPARA_seed20260822,sensitivity,zmean,3,5,-0.009255065014706843,-0.08825843554514694,0.05766547723989381,-0.1604957672717231,0.060986553917166786,-0.32457472465738824,0,NO-GO
PPARA_seed20260822,sensitivity,zmean,4,5,0.01033900185782936,-0.05437078606960695,0.057013205446561056,0.181343984728594,0.08068062824935637,,0,NO-GO
PPARA_seed20260822,sensitivity,zmean,5,5,-0.0232119266624776,-0.07488288545287296,0.05962340301788053,-0.38930898753827503,0.035044974745509425,,0,NO-GO
PPARA_seed20260822,sensitivity,zmean,6,5,-0.02218692309637698,-0.07628364543306869,0.06413814180430273,-0.3459240082769059,0.028847970445816783,,0,NO-GO
PPARA_seed20260823,sensitivity,gmean,1,5,0.09028532802424231,-0.009164804968662626,0.0,nan,0.09870309693992925,,0,NO-GO
PPARA_seed20260823,sensitivity,gmean,2,5,0.13906094055732696,0.051430102128361944,0.03836820597118982,3.624379536060299,0.09646824323374695,-0.2833455639782928,2,GO
PPARA_seed20260823,sensitivity,gmean,3,5,0.042301556407281185,-0.050611631776643726,0.0486947307332272,0.8687091143193532,0.07925367705083741,-0.3016989892959329,1,NO-GO
PPARA_seed20260823,sensitivity,gmean,4,5,-0.025921345802878536,-0.08771916216438073,0.05154738945989308,-0.5028643753734003,0.055397614427829145,,0,NO-GO
PPARA_seed20260823,sensitivity,gmean,5,5,-0.017112590111354735,-0.056943098181213236,0.05607405691033136,-0.3051783846979302,0.04121716579215072,,0,NO-GO
PPARA_seed20260823,sensitivity,gmean,6,5,-0.017720819532763735,-0.06327739469031082,0.059580580035195375,-0.2974260996166152,0.02336909949426791,,0,NO-GO
PPARA_seed20260823,sensitivity,hmean,1,5,0.09028532802424231,-0.009164804968662626,0.0,nan,0.09870309693992925,,0,NO-GO
PPARA_seed20260823,sensitivity,hmean,2,5,0.09006265458098887,0.008294654755656397,0.04392995905465881,2.050142010579399,0.0824521129472738,-0.29652887398718425,1,GO
PPARA_seed20260823,sensitivity,hmean,3,5,0.052547184071643195,-0.041087398518153594,0.048781122287695586,1.0772032623959853,0.08553226848327049,-0.295662377432434,1,GO
PPARA_seed20260823,sensitivity,hmean,4,5,-0.00861156309209706,-0.06884911642390548,0.053486861519988216,-0.16100333516257803,0.0676095514796546,,0,NO-GO
PPARA_seed20260823,sensitivity,hmean,5,5,-0.012730533416761447,-0.052681279776328985,0.05746782856549719,-0.22152452484353422,0.039486584770993226,,0,NO-GO
PPARA_seed20260823,sensitivity,hmean,6,5,-0.01230139311304341,-0.050257586874392544,0.0572301622355907,-0.21494597660590473,0.03171917637044497,,0,NO-GO
PPARA_seed20260823,sensitivity,max,1,5,0.09028532802424231,-0.009164804968662626,0.0,nan,0.09870309693992925,,0,NO-GO
PPARA_seed20260823,sensitivity,max,2,5,-0.09714666275648227,-0.20728304670174552,0.06468795942582592,-1.501773492606069,0.05217406321546434,-0.33471575008167676,0,NO-GO
PPARA_seed20260823,sensitivity,max,3,5,-0.11112396388643861,-0.2095326450331366,0.06811146048429094,-1.6315017046517153,0.05281428090762985,-0.34306784000125834,0,NO-GO
PPARA_seed20260823,sensitivity,max,4,5,-0.01283898529738986,-0.09230366327303362,0.06836553459330938,-0.18779909165877207,0.06749742936857425,,0,NO-GO
PPARA_seed20260823,sensitivity,max,5,5,-0.011154258690523538,-0.0885672142336903,0.0670746925886718,-0.16629608366490484,0.054510245722024064,,0,NO-GO
PPARA_seed20260823,sensitivity,max,6,5,-0.0012215492576204301,-0.0814141684556691,0.06847366334601357,-0.0178396948246752,0.05805792314927862,,0,NO-GO
PPARA_seed20260823,sensitivity,mean,1,5,0.09028532802424231,-0.009164804968662626,0.0,nan,0.09870309693992925,,0,NO-GO
PPARA_seed20260823,sensitivity,mean,2,5,0.13813749249511106,0.0429358738706007,0.03955723878804263,3.49209137764356,0.0952053939637167,-0.28414655547800494,2,GO
PPARA_seed20260823,sensitivity,mean,3,5,-0.026250963566778408,-0.10854079769118938,0.0562306055408339,-0.46684476032745753,0.06134531024761588,-0.32041439032519364,0,NO-GO
PPARA_seed20260823,sensitivity,mean,4,5,-0.03204535955344243,-0.09840886947867619,0.05738153189691705,-0.558461206839341,0.04573059150427533,,0,NO-GO
PPARA_seed20260823,sensitivity,mean,5,5,-0.021747852625114243,-0.07364388390173604,0.05776286459395839,-0.37650232165578784,0.023810965635644166,,0,NO-GO
PPARA_seed20260823,sensitivity,mean,6,5,-0.02465181034848498,-0.0698460747582174,0.06049803215080017,-0.40748119355414314,0.02497110711445809,,0,NO-GO
PPARA_seed20260823,sensitivity,min,1,5,0.09028532802424231,-0.009164804968662626,0.0,nan,0.09870309693992925,,0,NO-GO
PPARA_seed20260823,sensitivity,min,2,5,0.004686957364352251,-0.08580496214418468,0.03227098827354672,0.14523749085782597,0.06477396656268766,-0.3196809777433363,1,NO-GO
PPARA_seed20260823,sensitivity,min,3,5,0.04385200060459292,-0.054767110147045564,0.047988831669168903,0.9137959620877008,0.062418166920395125,-0.3246123863559715,1,NO-GO
PPARA_seed20260823,sensitivity,min,4,5,0.0619310950264199,-0.045352504481898336,0.045459982144000016,1.3623211472069134,0.04607562006397614,,1,GO
PPARA_seed20260823,sensitivity,min,5,5,0.034020953641243176,-0.07068121174690209,0.046333836412578336,0.734257214064999,0.030594116280811923,,1,NO-GO
PPARA_seed20260823,sensitivity,min,6,5,-0.07637981401480719,-0.18481643915320645,0.04640879853983519,-1.6458045977907885,0.01951750856856933,,0,NO-GO
PPARA_seed20260823,sensitivity,ranksum,1,5,0.08672805127456204,-0.01259332316296934,0.0,nan,0.09607278212272297,,0,NO-GO
PPARA_seed20260823,sensitivity,ranksum,2,5,0.06359473708190713,-0.03856900229924863,0.04845564014150657,1.3124320903859565,0.08627904697559362,-0.29812779051494054,1,GO
PPARA_seed20260823,sensitivity,ranksum,3,5,-0.0248350705698848,-0.10843615574582566,0.06443639024816723,-0.38541995406999363,0.0559985327692001,-0.3286945876666337,0,NO-GO
PPARA_seed20260823,sensitivity,ranksum,4,5,-0.008929204924752493,-0.07258246776226153,0.062179766430701985,-0.14360306313958093,0.05025640778563165,,0,NO-GO
PPARA_seed20260823,sensitivity,ranksum,5,5,-0.018562112751485903,-0.07548120933925659,0.06143490482397744,-0.30214277705271697,0.026111741781863207,,0,NO-GO
PPARA_seed20260823,sensitivity,ranksum,6,5,-0.014344028457568858,-0.06009973592792852,0.06344791079662576,-0.22607566234208756,0.026951508528107227,,0,NO-GO
PPARA_seed20260823,sensitivity,rrf,1,5,0.08672805127456204,-0.01259332316296934,0.0,nan,0.09607278212272297,,0,NO-GO
PPARA_seed20260823,sensitivity,rrf,2,5,0.055305255978435795,-0.03059064845817992,0.040904650687059854,1.3520530074085575,0.11107903272887079,-0.270256543560704,1,GO
PPARA_seed20260823,sensitivity,rrf,3,5,-0.007004910482900609,-0.08650128829774784,0.050483696248243316,-0.13875589553616252,0.07660023102330772,-0.3053918365172278,0,NO-GO
PPARA_seed20260823,sensitivity,rrf,4,5,-0.013953663731471657,-0.08265390887139483,0.05408008571652014,-0.2580185209878311,0.05269128131446425,,0,NO-GO
PPARA_seed20260823,sensitivity,rrf,5,5,-0.006528797142828386,-0.05994228412682799,0.05838862441741727,-0.11181625201776207,0.04568223067385001,,0,NO-GO
PPARA_seed20260823,sensitivity,rrf,6,5,-0.017684501261475645,-0.07161922105854826,0.05711418158442767,-0.3096341533903266,0.04490229043329576,,0,NO-GO
PPARA_seed20260823,sensitivity,zmean,1,5,0.09028532802424231,-0.009164804968662626,0.0,nan,0.09870309693992925,,0,NO-GO
PPARA_seed20260823,sensitivity,zmean,2,5,0.12776551485253074,0.035802123772568514,0.036693882516376675,3.4819295776484895,0.09469200980501688,-0.2821229679372249,2,GO
PPARA_seed20260823,sensitivity,zmean,3,5,0.04063118268985098,-0.04540604503650579,0.05120048596382334,0.7935702547542166,0.07153099634331912,-0.30822918001508376,1,NO-GO
PPARA_seed20260823,sensitivity,zmean,4,5,-0.011870251479536496,-0.07542295818902497,0.05764926129415535,-0.20590465884668563,0.059564607889926326,,0,NO-GO
PPARA_seed20260823,sensitivity,zmean,5,5,-0.02242390246347282,-0.08586057261189188,0.06209585564133683,-0.3611175372635556,0.034331567523351966,,0,NO-GO
PPARA_seed20260823,sensitivity,zmean,6,5,-0.01685864528011959,-0.0711589371020338,0.05958270471367259,-0.2829452835539202,0.02749311738796829,,0,NO-GO
PPARG_min,sensitivity,gmean,1,5,0.024904035790660396,-0.09570256010812592,0.0,nan,0.10986150145718625,,0,NO-GO
PPARG_min,sensitivity,gmean,2,5,0.04535698517355352,-0.055326035454312805,0.04494074596148288,1.0092619560081932,0.09404678499488192,-0.29662615427720296,0,GO
PPARG_min,sensitivity,gmean,3,5,-0.036093198956949665,-0.12802353219471344,0.05593368911194248,-0.6452855073570207,0.0820482391747822,-0.3073202427128206,0,NO-GO
PPARG_min,sensitivity,gmean,4,5,-0.08776980676296242,-0.17073860669056595,0.05214431782861158,-1.6832094160565112,0.056335601542107636,,0,NO-GO
PPARG_min,sensitivity,gmean,5,5,-0.08896647243034889,-0.16606586053424893,0.05630807735052894,-1.579994853607147,0.01735586153488493,,0,NO-GO
PPARG_min,sensitivity,gmean,6,5,-0.03002957004561187,-0.09204200421180239,0.05676567532006447,-0.5290092978951592,0.023066340575823175,,0,NO-GO
PPARG_min,sensitivity,hmean,1,5,0.024904035790660396,-0.09570256010812592,0.0,nan,0.10986150145718625,,0,NO-GO
PPARG_min,sensitivity,hmean,2,5,0.1370010755861292,0.032896983371868645,0.039485807937170735,3.469628272621986,0.10258119538212607,-0.2867458621511652,1,GO
PPARG_min,sensitivity,hmean,3,5,-0.028901045286565775,-0.12681345605130984,0.05433469155873235,-0.5319077822559383,0.08192927512582701,-0.3074506628220783,0,NO-GO
PPARG_min,sensitivity,hmean,4,5,-0.028848769790117086,-0.10605497862316186,0.053743431296618994,-0.5367868983075512,0.051029546003157025,,0,NO-GO
PPARG_min,sensitivity,hmean,5,5,-0.11540640020440374,-0.19111511158968778,0.05512822403283889,-2.0934177044349958,0.021658587283782615,,0,NO-GO
PPARG_min,sensitivity,hmean,6,5,-0.10003244264334224,-0.1638111131230156,0.05644726336731056,-1.7721398111440154,0.03202007088132412,,0,NO-GO
PPARG_min,sensitivity,max,1,5,0.024904035790660396,-0.09570256010812592,0.0,nan,0.10986150145718625,,0,NO-GO
PPARG_min,sensitivity,max,2,5,0.016507566219327745,-0.08595697844784893,0.05309189407590664,0.3109244171196175,0.0964369397705959,-0.2991359447728036,0,NO-GO
PPARG_min,sensitivity,max,3,5,-0.06534035714461359,-0.17007171310709962,0.06157760074394324,-1.061105927402351,0.0898208563646927,-0.31051542041294367,0,NO-GO
PPARG_min,sensitivity,max,4,5,-0.06634259756698006,-0.17045294647650824,0.06169670066935797,-1.0753021935892515,0.08147733729165424,,0,NO-GO
PPARG_min,sensitivity,max,5,5,-0.0711805269965165,-0.18565693651663295,0.064983595459334,-1.0953614753597385,0.07550302576261583,,0,NO-GO
PPARG_min,sensitivity,max,6,5,-0.04291069794290078,-0.15208955166767968,0.06832221782380213,-0.6280635978996504,0.0804913342864517,,0,NO-GO
PPARG_min,sensitivity,mean,1,5,0.024904035790660396,-0.09570256010812592,0.0,nan,0.10986150145718625,,0,NO-GO
PPARG_min,sensitivity,mean,2,5,0.11419441096573948,0.01857457288013966,0.04676742656132711,2.441751008386017,0.08582980429670958,-0.3037919000376858,1,GO
PPARG_min,sensitivity,mean,3,5,-0.07212787550204716,-0.16805917140121418,0.05748148892474988,-1.2548017953479103,0.07743786631208945,-0.31309847780312244,0,NO-GO
PPARG_min,sensitivity,mean,4,5,-0.07649599837051627,-0.16792488471023032,0.05559189687103715,-1.3760278507490533,0.04689230382506328,,0,NO-GO
PPARG_min,sensitivity,mean,5,5,-0.02958744757584316,-0.09646992033833277,0.05753391840295703,-0.5142609507076868,0.01914918137024426,,0,NO-GO
PPARG_min,sensitivity,mean,6,5,-0.016340210209640216,-0.06971031073335991,0.0604941421119954,-0.27011227267904525,0.02094416256014796,,0,NO-GO
PPARG_min,sensitivity,min,1,5,0.024904035790660396,-0.09570256010812592,0.0,nan,0.10986150145718625,,0,NO-GO
PPARG_min,sensitivity,min,2,5,0.007023876779543026,-0.10202319587646931,0.006363504342271104,1.1037749645089796,0.10249636916449104,-0.3005223370907427,0,GO
PPARG_min,sensitivity,min,3,5,-0.03421135632944951,-0.1343871500667751,0.02686595468062754,-1.2734092920255902,0.08537211002234273,-0.3150688704141373,0,NO-GO
PPARG_min,sensitivity,min,4,5,-0.0139524118786438,-0.11802142859791798,0.030851563899420294,-0.4522432614479543,0.07830685783574423,,0,NO-GO
PPARG_min,sensitivity,min,5,5,-0.02765457279871459,-0.13264658028358273,0.036439128463116005,-0.7589251984088143,0.07020406386902822,,0,NO-GO
PPARG_min,sensitivity,min,6,5,-0.030586277886108522,-0.13512428749913827,0.03910505359380183,-0.7821566543245057,0.06277812140641519,,0,NO-GO
PPARG_min,sensitivity,ranksum,1,5,0.029617201933347888,-0.09671576830964089,0.0,nan,0.11355001712740935,,0,NO-GO
PPARG_min,sensitivity,ranksum,2,5,0.10722583271642008,0.005239018891814546,0.05222524873423438,2.0531416377176974,0.08258788128964437,-0.3103128764159569,1,GO
PPARG_min,sensitivity,ranksum,3,5,-0.01961212187862733,-0.1036011074807323,0.057877519881641304,-0.33885560263697956,0.07360310524724151,-0.31647776319989385,0,NO-GO
PPARG_min,sensitivity,ranksum,4,5,-0.08343647196025973,-0.1762754849553937,0.05907355858732154,-1.4124165524398762,0.04816239577641044,,0,NO-GO
PPARG_min,sensitivity,ranksum,5,5,-0.09554717910826195,-0.1757614748526766,0.057264451847228934,-1.6685251674662724,0.03402644983047465,,0,NO-GO
PPARG_min,sensitivity,ranksum,6,5,-0.09752918214254289,-0.1717229511888179,0.05996899586796154,-1.6263267498638891,0.011920762496052405,,0,NO-GO
PPARG_min,sensitivity,rrf,1,5,0.029617201933347888,-0.09671576830964089,0.0,nan,0.11355001712740935,,0,NO-GO
PPARG_min,sensitivity,rrf,2,5,0.10653074460865004,0.008650767803806829,0.04687365408393994,2.27272114134473,0.09261573815331284,-0.2998803115029781,1,GO
PPARG_min,sensitivity,rrf,3,5,0.10213580215282299,0.009181293518163531,0.05297336043459268,1.9280597136919833,0.07637519670637824,-0.3135218473571052,1,GO
PPARG_min,sensitivity,rrf,4,5,-0.00944324873092559,-0.0767515772374273,0.05472905936469428,-0.17254542359296296,0.0432260671846212,,0,NO-GO
PPARG_min,sensitivity,rrf,5,5,-0.034088001328621276,-0.09440579183815014,0.05635565232976834,-0.6048728019179581,0.032912378892711716,,0,NO-GO
PPARG_min,sensitivity,rrf,6,5,-0.05994996248986297,-0.12360645403363187,0.05736032448429475,-1.0451468506995156,0.026524775522805098,,0,NO-GO
PPARG_min,sensitivity,zmean,1,5,0.024904035790660396,-0.09570256010812592,0.0,nan,0.10986150145718625,,0,NO-GO
PPARG_min,sensitivity,zmean,2,5,0.11393998953062576,0.01899251270539926,0.054039555331622205,2.10845534963075,0.08739090869013477,-0.30308475352699304,1,GO
PPARG_min,sensitivity,zmean,3,5,-0.04515568179768022,-0.14322744953602182,0.05886271393137288,-0.7671355732990246,0.07981573274980261,-0.3102620151472408,0,NO-GO
PPARG_min,sensitivity,zmean,4,5,-0.06353982828695652,-0.15357888857539462,0.05694224145264366,-1.115864543895761,0.053819671231882846,,0,NO-GO
PPARG_min,sensitivity,zmean,5,5,-0.0899343852535335,-0.16529530275456963,0.06014288371513639,-1.495345412426564,0.018794150206798844,,0,NO-GO
PPARG_min,sensitivity,zmean,6,5,-0.07426859250856956,-0.15128235675059873,0.061260948415210036,-1.2123317452612266,0.01929622000991348,,0,NO-GO
PPARG_seed20260821,sensitivity,gmean,1,5,0.04122011141234532,-0.07849825852363208,0.0,nan,0.1153539711089123,,0,NO-GO
PPARG_seed20260821,sensitivity,gmean,2,5,0.07606869668119204,-0.030188637133076457,0.04937300701608428,1.54069402044747,0.09358038541291372,-0.30210619956016893,1,GO
PPARG_seed20260821,sensitivity,gmean,3,5,-0.005631391114290352,-0.10028039594742785,0.060114603676918545,-0.0936775886364625,0.05197716025519605,-0.34357034634827244,0,NO-GO
PPARG_seed20260821,sensitivity,gmean,4,5,-0.03701173326250098,-0.12047814651258157,0.06259947488336758,-0.5912467050475985,0.029054785410142503,,0,NO-GO
PPARG_seed20260821,sensitivity,gmean,5,5,-0.02014116463965378,-0.09338994119300295,0.05985047439672887,-0.33652472837800257,0.026270522142622967,,0,NO-GO
PPARG_seed20260821,sensitivity,gmean,6,5,-0.02327360603247976,-0.08204567118608205,0.06174075175631659,-0.37695695906551185,0.024878142874762754,,0,NO-GO
PPARG_seed20260821,sensitivity,hmean,1,5,0.04122011141234532,-0.07849825852363208,0.0,nan,0.1153539711089123,,0,NO-GO
PPARG_seed20260821,sensitivity,hmean,2,5,0.08154292483288324,-0.0237840345095675,0.04461216414156505,1.8278181837161738,0.10058117653413254,-0.29427781743660236,1,GO
PPARG_seed20260821,sensitivity,hmean,3,5,-0.08823701550057181,-0.20567498451704663,0.06056038681309023,-1.4570087831985121,0.06441624953939584,-0.3317638430582142,0,NO-GO
PPARG_seed20260821,sensitivity,hmean,4,5,-0.011090968278012559,-0.09690224484277304,0.06082968158651619,-0.18232823169127088,0.031813836987520404,,0,NO-GO
PPARG_seed20260821,sensitivity,hmean,5,5,-0.028194207551819422,-0.09667452295845942,0.05963911916949334,-0.47274688064543635,0.020648229599320323,,0,NO-GO
PPARG_seed20260821,sensitivity,hmean,6,5,-0.031737913102880544,-0.09513396163740173,0.05912453218551021,-0.5367977035877272,0.031128349382258547,,0,NO-GO
PPARG_seed20260821,sensitivity,max,1,5,0.04122011141234532,-0.07849825852363208,0.0,nan,0.1153539711089123,,0,NO-GO
PPARG_seed20260821,sensitivity,max,2,5,-0.019614888593575675,-0.1382170317684963,0.05026121889912323,-0.3902589118052177,0.08698607297430183,-0.31438537552899093,0,NO-GO
PPARG_seed20260821,sensitivity,max,3,5,-0.09168559942500946,-0.2118944940969268,0.07033938058008873,-1.3034746491777225,0.07968009735721517,-0.3315152954412249,0,NO-GO
PPARG_seed20260821,sensitivity,max,4,5,-0.0640689957178479,-0.19474064134913616,0.08066555401151675,-0.7942547039186102,0.09987287399043644,,0,NO-GO
PPARG_seed20260821,sensitivity,max,5,5,-0.09202758108779598,-0.22486593305041463,0.0829596489305709,-1.1093053342693633,0.08731485192928604,,0,NO-GO
PPARG_seed20260821,sensitivity,max,6,5,-0.08734031993253534,-0.21544444693621762,0.08367979727525464,-1.043744401593611,0.08820497976546984,,0,NO-GO
PPARG_seed20260821,sensitivity,mean,1,5,0.04122011141234532,-0.07849825852363208,0.0,nan,0.1153539711089123,,0,NO-GO
PPARG_seed20260821,sensitivity,mean,2,5,0.0592306294503665,-0.046878176389297754,0.056381067190736746,1.0505411195923218,0.08512216233166867,-0.31119642735592973,1,GO
PPARG_seed20260821,sensitivity,mean,3,5,-0.060148564108308544,-0.16575679163816548,0.06326869550767839,-0.9506844360495598,0.04338409941113527,-0.35404388103414597,0,NO-GO
PPARG_seed20260821,sensitivity,mean,4,5,-0.025008892588059634,-0.11159042064731295,0.06368700913500311,-0.39268436259969475,0.037142156608421475,,0,NO-GO
PPARG_seed20260821,sensitivity,mean,5,5,-0.0171711541357704,-0.09516450906808196,0.06255638581737984,-0.27449082793718227,0.026792103885008512,,0,NO-GO
PPARG_seed20260821,sensitivity,mean,6,5,-0.023283073235913297,-0.0866213353916099,0.06637704451740374,-0.3507699597834397,0.023981516351378008,,0,NO-GO
PPARG_seed20260821,sensitivity,min,1,5,0.04122011141234532,-0.07849825852363208,0.0,nan,0.1153539711089123,,0,NO-GO
PPARG_seed20260821,sensitivity,min,2,5,0.009432199535682102,-0.10340840114028327,0.010473504631717086,0.9005772057538808,0.10927568293246892,-0.29382330898819786,0,NO-GO
PPARG_seed20260821,sensitivity,min,3,5,0.0075721974036780885,-0.10832974131132338,0.029213335054276972,0.25920345587415167,0.09663272661232679,-0.30955730669618237,0,NO-GO
PPARG_seed20260821,sensitivity,min,4,5,0.0010058287666637328,-0.12134537659122364,0.03543485579644453,0.028385293069674515,0.08413180430908752,,0,NO-GO
PPARG_seed20260821,sensitivity,min,5,5,-0.006615466178052346,-0.1252383283634225,0.039161920228485345,-0.16892599084659876,0.07117369547796146,,0,NO-GO
PPARG_seed20260821,sensitivity,min,6,5,-0.011914889841990031,-0.12633662687046324,0.040382141267403866,-0.2950534436272609,0.06523434179728543,,0,NO-GO
PPARG_seed20260821,sensitivity,ranksum,1,5,0.021710132594555002,-0.10903468316135578,0.0,nan,0.10972882794923174,,0,NO-GO
PPARG_seed20260821,sensitivity,ranksum,2,5,0.06456487741083324,-0.02761071129222793,0.05975119098656563,1.0805621836952155,0.07036270871724419,-0.3291503163711213,1,GO
PPARG_seed20260821,sensitivity,ranksum,3,5,-0.022806805074255747,-0.1133750287839715,0.06624935910200976,-0.3442569918169046,0.04845685451314331,-0.35122491112760057,0,NO-GO
PPARG_seed20260821,sensitivity,ranksum,4,5,-0.029713689388224596,-0.10511613116282019,0.06411692855201218,-0.46342970661984545,0.02905232669373471,,0,NO-GO
PPARG_seed20260821,sensitivity,ranksum,5,5,-0.07780179622320872,-0.16542982842847903,0.06452409237932573,-1.205779009890224,0.03125229643722368,,0,NO-GO
PPARG_seed20260821,sensitivity,ranksum,6,5,-0.11818990265609193,-0.18994053709810194,0.06595661211211248,-1.7919341044260089,0.017863897837361687,,0,NO-GO
PPARG_seed20260821,sensitivity,rrf,1,5,0.021710132594555002,-0.10903468316135578,0.0,nan,0.10972882794923174,,0,NO-GO
PPARG_seed20260821,sensitivity,rrf,2,5,0.0825928992338276,-0.015030464839697522,0.05274820925826209,1.5657953207367101,0.08771229554784508,-0.31174211346457703,1,GO
PPARG_seed20260821,sensitivity,rrf,3,5,-0.02972514821947846,-0.12172941927771366,0.058587677759263254,-0.5073617756556094,0.052379570922598484,-0.34501551207770687,0,NO-GO
PPARG_seed20260821,sensitivity,rrf,4,5,-0.027239238345764673,-0.10510833582242399,0.05748366286922606,-0.47386051942676793,0.0382883026047938,,0,NO-GO
PPARG_seed20260821,sensitivity,rrf,5,5,-0.05626869282774481,-0.12359766965740063,0.06120320831528969,-0.9193748886149136,0.03032274096783044,,0,NO-GO
PPARG_seed20260821,sensitivity,rrf,6,5,-0.07419926480131746,-0.14620251749157934,0.061697718904946866,-1.2026257391400612,0.036209596031971124,,0,NO-GO
PPARG_seed20260821,sensitivity,zmean,1,5,0.04122011141234532,-0.07849825852363208,0.0,nan,0.1153539711089123,,0,NO-GO
PPARG_seed20260821,sensitivity,zmean,2,5,0.10022264198875,-0.004149669259872033,0.05979439172819079,1.6761211058778749,0.08921949384512315,-0.30697115456848395,1,GO
PPARG_seed20260821,sensitivity,zmean,3,5,-0.024378069632028505,-0.10584090659812129,0.0651203221402918,-0.3743542542604392,0.038927834771898005,-0.3595620717364006,0,NO-GO
PPARG_seed20260821,sensitivity,zmean,4,5,-0.005561612665330107,-0.09284844338733118,0.06266599616236534,-0.08875008786136851,0.041362356678877124,,0,NO-GO
PPARG_seed20260821,sensitivity,zmean,5,5,-0.005424224547347945,-0.07002675281483196,0.06433978791186527,-0.08430591277015434,0.027485975306734745,,0,NO-GO
PPARG_seed20260821,sensitivity,zmean,6,5,-0.03948440666027594,-0.10297967688425702,0.06702353746253999,-0.589112543967768,0.02211481361257961,,0,NO-GO
PPARG_seed20260822,sensitivity,gmean,1,5,-0.050506942435233036,-0.17569172571651764,0.0,nan,0.051448272692116194,,0,NO-GO
PPARG_seed20260822,sensitivity,gmean,2,5,0.054964262263836085,-0.06122530275259647,0.04162395093603871,1.3204960372045582,0.06678516886448141,-0.32539040996508367,1,GO
PPARG_seed20260822,sensitivity,gmean,3,5,-0.1024277060578462,-0.19359585320543865,0.041835227847325726,-2.448360181798168,0.032365630562113855,-0.36158576130716036,0,NO-GO
PPARG_seed20260822,sensitivity,gmean,4,5,-0.043678987980347805,-0.11981114617279458,0.039993852361755976,-1.0921425519417012,0.04399504211455348,,0,NO-GO
PPARG_seed20260822,sensitivity,gmean,5,5,-0.022252180792877163,-0.07926941609613389,0.04680809039157443,-0.4753917668233398,0.031085132849470908,,0,NO-GO
PPARG_seed20260822,sensitivity,gmean,6,5,-0.10525909587587531,-0.17281507364671472,0.046400329960604614,-2.268498865530562,0.0291230801826192,,0,NO-GO
PPARG_seed20260822,sensitivity,hmean,1,5,-0.050506942435233036,-0.17569172571651764,0.0,nan,0.051448272692116194,,0,NO-GO
PPARG_seed20260822,sensitivity,hmean,2,5,0.06833087169211195,-0.04599707359654248,0.03536315510423406,1.9322617422202422,0.05900905924117442,-0.3324581057236262,1,GO
PPARG_seed20260822,sensitivity,hmean,3,5,-0.10719184846643329,-0.18550953221513614,0.039895468084572894,-2.6868176665881283,0.03698843302079095,-0.3573605685902127,0,NO-GO
PPARG_seed20260822,sensitivity,hmean,4,5,-0.03758691618379662,-0.11366031115167963,0.03809869737587642,-0.9865669635097852,0.04803844112392004,,0,NO-GO
PPARG_seed20260822,sensitivity,hmean,5,5,-0.03505590861273082,-0.10393988832904869,0.04526191404842677,-0.7745122880844962,0.03196617184972576,,0,NO-GO
PPARG_seed20260822,sensitivity,hmean,6,5,-0.0417286534121229,-0.1104513278080806,0.04734801656426998,-0.8813178764411519,0.05352271487650562,,0,NO-GO
PPARG_seed20260822,sensitivity,max,1,5,-0.050506942435233036,-0.17569172571651764,0.0,nan,0.051448272692116194,,0,NO-GO
PPARG_seed20260822,sensitivity,max,2,5,0.029000816074410345,-0.09076289203709743,0.04346161443480895,0.6672742476676897,0.09886250132721325,-0.29889907439533997,0,NO-GO
PPARG_seed20260822,sensitivity,max,3,5,-0.0656085711028436,-0.18341586781506897,0.054344085465256445,-1.2072808023384407,0.09567797208550345,-0.3104404913469033,0,NO-GO
PPARG_seed20260822,sensitivity,max,4,5,-0.04342009260367202,-0.17136952022937876,0.054694577043058544,-0.7938646745451449,0.11752028496459799,,0,NO-GO
PPARG_seed20260822,sensitivity,max,5,5,-0.038284895591758364,-0.15002461916632326,0.05900366219166938,-0.6488562602672439,0.09925959443325487,,0,NO-GO
PPARG_seed20260822,sensitivity,max,6,5,-0.035846807162962374,-0.15600652628149958,0.06270057856119851,-0.5717141370230631,0.09425608413421667,,0,NO-GO
PPARG_seed20260822,sensitivity,mean,1,5,-0.050506942435233036,-0.17569172571651764,0.0,nan,0.051448272692116194,,0,NO-GO
PPARG_seed20260822,sensitivity,mean,2,5,-0.03973062172470063,-0.15172060132466333,0.04379504204365411,-0.9071945103990963,0.06753464195192135,-0.32642493785730065,0,NO-GO
PPARG_seed20260822,sensitivity,mean,3,5,-0.09949039216103692,-0.1856916718105726,0.044411775319787086,-2.240180480168967,0.029746462023309772,-0.365146700953445,0,NO-GO
PPARG_seed20260822,sensitivity,mean,4,5,-0.10542923400171467,-0.19323068440596208,0.0451859157590198,-2.333232208106115,0.03992311985039544,,0,NO-GO
PPARG_seed20260822,sensitivity,mean,5,5,-0.016703365760317352,-0.08179536470031659,0.049490288678956565,-0.33750794764346725,0.01856218524856503,,0,NO-GO
PPARG_seed20260822,sensitivity,mean,6,5,-0.09066455923847358,-0.16141619553556086,0.048786463028149596,-1.8583958256240156,0.031142279784806593,,0,NO-GO
PPARG_seed20260822,sensitivity,min,1,5,-0.050506942435233036,-0.17569172571651764,0.0,nan,0.051448272692116194,,0,NO-GO
PPARG_seed20260822,sensitivity,min,2,5,-0.05932539631017819,-0.16407269476802988,0.016005719219826686,-3.7065123719457937,0.0431845124312555,-0.35738578932857695,0,NO-GO
PPARG_seed20260822,sensitivity,min,3,5,-0.08199359185394209,-0.18541466541123858,0.030091699992913713,-2.7247909514334765,0.027577794624981732,-0.3767401001702437,0,NO-GO
PPARG_seed20260822,sensitivity,min,4,5,-0.0757057388956008,-0.17645399289637465,0.0330864504836021,-2.28811908769486,0.013706809236980578,,0,NO-GO
PPARG_seed20260822,sensitivity,min,5,5,-0.0886202541575635,-0.19558274210484977,0.03675671663889765,-2.4109948401588586,0.0041210525605989475,,0,NO-GO
PPARG_seed20260822,sensitivity,min,6,5,-0.10056758599163809,-0.2050369048050448,0.038872625244860314,-2.5871055880110645,-0.0028975849929685493,,0,NO-GO
PPARG_seed20260822,sensitivity,ranksum,1,5,-0.04225283963942317,-0.17074584103735144,0.0,nan,0.051501167713741317,,0,NO-GO
PPARG_seed20260822,sensitivity,ranksum,2,5,-0.03564854784280782,-0.14144563910555283,0.048625375524591466,-0.7331264274715815,0.06396087000581666,-0.33168623914589046,0,NO-GO
PPARG_seed20260822,sensitivity,ranksum,3,5,-0.11152554136459547,-0.20190743357237326,0.05187605610455426,-2.14984618606742,0.035857176498341956,-0.36175470267182597,0,NO-GO
PPARG_seed20260822,sensitivity,ranksum,4,5,-0.1123041073397774,-0.19772504654660655,0.050751117455017355,-2.2128400904535117,0.03808857704691696,,0,NO-GO
PPARG_seed20260822,sensitivity,ranksum,5,5,-0.09993077323379315,-0.18154921973223193,0.05087030444457073,-1.9644225511305846,0.04596375115886592,,0,NO-GO
PPARG_seed20260822,sensitivity,ranksum,6,5,-0.05851778343956345,-0.14144332473564863,0.056391295288519806,-1.0377095106640786,0.03312071404350063,,0,NO-GO
PPARG_seed20260822,sensitivity,rrf,1,5,-0.04225283963942317,-0.17074584103735144,0.0,nan,0.051501167713741317,,0,NO-GO
PPARG_seed20260822,sensitivity,rrf,2,5,-0.11492630120915259,-0.2254573243949125,0.040276440285076945,-2.853437403993585,0.06794672437221426,-0.32800300469512617,0,NO-GO
PPARG_seed20260822,sensitivity,rrf,3,5,-0.11212191278283849,-0.19552160772585256,0.046258158222523306,-2.4238300246084123,0.04049452553908998,-0.3563809034476583,0,NO-GO
PPARG_seed20260822,sensitivity,rrf,4,5,-0.01927005537429581,-0.09638490938485442,0.045709306820943874,-0.4215783768015123,0.03450392804347903,,0,NO-GO
PPARG_seed20260822,sensitivity,rrf,5,5,-0.018580303828613903,-0.07984464768791565,0.04797320141739884,-0.387305897452056,0.03874591771604764,,0,NO-GO
PPARG_seed20260822,sensitivity,rrf,6,5,-0.04541053080272202,-0.12688939562258034,0.05194460020754495,-0.8742108057677599,0.05567215952614035,,0,NO-GO
PPARG_seed20260822,sensitivity,zmean,1,5,-0.050506942435233036,-0.17569172571651764,0.0,nan,0.051448272692116194,,0,NO-GO
PPARG_seed20260822,sensitivity,zmean,2,5,-0.05364846122310141,-0.16524159839728442,0.0487827907075077,-1.0997415368211987,0.06600507798444803,-0.32803378841640896,0,NO-GO
PPARG_seed20260822,sensitivity,zmean,3,5,-0.01921024909420615,-0.09344248653194018,0.04840536595276307,-0.3968619742065929,0.032794555496876,-0.36001490255640667,0,NO-GO
PPARG_seed20260822,sensitivity,zmean,4,5,-0.018965457526368183,-0.09621371843744378,0.04686121845063595,-0.4047154161462228,0.045275410740838504,,0,NO-GO
PPARG_seed20260822,sensitivity,zmean,5,5,-0.061108718956841813,-0.14939841373988377,0.052197488698999275,-1.1707214366045426,0.0271802051369895,,0,NO-GO
PPARG_seed20260822,sensitivity,zmean,6,5,-0.0859309229045927,-0.15636383482160102,0.05481650553257045,-1.5676103770156404,0.02904603467314789,,0,NO-GO
PPARG_seed20260823,sensitivity,gmean,1,5,-0.00953247523088539,-0.11912158742474935,0.0,nan,0.10411336132739853,,0,NO-GO
PPARG_seed20260823,sensitivity,gmean,2,5,0.008677446655097716,-0.0893331164351418,0.04551328841433106,0.19065743121223014,0.08522196974705722,-0.30738067569701016,0,NO-GO
PPARG_seed20260823,sensitivity,gmean,3,5,-0.07335333069970232,-0.16167877127434327,0.05446569238032267,-1.34678046847346,0.06024582481019688,-0.33534042432137035,0,NO-GO
PPARG_seed20260823,sensitivity,gmean,4,5,0.008912677236072964,-0.06877331071461157,0.0507879942492669,0.17548787597969798,0.051811004953020344,,0,NO-GO
PPARG_seed20260823,sensitivity,gmean,5,5,-0.12234275915189807,-0.20664196672801305,0.05451238067261603,-2.244311432418438,0.01819916076418243,,0,NO-GO
PPARG_seed20260823,sensitivity,gmean,6,5,-0.029921338741084453,-0.0945616376510446,0.05775496873263698,-0.5180738453794035,0.030038846916855967,,0,NO-GO
PPARG_seed20260823,sensitivity,hmean,1,5,-0.00953247523088539,-0.11912158742474935,0.0,nan,0.10411336132739853,,0,NO-GO
PPARG_seed20260823,sensitivity,hmean,2,5,0.06393463569576342,-0.04719551088956575,0.038600542863570744,1.6563144182125409,0.09827148112969122,-0.29600966851099103,0,GO
PPARG_seed20260823,sensitivity,hmean,3,5,-0.07487776916874773,-0.15753733708359013,0.04892413166719768,-1.530487442845128,0.07112481070298035,-0.3247951673737341,0,NO-GO
PPARG_seed20260823,sensitivity,hmean,4,5,-0.07633010907172198,-0.16332706566851057,0.04856136500300022,-1.5718279143719736,0.05359662177363933,,0,NO-GO
PPARG_seed20260823,sensitivity,hmean,5,5,-0.048577824370015864,-0.11623063513469944,0.05273637260106075,-0.9211445909921904,0.016721923895848388,,0,NO-GO
PPARG_seed20260823,sensitivity,hmean,6,5,-0.025793186536129296,-0.08755420679678677,0.0539216026649603,-0.47834606653652745,0.03440163188025772,,0,NO-GO
PPARG_seed20260823,sensitivity,max,1,5,-0.00953247523088539,-0.11912158742474935,0.0,nan,0.10411336132739853,,0,NO-GO
PPARG_seed20260823,sensitivity,max,2,5,-0.002829363604687318,-0.11993152247238928,0.04472912110789463,-0.06325551530204199,0.053759549563652406,-0.35078962885181647,0,NO-GO
PPARG_seed20260823,sensitivity,max,3,5,-0.09157338000013936,-0.22959184776278718,0.05761445030780811,-1.5894168825859476,0.055239753851319615,-0.35838459378385423,0,NO-GO
PPARG_seed20260823,sensitivity,max,4,5,-0.0654253640530085,-0.20886814798366346,0.06413699468015979,-1.0200877727320026,0.09353064901921944,,0,NO-GO
PPARG_seed20260823,sensitivity,max,5,5,-0.0631761375713962,-0.19854834547265543,0.0681777730949902,-0.9266383265903192,0.1097761815614788,,0,NO-GO
PPARG_seed20260823,sensitivity,max,6,5,-0.044574265456305516,-0.1806848278215531,0.07303726387072415,-0.6102948425779189,0.10456950400642862,,0,NO-GO
PPARG_seed20260823,sensitivity,mean,1,5,-0.00953247523088539,-0.11912158742474935,0.0,nan,0.10411336132739853,,0,NO-GO
PPARG_seed20260823,sensitivity,mean,2,5,0.07581972670414797,-0.025826733730233052,0.050038909170443326,1.515215418583359,0.07697248488945238,-0.31497223371392763,1,GO
PPARG_seed20260823,sensitivity,mean,3,5,-0.10050767137366001,-0.19737901953048848,0.05683538164019749,-1.768399691761281,0.04029748350955368,-0.3556533894630235,0,NO-GO
PPARG_seed20260823,sensitivity,mean,4,5,-0.02229236797325012,-0.10361382935521948,0.05505668380450359,-0.40489848702850173,0.03372068115399496,,0,NO-GO
PPARG_seed20260823,sensitivity,mean,5,5,-0.03155341691060316,-0.10615690942767356,0.05862662242522726,-0.5382097007353029,0.01842850218287455,,0,NO-GO
PPARG_seed20260823,sensitivity,mean,6,5,-0.025577414629420526,-0.07905190363708345,0.05982430581194127,-0.42754218845135566,0.03266582842081621,,0,NO-GO
PPARG_seed20260823,sensitivity,min,1,5,-0.00953247523088539,-0.11912158742474935,0.0,nan,0.10411336132739853,,0,NO-GO
PPARG_seed20260823,sensitivity,min,2,5,0.0012809448000160484,-0.10929147306783286,0.004914539001606442,0.2606439382406649,0.10484324803588256,-0.2963661894613832,0,NO-GO
PPARG_seed20260823,sensitivity,min,3,5,-0.018711288247931567,-0.1149774165539178,0.023375236589661265,-0.80047481770548,0.09201204671961223,-0.3152176484382155,1,NO-GO
PPARG_seed20260823,sensitivity,min,4,5,-0.006085600885410608,-0.10140104513763885,0.028229558511618246,-0.21557548917762914,0.08331696931682811,,1,NO-GO
PPARG_seed20260823,sensitivity,min,5,5,-0.029887702597782662,-0.12449222033093113,0.032100137122284364,-0.9310771005097732,0.07515442850934043,,0,NO-GO
PPARG_seed20260823,sensitivity,min,6,5,-0.03631601845336972,-0.1321733139200932,0.03695080197979398,-0.9828208457621196,0.06452976905321942,,0,NO-GO
PPARG_seed20260823,sensitivity,ranksum,1,5,0.027295018533229798,-0.08383760578689575,0.0,nan,0.09979980683214196,,0,NO-GO
PPARG_seed20260823,sensitivity,ranksum,2,5,0.0963718848147509,-0.015331782070965184,0.05468974050284318,1.7621565567629778,0.07574004892357997,-0.31955715333099355,1,GO
PPARG_seed20260823,sensitivity,ranksum,3,5,0.026247170573978858,-0.06382181835381909,0.05830670050564478,0.45015702048579853,0.05309969824739399,-0.34601481407990375,1,NO-GO
PPARG_seed20260823,sensitivity,ranksum,4,5,-0.09256891920847916,-0.18471684904883884,0.058058137178123526,-1.5944176597412327,0.05170673574500112,,0,NO-GO
PPARG_seed20260823,sensitivity,ranksum,5,5,-0.03522289881539907,-0.1053852767636509,0.05842379582470279,-0.6028861753707913,0.03871253853953691,,0,NO-GO
PPARG_seed20260823,sensitivity,ranksum,6,5,-0.036279803233624355,-0.09448524502226929,0.062097781477308066,-0.5842367049277246,0.020385993385471514,,0,NO-GO
PPARG_seed20260823,sensitivity,rrf,1,5,0.027295018533229798,-0.08383760578689575,0.0,nan,0.09979980683214196,,0,NO-GO
PPARG_seed20260823,sensitivity,rrf,2,5,0.05137247657327178,-0.06954839861334469,0.04582642802061507,1.1210229291744451,0.09365997394400641,-0.30369949121810125,1,GO
PPARG_seed20260823,sensitivity,rrf,3,5,-0.008312728082008575,-0.08774983111660524,0.04769013463279922,-0.17430707935748707,0.06282095605702386,-0.3351789143261982,0,NO-GO
PPARG_seed20260823,sensitivity,rrf,4,5,-0.00717103787276982,-0.07651040399524572,0.05074760953200811,-0.1413078948723057,0.03336382777818586,,0,NO-GO
PPARG_seed20260823,sensitivity,rrf,5,5,-0.052689948664695174,-0.11836043697513192,0.05319292614130935,-0.9905442788524551,0.040727925302725246,,0,NO-GO
PPARG_seed20260823,sensitivity,rrf,6,5,-0.01527736242185343,-0.06719187081178443,0.05545232462969134,-0.2755044540310098,0.04555509597296272,,0,NO-GO
PPARG_seed20260823,sensitivity,zmean,1,5,-0.00953247523088539,-0.11912158742474935,0.0,nan,0.10411336132739853,,0,NO-GO
PPARG_seed20260823,sensitivity,zmean,2,5,0.06052918195935789,-0.04430285482077643,0.05390005081186451,1.1229893302073506,0.07404545926306247,-0.31990487716595295,1,GO
PPARG_seed20260823,sensitivity,zmean,3,5,-0.04391324911715663,-0.12550635391822387,0.05980397101661966,-0.7342865092512509,0.032013184609472486,-0.3636259930526411,0,NO-GO
PPARG_seed20260823,sensitivity,zmean,4,5,-0.0028302623670537707,-0.08106956802129908,0.05928315329332341,-0.04774142753591551,0.037383537316734314,,0,NO-GO
PPARG_seed20260823,sensitivity,zmean,5,5,-0.031904884092542767,-0.10549914410474295,0.062139732735928696,-0.5134377424525938,0.01612483362286641,,0,NO-GO
PPARG_seed20260823,sensitivity,zmean,6,5,-0.05372516849433508,-0.11368318311222694,0.06283463397084292,-0.8550247705630799,0.022645350193099056,,0,NO-GO
