target_id,role,fold,phi,k,n_lig,n_active,n_subsets,metric,h_raw,h_nested,h_ab,h_ba,h_nested_lower95,noise_floor,noise_ci95_low,noise_ci95_high,mde,ratio,h_perm,h_perm_alt,perm_null_q95,u_test_ref,ref_source,ref_columns,u_test_oracle,oracle_columns,u_train_oracle,u_test_of_train_selected,columns_a,columns_b,columns_train_oracle,seed_tag,run_id,method,u_test,selected_receptor_ids,pr_auc,bedroc20,roc_auc,ef1,ef5,ef10
MK14,primary,1,gmean,2,120,24,105,pr_auc,0.036305325062965965,0.01632907293104241,0.0036769418808808574,0.028981203981203962,-0.01844676369360805,0.07773101082485304,-0.038560346864727736,0.2677426454022676,0.2187641887411959,0.2100715371865651,-0.3842281552309488,0.11351096630332008,0.42053348029391474,0.49773912153426886,greedy,1DI9+1KV2,0.5340444465972348,11OY+1KV2,0.5971737975498194,0.49773912153426886,11OY+1KV2,11OY+1KV2,1DI9+1KV2,bootstrap_seed=0,e1_smoke3,oracle,0.5340444465972348,11OY+1KV2,0.5340444465972348,0.7026943176344955,0.7673611111111112,5.0,5.0,2.5
MK14,primary,1,gmean,2,120,24,105,pr_auc,0.036305325062965965,0.01632907293104241,0.0036769418808808574,0.028981203981203962,-0.01844676369360805,0.07773101082485304,-0.038560346864727736,0.2677426454022676,0.2187641887411959,0.2100715371865651,-0.3842281552309488,0.11351096630332008,0.42053348029391474,0.49773912153426886,greedy,1DI9+1KV2,0.5340444465972348,11OY+1KV2,0.5971737975498194,0.49773912153426886,11OY+1KV2,11OY+1KV2,1DI9+1KV2,bootstrap_seed=0,e1_smoke3,ref,0.49773912153426886,1DI9+1KV2,0.49773912153426886,0.6692785214433037,0.7322048611111112,5.0,4.166666666666667,2.9166666666666665
MK14,primary,1,gmean,2,120,24,105,pr_auc,0.036305325062965965,0.01632907293104241,0.0036769418808808574,0.028981203981203962,-0.01844676369360805,0.07773101082485304,-0.038560346864727736,0.2677426454022676,0.2187641887411959,0.2100715371865651,-0.3842281552309488,0.11351096630332008,0.42053348029391474,0.49773912153426886,greedy,1DI9+1KV2,0.5340444465972348,11OY+1KV2,0.5971737975498194,0.49773912153426886,11OY+1KV2,11OY+1KV2,1DI9+1KV2,bootstrap_seed=0,e1_smoke3,greedy,0.49773912153426886,1DI9+1KV2,0.49773912153426886,0.6692785214433037,0.7322048611111112,5.0,4.166666666666667,2.9166666666666665
MK14,primary,1,gmean,2,120,24,105,pr_auc,0.036305325062965965,0.01632907293104241,0.0036769418808808574,0.028981203981203962,-0.01844676369360805,0.07773101082485304,-0.038560346864727736,0.2677426454022676,0.2187641887411959,0.2100715371865651,-0.3842281552309488,0.11351096630332008,0.42053348029391474,0.49773912153426886,greedy,1DI9+1KV2,0.5340444465972348,11OY+1KV2,0.5971737975498194,0.49773912153426886,11OY+1KV2,11OY+1KV2,1DI9+1KV2,bootstrap_seed=0,e1_smoke3,single,0.3777867443659651,1DI9,0.3777867443659651,0.4066113010382992,0.7348090277777778,2.5,1.6666666666666665,1.6666666666666665
MK14,primary,1,gmean,2,120,24,105,pr_auc,0.036305325062965965,0.01632907293104241,0.0036769418808808574,0.028981203981203962,-0.01844676369360805,0.07773101082485304,-0.038560346864727736,0.2677426454022676,0.2187641887411959,0.2100715371865651,-0.3842281552309488,0.11351096630332008,0.42053348029391474,0.49773912153426886,greedy,1DI9+1KV2,0.5340444465972348,11OY+1KV2,0.5971737975498194,0.49773912153426886,11OY+1KV2,11OY+1KV2,1DI9+1KV2,bootstrap_seed=0,e1_smoke3,train_selected,0.49773912153426886,1DI9+1KV2,0.49773912153426886,0.6692785214433037,0.7322048611111112,5.0,4.166666666666667,2.9166666666666665
MK14,primary,1,gmean,3,120,24,455,pr_auc,0.0667202598922384,0.056042023731809665,0.06504983167940359,0.04703421578421574,0.010113599361376858,0.07479187745903759,-0.04722742394385926,0.24240320539173074,0.21049236621435935,0.7493062834597655,-0.34858652876838675,0.14278059525661918,0.41530678866062515,0.49136712402500593,greedy,1DI9+1KV2+1R39,0.5580873839172443,11OY+1KV2+1OUY,0.601562798296462,0.49136712402500593,11OY+1KV2+1OUY,11OY+1DI9+1KV2,1DI9+1KV2+1R39,bootstrap_seed=0,e1_smoke3,oracle,0.5580873839172443,11OY+1KV2+1OUY,0.5580873839172443,0.7428050343099126,0.7795138888888888,5.0,5.0,3.333333333333333
MK14,primary,1,gmean,3,120,24,455,pr_auc,0.0667202598922384,0.056042023731809665,0.06504983167940359,0.04703421578421574,0.010113599361376858,0.07479187745903759,-0.04722742394385926,0.24240320539173074,0.21049236621435935,0.7493062834597655,-0.34858652876838675,0.14278059525661918,0.41530678866062515,0.49136712402500593,greedy,1DI9+1KV2+1R39,0.5580873839172443,11OY+1KV2+1OUY,0.601562798296462,0.49136712402500593,11OY+1KV2+1OUY,11OY+1DI9+1KV2,1DI9+1KV2+1R39,bootstrap_seed=0,e1_smoke3,ref,0.49136712402500593,1DI9+1KV2+1R39,0.49136712402500593,0.6577012098694497,0.7387152777777778,5.0,4.166666666666667,2.5
MK14,primary,1,gmean,3,120,24,455,pr_auc,0.0667202598922384,0.056042023731809665,0.06504983167940359,0.04703421578421574,0.010113599361376858,0.07479187745903759,-0.04722742394385926,0.24240320539173074,0.21049236621435935,0.7493062834597655,-0.34858652876838675,0.14278059525661918,0.41530678866062515,0.49136712402500593,greedy,1DI9+1KV2+1R39,0.5580873839172443,11OY+1KV2+1OUY,0.601562798296462,0.49136712402500593,11OY+1KV2+1OUY,11OY+1DI9+1KV2,1DI9+1KV2+1R39,bootstrap_seed=0,e1_smoke3,greedy,0.49136712402500593,1DI9+1KV2+1R39,0.49136712402500593,0.6577012098694497,0.7387152777777778,5.0,4.166666666666667,2.5
MK14,primary,1,gmean,3,120,24,455,pr_auc,0.0667202598922384,0.056042023731809665,0.06504983167940359,0.04703421578421574,0.010113599361376858,0.07479187745903759,-0.04722742394385926,0.24240320539173074,0.21049236621435935,0.7493062834597655,-0.34858652876838675,0.14278059525661918,0.41530678866062515,0.49136712402500593,greedy,1DI9+1KV2+1R39,0.5580873839172443,11OY+1KV2+1OUY,0.601562798296462,0.49136712402500593,11OY+1KV2+1OUY,11OY+1DI9+1KV2,1DI9+1KV2+1R39,bootstrap_seed=0,e1_smoke3,single,0.3777867443659651,1DI9,0.3777867443659651,0.4066113010382992,0.7348090277777778,2.5,1.6666666666666665,1.6666666666666665
MK14,primary,1,gmean,3,120,24,455,pr_auc,0.0667202598922384,0.056042023731809665,0.06504983167940359,0.04703421578421574,0.010113599361376858,0.07479187745903759,-0.04722742394385926,0.24240320539173074,0.21049236621435935,0.7493062834597655,-0.34858652876838675,0.14278059525661918,0.41530678866062515,0.49136712402500593,greedy,1DI9+1KV2+1R39,0.5580873839172443,11OY+1KV2+1OUY,0.601562798296462,0.49136712402500593,11OY+1KV2+1OUY,11OY+1DI9+1KV2,1DI9+1KV2+1R39,bootstrap_seed=0,e1_smoke3,train_selected,0.49136712402500593,1DI9+1KV2+1R39,0.49136712402500593,0.6577012098694497,0.7387152777777778,5.0,4.166666666666667,2.5
MK14,primary,1,hmean,2,120,24,105,pr_auc,0.0453960862373301,0.005063514759630072,-0.02079124202401139,0.030918271543271536,-0.03185297845939825,0.08417949138222788,-0.059662804711882185,0.2639521958398201,0.23691262914841163,0.060151405959897375,-0.3603739829852886,0.1258459126841759,0.4057700692226187,0.4862198956694645,greedy,1DI9+1KV2,0.5316159819067946,11OY+1KV2,0.585430495425444,0.4862198956694645,1KV2+1M7Q,11OY+1KV2,1DI9+1KV2,bootstrap_seed=0,e1_smoke3,oracle,0.5316159819067946,11OY+1KV2,0.5031069744356736,0.6749892707144356,0.7387152777777778,5.0,4.166666666666667,2.5
MK14,primary,1,hmean,2,120,24,105,pr_auc,0.0453960862373301,0.005063514759630072,-0.02079124202401139,0.030918271543271536,-0.03185297845939825,0.08417949138222788,-0.059662804711882185,0.2639521958398201,0.23691262914841163,0.060151405959897375,-0.3603739829852886,0.1258459126841759,0.4057700692226187,0.4862198956694645,greedy,1DI9+1KV2,0.5316159819067946,11OY+1KV2,0.585430495425444,0.4862198956694645,1KV2+1M7Q,11OY+1KV2,1DI9+1KV2,bootstrap_seed=0,e1_smoke3,ref,0.4862198956694645,1DI9+1KV2,0.4862198956694645,0.6447175926609926,0.7287326388888888,5.0,4.166666666666667,2.5
MK14,primary,1,hmean,2,120,24,105,pr_auc,0.0453960862373301,0.005063514759630072,-0.02079124202401139,0.030918271543271536,-0.03185297845939825,0.08417949138222788,-0.059662804711882185,0.2639521958398201,0.23691262914841163,0.060151405959897375,-0.3603739829852886,0.1258459126841759,0.4057700692226187,0.4862198956694645,greedy,1DI9+1KV2,0.5316159819067946,11OY+1KV2,0.585430495425444,0.4862198956694645,1KV2+1M7Q,11OY+1KV2,1DI9+1KV2,bootstrap_seed=0,e1_smoke3,greedy,0.4862198956694645,1DI9+1KV2,0.4862198956694645,0.6447175926609926,0.7287326388888888,5.0,4.166666666666667,2.5
MK14,primary,1,hmean,2,120,24,105,pr_auc,0.0453960862373301,0.005063514759630072,-0.02079124202401139,0.030918271543271536,-0.03185297845939825,0.08417949138222788,-0.059662804711882185,0.2639521958398201,0.23691262914841163,0.060151405959897375,-0.3603739829852886,0.1258459126841759,0.4057700692226187,0.4862198956694645,greedy,1DI9+1KV2,0.5316159819067946,11OY+1KV2,0.585430495425444,0.4862198956694645,1KV2+1M7Q,11OY+1KV2,1DI9+1KV2,bootstrap_seed=0,e1_smoke3,single,0.3777867443659651,1DI9,0.3777867443659651,0.4066113010382992,0.7348090277777778,2.5,1.6666666666666665,1.6666666666666665
MK14,primary,1,hmean,2,120,24,105,pr_auc,0.0453960862373301,0.005063514759630072,-0.02079124202401139,0.030918271543271536,-0.03185297845939825,0.08417949138222788,-0.059662804711882185,0.2639521958398201,0.23691262914841163,0.060151405959897375,-0.3603739829852886,0.1258459126841759,0.4057700692226187,0.4862198956694645,greedy,1DI9+1KV2,0.5316159819067946,11OY+1KV2,0.585430495425444,0.4862198956694645,1KV2+1M7Q,11OY+1KV2,1DI9+1KV2,bootstrap_seed=0,e1_smoke3,train_selected,0.4862198956694645,1DI9+1KV2,0.4862198956694645,0.6447175926609926,0.7287326388888888,5.0,4.166666666666667,2.5
MK14,primary,1,hmean,3,120,24,455,pr_auc,0.019435739234230365,-0.007932611467828143,0.013177459599673425,-0.02904268253532971,-0.06862728730101511,0.07535200731287708,-0.0025359189444161146,0.28627512415174633,0.21206878149269695,-0.1052740564015807,-0.400446904617283,0.13292359253328995,0.41988264385151336,0.5333704971505729,greedy,1DI9+1KV2+1OUY,0.5528062363848033,11OY+1KV2+1OUY,0.6025177350482355,0.5333704971505729,11OY+1KV2+1OUY,11OY+1DI9+1KV2,1DI9+1KV2+1OUY,bootstrap_seed=0,e1_smoke3,oracle,0.5528062363848033,11OY+1KV2+1OUY,0.5528062363848033,0.7364335988149994,0.7764756944444444,5.0,5.0,2.9166666666666665
MK14,primary,1,hmean,3,120,24,455,pr_auc,0.019435739234230365,-0.007932611467828143,0.013177459599673425,-0.02904268253532971,-0.06862728730101511,0.07535200731287708,-0.0025359189444161146,0.28627512415174633,0.21206878149269695,-0.1052740564015807,-0.400446904617283,0.13292359253328995,0.41988264385151336,0.5333704971505729,greedy,1DI9+1KV2+1OUY,0.5528062363848033,11OY+1KV2+1OUY,0.6025177350482355,0.5333704971505729,11OY+1KV2+1OUY,11OY+1DI9+1KV2,1DI9+1KV2+1OUY,bootstrap_seed=0,e1_smoke3,ref,0.5333704971505729,1DI9+1KV2+1OUY,0.5333704971505729,0.7198973205175038,0.7569444444444444,5.0,5.0,2.9166666666666665
MK14,primary,1,hmean,3,120,24,455,pr_auc,0.019435739234230365,-0.007932611467828143,0.013177459599673425,-0.02904268253532971,-0.06862728730101511,0.07535200731287708,-0.0025359189444161146,0.28627512415174633,0.21206878149269695,-0.1052740564015807,-0.400446904617283,0.13292359253328995,0.41988264385151336,0.5333704971505729,greedy,1DI9+1KV2+1OUY,0.5528062363848033,11OY+1KV2+1OUY,0.6025177350482355,0.5333704971505729,11OY+1KV2+1OUY,11OY+1DI9+1KV2,1DI9+1KV2+1OUY,bootstrap_seed=0,e1_smoke3,greedy,0.5333704971505729,1DI9+1KV2+1OUY,0.5333704971505729,0.7198973205175038,0.7569444444444444,5.0,5.0,2.9166666666666665
MK14,primary,1,hmean,3,120,24,455,pr_auc,0.019435739234230365,-0.007932611467828143,0.013177459599673425,-0.02904268253532971,-0.06862728730101511,0.07535200731287708,-0.0025359189444161146,0.28627512415174633,0.21206878149269695,-0.1052740564015807,-0.400446904617283,0.13292359253328995,0.41988264385151336,0.5333704971505729,greedy,1DI9+1KV2+1OUY,0.5528062363848033,11OY+1KV2+1OUY,0.6025177350482355,0.5333704971505729,11OY+1KV2+1OUY,11OY+1DI9+1KV2,1DI9+1KV2+1OUY,bootstrap_seed=0,e1_smoke3,single,0.3777867443659651,1DI9,0.3777867443659651,0.4066113010382992,0.7348090277777778,2.5,1.6666666666666665,1.6666666666666665
MK14,primary,1,hmean,3,120,24,455,pr_auc,0.019435739234230365,-0.007932611467828143,0.013177459599673425,-0.02904268253532971,-0.06862728730101511,0.07535200731287708,-0.0025359189444161146,0.28627512415174633,0.21206878149269695,-0.1052740564015807,-0.400446904617283,0.13292359253328995,0.41988264385151336,0.5333704971505729,greedy,1DI9+1KV2+1OUY,0.5528062363848033,11OY+1KV2+1OUY,0.6025177350482355,0.5333704971505729,11OY+1KV2+1OUY,11OY+1DI9+1KV2,1DI9+1KV2+1OUY,bootstrap_seed=0,e1_smoke3,train_selected,0.5333704971505729,1DI9+1KV2+1OUY,0.5333704971505729,0.7198973205175038,0.7569444444444444,5.0,5.0,2.9166666666666665
MK14,primary,1,max,2,120,24,105,pr_auc,0.07850754557895434,-0.044344635328799425,-0.1023057637777684,0.013616493120169548,-0.20280117254162774,0.029648391988641744,-0.020708560801124064,0.08928758626104949,0.08344168372505462,-1.4956843307315888,-0.3489148238831892,0.060055686483810045,0.4274223694621435,0.4089705103669992,greedy,1DI9+1KV2,0.48747805594595356,1KV1+1KV2,0.570124875892878,0.4089705103669992,1A9U+1OUK,1BL7+1W82,1DI9+1KV2,bootstrap_seed=0,e1_smoke3,oracle,0.48747805594595356,1KV1+1KV2,0.37964300767954756,0.3837255635313613,0.76171875,2.5,2.5,1.25
MK14,primary,1,max,2,120,24,105,pr_auc,0.07850754557895434,-0.044344635328799425,-0.1023057637777684,0.013616493120169548,-0.20280117254162774,0.029648391988641744,-0.020708560801124064,0.08928758626104949,0.08344168372505462,-1.4956843307315888,-0.3489148238831892,0.060055686483810045,0.4274223694621435,0.4089705103669992,greedy,1DI9+1KV2,0.48747805594595356,1KV1+1KV2,0.570124875892878,0.4089705103669992,1A9U+1OUK,1BL7+1W82,1DI9+1KV2,bootstrap_seed=0,e1_smoke3,ref,0.4089705103669992,1DI9+1KV2,0.4089705103669992,0.426813794780823,0.7387152777777778,5.0,1.6666666666666665,1.25
MK14,primary,1,max,2,120,24,105,pr_auc,0.07850754557895434,-0.044344635328799425,-0.1023057637777684,0.013616493120169548,-0.20280117254162774,0.029648391988641744,-0.020708560801124064,0.08928758626104949,0.08344168372505462,-1.4956843307315888,-0.3489148238831892,0.060055686483810045,0.4274223694621435,0.4089705103669992,greedy,1DI9+1KV2,0.48747805594595356,1KV1+1KV2,0.570124875892878,0.4089705103669992,1A9U+1OUK,1BL7+1W82,1DI9+1KV2,bootstrap_seed=0,e1_smoke3,greedy,0.4089705103669992,1DI9+1KV2,0.4089705103669992,0.426813794780823,0.7387152777777778,5.0,1.6666666666666665,1.25
MK14,primary,1,max,2,120,24,105,pr_auc,0.07850754557895434,-0.044344635328799425,-0.1023057637777684,0.013616493120169548,-0.20280117254162774,0.029648391988641744,-0.020708560801124064,0.08928758626104949,0.08344168372505462,-1.4956843307315888,-0.3489148238831892,0.060055686483810045,0.4274223694621435,0.4089705103669992,greedy,1DI9+1KV2,0.48747805594595356,1KV1+1KV2,0.570124875892878,0.4089705103669992,1A9U+1OUK,1BL7+1W82,1DI9+1KV2,bootstrap_seed=0,e1_smoke3,single,0.3777867443659651,1DI9,0.3777867443659651,0.4066113010382992,0.7348090277777778,2.5,1.6666666666666665,1.6666666666666665
MK14,primary,1,max,2,120,24,105,pr_auc,0.07850754557895434,-0.044344635328799425,-0.1023057637777684,0.013616493120169548,-0.20280117254162774,0.029648391988641744,-0.020708560801124064,0.08928758626104949,0.08344168372505462,-1.4956843307315888,-0.3489148238831892,0.060055686483810045,0.4274223694621435,0.4089705103669992,greedy,1DI9+1KV2,0.48747805594595356,1KV1+1KV2,0.570124875892878,0.4089705103669992,1A9U+1OUK,1BL7+1W82,1DI9+1KV2,bootstrap_seed=0,e1_smoke3,train_selected,0.4089705103669992,1DI9+1KV2,0.4089705103669992,0.426813794780823,0.7387152777777778,5.0,1.6666666666666665,1.25
MK14,primary,1,max,3,120,24,455,pr_auc,0.05908723043063935,-0.04890093754662858,-0.14944652605057962,0.05164465095732246,-0.17570485297541857,0.03491346226848608,-0.05144890758815564,0.0807578575354622,0.09825956421075721,-1.4006327178490117,-0.38323122863698816,0.0170018156263535,0.4423184590676275,0.40023304426334166,greedy,1BL7+1DI9+1KV2,0.459320274693981,1BL7+1BMK+1W82,0.5582455450300366,0.40023304426334166,1KV2+1R39+1W82,1BL7+1BMK+1W82,1BL7+1DI9+1KV2,bootstrap_seed=0,e1_smoke3,oracle,0.459320274693981,1BL7+1BMK+1W82,0.3326371973112694,0.32109136937277977,0.7261284722222222,0.0,1.6666666666666665,1.6666666666666665
MK14,primary,1,max,3,120,24,455,pr_auc,0.05908723043063935,-0.04890093754662858,-0.14944652605057962,0.05164465095732246,-0.17570485297541857,0.03491346226848608,-0.05144890758815564,0.0807578575354622,0.09825956421075721,-1.4006327178490117,-0.38323122863698816,0.0170018156263535,0.4423184590676275,0.40023304426334166,greedy,1BL7+1DI9+1KV2,0.459320274693981,1BL7+1BMK+1W82,0.5582455450300366,0.40023304426334166,1KV2+1R39+1W82,1BL7+1BMK+1W82,1BL7+1DI9+1KV2,bootstrap_seed=0,e1_smoke3,ref,0.40023304426334166,1BL7+1DI9+1KV2,0.40023304426334166,0.42741553735029597,0.73046875,5.0,1.6666666666666665,1.6666666666666665
MK14,primary,1,max,3,120,24,455,pr_auc,0.05908723043063935,-0.04890093754662858,-0.14944652605057962,0.05164465095732246,-0.17570485297541857,0.03491346226848608,-0.05144890758815564,0.0807578575354622,0.09825956421075721,-1.4006327178490117,-0.38323122863698816,0.0170018156263535,0.4423184590676275,0.40023304426334166,greedy,1BL7+1DI9+1KV2,0.459320274693981,1BL7+1BMK+1W82,0.5582455450300366,0.40023304426334166,1KV2+1R39+1W82,1BL7+1BMK+1W82,1BL7+1DI9+1KV2,bootstrap_seed=0,e1_smoke3,greedy,0.40023304426334166,1BL7+1DI9+1KV2,0.40023304426334166,0.42741553735029597,0.73046875,5.0,1.6666666666666665,1.6666666666666665
MK14,primary,1,max,3,120,24,455,pr_auc,0.05908723043063935,-0.04890093754662858,-0.14944652605057962,0.05164465095732246,-0.17570485297541857,0.03491346226848608,-0.05144890758815564,0.0807578575354622,0.09825956421075721,-1.4006327178490117,-0.38323122863698816,0.0170018156263535,0.4423184590676275,0.40023304426334166,greedy,1BL7+1DI9+1KV2,0.459320274693981,1BL7+1BMK+1W82,0.5582455450300366,0.40023304426334166,1KV2+1R39+1W82,1BL7+1BMK+1W82,1BL7+1DI9+1KV2,bootstrap_seed=0,e1_smoke3,single,0.3777867443659651,1DI9,0.3777867443659651,0.4066113010382992,0.7348090277777778,2.5,1.6666666666666665,1.6666666666666665
MK14,primary,1,max,3,120,24,455,pr_auc,0.05908723043063935,-0.04890093754662858,-0.14944652605057962,0.05164465095732246,-0.17570485297541857,0.03491346226848608,-0.05144890758815564,0.0807578575354622,0.09825956421075721,-1.4006327178490117,-0.38323122863698816,0.0170018156263535,0.4423184590676275,0.40023304426334166,greedy,1BL7+1DI9+1KV2,0.459320274693981,1BL7+1BMK+1W82,0.5582455450300366,0.40023304426334166,1KV2+1R39+1W82,1BL7+1BMK+1W82,1BL7+1DI9+1KV2,bootstrap_seed=0,e1_smoke3,train_selected,0.40023304426334166,1BL7+1DI9+1KV2,0.40023304426334166,0.42741553735029597,0.73046875,5.0,1.6666666666666665,1.6666666666666665
MK14,primary,1,mean,2,120,24,105,pr_auc,0.0029643881910275116,-0.01721007653681278,-0.03442015307362556,0.0,-0.0792637421146349,0.07089108787852327,-0.003737304012990562,0.27573692518854054,0.1995140827857013,-0.24276784362941958,-0.4182589901277824,0.1063320446490878,0.4212233783188099,0.5245910347768702,greedy,1DI9+1KV2,0.5275554229678977,11OY+1KV2,0.6056034059725658,0.5245910347768702,1KV2+1OUY,1DI9+1KV2,1DI9+1KV2,bootstrap_seed=0,e1_smoke3,oracle,0.5275554229678977,11OY+1KV2,0.5091451340821072,0.6688344949385756,0.7560763888888888,5.0,4.166666666666667,2.5
MK14,primary,1,mean,2,120,24,105,pr_auc,0.0029643881910275116,-0.01721007653681278,-0.03442015307362556,0.0,-0.0792637421146349,0.07089108787852327,-0.003737304012990562,0.27573692518854054,0.1995140827857013,-0.24276784362941958,-0.4182589901277824,0.1063320446490878,0.4212233783188099,0.5245910347768702,greedy,1DI9+1KV2,0.5275554229678977,11OY+1KV2,0.6056034059725658,0.5245910347768702,1KV2+1OUY,1DI9+1KV2,1DI9+1KV2,bootstrap_seed=0,e1_smoke3,ref,0.5245910347768702,1DI9+1KV2,0.5245910347768702,0.7169525122667243,0.7369791666666666,5.0,5.0,2.9166666666666665
MK14,primary,1,mean,2,120,24,105,pr_auc,0.0029643881910275116,-0.01721007653681278,-0.03442015307362556,0.0,-0.0792637421146349,0.07089108787852327,-0.003737304012990562,0.27573692518854054,0.1995140827857013,-0.24276784362941958,-0.4182589901277824,0.1063320446490878,0.4212233783188099,0.5245910347768702,greedy,1DI9+1KV2,0.5275554229678977,11OY+1KV2,0.6056034059725658,0.5245910347768702,1KV2+1OUY,1DI9+1KV2,1DI9+1KV2,bootstrap_seed=0,e1_smoke3,greedy,0.5245910347768702,1DI9+1KV2,0.5245910347768702,0.7169525122667243,0.7369791666666666,5.0,5.0,2.9166666666666665
MK14,primary,1,mean,2,120,24,105,pr_auc,0.0029643881910275116,-0.01721007653681278,-0.03442015307362556,0.0,-0.0792637421146349,0.07089108787852327,-0.003737304012990562,0.27573692518854054,0.1995140827857013,-0.24276784362941958,-0.4182589901277824,0.1063320446490878,0.4212233783188099,0.5245910347768702,greedy,1DI9+1KV2,0.5275554229678977,11OY+1KV2,0.6056034059725658,0.5245910347768702,1KV2+1OUY,1DI9+1KV2,1DI9+1KV2,bootstrap_seed=0,e1_smoke3,single,0.3777867443659651,1DI9,0.3777867443659651,0.4066113010382992,0.7348090277777778,2.5,1.6666666666666665,1.6666666666666665
MK14,primary,1,mean,2,120,24,105,pr_auc,0.0029643881910275116,-0.01721007653681278,-0.03442015307362556,0.0,-0.0792637421146349,0.07089108787852327,-0.003737304012990562,0.27573692518854054,0.1995140827857013,-0.24276784362941958,-0.4182589901277824,0.1063320446490878,0.4212233783188099,0.5245910347768702,greedy,1DI9+1KV2,0.5275554229678977,11OY+1KV2,0.6056034059725658,0.5245910347768702,1KV2+1OUY,1DI9+1KV2,1DI9+1KV2,bootstrap_seed=0,e1_smoke3,train_selected,0.5245910347768702,1DI9+1KV2,0.5245910347768702,0.7169525122667243,0.7369791666666666,5.0,5.0,2.9166666666666665
MK14,primary,1,mean,3,120,24,455,pr_auc,0.07696852923452352,-0.013492600701928759,-0.015187434369385966,-0.011797767034471551,-0.11243697312010957,0.07894161054967357,-0.0867741559793865,0.2066903085794524,0.22217126995473396,-0.17091874118071881,-0.3391606084082181,0.12331400748033006,0.4161291376427416,0.46247461588854816,greedy,1DI9+1KV2+1W82,0.5394431451230717,1DI9+1KV2+1OUY,0.595515332860762,0.46247461588854816,1KV2+1OUK+1OUY,1DI9+1KV2+1W83,1DI9+1KV2+1W82,bootstrap_seed=0,e1_smoke3,oracle,0.5394431451230717,1DI9+1KV2+1OUY,0.4922645618203634,0.635917876219366,0.7586805555555556,5.0,4.166666666666667,2.5
MK14,primary,1,mean,3,120,24,455,pr_auc,0.07696852923452352,-0.013492600701928759,-0.015187434369385966,-0.011797767034471551,-0.11243697312010957,0.07894161054967357,-0.0867741559793865,0.2066903085794524,0.22217126995473396,-0.17091874118071881,-0.3391606084082181,0.12331400748033006,0.4161291376427416,0.46247461588854816,greedy,1DI9+1KV2+1W82,0.5394431451230717,1DI9+1KV2+1OUY,0.595515332860762,0.46247461588854816,1KV2+1OUK+1OUY,1DI9+1KV2+1W83,1DI9+1KV2+1W82,bootstrap_seed=0,e1_smoke3,ref,0.46247461588854816,1DI9+1KV2+1W82,0.46247461588854816,0.5844453962198075,0.7365451388888888,5.0,2.5,2.5
MK14,primary,1,mean,3,120,24,455,pr_auc,0.07696852923452352,-0.013492600701928759,-0.015187434369385966,-0.011797767034471551,-0.11243697312010957,0.07894161054967357,-0.0867741559793865,0.2066903085794524,0.22217126995473396,-0.17091874118071881,-0.3391606084082181,0.12331400748033006,0.4161291376427416,0.46247461588854816,greedy,1DI9+1KV2+1W82,0.5394431451230717,1DI9+1KV2+1OUY,0.595515332860762,0.46247461588854816,1KV2+1OUK+1OUY,1DI9+1KV2+1W83,1DI9+1KV2+1W82,bootstrap_seed=0,e1_smoke3,greedy,0.46247461588854816,1DI9+1KV2+1W82,0.46247461588854816,0.5844453962198075,0.7365451388888888,5.0,2.5,2.5
MK14,primary,1,mean,3,120,24,455,pr_auc,0.07696852923452352,-0.013492600701928759,-0.015187434369385966,-0.011797767034471551,-0.11243697312010957,0.07894161054967357,-0.0867741559793865,0.2066903085794524,0.22217126995473396,-0.17091874118071881,-0.3391606084082181,0.12331400748033006,0.4161291376427416,0.46247461588854816,greedy,1DI9+1KV2+1W82,0.5394431451230717,1DI9+1KV2+1OUY,0.595515332860762,0.46247461588854816,1KV2+1OUK+1OUY,1DI9+1KV2+1W83,1DI9+1KV2+1W82,bootstrap_seed=0,e1_smoke3,single,0.3777867443659651,1DI9,0.3777867443659651,0.4066113010382992,0.7348090277777778,2.5,1.6666666666666665,1.6666666666666665
MK14,primary,1,mean,3,120,24,455,pr_auc,0.07696852923452352,-0.013492600701928759,-0.015187434369385966,-0.011797767034471551,-0.11243697312010957,0.07894161054967357,-0.0867741559793865,0.2066903085794524,0.22217126995473396,-0.17091874118071881,-0.3391606084082181,0.12331400748033006,0.4161291376427416,0.46247461588854816,greedy,1DI9+1KV2+1W82,0.5394431451230717,1DI9+1KV2+1OUY,0.595515332860762,0.46247461588854816,1KV2+1OUK+1OUY,1DI9+1KV2+1W83,1DI9+1KV2+1W82,bootstrap_seed=0,e1_smoke3,train_selected,0.46247461588854816,1DI9+1KV2+1W82,0.46247461588854816,0.5844453962198075,0.7365451388888888,5.0,2.5,2.5
MK14,primary,1,min,2,120,24,105,pr_auc,0.1468373603109026,0.11477716160539406,0.12982639333357532,0.0997279298772128,-0.0827932977905601,0.09120943610115843,-0.07827811700684413,0.26548028423567926,0.25669752756942354,1.2583913080889697,-0.2476197141383812,0.1301670302275839,0.3944570744492838,0.3777867443659651,single,1DI9,0.5246241046768677,11OY+1KV1,0.5632954065071817,0.5096752547573854,11OY+1KV1,11OY+1KV2,1KV2+1OUY,bootstrap_seed=0,e1_smoke3,oracle,0.5246241046768677,11OY+1KV1,0.5246241046768677,0.6833907074155253,0.7777777777777778,5.0,4.166666666666667,2.9166666666666665
MK14,primary,1,min,2,120,24,105,pr_auc,0.1468373603109026,0.11477716160539406,0.12982639333357532,0.0997279298772128,-0.0827932977905601,0.09120943610115843,-0.07827811700684413,0.26548028423567926,0.25669752756942354,1.2583913080889697,-0.2476197141383812,0.1301670302275839,0.3944570744492838,0.3777867443659651,single,1DI9,0.5246241046768677,11OY+1KV1,0.5632954065071817,0.5096752547573854,11OY+1KV1,11OY+1KV2,1KV2+1OUY,bootstrap_seed=0,e1_smoke3,ref,0.3777867443659651,1DI9,0.3777867443659651,0.4066113010382992,0.7348090277777778,2.5,1.6666666666666665,1.6666666666666665
MK14,primary,1,min,2,120,24,105,pr_auc,0.1468373603109026,0.11477716160539406,0.12982639333357532,0.0997279298772128,-0.0827932977905601,0.09120943610115843,-0.07827811700684413,0.26548028423567926,0.25669752756942354,1.2583913080889697,-0.2476197141383812,0.1301670302275839,0.3944570744492838,0.3777867443659651,single,1DI9,0.5246241046768677,11OY+1KV1,0.5632954065071817,0.5096752547573854,11OY+1KV1,11OY+1KV2,1KV2+1OUY,bootstrap_seed=0,e1_smoke3,greedy,0.4739465387318004,1DI9+1KV2,0.4739465387318004,0.6327365062037994,0.7094184027777778,5.0,4.166666666666667,2.5
MK14,primary,1,min,2,120,24,105,pr_auc,0.1468373603109026,0.11477716160539406,0.12982639333357532,0.0997279298772128,-0.0827932977905601,0.09120943610115843,-0.07827811700684413,0.26548028423567926,0.25669752756942354,1.2583913080889697,-0.2476197141383812,0.1301670302275839,0.3944570744492838,0.3777867443659651,single,1DI9,0.5246241046768677,11OY+1KV1,0.5632954065071817,0.5096752547573854,11OY+1KV1,11OY+1KV2,1KV2+1OUY,bootstrap_seed=0,e1_smoke3,single,0.3777867443659651,1DI9,0.3777867443659651,0.4066113010382992,0.7348090277777778,2.5,1.6666666666666665,1.6666666666666665
MK14,primary,1,min,2,120,24,105,pr_auc,0.1468373603109026,0.11477716160539406,0.12982639333357532,0.0997279298772128,-0.0827932977905601,0.09120943610115843,-0.07827811700684413,0.26548028423567926,0.25669752756942354,1.2583913080889697,-0.2476197141383812,0.1301670302275839,0.3944570744492838,0.3777867443659651,single,1DI9,0.5246241046768677,11OY+1KV1,0.5632954065071817,0.5096752547573854,11OY+1KV1,11OY+1KV2,1KV2+1OUY,bootstrap_seed=0,e1_smoke3,train_selected,0.5096752547573854,1KV2+1OUY,0.5096752547573854,0.6826224799190613,0.7428385416666666,5.0,5.0,2.5
MK14,primary,1,min,3,120,24,455,pr_auc,0.034461793466330604,-0.005622436453198321,0.016200084325360797,-0.02744495723175744,-0.10716577362853937,0.08796191239204106,-0.060105903331426715,0.2897797915504668,0.24755777906874266,-0.0639189883473594,-0.3514970231835503,0.1581782315738351,0.3859588166498809,0.5096752547573854,greedy,1DI9+1KV2+1OUY,0.544137048223716,11OY+1BL6+1KV1,0.5736261453892176,0.514705801849714,11OY+1BL6+1KV1,11OY+1BL7+1KV2,1BL7+1KV2+1OUY,bootstrap_seed=0,e1_smoke3,oracle,0.544137048223716,11OY+1BL6+1KV1,0.544137048223716,0.7076309176741685,0.7886284722222222,5.0,4.166666666666667,3.333333333333333
MK14,primary,1,min,3,120,24,455,pr_auc,0.034461793466330604,-0.005622436453198321,0.016200084325360797,-0.02744495723175744,-0.10716577362853937,0.08796191239204106,-0.060105903331426715,0.2897797915504668,0.24755777906874266,-0.0639189883473594,-0.3514970231835503,0.1581782315738351,0.3859588166498809,0.5096752547573854,greedy,1DI9+1KV2+1OUY,0.544137048223716,11OY+1BL6+1KV1,0.5736261453892176,0.514705801849714,11OY+1BL6+1KV1,11OY+1BL7+1KV2,1BL7+1KV2+1OUY,bootstrap_seed=0,e1_smoke3,ref,0.5096752547573854,1DI9+1KV2+1OUY,0.5096752547573854,0.6826224799190613,0.7428385416666666,5.0,5.0,2.5
MK14,primary,1,min,3,120,24,455,pr_auc,0.034461793466330604,-0.005622436453198321,0.016200084325360797,-0.02744495723175744,-0.10716577362853937,0.08796191239204106,-0.060105903331426715,0.2897797915504668,0.24755777906874266,-0.0639189883473594,-0.3514970231835503,0.1581782315738351,0.3859588166498809,0.5096752547573854,greedy,1DI9+1KV2+1OUY,0.544137048223716,11OY+1BL6+1KV1,0.5736261453892176,0.514705801849714,11OY+1BL6+1KV1,11OY+1BL7+1KV2,1BL7+1KV2+1OUY,bootstrap_seed=0,e1_smoke3,greedy,0.5096752547573854,1DI9+1KV2+1OUY,0.5096752547573854,0.6826224799190613,0.7428385416666666,5.0,5.0,2.5
MK14,primary,1,min,3,120,24,455,pr_auc,0.034461793466330604,-0.005622436453198321,0.016200084325360797,-0.02744495723175744,-0.10716577362853937,0.08796191239204106,-0.060105903331426715,0.2897797915504668,0.24755777906874266,-0.0639189883473594,-0.3514970231835503,0.1581782315738351,0.3859588166498809,0.5096752547573854,greedy,1DI9+1KV2+1OUY,0.544137048223716,11OY+1BL6+1KV1,0.5736261453892176,0.514705801849714,11OY+1BL6+1KV1,11OY+1BL7+1KV2,1BL7+1KV2+1OUY,bootstrap_seed=0,e1_smoke3,single,0.3777867443659651,1DI9,0.3777867443659651,0.4066113010382992,0.7348090277777778,2.5,1.6666666666666665,1.6666666666666665
MK14,primary,1,min,3,120,24,455,pr_auc,0.034461793466330604,-0.005622436453198321,0.016200084325360797,-0.02744495723175744,-0.10716577362853937,0.08796191239204106,-0.060105903331426715,0.2897797915504668,0.24755777906874266,-0.0639189883473594,-0.3514970231835503,0.1581782315738351,0.3859588166498809,0.5096752547573854,greedy,1DI9+1KV2+1OUY,0.544137048223716,11OY+1BL6+1KV1,0.5736261453892176,0.514705801849714,11OY+1BL6+1KV1,11OY+1BL7+1KV2,1BL7+1KV2+1OUY,bootstrap_seed=0,e1_smoke3,train_selected,0.514705801849714,1BL7+1KV2+1OUY,0.514705801849714,0.6830300769219556,0.7497829861111112,5.0,5.0,2.5
MK14,primary,1,ranksum,2,120,24,105,pr_auc,0.0,-0.1361229543244917,-0.2722459086489834,0.0,-0.2350958037134907,0.058125552594065495,-0.023328014329392126,0.2223829547946948,0.1635870835003836,-2.341878025231705,-0.42077566681953243,0.06854154695559989,0.42077566681953243,0.4893172137751323,greedy,1DI9+1KV2,0.4893172137751323,1DI9+1KV2,0.5641082790824824,0.4893172137751323,11OY+1R39,1DI9+1KV2,1DI9+1KV2,bootstrap_seed=0,e1_smoke3,oracle,0.4893172137751323,1DI9+1KV2,0.3389731630902329,0.3230076885510429,0.73828125,2.5,1.6666666666666665,1.6666666666666665
MK14,primary,1,ranksum,2,120,24,105,pr_auc,0.0,-0.1361229543244917,-0.2722459086489834,0.0,-0.2350958037134907,0.058125552594065495,-0.023328014329392126,0.2223829547946948,0.1635870835003836,-2.341878025231705,-0.42077566681953243,0.06854154695559989,0.42077566681953243,0.4893172137751323,greedy,1DI9+1KV2,0.4893172137751323,1DI9+1KV2,0.5641082790824824,0.4893172137751323,11OY+1R39,1DI9+1KV2,1DI9+1KV2,bootstrap_seed=0,e1_smoke3,ref,0.4893172137751323,1DI9+1KV2,0.4893172137751323,0.6322047736319887,0.7417534722222222,5.0,4.166666666666667,2.5
MK14,primary,1,ranksum,2,120,24,105,pr_auc,0.0,-0.1361229543244917,-0.2722459086489834,0.0,-0.2350958037134907,0.058125552594065495,-0.023328014329392126,0.2223829547946948,0.1635870835003836,-2.341878025231705,-0.42077566681953243,0.06854154695559989,0.42077566681953243,0.4893172137751323,greedy,1DI9+1KV2,0.4893172137751323,1DI9+1KV2,0.5641082790824824,0.4893172137751323,11OY+1R39,1DI9+1KV2,1DI9+1KV2,bootstrap_seed=0,e1_smoke3,greedy,0.4893172137751323,1DI9+1KV2,0.4893172137751323,0.6322047736319887,0.7417534722222222,5.0,4.166666666666667,2.5
MK14,primary,1,ranksum,2,120,24,105,pr_auc,0.0,-0.1361229543244917,-0.2722459086489834,0.0,-0.2350958037134907,0.058125552594065495,-0.023328014329392126,0.2223829547946948,0.1635870835003836,-2.341878025231705,-0.42077566681953243,0.06854154695559989,0.42077566681953243,0.4893172137751323,greedy,1DI9+1KV2,0.4893172137751323,1DI9+1KV2,0.5641082790824824,0.4893172137751323,11OY+1R39,1DI9+1KV2,1DI9+1KV2,bootstrap_seed=0,e1_smoke3,single,0.38215563935986013,1DI9,0.38215563935986013,0.41768899605433407,0.7350260416666666,2.5,1.6666666666666665,1.6666666666666665
MK14,primary,1,ranksum,2,120,24,105,pr_auc,0.0,-0.1361229543244917,-0.2722459086489834,0.0,-0.2350958037134907,0.058125552594065495,-0.023328014329392126,0.2223829547946948,0.1635870835003836,-2.341878025231705,-0.42077566681953243,0.06854154695559989,0.42077566681953243,0.4893172137751323,greedy,1DI9+1KV2,0.4893172137751323,1DI9+1KV2,0.5641082790824824,0.4893172137751323,11OY+1R39,1DI9+1KV2,1DI9+1KV2,bootstrap_seed=0,e1_smoke3,train_selected,0.4893172137751323,1DI9+1KV2,0.4893172137751323,0.6322047736319887,0.7417534722222222,5.0,4.166666666666667,2.5
MK14,primary,1,ranksum,3,120,24,455,pr_auc,0.02281478654801572,-0.054719928335961676,-0.0914344679264451,-0.018005388745478246,-0.14709051939878945,0.06950354651267122,-0.07081306469372346,0.2032747629511835,0.19560902149774978,-0.7872969234165001,-0.4045811624007809,0.05717769489153407,0.4273959489487966,0.461758857292315,greedy,1DI9+1KV2+1W82,0.4845736438403307,1DI9+1KV1+1KV2,0.5561417814317166,0.461758857292315,1KV1+1OUY+1W7H,1DI9+1KV1+1KV2,1DI9+1KV2+1W82,bootstrap_seed=0,e1_smoke3,oracle,0.4845736438403307,1DI9+1KV1+1KV2,0.43763859487118856,0.49110057140765445,0.7504340277777778,5.0,2.5,2.0833333333333335
MK14,primary,1,ranksum,3,120,24,455,pr_auc,0.02281478654801572,-0.054719928335961676,-0.0914344679264451,-0.018005388745478246,-0.14709051939878945,0.06950354651267122,-0.07081306469372346,0.2032747629511835,0.19560902149774978,-0.7872969234165001,-0.4045811624007809,0.05717769489153407,0.4273959489487966,0.461758857292315,greedy,1DI9+1KV2+1W82,0.4845736438403307,1DI9+1KV1+1KV2,0.5561417814317166,0.461758857292315,1KV1+1OUY+1W7H,1DI9+1KV1+1KV2,1DI9+1KV2+1W82,bootstrap_seed=0,e1_smoke3,ref,0.461758857292315,1DI9+1KV2+1W82,0.461758857292315,0.5730483545340204,0.7387152777777778,5.0,3.333333333333333,2.0833333333333335
MK14,primary,1,ranksum,3,120,24,455,pr_auc,0.02281478654801572,-0.054719928335961676,-0.0914344679264451,-0.018005388745478246,-0.14709051939878945,0.06950354651267122,-0.07081306469372346,0.2032747629511835,0.19560902149774978,-0.7872969234165001,-0.4045811624007809,0.05717769489153407,0.4273959489487966,0.461758857292315,greedy,1DI9+1KV2+1W82,0.4845736438403307,1DI9+1KV1+1KV2,0.5561417814317166,0.461758857292315,1KV1+1OUY+1W7H,1DI9+1KV1+1KV2,1DI9+1KV2+1W82,bootstrap_seed=0,e1_smoke3,greedy,0.461758857292315,1DI9+1KV2+1W82,0.461758857292315,0.5730483545340204,0.7387152777777778,5.0,3.333333333333333,2.0833333333333335
MK14,primary,1,ranksum,3,120,24,455,pr_auc,0.02281478654801572,-0.054719928335961676,-0.0914344679264451,-0.018005388745478246,-0.14709051939878945,0.06950354651267122,-0.07081306469372346,0.2032747629511835,0.19560902149774978,-0.7872969234165001,-0.4045811624007809,0.05717769489153407,0.4273959489487966,0.461758857292315,greedy,1DI9+1KV2+1W82,0.4845736438403307,1DI9+1KV1+1KV2,0.5561417814317166,0.461758857292315,1KV1+1OUY+1W7H,1DI9+1KV1+1KV2,1DI9+1KV2+1W82,bootstrap_seed=0,e1_smoke3,single,0.38215563935986013,1DI9,0.38215563935986013,0.41768899605433407,0.7350260416666666,2.5,1.6666666666666665,1.6666666666666665
MK14,primary,1,ranksum,3,120,24,455,pr_auc,0.02281478654801572,-0.054719928335961676,-0.0914344679264451,-0.018005388745478246,-0.14709051939878945,0.06950354651267122,-0.07081306469372346,0.2032747629511835,0.19560902149774978,-0.7872969234165001,-0.4045811624007809,0.05717769489153407,0.4273959489487966,0.461758857292315,greedy,1DI9+1KV2+1W82,0.4845736438403307,1DI9+1KV1+1KV2,0.5561417814317166,0.461758857292315,1KV1+1OUY+1W7H,1DI9+1KV1+1KV2,1DI9+1KV2+1W82,bootstrap_seed=0,e1_smoke3,train_selected,0.461758857292315,1DI9+1KV2+1W82,0.461758857292315,0.5730483545340204,0.7387152777777778,5.0,3.333333333333333,2.0833333333333335
MK14,primary,1,rrf,2,120,24,105,pr_auc,0.0,0.0,0.0,0.0,0.0,0.06013463870885914,0.029219241180683298,0.25557559162251475,0.16924140459244258,0.0,-0.4229182382123773,0.09225130225929801,0.4229182382123773,0.5151695404716753,greedy,1DI9+1KV2,0.5151695404716753,1DI9+1KV2,0.6071280928020876,0.5151695404716753,1DI9+1KV2,1DI9+1KV2,1DI9+1KV2,bootstrap_seed=0,e1_smoke3,oracle,0.5151695404716753,1DI9+1KV2,0.5151695404716753,0.682658946825468,0.75,5.0,4.166666666666667,2.9166666666666665
MK14,primary,1,rrf,2,120,24,105,pr_auc,0.0,0.0,0.0,0.0,0.0,0.06013463870885914,0.029219241180683298,0.25557559162251475,0.16924140459244258,0.0,-0.4229182382123773,0.09225130225929801,0.4229182382123773,0.5151695404716753,greedy,1DI9+1KV2,0.5151695404716753,1DI9+1KV2,0.6071280928020876,0.5151695404716753,1DI9+1KV2,1DI9+1KV2,1DI9+1KV2,bootstrap_seed=0,e1_smoke3,ref,0.5151695404716753,1DI9+1KV2,0.5151695404716753,0.682658946825468,0.75,5.0,4.166666666666667,2.9166666666666665
MK14,primary,1,rrf,2,120,24,105,pr_auc,0.0,0.0,0.0,0.0,0.0,0.06013463870885914,0.029219241180683298,0.25557559162251475,0.16924140459244258,0.0,-0.4229182382123773,0.09225130225929801,0.4229182382123773,0.5151695404716753,greedy,1DI9+1KV2,0.5151695404716753,1DI9+1KV2,0.6071280928020876,0.5151695404716753,1DI9+1KV2,1DI9+1KV2,1DI9+1KV2,bootstrap_seed=0,e1_smoke3,greedy,0.5151695404716753,1DI9+1KV2,0.5151695404716753,0.682658946825468,0.75,5.0,4.166666666666667,2.9166666666666665
MK14,primary,1,rrf,2,120,24,105,pr_auc,0.0,0.0,0.0,0.0,0.0,0.06013463870885914,0.029219241180683298,0.25557559162251475,0.16924140459244258,0.0,-0.4229182382123773,0.09225130225929801,0.4229182382123773,0.5151695404716753,greedy,1DI9+1KV2,0.5151695404716753,1DI9+1KV2,0.6071280928020876,0.5151695404716753,1DI9+1KV2,1DI9+1KV2,1DI9+1KV2,bootstrap_seed=0,e1_smoke3,single,0.38215563935986013,1DI9,0.38215563935986013,0.41768899605433407,0.7350260416666666,2.5,1.6666666666666665,1.6666666666666665
MK14,primary,1,rrf,2,120,24,105,pr_auc,0.0,0.0,0.0,0.0,0.0,0.06013463870885914,0.029219241180683298,0.25557559162251475,0.16924140459244258,0.0,-0.4229182382123773,0.09225130225929801,0.4229182382123773,0.5151695404716753,greedy,1DI9+1KV2,0.5151695404716753,1DI9+1KV2,0.6071280928020876,0.5151695404716753,1DI9+1KV2,1DI9+1KV2,1DI9+1KV2,bootstrap_seed=0,e1_smoke3,train_selected,0.5151695404716753,1DI9+1KV2,0.5151695404716753,0.682658946825468,0.75,5.0,4.166666666666667,2.9166666666666665
MK14,primary,1,rrf,3,120,24,455,pr_auc,0.05800535766941761,0.0766386072984368,0.1003603766267901,0.05291683797008351,-0.00845780006389709,0.06750445983811995,-0.07229039025622491,0.18987305278374011,0.18998284257712628,1.135311762840872,-0.3576567865791416,0.10165685528684976,0.4156621442485592,0.45931364186599133,greedy,1DI9+1KV2+1W82,0.5173189995354089,1DI9+1KV1+1KV2,0.5972082626171877,0.45931364186599133,1DI9+1KV1+1KV2,1DI9+1KV1+1KV2,1DI9+1KV2+1W82,bootstrap_seed=0,e1_smoke3,oracle,0.5173189995354089,1DI9+1KV1+1KV2,0.5173189995354089,0.693617604332961,0.7495659722222222,5.0,5.0,2.9166666666666665
MK14,primary,1,rrf,3,120,24,455,pr_auc,0.05800535766941761,0.0766386072984368,0.1003603766267901,0.05291683797008351,-0.00845780006389709,0.06750445983811995,-0.07229039025622491,0.18987305278374011,0.18998284257712628,1.135311762840872,-0.3576567865791416,0.10165685528684976,0.4156621442485592,0.45931364186599133,greedy,1DI9+1KV2+1W82,0.5173189995354089,1DI9+1KV1+1KV2,0.5972082626171877,0.45931364186599133,1DI9+1KV1+1KV2,1DI9+1KV1+1KV2,1DI9+1KV2+1W82,bootstrap_seed=0,e1_smoke3,ref,0.45931364186599133,1DI9+1KV2+1W82,0.45931364186599133,0.57204157587473,0.7404513888888888,5.0,3.333333333333333,2.0833333333333335
MK14,primary,1,rrf,3,120,24,455,pr_auc,0.05800535766941761,0.0766386072984368,0.1003603766267901,0.05291683797008351,-0.00845780006389709,0.06750445983811995,-0.07229039025622491,0.18987305278374011,0.18998284257712628,1.135311762840872,-0.3576567865791416,0.10165685528684976,0.4156621442485592,0.45931364186599133,greedy,1DI9+1KV2+1W82,0.5173189995354089,1DI9+1KV1+1KV2,0.5972082626171877,0.45931364186599133,1DI9+1KV1+1KV2,1DI9+1KV1+1KV2,1DI9+1KV2+1W82,bootstrap_seed=0,e1_smoke3,greedy,0.45931364186599133,1DI9+1KV2+1W82,0.45931364186599133,0.57204157587473,0.7404513888888888,5.0,3.333333333333333,2.0833333333333335
MK14,primary,1,rrf,3,120,24,455,pr_auc,0.05800535766941761,0.0766386072984368,0.1003603766267901,0.05291683797008351,-0.00845780006389709,0.06750445983811995,-0.07229039025622491,0.18987305278374011,0.18998284257712628,1.135311762840872,-0.3576567865791416,0.10165685528684976,0.4156621442485592,0.45931364186599133,greedy,1DI9+1KV2+1W82,0.5173189995354089,1DI9+1KV1+1KV2,0.5972082626171877,0.45931364186599133,1DI9+1KV1+1KV2,1DI9+1KV1+1KV2,1DI9+1KV2+1W82,bootstrap_seed=0,e1_smoke3,single,0.38215563935986013,1DI9,0.38215563935986013,0.41768899605433407,0.7350260416666666,2.5,1.6666666666666665,1.6666666666666665
MK14,primary,1,rrf,3,120,24,455,pr_auc,0.05800535766941761,0.0766386072984368,0.1003603766267901,0.05291683797008351,-0.00845780006389709,0.06750445983811995,-0.07229039025622491,0.18987305278374011,0.18998284257712628,1.135311762840872,-0.3576567865791416,0.10165685528684976,0.4156621442485592,0.45931364186599133,greedy,1DI9+1KV2+1W82,0.5173189995354089,1DI9+1KV1+1KV2,0.5972082626171877,0.45931364186599133,1DI9+1KV1+1KV2,1DI9+1KV1+1KV2,1DI9+1KV2+1W82,bootstrap_seed=0,e1_smoke3,train_selected,0.45931364186599133,1DI9+1KV2+1W82,0.45931364186599133,0.57204157587473,0.7404513888888888,5.0,3.333333333333333,2.0833333333333335
MK14,primary,1,zmean,2,120,24,105,pr_auc,0.0,-0.049549452621782675,-0.08117056724169791,-0.01792833800186744,-0.15399751361343028,0.06769748559257795,0.01679677484809135,0.2732857168735868,0.19052608937312265,-0.7319245639341007,-0.4224415933276548,0.10873397950236191,0.4224415933276548,0.5311755728300167,greedy,1DI9+1KV2,0.5311755728300167,1DI9+1KV2,0.6149519869893083,0.5311755728300167,1KV2+1M7Q,11OY+1KV2,1DI9+1KV2,bootstrap_seed=0,e1_smoke3,oracle,0.5311755728300167,1DI9+1KV2,0.4938005195178163,0.6637599336376601,0.7413194444444444,5.0,4.166666666666667,2.9166666666666665
MK14,primary,1,zmean,2,120,24,105,pr_auc,0.0,-0.049549452621782675,-0.08117056724169791,-0.01792833800186744,-0.15399751361343028,0.06769748559257795,0.01679677484809135,0.2732857168735868,0.19052608937312265,-0.7319245639341007,-0.4224415933276548,0.10873397950236191,0.4224415933276548,0.5311755728300167,greedy,1DI9+1KV2,0.5311755728300167,1DI9+1KV2,0.6149519869893083,0.5311755728300167,1KV2+1M7Q,11OY+1KV2,1DI9+1KV2,bootstrap_seed=0,e1_smoke3,ref,0.5311755728300167,1DI9+1KV2,0.5311755728300167,0.7145005336843288,0.7482638888888888,5.0,5.0,2.9166666666666665
MK14,primary,1,zmean,2,120,24,105,pr_auc,0.0,-0.049549452621782675,-0.08117056724169791,-0.01792833800186744,-0.15399751361343028,0.06769748559257795,0.01679677484809135,0.2732857168735868,0.19052608937312265,-0.7319245639341007,-0.4224415933276548,0.10873397950236191,0.4224415933276548,0.5311755728300167,greedy,1DI9+1KV2,0.5311755728300167,1DI9+1KV2,0.6149519869893083,0.5311755728300167,1KV2+1M7Q,11OY+1KV2,1DI9+1KV2,bootstrap_seed=0,e1_smoke3,greedy,0.5311755728300167,1DI9+1KV2,0.5311755728300167,0.7145005336843288,0.7482638888888888,5.0,5.0,2.9166666666666665
MK14,primary,1,zmean,2,120,24,105,pr_auc,0.0,-0.049549452621782675,-0.08117056724169791,-0.01792833800186744,-0.15399751361343028,0.06769748559257795,0.01679677484809135,0.2732857168735868,0.19052608937312265,-0.7319245639341007,-0.4224415933276548,0.10873397950236191,0.4224415933276548,0.5311755728300167,greedy,1DI9+1KV2,0.5311755728300167,1DI9+1KV2,0.6149519869893083,0.5311755728300167,1KV2+1M7Q,11OY+1KV2,1DI9+1KV2,bootstrap_seed=0,e1_smoke3,single,0.3777867443659651,1DI9,0.3777867443659651,0.4066113010382992,0.7348090277777778,2.5,1.6666666666666665,1.6666666666666665
MK14,primary,1,zmean,2,120,24,105,pr_auc,0.0,-0.049549452621782675,-0.08117056724169791,-0.01792833800186744,-0.15399751361343028,0.06769748559257795,0.01679677484809135,0.2732857168735868,0.19052608937312265,-0.7319245639341007,-0.4224415933276548,0.10873397950236191,0.4224415933276548,0.5311755728300167,greedy,1DI9+1KV2,0.5311755728300167,1DI9+1KV2,0.6149519869893083,0.5311755728300167,1KV2+1M7Q,11OY+1KV2,1DI9+1KV2,bootstrap_seed=0,e1_smoke3,train_selected,0.5311755728300167,1DI9+1KV2,0.5311755728300167,0.7145005336843288,0.7482638888888888,5.0,5.0,2.9166666666666665
MK14,primary,1,zmean,3,120,24,455,pr_auc,0.0603524852143979,0.026095476874107543,0.04580592325496008,0.006385030493255006,-0.09018587929443254,0.07616779666477169,-0.08416766432230985,0.1908927475247935,0.2143647183891443,0.34260511681804945,-0.3596044995080786,0.0973441604556215,0.4199569847224765,0.4569486599637001,greedy,1DI9+1KV2+1W82,0.517301145178098,1DI9+1KV2+1OUY,0.5992429643874674,0.4569486599637001,1DI9+1KV2+1OUY,1DI9+1KV2+1W83,1DI9+1KV2+1W82,bootstrap_seed=0,e1_smoke3,oracle,0.517301145178098,1DI9+1KV2+1OUY,0.517301145178098,0.6729981111580984,0.7725694444444444,5.0,4.166666666666667,3.333333333333333
MK14,primary,1,zmean,3,120,24,455,pr_auc,0.0603524852143979,0.026095476874107543,0.04580592325496008,0.006385030493255006,-0.09018587929443254,0.07616779666477169,-0.08416766432230985,0.1908927475247935,0.2143647183891443,0.34260511681804945,-0.3596044995080786,0.0973441604556215,0.4199569847224765,0.4569486599637001,greedy,1DI9+1KV2+1W82,0.517301145178098,1DI9+1KV2+1OUY,0.5992429643874674,0.4569486599637001,1DI9+1KV2+1OUY,1DI9+1KV2+1W83,1DI9+1KV2+1W82,bootstrap_seed=0,e1_smoke3,ref,0.4569486599637001,1DI9+1KV2+1W82,0.4569486599637001,0.5650924965941343,0.7391493055555556,5.0,2.5,2.5
MK14,primary,1,zmean,3,120,24,455,pr_auc,0.0603524852143979,0.026095476874107543,0.04580592325496008,0.006385030493255006,-0.09018587929443254,0.07616779666477169,-0.08416766432230985,0.1908927475247935,0.2143647183891443,0.34260511681804945,-0.3596044995080786,0.0973441604556215,0.4199569847224765,0.4569486599637001,greedy,1DI9+1KV2+1W82,0.517301145178098,1DI9+1KV2+1OUY,0.5992429643874674,0.4569486599637001,1DI9+1KV2+1OUY,1DI9+1KV2+1W83,1DI9+1KV2+1W82,bootstrap_seed=0,e1_smoke3,greedy,0.4569486599637001,1DI9+1KV2+1W82,0.4569486599637001,0.5650924965941343,0.7391493055555556,5.0,2.5,2.5
MK14,primary,1,zmean,3,120,24,455,pr_auc,0.0603524852143979,0.026095476874107543,0.04580592325496008,0.006385030493255006,-0.09018587929443254,0.07616779666477169,-0.08416766432230985,0.1908927475247935,0.2143647183891443,0.34260511681804945,-0.3596044995080786,0.0973441604556215,0.4199569847224765,0.4569486599637001,greedy,1DI9+1KV2+1W82,0.517301145178098,1DI9+1KV2+1OUY,0.5992429643874674,0.4569486599637001,1DI9+1KV2+1OUY,1DI9+1KV2+1W83,1DI9+1KV2+1W82,bootstrap_seed=0,e1_smoke3,single,0.3777867443659651,1DI9,0.3777867443659651,0.4066113010382992,0.7348090277777778,2.5,1.6666666666666665,1.6666666666666665
MK14,primary,1,zmean,3,120,24,455,pr_auc,0.0603524852143979,0.026095476874107543,0.04580592325496008,0.006385030493255006,-0.09018587929443254,0.07616779666477169,-0.08416766432230985,0.1908927475247935,0.2143647183891443,0.34260511681804945,-0.3596044995080786,0.0973441604556215,0.4199569847224765,0.4569486599637001,greedy,1DI9+1KV2+1W82,0.517301145178098,1DI9+1KV2+1OUY,0.5992429643874674,0.4569486599637001,1DI9+1KV2+1OUY,1DI9+1KV2+1W83,1DI9+1KV2+1W82,bootstrap_seed=0,e1_smoke3,train_selected,0.4569486599637001,1DI9+1KV2+1W82,0.4569486599637001,0.5650924965941343,0.7391493055555556,5.0,2.5,2.5
MK14,primary,2,gmean,2,120,24,105,pr_auc,0.12936877635132993,0.10899049763513052,0.06734324557328786,0.1506377496969732,-0.0451830326860936,0.05021476922021516,0.013219506987604537,0.196266463484068,0.14129639569479427,2.170486877220453,-0.22763224944419835,0.29914710090970476,0.3570010257955283,0.5267793503539031,greedy,1DI9+1KV2,0.656148126705233,1DI9+1W82,0.5849951509999688,0.5267793503539031,1DI9+1W82,1R39+1W82,1DI9+1KV2,bootstrap_seed=0,e1_smoke3,oracle,0.656148126705233,1DI9+1W82,0.656148126705233,0.8061100575338367,0.8394097222222222,5.0,5.0,3.75
MK14,primary,2,gmean,2,120,24,105,pr_auc,0.12936877635132993,0.10899049763513052,0.06734324557328786,0.1506377496969732,-0.0451830326860936,0.05021476922021516,0.013219506987604537,0.196266463484068,0.14129639569479427,2.170486877220453,-0.22763224944419835,0.29914710090970476,0.3570010257955283,0.5267793503539031,greedy,1DI9+1KV2,0.656148126705233,1DI9+1W82,0.5849951509999688,0.5267793503539031,1DI9+1W82,1R39+1W82,1DI9+1KV2,bootstrap_seed=0,e1_smoke3,ref,0.5267793503539031,1DI9+1KV2,0.5267793503539031,0.6420785539406414,0.7964409722222222,5.0,3.333333333333333,2.9166666666666665
MK14,primary,2,gmean,2,120,24,105,pr_auc,0.12936877635132993,0.10899049763513052,0.06734324557328786,0.1506377496969732,-0.0451830326860936,0.05021476922021516,0.013219506987604537,0.196266463484068,0.14129639569479427,2.170486877220453,-0.22763224944419835,0.29914710090970476,0.3570010257955283,0.5267793503539031,greedy,1DI9+1KV2,0.656148126705233,1DI9+1W82,0.5849951509999688,0.5267793503539031,1DI9+1W82,1R39+1W82,1DI9+1KV2,bootstrap_seed=0,e1_smoke3,greedy,0.5267793503539031,1DI9+1KV2,0.5267793503539031,0.6420785539406414,0.7964409722222222,5.0,3.333333333333333,2.9166666666666665
MK14,primary,2,gmean,2,120,24,105,pr_auc,0.12936877635132993,0.10899049763513052,0.06734324557328786,0.1506377496969732,-0.0451830326860936,0.05021476922021516,0.013219506987604537,0.196266463484068,0.14129639569479427,2.170486877220453,-0.22763224944419835,0.29914710090970476,0.3570010257955283,0.5267793503539031,greedy,1DI9+1KV2,0.656148126705233,1DI9+1W82,0.5849951509999688,0.5267793503539031,1DI9+1W82,1R39+1W82,1DI9+1KV2,bootstrap_seed=0,e1_smoke3,single,0.42670520267132767,1KV2,0.42670520267132767,0.5253509755883278,0.724609375,5.0,3.333333333333333,2.0833333333333335
MK14,primary,2,gmean,2,120,24,105,pr_auc,0.12936877635132993,0.10899049763513052,0.06734324557328786,0.1506377496969732,-0.0451830326860936,0.05021476922021516,0.013219506987604537,0.196266463484068,0.14129639569479427,2.170486877220453,-0.22763224944419835,0.29914710090970476,0.3570010257955283,0.5267793503539031,greedy,1DI9+1KV2,0.656148126705233,1DI9+1W82,0.5849951509999688,0.5267793503539031,1DI9+1W82,1R39+1W82,1DI9+1KV2,bootstrap_seed=0,e1_smoke3,train_selected,0.5267793503539031,1DI9+1KV2,0.5267793503539031,0.6420785539406414,0.7964409722222222,5.0,3.333333333333333,2.9166666666666665
MK14,primary,2,gmean,3,120,24,455,pr_auc,0.1397329687253963,0.08534721294588082,0.052143459817386995,0.11855096607437465,-0.084832206008517,0.07686245822376868,-0.01176827791856497,0.2846682736934119,0.21627876578765806,1.1103888025206088,-0.24232866348209248,0.30946055620253354,0.3820616322074888,0.551789219684626,greedy,11OY+1DI9+1KV2,0.6915221884100223,1DI9+1R39+1W82,0.5891577558247967,0.551789219684626,1DI9+1R39+1W82,1BL7+1DI9+1W82,11OY+1DI9+1KV2,bootstrap_seed=0,e1_smoke3,oracle,0.6915221884100223,1DI9+1R39+1W82,0.6915221884100223,0.8655857331984822,0.8350694444444444,5.0,5.0,4.166666666666667
MK14,primary,2,gmean,3,120,24,455,pr_auc,0.1397329687253963,0.08534721294588082,0.052143459817386995,0.11855096607437465,-0.084832206008517,0.07686245822376868,-0.01176827791856497,0.2846682736934119,0.21627876578765806,1.1103888025206088,-0.24232866348209248,0.30946055620253354,0.3820616322074888,0.551789219684626,greedy,11OY+1DI9+1KV2,0.6915221884100223,1DI9+1R39+1W82,0.5891577558247967,0.551789219684626,1DI9+1R39+1W82,1BL7+1DI9+1W82,11OY+1DI9+1KV2,bootstrap_seed=0,e1_smoke3,ref,0.551789219684626,11OY+1DI9+1KV2,0.551789219684626,0.6897152438833802,0.80078125,5.0,4.166666666666667,2.9166666666666665
MK14,primary,2,gmean,3,120,24,455,pr_auc,0.1397329687253963,0.08534721294588082,0.052143459817386995,0.11855096607437465,-0.084832206008517,0.07686245822376868,-0.01176827791856497,0.2846682736934119,0.21627876578765806,1.1103888025206088,-0.24232866348209248,0.30946055620253354,0.3820616322074888,0.551789219684626,greedy,11OY+1DI9+1KV2,0.6915221884100223,1DI9+1R39+1W82,0.5891577558247967,0.551789219684626,1DI9+1R39+1W82,1BL7+1DI9+1W82,11OY+1DI9+1KV2,bootstrap_seed=0,e1_smoke3,greedy,0.551789219684626,11OY+1DI9+1KV2,0.551789219684626,0.6897152438833802,0.80078125,5.0,4.166666666666667,2.9166666666666665
MK14,primary,2,gmean,3,120,24,455,pr_auc,0.1397329687253963,0.08534721294588082,0.052143459817386995,0.11855096607437465,-0.084832206008517,0.07686245822376868,-0.01176827791856497,0.2846682736934119,0.21627876578765806,1.1103888025206088,-0.24232866348209248,0.30946055620253354,0.3820616322074888,0.551789219684626,greedy,11OY+1DI9+1KV2,0.6915221884100223,1DI9+1R39+1W82,0.5891577558247967,0.551789219684626,1DI9+1R39+1W82,1BL7+1DI9+1W82,11OY+1DI9+1KV2,bootstrap_seed=0,e1_smoke3,single,0.42670520267132767,1KV2,0.42670520267132767,0.5253509755883278,0.724609375,5.0,3.333333333333333,2.0833333333333335
MK14,primary,2,gmean,3,120,24,455,pr_auc,0.1397329687253963,0.08534721294588082,0.052143459817386995,0.11855096607437465,-0.084832206008517,0.07686245822376868,-0.01176827791856497,0.2846682736934119,0.21627876578765806,1.1103888025206088,-0.24232866348209248,0.30946055620253354,0.3820616322074888,0.551789219684626,greedy,11OY+1DI9+1KV2,0.6915221884100223,1DI9+1R39+1W82,0.5891577558247967,0.551789219684626,1DI9+1R39+1W82,1BL7+1DI9+1W82,11OY+1DI9+1KV2,bootstrap_seed=0,e1_smoke3,train_selected,0.551789219684626,11OY+1DI9+1KV2,0.551789219684626,0.6897152438833802,0.80078125,5.0,4.166666666666667,2.9166666666666665
MK14,primary,2,hmean,2,120,24,105,pr_auc,0.14945519065413237,0.13128998615693802,0.059635207601090756,0.20294476471278527,-0.04260229417206717,0.04050717276581903,0.0198004534816077,0.1680328776905495,0.11398075905708674,3.2411540276077675,-0.21717104631292,0.28837504237326056,0.3666262369670524,0.5055460886861806,greedy,1DI9+1KV2,0.6550012793403129,1DI9+1W82,0.5755181221052342,0.5055460886861806,1DI9+1W82,1R39+1W82,1DI9+1KV2,bootstrap_seed=0,e1_smoke3,oracle,0.6550012793403129,1DI9+1W82,0.6550012793403129,0.8044040046900185,0.8385416666666666,5.0,5.0,3.333333333333333
MK14,primary,2,hmean,2,120,24,105,pr_auc,0.14945519065413237,0.13128998615693802,0.059635207601090756,0.20294476471278527,-0.04260229417206717,0.04050717276581903,0.0198004534816077,0.1680328776905495,0.11398075905708674,3.2411540276077675,-0.21717104631292,0.28837504237326056,0.3666262369670524,0.5055460886861806,greedy,1DI9+1KV2,0.6550012793403129,1DI9+1W82,0.5755181221052342,0.5055460886861806,1DI9+1W82,1R39+1W82,1DI9+1KV2,bootstrap_seed=0,e1_smoke3,ref,0.5055460886861806,1DI9+1KV2,0.5055460886861806,0.6063202122739021,0.79296875,5.0,3.333333333333333,2.5
MK14,primary,2,hmean,2,120,24,105,pr_auc,0.14945519065413237,0.13128998615693802,0.059635207601090756,0.20294476471278527,-0.04260229417206717,0.04050717276581903,0.0198004534816077,0.1680328776905495,0.11398075905708674,3.2411540276077675,-0.21717104631292,0.28837504237326056,0.3666262369670524,0.5055460886861806,greedy,1DI9+1KV2,0.6550012793403129,1DI9+1W82,0.5755181221052342,0.5055460886861806,1DI9+1W82,1R39+1W82,1DI9+1KV2,bootstrap_seed=0,e1_smoke3,greedy,0.5055460886861806,1DI9+1KV2,0.5055460886861806,0.6063202122739021,0.79296875,5.0,3.333333333333333,2.5
MK14,primary,2,hmean,2,120,24,105,pr_auc,0.14945519065413237,0.13128998615693802,0.059635207601090756,0.20294476471278527,-0.04260229417206717,0.04050717276581903,0.0198004534816077,0.1680328776905495,0.11398075905708674,3.2411540276077675,-0.21717104631292,0.28837504237326056,0.3666262369670524,0.5055460886861806,greedy,1DI9+1KV2,0.6550012793403129,1DI9+1W82,0.5755181221052342,0.5055460886861806,1DI9+1W82,1R39+1W82,1DI9+1KV2,bootstrap_seed=0,e1_smoke3,single,0.42670520267132767,1KV2,0.42670520267132767,0.5253509755883278,0.724609375,5.0,3.333333333333333,2.0833333333333335
MK14,primary,2,hmean,2,120,24,105,pr_auc,0.14945519065413237,0.13128998615693802,0.059635207601090756,0.20294476471278527,-0.04260229417206717,0.04050717276581903,0.0198004534816077,0.1680328776905495,0.11398075905708674,3.2411540276077675,-0.21717104631292,0.28837504237326056,0.3666262369670524,0.5055460886861806,greedy,1DI9+1KV2,0.6550012793403129,1DI9+1W82,0.5755181221052342,0.5055460886861806,1DI9+1W82,1R39+1W82,1DI9+1KV2,bootstrap_seed=0,e1_smoke3,train_selected,0.5055460886861806,1DI9+1KV2,0.5055460886861806,0.6063202122739021,0.79296875,5.0,3.333333333333333,2.5
MK14,primary,2,hmean,3,120,24,455,pr_auc,0.1464284105645578,0.09630341207660742,0.048616498117694196,0.14399032603552064,-0.08238563667083515,0.06357793762361402,-0.0012732619365405503,0.2667269964853833,0.17889823196297117,1.5147300412091151,-0.2329933212514833,0.3087213371618772,0.3794217318160411,0.5417146584133605,greedy,11OY+1DI9+1KV2,0.6881430689779183,1DI9+1R39+1W82,0.592137884603776,0.5417146584133605,1DI9+1R39+1W82,1BL7+1DI9+1W82,11OY+1DI9+1KV2,bootstrap_seed=0,e1_smoke3,oracle,0.6881430689779183,1DI9+1R39+1W82,0.6881430689779183,0.8617061637309579,0.8337673611111112,5.0,5.0,4.166666666666667
MK14,primary,2,hmean,3,120,24,455,pr_auc,0.1464284105645578,0.09630341207660742,0.048616498117694196,0.14399032603552064,-0.08238563667083515,0.06357793762361402,-0.0012732619365405503,0.2667269964853833,0.17889823196297117,1.5147300412091151,-0.2329933212514833,0.3087213371618772,0.3794217318160411,0.5417146584133605,greedy,11OY+1DI9+1KV2,0.6881430689779183,1DI9+1R39+1W82,0.592137884603776,0.5417146584133605,1DI9+1R39+1W82,1BL7+1DI9+1W82,11OY+1DI9+1KV2,bootstrap_seed=0,e1_smoke3,ref,0.5417146584133605,11OY+1DI9+1KV2,0.5417146584133605,0.6629974651115151,0.8012152777777778,5.0,3.333333333333333,2.9166666666666665
MK14,primary,2,hmean,3,120,24,455,pr_auc,0.1464284105645578,0.09630341207660742,0.048616498117694196,0.14399032603552064,-0.08238563667083515,0.06357793762361402,-0.0012732619365405503,0.2667269964853833,0.17889823196297117,1.5147300412091151,-0.2329933212514833,0.3087213371618772,0.3794217318160411,0.5417146584133605,greedy,11OY+1DI9+1KV2,0.6881430689779183,1DI9+1R39+1W82,0.592137884603776,0.5417146584133605,1DI9+1R39+1W82,1BL7+1DI9+1W82,11OY+1DI9+1KV2,bootstrap_seed=0,e1_smoke3,greedy,0.5417146584133605,11OY+1DI9+1KV2,0.5417146584133605,0.6629974651115151,0.8012152777777778,5.0,3.333333333333333,2.9166666666666665
MK14,primary,2,hmean,3,120,24,455,pr_auc,0.1464284105645578,0.09630341207660742,0.048616498117694196,0.14399032603552064,-0.08238563667083515,0.06357793762361402,-0.0012732619365405503,0.2667269964853833,0.17889823196297117,1.5147300412091151,-0.2329933212514833,0.3087213371618772,0.3794217318160411,0.5417146584133605,greedy,11OY+1DI9+1KV2,0.6881430689779183,1DI9+1R39+1W82,0.592137884603776,0.5417146584133605,1DI9+1R39+1W82,1BL7+1DI9+1W82,11OY+1DI9+1KV2,bootstrap_seed=0,e1_smoke3,single,0.42670520267132767,1KV2,0.42670520267132767,0.5253509755883278,0.724609375,5.0,3.333333333333333,2.0833333333333335
MK14,primary,2,hmean,3,120,24,455,pr_auc,0.1464284105645578,0.09630341207660742,0.048616498117694196,0.14399032603552064,-0.08238563667083515,0.06357793762361402,-0.0012732619365405503,0.2667269964853833,0.17889823196297117,1.5147300412091151,-0.2329933212514833,0.3087213371618772,0.3794217318160411,0.5417146584133605,greedy,11OY+1DI9+1KV2,0.6881430689779183,1DI9+1R39+1W82,0.592137884603776,0.5417146584133605,1DI9+1R39+1W82,1BL7+1DI9+1W82,11OY+1DI9+1KV2,bootstrap_seed=0,e1_smoke3,train_selected,0.5417146584133605,11OY+1DI9+1KV2,0.5417146584133605,0.6629974651115151,0.8012152777777778,5.0,3.333333333333333,2.9166666666666665
MK14,primary,2,max,2,120,24,105,pr_auc,0.24145182333453546,0.13027123286861916,-0.0786099831406713,0.33915244887790963,-0.04271707160560521,0.07751829802920604,-0.2728910952956569,0.011081545415405692,0.21812419497314492,1.6805223564059386,-0.15789911436348042,0.26880608830784725,0.3993509376980159,0.42670520267132767,single,1KV2,0.6681570260058631,1A9U+1DI9,0.5109852013943788,0.29673419353406955,1DI9+1W83,1A9U+1DI9,1KV1+1KV2,bootstrap_seed=0,e1_smoke3,oracle,0.6681570260058631,1A9U+1DI9,0.5762938717046212,0.7183643574326836,0.8107638888888888,5.0,4.166666666666667,3.333333333333333
MK14,primary,2,max,2,120,24,105,pr_auc,0.24145182333453546,0.13027123286861916,-0.0786099831406713,0.33915244887790963,-0.04271707160560521,0.07751829802920604,-0.2728910952956569,0.011081545415405692,0.21812419497314492,1.6805223564059386,-0.15789911436348042,0.26880608830784725,0.3993509376980159,0.42670520267132767,single,1KV2,0.6681570260058631,1A9U+1DI9,0.5109852013943788,0.29673419353406955,1DI9+1W83,1A9U+1DI9,1KV1+1KV2,bootstrap_seed=0,e1_smoke3,ref,0.42670520267132767,1KV2,0.42670520267132767,0.5253509755883278,0.724609375,5.0,3.333333333333333,2.0833333333333335
MK14,primary,2,max,2,120,24,105,pr_auc,0.24145182333453546,0.13027123286861916,-0.0786099831406713,0.33915244887790963,-0.04271707160560521,0.07751829802920604,-0.2728910952956569,0.011081545415405692,0.21812419497314492,1.6805223564059386,-0.15789911436348042,0.26880608830784725,0.3993509376980159,0.42670520267132767,single,1KV2,0.6681570260058631,1A9U+1DI9,0.5109852013943788,0.29673419353406955,1DI9+1W83,1A9U+1DI9,1KV1+1KV2,bootstrap_seed=0,e1_smoke3,greedy,0.29673419353406955,1KV1+1KV2,0.29673419353406955,0.2589480232791438,0.6529947916666666,0.0,0.8333333333333333,1.6666666666666665
MK14,primary,2,max,2,120,24,105,pr_auc,0.24145182333453546,0.13027123286861916,-0.0786099831406713,0.33915244887790963,-0.04271707160560521,0.07751829802920604,-0.2728910952956569,0.011081545415405692,0.21812419497314492,1.6805223564059386,-0.15789911436348042,0.26880608830784725,0.3993509376980159,0.42670520267132767,single,1KV2,0.6681570260058631,1A9U+1DI9,0.5109852013943788,0.29673419353406955,1DI9+1W83,1A9U+1DI9,1KV1+1KV2,bootstrap_seed=0,e1_smoke3,single,0.42670520267132767,1KV2,0.42670520267132767,0.5253509755883278,0.724609375,5.0,3.333333333333333,2.0833333333333335
MK14,primary,2,max,2,120,24,105,pr_auc,0.24145182333453546,0.13027123286861916,-0.0786099831406713,0.33915244887790963,-0.04271707160560521,0.07751829802920604,-0.2728910952956569,0.011081545415405692,0.21812419497314492,1.6805223564059386,-0.15789911436348042,0.26880608830784725,0.3993509376980159,0.42670520267132767,single,1KV2,0.6681570260058631,1A9U+1DI9,0.5109852013943788,0.29673419353406955,1DI9+1W83,1A9U+1DI9,1KV1+1KV2,bootstrap_seed=0,e1_smoke3,train_selected,0.29673419353406955,1KV1+1KV2,0.29673419353406955,0.2589480232791438,0.6529947916666666,0.0,0.8333333333333333,1.6666666666666665
MK14,primary,2,max,3,120,24,455,pr_auc,0.24219674225742055,0.1562857597487296,0.01568097538145441,0.2968905441160048,-0.017888697567570156,0.10226749588753944,-0.11141008694053695,0.2864182900091809,0.2877645121153781,1.5282055983906406,-0.16274297844293595,0.2639622242283917,0.4049397207003565,0.42670520267132767,single,1KV2,0.6689019449287482,11OY+1A9U+1DI9,0.5076759396882796,0.5187553546325897,1BL7+1DI9+1W83,1A9U+1DI9+1KV2,1DI9+1KV2+1W83,bootstrap_seed=0,e1_smoke3,oracle,0.6689019449287482,11OY+1A9U+1DI9,0.6258913417502141,0.7960775106996847,0.8170572916666666,5.0,4.166666666666667,4.166666666666667
MK14,primary,2,max,3,120,24,455,pr_auc,0.24219674225742055,0.1562857597487296,0.01568097538145441,0.2968905441160048,-0.017888697567570156,0.10226749588753944,-0.11141008694053695,0.2864182900091809,0.2877645121153781,1.5282055983906406,-0.16274297844293595,0.2639622242283917,0.4049397207003565,0.42670520267132767,single,1KV2,0.6689019449287482,11OY+1A9U+1DI9,0.5076759396882796,0.5187553546325897,1BL7+1DI9+1W83,1A9U+1DI9+1KV2,1DI9+1KV2+1W83,bootstrap_seed=0,e1_smoke3,ref,0.42670520267132767,1KV2,0.42670520267132767,0.5253509755883278,0.724609375,5.0,3.333333333333333,2.0833333333333335
MK14,primary,2,max,3,120,24,455,pr_auc,0.24219674225742055,0.1562857597487296,0.01568097538145441,0.2968905441160048,-0.017888697567570156,0.10226749588753944,-0.11141008694053695,0.2864182900091809,0.2877645121153781,1.5282055983906406,-0.16274297844293595,0.2639622242283917,0.4049397207003565,0.42670520267132767,single,1KV2,0.6689019449287482,11OY+1A9U+1DI9,0.5076759396882796,0.5187553546325897,1BL7+1DI9+1W83,1A9U+1DI9+1KV2,1DI9+1KV2+1W83,bootstrap_seed=0,e1_smoke3,greedy,0.5338009253417846,1DI9+1KV1+1KV2,0.5338009253417846,0.7043031429337837,0.7575954861111112,5.0,4.166666666666667,3.333333333333333
MK14,primary,2,max,3,120,24,455,pr_auc,0.24219674225742055,0.1562857597487296,0.01568097538145441,0.2968905441160048,-0.017888697567570156,0.10226749588753944,-0.11141008694053695,0.2864182900091809,0.2877645121153781,1.5282055983906406,-0.16274297844293595,0.2639622242283917,0.4049397207003565,0.42670520267132767,single,1KV2,0.6689019449287482,11OY+1A9U+1DI9,0.5076759396882796,0.5187553546325897,1BL7+1DI9+1W83,1A9U+1DI9+1KV2,1DI9+1KV2+1W83,bootstrap_seed=0,e1_smoke3,single,0.42670520267132767,1KV2,0.42670520267132767,0.5253509755883278,0.724609375,5.0,3.333333333333333,2.0833333333333335
MK14,primary,2,max,3,120,24,455,pr_auc,0.24219674225742055,0.1562857597487296,0.01568097538145441,0.2968905441160048,-0.017888697567570156,0.10226749588753944,-0.11141008694053695,0.2864182900091809,0.2877645121153781,1.5282055983906406,-0.16274297844293595,0.2639622242283917,0.4049397207003565,0.42670520267132767,single,1KV2,0.6689019449287482,11OY+1A9U+1DI9,0.5076759396882796,0.5187553546325897,1BL7+1DI9+1W83,1A9U+1DI9+1KV2,1DI9+1KV2+1W83,bootstrap_seed=0,e1_smoke3,train_selected,0.5187553546325897,1DI9+1KV2+1W83,0.5187553546325897,0.6416453915628366,0.8042534722222222,2.5,3.333333333333333,3.333333333333333
MK14,primary,2,mean,2,120,24,105,pr_auc,0.09617416394915246,0.08295377893698191,0.04837033645245448,0.11753722142150935,-0.05864160671493113,0.05742968279702444,0.030222807220538928,0.243551872603968,0.16159801809560354,1.4444408343707573,-0.265641248624472,0.2902446113297136,0.3618154125736245,0.5558858599541856,greedy,1DI9+1KV2,0.6520600239033381,1DI9+1W82,0.5904464464955106,0.5558858599541856,1DI9+1W82,1R39+1W82,1DI9+1KV2,bootstrap_seed=0,e1_smoke3,oracle,0.6520600239033381,1DI9+1W82,0.6520600239033381,0.8015204370615456,0.8385416666666666,5.0,5.0,3.75
MK14,primary,2,mean,2,120,24,105,pr_auc,0.09617416394915246,0.08295377893698191,0.04837033645245448,0.11753722142150935,-0.05864160671493113,0.05742968279702444,0.030222807220538928,0.243551872603968,0.16159801809560354,1.4444408343707573,-0.265641248624472,0.2902446113297136,0.3618154125736245,0.5558858599541856,greedy,1DI9+1KV2,0.6520600239033381,1DI9+1W82,0.5904464464955106,0.5558858599541856,1DI9+1W82,1R39+1W82,1DI9+1KV2,bootstrap_seed=0,e1_smoke3,ref,0.5558858599541856,1DI9+1KV2,0.5558858599541856,0.6910414902593961,0.8009982638888888,5.0,4.166666666666667,2.9166666666666665
MK14,primary,2,mean,2,120,24,105,pr_auc,0.09617416394915246,0.08295377893698191,0.04837033645245448,0.11753722142150935,-0.05864160671493113,0.05742968279702444,0.030222807220538928,0.243551872603968,0.16159801809560354,1.4444408343707573,-0.265641248624472,0.2902446113297136,0.3618154125736245,0.5558858599541856,greedy,1DI9+1KV2,0.6520600239033381,1DI9+1W82,0.5904464464955106,0.5558858599541856,1DI9+1W82,1R39+1W82,1DI9+1KV2,bootstrap_seed=0,e1_smoke3,greedy,0.5558858599541856,1DI9+1KV2,0.5558858599541856,0.6910414902593961,0.8009982638888888,5.0,4.166666666666667,2.9166666666666665
MK14,primary,2,mean,2,120,24,105,pr_auc,0.09617416394915246,0.08295377893698191,0.04837033645245448,0.11753722142150935,-0.05864160671493113,0.05742968279702444,0.030222807220538928,0.243551872603968,0.16159801809560354,1.4444408343707573,-0.265641248624472,0.2902446113297136,0.3618154125736245,0.5558858599541856,greedy,1DI9+1KV2,0.6520600239033381,1DI9+1W82,0.5904464464955106,0.5558858599541856,1DI9+1W82,1R39+1W82,1DI9+1KV2,bootstrap_seed=0,e1_smoke3,single,0.42670520267132767,1KV2,0.42670520267132767,0.5253509755883278,0.724609375,5.0,3.333333333333333,2.0833333333333335
MK14,primary,2,mean,2,120,24,105,pr_auc,0.09617416394915246,0.08295377893698191,0.04837033645245448,0.11753722142150935,-0.05864160671493113,0.05742968279702444,0.030222807220538928,0.243551872603968,0.16159801809560354,1.4444408343707573,-0.265641248624472,0.2902446113297136,0.3618154125736245,0.5558858599541856,greedy,1DI9+1KV2,0.6520600239033381,1DI9+1W82,0.5904464464955106,0.5558858599541856,1DI9+1W82,1R39+1W82,1DI9+1KV2,bootstrap_seed=0,e1_smoke3,train_selected,0.5558858599541856,1DI9+1KV2,0.5558858599541856,0.6910414902593961,0.8009982638888888,5.0,4.166666666666667,2.9166666666666665
MK14,primary,2,mean,3,120,24,455,pr_auc,0.22789193469094304,0.18511604307689655,0.16045557753638312,0.20977650861740998,0.02624332427666403,0.06474742795143934,-0.09725241152467382,0.16162437232450608,0.18218899224501023,2.8590485975092914,-0.1621790925094172,0.28458992526832383,0.39007102720036024,0.44676901777774103,greedy,1DI9+1KV1+1KV2,0.6746609524686841,1DI9+1R39+1W82,0.5724185303848494,0.44676901777774103,1DI9+1R39+1W82,1BL7+1DI9+1W82,1DI9+1KV1+1KV2,bootstrap_seed=0,e1_smoke3,oracle,0.6746609524686841,1DI9+1R39+1W82,0.6746609524686841,0.8425358458560549,0.8315972222222222,5.0,5.0,4.166666666666667
MK14,primary,2,mean,3,120,24,455,pr_auc,0.22789193469094304,0.18511604307689655,0.16045557753638312,0.20977650861740998,0.02624332427666403,0.06474742795143934,-0.09725241152467382,0.16162437232450608,0.18218899224501023,2.8590485975092914,-0.1621790925094172,0.28458992526832383,0.39007102720036024,0.44676901777774103,greedy,1DI9+1KV1+1KV2,0.6746609524686841,1DI9+1R39+1W82,0.5724185303848494,0.44676901777774103,1DI9+1R39+1W82,1BL7+1DI9+1W82,1DI9+1KV1+1KV2,bootstrap_seed=0,e1_smoke3,ref,0.44676901777774103,1DI9+1KV1+1KV2,0.44676901777774103,0.5024390166277141,0.7699652777777778,2.5,2.5,2.0833333333333335
MK14,primary,2,mean,3,120,24,455,pr_auc,0.22789193469094304,0.18511604307689655,0.16045557753638312,0.20977650861740998,0.02624332427666403,0.06474742795143934,-0.09725241152467382,0.16162437232450608,0.18218899224501023,2.8590485975092914,-0.1621790925094172,0.28458992526832383,0.39007102720036024,0.44676901777774103,greedy,1DI9+1KV1+1KV2,0.6746609524686841,1DI9+1R39+1W82,0.5724185303848494,0.44676901777774103,1DI9+1R39+1W82,1BL7+1DI9+1W82,1DI9+1KV1+1KV2,bootstrap_seed=0,e1_smoke3,greedy,0.44676901777774103,1DI9+1KV1+1KV2,0.44676901777774103,0.5024390166277141,0.7699652777777778,2.5,2.5,2.0833333333333335
MK14,primary,2,mean,3,120,24,455,pr_auc,0.22789193469094304,0.18511604307689655,0.16045557753638312,0.20977650861740998,0.02624332427666403,0.06474742795143934,-0.09725241152467382,0.16162437232450608,0.18218899224501023,2.8590485975092914,-0.1621790925094172,0.28458992526832383,0.39007102720036024,0.44676901777774103,greedy,1DI9+1KV1+1KV2,0.6746609524686841,1DI9+1R39+1W82,0.5724185303848494,0.44676901777774103,1DI9+1R39+1W82,1BL7+1DI9+1W82,1DI9+1KV1+1KV2,bootstrap_seed=0,e1_smoke3,single,0.42670520267132767,1KV2,0.42670520267132767,0.5253509755883278,0.724609375,5.0,3.333333333333333,2.0833333333333335
MK14,primary,2,mean,3,120,24,455,pr_auc,0.22789193469094304,0.18511604307689655,0.16045557753638312,0.20977650861740998,0.02624332427666403,0.06474742795143934,-0.09725241152467382,0.16162437232450608,0.18218899224501023,2.8590485975092914,-0.1621790925094172,0.28458992526832383,0.39007102720036024,0.44676901777774103,greedy,1DI9+1KV1+1KV2,0.6746609524686841,1DI9+1R39+1W82,0.5724185303848494,0.44676901777774103,1DI9+1R39+1W82,1BL7+1DI9+1W82,1DI9+1KV1+1KV2,bootstrap_seed=0,e1_smoke3,train_selected,0.44676901777774103,1DI9+1KV1+1KV2,0.44676901777774103,0.5024390166277141,0.7699652777777778,2.5,2.5,2.0833333333333335
MK14,primary,2,min,2,120,24,105,pr_auc,0.06752158828456356,-0.05771631036931604,-0.08643429907391909,-0.028998321664713,-0.1965728858961408,0.05306988860164998,0.013480713484336371,0.235977098600283,0.1493302487651114,-1.087552883378798,-0.3069575494198386,0.20773443372584094,0.37447913770440217,0.5146919831456795,greedy,11OY+1KV2,0.5822135714302431,1OUY+1W82,0.5596729639231839,0.5146919831456795,1DI9+1R39,11OY+1W83,11OY+1KV2,bootstrap_seed=0,e1_smoke3,oracle,0.5822135714302431,1OUY+1W82,0.5772660551135472,0.7387048586997573,0.7814670138888888,5.0,4.166666666666667,3.75
MK14,primary,2,min,2,120,24,105,pr_auc,0.06752158828456356,-0.05771631036931604,-0.08643429907391909,-0.028998321664713,-0.1965728858961408,0.05306988860164998,0.013480713484336371,0.235977098600283,0.1493302487651114,-1.087552883378798,-0.3069575494198386,0.20773443372584094,0.37447913770440217,0.5146919831456795,greedy,11OY+1KV2,0.5822135714302431,1OUY+1W82,0.5596729639231839,0.5146919831456795,1DI9+1R39,11OY+1W83,11OY+1KV2,bootstrap_seed=0,e1_smoke3,ref,0.5146919831456795,11OY+1KV2,0.5146919831456795,0.6222113914177567,0.7907986111111112,5.0,3.333333333333333,3.333333333333333
MK14,primary,2,min,2,120,24,105,pr_auc,0.06752158828456356,-0.05771631036931604,-0.08643429907391909,-0.028998321664713,-0.1965728858961408,0.05306988860164998,0.013480713484336371,0.235977098600283,0.1493302487651114,-1.087552883378798,-0.3069575494198386,0.20773443372584094,0.37447913770440217,0.5146919831456795,greedy,11OY+1KV2,0.5822135714302431,1OUY+1W82,0.5596729639231839,0.5146919831456795,1DI9+1R39,11OY+1W83,11OY+1KV2,bootstrap_seed=0,e1_smoke3,greedy,0.5146919831456795,11OY+1KV2,0.5146919831456795,0.6222113914177567,0.7907986111111112,5.0,3.333333333333333,3.333333333333333
MK14,primary,2,min,2,120,24,105,pr_auc,0.06752158828456356,-0.05771631036931604,-0.08643429907391909,-0.028998321664713,-0.1965728858961408,0.05306988860164998,0.013480713484336371,0.235977098600283,0.1493302487651114,-1.087552883378798,-0.3069575494198386,0.20773443372584094,0.37447913770440217,0.5146919831456795,greedy,11OY+1KV2,0.5822135714302431,1OUY+1W82,0.5596729639231839,0.5146919831456795,1DI9+1R39,11OY+1W83,11OY+1KV2,bootstrap_seed=0,e1_smoke3,single,0.42670520267132767,1KV2,0.42670520267132767,0.5253509755883278,0.724609375,5.0,3.333333333333333,2.0833333333333335
MK14,primary,2,min,2,120,24,105,pr_auc,0.06752158828456356,-0.05771631036931604,-0.08643429907391909,-0.028998321664713,-0.1965728858961408,0.05306988860164998,0.013480713484336371,0.235977098600283,0.1493302487651114,-1.087552883378798,-0.3069575494198386,0.20773443372584094,0.37447913770440217,0.5146919831456795,greedy,11OY+1KV2,0.5822135714302431,1OUY+1W82,0.5596729639231839,0.5146919831456795,1DI9+1R39,11OY+1W83,11OY+1KV2,bootstrap_seed=0,e1_smoke3,train_selected,0.5146919831456795,11OY+1KV2,0.5146919831456795,0.6222113914177567,0.7907986111111112,5.0,3.333333333333333,3.333333333333333
MK14,primary,2,min,3,120,24,455,pr_auc,0.11822009434456249,0.0037208612220759885,-0.12058284470075864,0.12802456714491062,-0.18937104573714664,0.05290840676613612,0.013177472843296834,0.23262365927047718,0.14887586449365878,0.07032646510265955,-0.26437759451293874,0.24889174377967183,0.38259768885750123,0.5132693382926106,greedy,11OY+1BL7+1KV2,0.631489432637173,1BL6+1OUY+1W82,0.5687484645858578,0.5132693382926106,11OY+1A9U+1W82,1BL7+1M7Q+1W82,11OY+1BL7+1KV2,bootstrap_seed=0,e1_smoke3,oracle,0.631489432637173,1BL6+1OUY+1W82,0.5395719831717989,0.6776119149842159,0.791015625,5.0,3.333333333333333,2.9166666666666665
MK14,primary,2,min,3,120,24,455,pr_auc,0.11822009434456249,0.0037208612220759885,-0.12058284470075864,0.12802456714491062,-0.18937104573714664,0.05290840676613612,0.013177472843296834,0.23262365927047718,0.14887586449365878,0.07032646510265955,-0.26437759451293874,0.24889174377967183,0.38259768885750123,0.5132693382926106,greedy,11OY+1BL7+1KV2,0.631489432637173,1BL6+1OUY+1W82,0.5687484645858578,0.5132693382926106,11OY+1A9U+1W82,1BL7+1M7Q+1W82,11OY+1BL7+1KV2,bootstrap_seed=0,e1_smoke3,ref,0.5132693382926106,11OY+1BL7+1KV2,0.5132693382926106,0.6221759788451868,0.7905815972222222,5.0,3.333333333333333,3.333333333333333
MK14,primary,2,min,3,120,24,455,pr_auc,0.11822009434456249,0.0037208612220759885,-0.12058284470075864,0.12802456714491062,-0.18937104573714664,0.05290840676613612,0.013177472843296834,0.23262365927047718,0.14887586449365878,0.07032646510265955,-0.26437759451293874,0.24889174377967183,0.38259768885750123,0.5132693382926106,greedy,11OY+1BL7+1KV2,0.631489432637173,1BL6+1OUY+1W82,0.5687484645858578,0.5132693382926106,11OY+1A9U+1W82,1BL7+1M7Q+1W82,11OY+1BL7+1KV2,bootstrap_seed=0,e1_smoke3,greedy,0.5132693382926106,11OY+1BL7+1KV2,0.5132693382926106,0.6221759788451868,0.7905815972222222,5.0,3.333333333333333,3.333333333333333
MK14,primary,2,min,3,120,24,455,pr_auc,0.11822009434456249,0.0037208612220759885,-0.12058284470075864,0.12802456714491062,-0.18937104573714664,0.05290840676613612,0.013177472843296834,0.23262365927047718,0.14887586449365878,0.07032646510265955,-0.26437759451293874,0.24889174377967183,0.38259768885750123,0.5132693382926106,greedy,11OY+1BL7+1KV2,0.631489432637173,1BL6+1OUY+1W82,0.5687484645858578,0.5132693382926106,11OY+1A9U+1W82,1BL7+1M7Q+1W82,11OY+1BL7+1KV2,bootstrap_seed=0,e1_smoke3,single,0.42670520267132767,1KV2,0.42670520267132767,0.5253509755883278,0.724609375,5.0,3.333333333333333,2.0833333333333335
MK14,primary,2,min,3,120,24,455,pr_auc,0.11822009434456249,0.0037208612220759885,-0.12058284470075864,0.12802456714491062,-0.18937104573714664,0.05290840676613612,0.013177472843296834,0.23262365927047718,0.14887586449365878,0.07032646510265955,-0.26437759451293874,0.24889174377967183,0.38259768885750123,0.5132693382926106,greedy,11OY+1BL7+1KV2,0.631489432637173,1BL6+1OUY+1W82,0.5687484645858578,0.5132693382926106,11OY+1A9U+1W82,1BL7+1M7Q+1W82,11OY+1BL7+1KV2,bootstrap_seed=0,e1_smoke3,train_selected,0.5132693382926106,11OY+1BL7+1KV2,0.5132693382926106,0.6221759788451868,0.7905815972222222,5.0,3.333333333333333,3.333333333333333
MK14,primary,2,ranksum,2,120,24,105,pr_auc,0.05014126830589938,0.04235912428129851,-0.007388866791172566,0.09210711535376959,-0.10335145201580057,0.0637478795124818,-0.0018916909696775088,0.2624801868253524,0.17937642148265764,0.66447895373531,-0.3413804132064189,0.21526529548928208,0.39152168151231825,0.556645708695701,greedy,1DI9+1KV2,0.6067869770016003,1DI9+1W82,0.5460200892174462,0.556645708695701,1DI9+1R39,1DI9+1W82,1DI9+1KV2,bootstrap_seed=0,e1_smoke3,oracle,0.6067869770016003,1DI9+1W82,0.5903969919271755,0.7623308064041107,0.7801649305555556,5.0,4.166666666666667,4.166666666666667
MK14,primary,2,ranksum,2,120,24,105,pr_auc,0.05014126830589938,0.04235912428129851,-0.007388866791172566,0.09210711535376959,-0.10335145201580057,0.0637478795124818,-0.0018916909696775088,0.2624801868253524,0.17937642148265764,0.66447895373531,-0.3413804132064189,0.21526529548928208,0.39152168151231825,0.556645708695701,greedy,1DI9+1KV2,0.6067869770016003,1DI9+1W82,0.5460200892174462,0.556645708695701,1DI9+1R39,1DI9+1W82,1DI9+1KV2,bootstrap_seed=0,e1_smoke3,ref,0.556645708695701,1DI9+1KV2,0.556645708695701,0.7070491746330166,0.7966579861111112,5.0,4.166666666666667,2.9166666666666665
MK14,primary,2,ranksum,2,120,24,105,pr_auc,0.05014126830589938,0.04235912428129851,-0.007388866791172566,0.09210711535376959,-0.10335145201580057,0.0637478795124818,-0.0018916909696775088,0.2624801868253524,0.17937642148265764,0.66447895373531,-0.3413804132064189,0.21526529548928208,0.39152168151231825,0.556645708695701,greedy,1DI9+1KV2,0.6067869770016003,1DI9+1W82,0.5460200892174462,0.556645708695701,1DI9+1R39,1DI9+1W82,1DI9+1KV2,bootstrap_seed=0,e1_smoke3,greedy,0.556645708695701,1DI9+1KV2,0.556645708695701,0.7070491746330166,0.7966579861111112,5.0,4.166666666666667,2.9166666666666665
MK14,primary,2,ranksum,2,120,24,105,pr_auc,0.05014126830589938,0.04235912428129851,-0.007388866791172566,0.09210711535376959,-0.10335145201580057,0.0637478795124818,-0.0018916909696775088,0.2624801868253524,0.17937642148265764,0.66447895373531,-0.3413804132064189,0.21526529548928208,0.39152168151231825,0.556645708695701,greedy,1DI9+1KV2,0.6067869770016003,1DI9+1W82,0.5460200892174462,0.556645708695701,1DI9+1R39,1DI9+1W82,1DI9+1KV2,bootstrap_seed=0,e1_smoke3,single,0.42836198745913007,1KV2,0.42836198745913007,0.5281055608635091,0.7237413194444444,5.0,3.333333333333333,2.0833333333333335
MK14,primary,2,ranksum,2,120,24,105,pr_auc,0.05014126830589938,0.04235912428129851,-0.007388866791172566,0.09210711535376959,-0.10335145201580057,0.0637478795124818,-0.0018916909696775088,0.2624801868253524,0.17937642148265764,0.66447895373531,-0.3413804132064189,0.21526529548928208,0.39152168151231825,0.556645708695701,greedy,1DI9+1KV2,0.6067869770016003,1DI9+1W82,0.5460200892174462,0.556645708695701,1DI9+1R39,1DI9+1W82,1DI9+1KV2,bootstrap_seed=0,e1_smoke3,train_selected,0.556645708695701,1DI9+1KV2,0.556645708695701,0.7070491746330166,0.7966579861111112,5.0,4.166666666666667,2.9166666666666665
MK14,primary,2,ranksum,3,120,24,455,pr_auc,0.23298130557025348,0.1780960791661603,0.08927422246701627,0.2669179358653043,0.005826504047327861,0.07705904371708751,-0.13688429430198015,0.15335820557309915,0.2168319261841545,2.3111638890824735,-0.16492558183252382,0.25901319888335644,0.3979068874027773,0.42393878071588026,greedy,1DI9+1KV1+1KV2,0.6569200862861337,1DI9+1R39+1W82,0.5437345011824183,0.42393878071588026,1DI9+1R39+1W83,1DI9+1R39+1W82,1DI9+1KV1+1KV2,bootstrap_seed=0,e1_smoke3,oracle,0.6569200862861337,1DI9+1R39+1W82,0.6090532402245096,0.7576653577432167,0.8246527777777778,5.0,4.166666666666667,4.166666666666667
MK14,primary,2,ranksum,3,120,24,455,pr_auc,0.23298130557025348,0.1780960791661603,0.08927422246701627,0.2669179358653043,0.005826504047327861,0.07705904371708751,-0.13688429430198015,0.15335820557309915,0.2168319261841545,2.3111638890824735,-0.16492558183252382,0.25901319888335644,0.3979068874027773,0.42393878071588026,greedy,1DI9+1KV1+1KV2,0.6569200862861337,1DI9+1R39+1W82,0.5437345011824183,0.42393878071588026,1DI9+1R39+1W83,1DI9+1R39+1W82,1DI9+1KV1+1KV2,bootstrap_seed=0,e1_smoke3,ref,0.42393878071588026,1DI9+1KV1+1KV2,0.42393878071588026,0.44363342724968563,0.765625,2.5,1.6666666666666665,2.0833333333333335
MK14,primary,2,ranksum,3,120,24,455,pr_auc,0.23298130557025348,0.1780960791661603,0.08927422246701627,0.2669179358653043,0.005826504047327861,0.07705904371708751,-0.13688429430198015,0.15335820557309915,0.2168319261841545,2.3111638890824735,-0.16492558183252382,0.25901319888335644,0.3979068874027773,0.42393878071588026,greedy,1DI9+1KV1+1KV2,0.6569200862861337,1DI9+1R39+1W82,0.5437345011824183,0.42393878071588026,1DI9+1R39+1W83,1DI9+1R39+1W82,1DI9+1KV1+1KV2,bootstrap_seed=0,e1_smoke3,greedy,0.42393878071588026,1DI9+1KV1+1KV2,0.42393878071588026,0.44363342724968563,0.765625,2.5,1.6666666666666665,2.0833333333333335
MK14,primary,2,ranksum,3,120,24,455,pr_auc,0.23298130557025348,0.1780960791661603,0.08927422246701627,0.2669179358653043,0.005826504047327861,0.07705904371708751,-0.13688429430198015,0.15335820557309915,0.2168319261841545,2.3111638890824735,-0.16492558183252382,0.25901319888335644,0.3979068874027773,0.42393878071588026,greedy,1DI9+1KV1+1KV2,0.6569200862861337,1DI9+1R39+1W82,0.5437345011824183,0.42393878071588026,1DI9+1R39+1W83,1DI9+1R39+1W82,1DI9+1KV1+1KV2,bootstrap_seed=0,e1_smoke3,single,0.42836198745913007,1KV2,0.42836198745913007,0.5281055608635091,0.7237413194444444,5.0,3.333333333333333,2.0833333333333335
MK14,primary,2,ranksum,3,120,24,455,pr_auc,0.23298130557025348,0.1780960791661603,0.08927422246701627,0.2669179358653043,0.005826504047327861,0.07705904371708751,-0.13688429430198015,0.15335820557309915,0.2168319261841545,2.3111638890824735,-0.16492558183252382,0.25901319888335644,0.3979068874027773,0.42393878071588026,greedy,1DI9+1KV1+1KV2,0.6569200862861337,1DI9+1R39+1W82,0.5437345011824183,0.42393878071588026,1DI9+1R39+1W83,1DI9+1R39+1W82,1DI9+1KV1+1KV2,bootstrap_seed=0,e1_smoke3,train_selected,0.42393878071588026,1DI9+1KV1+1KV2,0.42393878071588026,0.44363342724968563,0.765625,2.5,1.6666666666666665,2.0833333333333335
MK14,primary,2,rrf,2,120,24,105,pr_auc,0.05108716387511347,0.02051096826602944,-0.002739700358266761,0.04376163689032564,-0.09835452467081289,0.08189346886848198,0.06037874772478632,0.35305478679625985,0.23043523174058642,0.2504591458809656,-0.3112078167025244,0.31987043173240903,0.36229498057763787,0.6310782484349334,greedy,1DI9+1KV2,0.6821654123100469,1DI9+1W82,0.5677878261347435,0.6310782484349334,1DI9+1W82,1R39+1W82,1DI9+1KV2,bootstrap_seed=0,e1_smoke3,oracle,0.6821654123100469,1DI9+1W82,0.6821654123100469,0.8294753724014143,0.8450520833333334,5.0,4.166666666666667,4.166666666666667
MK14,primary,2,rrf,2,120,24,105,pr_auc,0.05108716387511347,0.02051096826602944,-0.002739700358266761,0.04376163689032564,-0.09835452467081289,0.08189346886848198,0.06037874772478632,0.35305478679625985,0.23043523174058642,0.2504591458809656,-0.3112078167025244,0.31987043173240903,0.36229498057763787,0.6310782484349334,greedy,1DI9+1KV2,0.6821654123100469,1DI9+1W82,0.5677878261347435,0.6310782484349334,1DI9+1W82,1R39+1W82,1DI9+1KV2,bootstrap_seed=0,e1_smoke3,ref,0.6310782484349334,1DI9+1KV2,0.6310782484349334,0.7920047639757247,0.8250868055555556,5.0,4.166666666666667,3.75
MK14,primary,2,rrf,2,120,24,105,pr_auc,0.05108716387511347,0.02051096826602944,-0.002739700358266761,0.04376163689032564,-0.09835452467081289,0.08189346886848198,0.06037874772478632,0.35305478679625985,0.23043523174058642,0.2504591458809656,-0.3112078167025244,0.31987043173240903,0.36229498057763787,0.6310782484349334,greedy,1DI9+1KV2,0.6821654123100469,1DI9+1W82,0.5677878261347435,0.6310782484349334,1DI9+1W82,1R39+1W82,1DI9+1KV2,bootstrap_seed=0,e1_smoke3,greedy,0.6310782484349334,1DI9+1KV2,0.6310782484349334,0.7920047639757247,0.8250868055555556,5.0,4.166666666666667,3.75
MK14,primary,2,rrf,2,120,24,105,pr_auc,0.05108716387511347,0.02051096826602944,-0.002739700358266761,0.04376163689032564,-0.09835452467081289,0.08189346886848198,0.06037874772478632,0.35305478679625985,0.23043523174058642,0.2504591458809656,-0.3112078167025244,0.31987043173240903,0.36229498057763787,0.6310782484349334,greedy,1DI9+1KV2,0.6821654123100469,1DI9+1W82,0.5677878261347435,0.6310782484349334,1DI9+1W82,1R39+1W82,1DI9+1KV2,bootstrap_seed=0,e1_smoke3,single,0.42836198745913007,1KV2,0.42836198745913007,0.5281055608635091,0.7237413194444444,5.0,3.333333333333333,2.0833333333333335
MK14,primary,2,rrf,2,120,24,105,pr_auc,0.05108716387511347,0.02051096826602944,-0.002739700358266761,0.04376163689032564,-0.09835452467081289,0.08189346886848198,0.06037874772478632,0.35305478679625985,0.23043523174058642,0.2504591458809656,-0.3112078167025244,0.31987043173240903,0.36229498057763787,0.6310782484349334,greedy,1DI9+1KV2,0.6821654123100469,1DI9+1W82,0.5677878261347435,0.6310782484349334,1DI9+1W82,1R39+1W82,1DI9+1KV2,bootstrap_seed=0,e1_smoke3,train_selected,0.6310782484349334,1DI9+1KV2,0.6310782484349334,0.7920047639757247,0.8250868055555556,5.0,4.166666666666667,3.75
MK14,primary,2,rrf,3,120,24,455,pr_auc,0.17876345173837216,0.16224634788950626,0.09449562762977037,0.22999706814924215,0.039815000066865974,0.07275742712144767,-0.024933116069561938,0.27580318976458257,0.2047278593913884,2.22996268983897,-0.20629818226251484,0.33250351569239256,0.385061634000887,0.5388016979549074,greedy,1DI9+1KV1+1KV2,0.7175651496932796,1DI9+1W82+1W83,0.5744681299590483,0.5388016979549074,1DI9+1W82+1W83,1DI9+1W82+1W83,1DI9+1KV1+1KV2,bootstrap_seed=0,e1_smoke3,oracle,0.7175651496932796,1DI9+1W82+1W83,0.7175651496932796,0.8798762930519387,0.8572048611111112,5.0,5.0,4.583333333333333
MK14,primary,2,rrf,3,120,24,455,pr_auc,0.17876345173837216,0.16224634788950626,0.09449562762977037,0.22999706814924215,0.039815000066865974,0.07275742712144767,-0.024933116069561938,0.27580318976458257,0.2047278593913884,2.22996268983897,-0.20629818226251484,0.33250351569239256,0.385061634000887,0.5388016979549074,greedy,1DI9+1KV1+1KV2,0.7175651496932796,1DI9+1W82+1W83,0.5744681299590483,0.5388016979549074,1DI9+1W82+1W83,1DI9+1W82+1W83,1DI9+1KV1+1KV2,bootstrap_seed=0,e1_smoke3,ref,0.5388016979549074,1DI9+1KV1+1KV2,0.5388016979549074,0.6553798959312891,0.7938368055555556,5.0,3.333333333333333,2.9166666666666665
MK14,primary,2,rrf,3,120,24,455,pr_auc,0.17876345173837216,0.16224634788950626,0.09449562762977037,0.22999706814924215,0.039815000066865974,0.07275742712144767,-0.024933116069561938,0.27580318976458257,0.2047278593913884,2.22996268983897,-0.20629818226251484,0.33250351569239256,0.385061634000887,0.5388016979549074,greedy,1DI9+1KV1+1KV2,0.7175651496932796,1DI9+1W82+1W83,0.5744681299590483,0.5388016979549074,1DI9+1W82+1W83,1DI9+1W82+1W83,1DI9+1KV1+1KV2,bootstrap_seed=0,e1_smoke3,greedy,0.5388016979549074,1DI9+1KV1+1KV2,0.5388016979549074,0.6553798959312891,0.7938368055555556,5.0,3.333333333333333,2.9166666666666665
MK14,primary,2,rrf,3,120,24,455,pr_auc,0.17876345173837216,0.16224634788950626,0.09449562762977037,0.22999706814924215,0.039815000066865974,0.07275742712144767,-0.024933116069561938,0.27580318976458257,0.2047278593913884,2.22996268983897,-0.20629818226251484,0.33250351569239256,0.385061634000887,0.5388016979549074,greedy,1DI9+1KV1+1KV2,0.7175651496932796,1DI9+1W82+1W83,0.5744681299590483,0.5388016979549074,1DI9+1W82+1W83,1DI9+1W82+1W83,1DI9+1KV1+1KV2,bootstrap_seed=0,e1_smoke3,single,0.42836198745913007,1KV2,0.42836198745913007,0.5281055608635091,0.7237413194444444,5.0,3.333333333333333,2.0833333333333335
MK14,primary,2,rrf,3,120,24,455,pr_auc,0.17876345173837216,0.16224634788950626,0.09449562762977037,0.22999706814924215,0.039815000066865974,0.07275742712144767,-0.024933116069561938,0.27580318976458257,0.2047278593913884,2.22996268983897,-0.20629818226251484,0.33250351569239256,0.385061634000887,0.5388016979549074,greedy,1DI9+1KV1+1KV2,0.7175651496932796,1DI9+1W82+1W83,0.5744681299590483,0.5388016979549074,1DI9+1W82+1W83,1DI9+1W82+1W83,1DI9+1KV1+1KV2,bootstrap_seed=0,e1_smoke3,train_selected,0.5388016979549074,1DI9+1KV1+1KV2,0.5388016979549074,0.6553798959312891,0.7938368055555556,5.0,3.333333333333333,2.9166666666666665
MK14,primary,2,zmean,2,120,24,105,pr_auc,0.05730080838319751,0.05358463586916801,0.0033685795709390565,0.10380069216739696,-0.07034041975373807,0.06917134015268103,0.012182203189791244,0.2810891540776897,0.19463717947383913,0.7746652840741746,-0.30741879750254386,0.28144619610620925,0.36471960588574137,0.5888649936087531,greedy,1DI9+1KV2,0.6461658019919506,1DI9+1W82,0.5904770986569229,0.5888649936087531,1DI9+1W82,1R39+1W82,1DI9+1KV2,bootstrap_seed=0,e1_smoke3,oracle,0.6461658019919506,1DI9+1W82,0.6461658019919506,0.7854631570493833,0.8389756944444444,5.0,5.0,3.75
MK14,primary,2,zmean,2,120,24,105,pr_auc,0.05730080838319751,0.05358463586916801,0.0033685795709390565,0.10380069216739696,-0.07034041975373807,0.06917134015268103,0.012182203189791244,0.2810891540776897,0.19463717947383913,0.7746652840741746,-0.30741879750254386,0.28144619610620925,0.36471960588574137,0.5888649936087531,greedy,1DI9+1KV2,0.6461658019919506,1DI9+1W82,0.5904770986569229,0.5888649936087531,1DI9+1W82,1R39+1W82,1DI9+1KV2,bootstrap_seed=0,e1_smoke3,ref,0.5888649936087531,1DI9+1KV2,0.5888649936087531,0.7480505175473761,0.8077256944444444,5.0,5.0,3.333333333333333
MK14,primary,2,zmean,2,120,24,105,pr_auc,0.05730080838319751,0.05358463586916801,0.0033685795709390565,0.10380069216739696,-0.07034041975373807,0.06917134015268103,0.012182203189791244,0.2810891540776897,0.19463717947383913,0.7746652840741746,-0.30741879750254386,0.28144619610620925,0.36471960588574137,0.5888649936087531,greedy,1DI9+1KV2,0.6461658019919506,1DI9+1W82,0.5904770986569229,0.5888649936087531,1DI9+1W82,1R39+1W82,1DI9+1KV2,bootstrap_seed=0,e1_smoke3,greedy,0.5888649936087531,1DI9+1KV2,0.5888649936087531,0.7480505175473761,0.8077256944444444,5.0,5.0,3.333333333333333
MK14,primary,2,zmean,2,120,24,105,pr_auc,0.05730080838319751,0.05358463586916801,0.0033685795709390565,0.10380069216739696,-0.07034041975373807,0.06917134015268103,0.012182203189791244,0.2810891540776897,0.19463717947383913,0.7746652840741746,-0.30741879750254386,0.28144619610620925,0.36471960588574137,0.5888649936087531,greedy,1DI9+1KV2,0.6461658019919506,1DI9+1W82,0.5904770986569229,0.5888649936087531,1DI9+1W82,1R39+1W82,1DI9+1KV2,bootstrap_seed=0,e1_smoke3,single,0.42670520267132767,1KV2,0.42670520267132767,0.5253509755883278,0.724609375,5.0,3.333333333333333,2.0833333333333335
MK14,primary,2,zmean,2,120,24,105,pr_auc,0.05730080838319751,0.05358463586916801,0.0033685795709390565,0.10380069216739696,-0.07034041975373807,0.06917134015268103,0.012182203189791244,0.2810891540776897,0.19463717947383913,0.7746652840741746,-0.30741879750254386,0.28144619610620925,0.36471960588574137,0.5888649936087531,greedy,1DI9+1KV2,0.6461658019919506,1DI9+1W82,0.5904770986569229,0.5888649936087531,1DI9+1W82,1R39+1W82,1DI9+1KV2,bootstrap_seed=0,e1_smoke3,train_selected,0.5888649936087531,1DI9+1KV2,0.5888649936087531,0.7480505175473761,0.8077256944444444,5.0,5.0,3.333333333333333
MK14,primary,2,zmean,3,120,24,455,pr_auc,0.18132311030465292,0.14650351698397007,0.13147681173918857,0.16153022222875157,-0.007518989273182147,0.07307301700233836,-0.07374679679825943,0.2237201886528339,0.20561587925845276,2.0048921338403467,-0.2080243211442412,0.27902312821142644,0.3893474314488941,0.4870474493556676,greedy,1DI9+1KV1+1KV2,0.6683705596603206,1DI9+1R39+1W82,0.5780375494040361,0.4870474493556676,1DI9+1R39+1W82,1BL7+1DI9+1W82,1DI9+1KV1+1KV2,bootstrap_seed=0,e1_smoke3,oracle,0.6683705596603206,1DI9+1R39+1W82,0.6683705596603206,0.834248566432604,0.8289930555555556,5.0,4.166666666666667,4.166666666666667
MK14,primary,2,zmean,3,120,24,455,pr_auc,0.18132311030465292,0.14650351698397007,0.13147681173918857,0.16153022222875157,-0.007518989273182147,0.07307301700233836,-0.07374679679825943,0.2237201886528339,0.20561587925845276,2.0048921338403467,-0.2080243211442412,0.27902312821142644,0.3893474314488941,0.4870474493556676,greedy,1DI9+1KV1+1KV2,0.6683705596603206,1DI9+1R39+1W82,0.5780375494040361,0.4870474493556676,1DI9+1R39+1W82,1BL7+1DI9+1W82,1DI9+1KV1+1KV2,bootstrap_seed=0,e1_smoke3,ref,0.4870474493556676,1DI9+1KV1+1KV2,0.4870474493556676,0.5689042277825143,0.78125,5.0,3.333333333333333,2.0833333333333335
MK14,primary,2,zmean,3,120,24,455,pr_auc,0.18132311030465292,0.14650351698397007,0.13147681173918857,0.16153022222875157,-0.007518989273182147,0.07307301700233836,-0.07374679679825943,0.2237201886528339,0.20561587925845276,2.0048921338403467,-0.2080243211442412,0.27902312821142644,0.3893474314488941,0.4870474493556676,greedy,1DI9+1KV1+1KV2,0.6683705596603206,1DI9+1R39+1W82,0.5780375494040361,0.4870474493556676,1DI9+1R39+1W82,1BL7+1DI9+1W82,1DI9+1KV1+1KV2,bootstrap_seed=0,e1_smoke3,greedy,0.4870474493556676,1DI9+1KV1+1KV2,0.4870474493556676,0.5689042277825143,0.78125,5.0,3.333333333333333,2.0833333333333335
MK14,primary,2,zmean,3,120,24,455,pr_auc,0.18132311030465292,0.14650351698397007,0.13147681173918857,0.16153022222875157,-0.007518989273182147,0.07307301700233836,-0.07374679679825943,0.2237201886528339,0.20561587925845276,2.0048921338403467,-0.2080243211442412,0.27902312821142644,0.3893474314488941,0.4870474493556676,greedy,1DI9+1KV1+1KV2,0.6683705596603206,1DI9+1R39+1W82,0.5780375494040361,0.4870474493556676,1DI9+1R39+1W82,1BL7+1DI9+1W82,1DI9+1KV1+1KV2,bootstrap_seed=0,e1_smoke3,single,0.42670520267132767,1KV2,0.42670520267132767,0.5253509755883278,0.724609375,5.0,3.333333333333333,2.0833333333333335
MK14,primary,2,zmean,3,120,24,455,pr_auc,0.18132311030465292,0.14650351698397007,0.13147681173918857,0.16153022222875157,-0.007518989273182147,0.07307301700233836,-0.07374679679825943,0.2237201886528339,0.20561587925845276,2.0048921338403467,-0.2080243211442412,0.27902312821142644,0.3893474314488941,0.4870474493556676,greedy,1DI9+1KV1+1KV2,0.6683705596603206,1DI9+1R39+1W82,0.5780375494040361,0.4870474493556676,1DI9+1R39+1W82,1BL7+1DI9+1W82,1DI9+1KV1+1KV2,bootstrap_seed=0,e1_smoke3,train_selected,0.4870474493556676,1DI9+1KV1+1KV2,0.4870474493556676,0.5689042277825143,0.78125,5.0,3.333333333333333,2.0833333333333335
MK14,primary,3,gmean,2,120,24,105,pr_auc,0.012123225925684822,-0.046574147543754385,-0.03704382891516944,-0.05610446617233933,-0.18422818132594554,0.051610801641288756,-0.011404525956786706,0.1902978762463553,0.14519776670989681,-0.9024108532058716,-0.37444479928772895,0.30847650943770316,0.38656802521341377,0.6829213087254321,greedy,1DI9+1KV2,0.6950445346511169,11OY+1KV2,0.5510980999345864,0.6829213087254321,11OY+1KV2,1BL7+1DI9,1DI9+1KV2,bootstrap_seed=0,e1_smoke3,oracle,0.6950445346511169,11OY+1KV2,0.6950445346511169,0.836244804339109,0.8572048611111112,5.0,4.166666666666667,4.166666666666667
MK14,primary,3,gmean,2,120,24,105,pr_auc,0.012123225925684822,-0.046574147543754385,-0.03704382891516944,-0.05610446617233933,-0.18422818132594554,0.051610801641288756,-0.011404525956786706,0.1902978762463553,0.14519776670989681,-0.9024108532058716,-0.37444479928772895,0.30847650943770316,0.38656802521341377,0.6829213087254321,greedy,1DI9+1KV2,0.6950445346511169,11OY+1KV2,0.5510980999345864,0.6829213087254321,11OY+1KV2,1BL7+1DI9,1DI9+1KV2,bootstrap_seed=0,e1_smoke3,ref,0.6829213087254321,1DI9+1KV2,0.6829213087254321,0.8460071564472345,0.8480902777777778,5.0,5.0,4.166666666666667
MK14,primary,3,gmean,2,120,24,105,pr_auc,0.012123225925684822,-0.046574147543754385,-0.03704382891516944,-0.05610446617233933,-0.18422818132594554,0.051610801641288756,-0.011404525956786706,0.1902978762463553,0.14519776670989681,-0.9024108532058716,-0.37444479928772895,0.30847650943770316,0.38656802521341377,0.6829213087254321,greedy,1DI9+1KV2,0.6950445346511169,11OY+1KV2,0.5510980999345864,0.6829213087254321,11OY+1KV2,1BL7+1DI9,1DI9+1KV2,bootstrap_seed=0,e1_smoke3,greedy,0.6829213087254321,1DI9+1KV2,0.6829213087254321,0.8460071564472345,0.8480902777777778,5.0,5.0,4.166666666666667
MK14,primary,3,gmean,2,120,24,105,pr_auc,0.012123225925684822,-0.046574147543754385,-0.03704382891516944,-0.05610446617233933,-0.18422818132594554,0.051610801641288756,-0.011404525956786706,0.1902978762463553,0.14519776670989681,-0.9024108532058716,-0.37444479928772895,0.30847650943770316,0.38656802521341377,0.6829213087254321,greedy,1DI9+1KV2,0.6950445346511169,11OY+1KV2,0.5510980999345864,0.6829213087254321,11OY+1KV2,1BL7+1DI9,1DI9+1KV2,bootstrap_seed=0,e1_smoke3,single,0.598329874183151,1KV2,0.598329874183151,0.7149673345573841,0.8166232638888888,5.0,3.333333333333333,3.75
MK14,primary,3,gmean,2,120,24,105,pr_auc,0.012123225925684822,-0.046574147543754385,-0.03704382891516944,-0.05610446617233933,-0.18422818132594554,0.051610801641288756,-0.011404525956786706,0.1902978762463553,0.14519776670989681,-0.9024108532058716,-0.37444479928772895,0.30847650943770316,0.38656802521341377,0.6829213087254321,greedy,1DI9+1KV2,0.6950445346511169,11OY+1KV2,0.5510980999345864,0.6829213087254321,11OY+1KV2,1BL7+1DI9,1DI9+1KV2,bootstrap_seed=0,e1_smoke3,train_selected,0.6829213087254321,1DI9+1KV2,0.6829213087254321,0.8460071564472345,0.8480902777777778,5.0,5.0,4.166666666666667
MK14,primary,3,gmean,3,120,24,455,pr_auc,0.010525513671764353,-0.14483166283047028,-0.05135661997994645,-0.2383067056809941,-0.2758430641325095,0.07562446899702953,-0.02284091349214359,0.2517196555493965,0.21275592817388228,-1.915142873084625,-0.38272804013678724,0.3256387796193681,0.3932535538085516,0.7083668197561553,greedy,1DI9+1KV2+1OUY,0.7188923334279197,1BL7+1DI9+1KV2,0.5488403852055465,0.7083668197561553,11OY+1KV2+1W82,1DI9+1KV1+1OUY,1DI9+1KV2+1OUY,bootstrap_seed=0,e1_smoke3,oracle,0.7188923334279197,1BL7+1DI9+1KV2,0.6959655593546804,0.828892119303756,0.8615451388888888,5.0,4.166666666666667,4.166666666666667
MK14,primary,3,gmean,3,120,24,455,pr_auc,0.010525513671764353,-0.14483166283047028,-0.05135661997994645,-0.2383067056809941,-0.2758430641325095,0.07562446899702953,-0.02284091349214359,0.2517196555493965,0.21275592817388228,-1.915142873084625,-0.38272804013678724,0.3256387796193681,0.3932535538085516,0.7083668197561553,greedy,1DI9+1KV2+1OUY,0.7188923334279197,1BL7+1DI9+1KV2,0.5488403852055465,0.7083668197561553,11OY+1KV2+1W82,1DI9+1KV1+1OUY,1DI9+1KV2+1OUY,bootstrap_seed=0,e1_smoke3,ref,0.7083668197561553,1DI9+1KV2+1OUY,0.7083668197561553,0.8735689611605807,0.8420138888888888,5.0,5.0,4.583333333333333
MK14,primary,3,gmean,3,120,24,455,pr_auc,0.010525513671764353,-0.14483166283047028,-0.05135661997994645,-0.2383067056809941,-0.2758430641325095,0.07562446899702953,-0.02284091349214359,0.2517196555493965,0.21275592817388228,-1.915142873084625,-0.38272804013678724,0.3256387796193681,0.3932535538085516,0.7083668197561553,greedy,1DI9+1KV2+1OUY,0.7188923334279197,1BL7+1DI9+1KV2,0.5488403852055465,0.7083668197561553,11OY+1KV2+1W82,1DI9+1KV1+1OUY,1DI9+1KV2+1OUY,bootstrap_seed=0,e1_smoke3,greedy,0.7083668197561553,1DI9+1KV2+1OUY,0.7083668197561553,0.8735689611605807,0.8420138888888888,5.0,5.0,4.583333333333333
MK14,primary,3,gmean,3,120,24,455,pr_auc,0.010525513671764353,-0.14483166283047028,-0.05135661997994645,-0.2383067056809941,-0.2758430641325095,0.07562446899702953,-0.02284091349214359,0.2517196555493965,0.21275592817388228,-1.915142873084625,-0.38272804013678724,0.3256387796193681,0.3932535538085516,0.7083668197561553,greedy,1DI9+1KV2+1OUY,0.7188923334279197,1BL7+1DI9+1KV2,0.5488403852055465,0.7083668197561553,11OY+1KV2+1W82,1DI9+1KV1+1OUY,1DI9+1KV2+1OUY,bootstrap_seed=0,e1_smoke3,single,0.598329874183151,1KV2,0.598329874183151,0.7149673345573841,0.8166232638888888,5.0,3.333333333333333,3.75
MK14,primary,3,gmean,3,120,24,455,pr_auc,0.010525513671764353,-0.14483166283047028,-0.05135661997994645,-0.2383067056809941,-0.2758430641325095,0.07562446899702953,-0.02284091349214359,0.2517196555493965,0.21275592817388228,-1.915142873084625,-0.38272804013678724,0.3256387796193681,0.3932535538085516,0.7083668197561553,greedy,1DI9+1KV2+1OUY,0.7188923334279197,1BL7+1DI9+1KV2,0.5488403852055465,0.7083668197561553,11OY+1KV2+1W82,1DI9+1KV1+1OUY,1DI9+1KV2+1OUY,bootstrap_seed=0,e1_smoke3,train_selected,0.7083668197561553,1DI9+1KV2+1OUY,0.7083668197561553,0.8735689611605807,0.8420138888888888,5.0,5.0,4.583333333333333
MK14,primary,3,hmean,2,120,24,105,pr_auc,0.04715136321566327,-0.06073429791970364,0.0218459599751486,-0.14331455581455588,-0.18475097930172169,0.04003018527191487,-0.01923977577956498,0.14821040229183044,0.11261777220324347,-1.51721251118752,-0.3408733067600066,0.31821829067783636,0.38802466997566987,0.659091597437843,greedy,1DI9+1KV2,0.7062429606535062,11OY+1KV2,0.541239407150482,0.659091597437843,11OY+1KV2,1DI9+1KV1,1DI9+1KV2,bootstrap_seed=0,e1_smoke3,oracle,0.7062429606535062,11OY+1KV2,0.7062429606535062,0.8506189031424991,0.8602430555555556,5.0,5.0,4.166666666666667
MK14,primary,3,hmean,2,120,24,105,pr_auc,0.04715136321566327,-0.06073429791970364,0.0218459599751486,-0.14331455581455588,-0.18475097930172169,0.04003018527191487,-0.01923977577956498,0.14821040229183044,0.11261777220324347,-1.51721251118752,-0.3408733067600066,0.31821829067783636,0.38802466997566987,0.659091597437843,greedy,1DI9+1KV2,0.7062429606535062,11OY+1KV2,0.541239407150482,0.659091597437843,11OY+1KV2,1DI9+1KV1,1DI9+1KV2,bootstrap_seed=0,e1_smoke3,ref,0.659091597437843,1DI9+1KV2,0.659091597437843,0.8088564034494866,0.8441840277777778,5.0,5.0,3.75
MK14,primary,3,hmean,2,120,24,105,pr_auc,0.04715136321566327,-0.06073429791970364,0.0218459599751486,-0.14331455581455588,-0.18475097930172169,0.04003018527191487,-0.01923977577956498,0.14821040229183044,0.11261777220324347,-1.51721251118752,-0.3408733067600066,0.31821829067783636,0.38802466997566987,0.659091597437843,greedy,1DI9+1KV2,0.7062429606535062,11OY+1KV2,0.541239407150482,0.659091597437843,11OY+1KV2,1DI9+1KV1,1DI9+1KV2,bootstrap_seed=0,e1_smoke3,greedy,0.659091597437843,1DI9+1KV2,0.659091597437843,0.8088564034494866,0.8441840277777778,5.0,5.0,3.75
MK14,primary,3,hmean,2,120,24,105,pr_auc,0.04715136321566327,-0.06073429791970364,0.0218459599751486,-0.14331455581455588,-0.18475097930172169,0.04003018527191487,-0.01923977577956498,0.14821040229183044,0.11261777220324347,-1.51721251118752,-0.3408733067600066,0.31821829067783636,0.38802466997566987,0.659091597437843,greedy,1DI9+1KV2,0.7062429606535062,11OY+1KV2,0.541239407150482,0.659091597437843,11OY+1KV2,1DI9+1KV1,1DI9+1KV2,bootstrap_seed=0,e1_smoke3,single,0.598329874183151,1KV2,0.598329874183151,0.7149673345573841,0.8166232638888888,5.0,3.333333333333333,3.75
MK14,primary,3,hmean,2,120,24,105,pr_auc,0.04715136321566327,-0.06073429791970364,0.0218459599751486,-0.14331455581455588,-0.18475097930172169,0.04003018527191487,-0.01923977577956498,0.14821040229183044,0.11261777220324347,-1.51721251118752,-0.3408733067600066,0.31821829067783636,0.38802466997566987,0.659091597437843,greedy,1DI9+1KV2,0.7062429606535062,11OY+1KV2,0.541239407150482,0.659091597437843,11OY+1KV2,1DI9+1KV1,1DI9+1KV2,bootstrap_seed=0,e1_smoke3,train_selected,0.659091597437843,1DI9+1KV2,0.659091597437843,0.8088564034494866,0.8441840277777778,5.0,5.0,3.75
MK14,primary,3,hmean,3,120,24,455,pr_auc,0.010343983223722875,-0.09150013656789244,-0.06247392918596767,-0.1205263439498172,-0.1888956291429397,0.06804061127653357,-0.005591308330356453,0.24688092948032625,0.19142009983866243,-1.3447871036315893,-0.38212514049076657,0.32804075368370417,0.39246912371448944,0.7101658941744707,greedy,1DI9+1KV2+1OUY,0.7205098773981936,11OY+1DI9+1KV2,0.5571347659039549,0.7101658941744707,11OY+1KV2+1W82,1KV1+1KV2+1OUK,1DI9+1KV2+1OUY,bootstrap_seed=0,e1_smoke3,oracle,0.7205098773981936,11OY+1DI9+1KV2,0.6924135215975463,0.824713601077982,0.8615451388888888,5.0,4.166666666666667,4.166666666666667
MK14,primary,3,hmean,3,120,24,455,pr_auc,0.010343983223722875,-0.09150013656789244,-0.06247392918596767,-0.1205263439498172,-0.1888956291429397,0.06804061127653357,-0.005591308330356453,0.24688092948032625,0.19142009983866243,-1.3447871036315893,-0.38212514049076657,0.32804075368370417,0.39246912371448944,0.7101658941744707,greedy,1DI9+1KV2+1OUY,0.7205098773981936,11OY+1DI9+1KV2,0.5571347659039549,0.7101658941744707,11OY+1KV2+1W82,1KV1+1KV2+1OUK,1DI9+1KV2+1OUY,bootstrap_seed=0,e1_smoke3,ref,0.7101658941744707,1DI9+1KV2+1OUY,0.7101658941744707,0.866478823077787,0.8467881944444444,5.0,5.0,4.583333333333333
MK14,primary,3,hmean,3,120,24,455,pr_auc,0.010343983223722875,-0.09150013656789244,-0.06247392918596767,-0.1205263439498172,-0.1888956291429397,0.06804061127653357,-0.005591308330356453,0.24688092948032625,0.19142009983866243,-1.3447871036315893,-0.38212514049076657,0.32804075368370417,0.39246912371448944,0.7101658941744707,greedy,1DI9+1KV2+1OUY,0.7205098773981936,11OY+1DI9+1KV2,0.5571347659039549,0.7101658941744707,11OY+1KV2+1W82,1KV1+1KV2+1OUK,1DI9+1KV2+1OUY,bootstrap_seed=0,e1_smoke3,greedy,0.7101658941744707,1DI9+1KV2+1OUY,0.7101658941744707,0.866478823077787,0.8467881944444444,5.0,5.0,4.583333333333333
MK14,primary,3,hmean,3,120,24,455,pr_auc,0.010343983223722875,-0.09150013656789244,-0.06247392918596767,-0.1205263439498172,-0.1888956291429397,0.06804061127653357,-0.005591308330356453,0.24688092948032625,0.19142009983866243,-1.3447871036315893,-0.38212514049076657,0.32804075368370417,0.39246912371448944,0.7101658941744707,greedy,1DI9+1KV2+1OUY,0.7205098773981936,11OY+1DI9+1KV2,0.5571347659039549,0.7101658941744707,11OY+1KV2+1W82,1KV1+1KV2+1OUK,1DI9+1KV2+1OUY,bootstrap_seed=0,e1_smoke3,single,0.598329874183151,1KV2,0.598329874183151,0.7149673345573841,0.8166232638888888,5.0,3.333333333333333,3.75
MK14,primary,3,hmean,3,120,24,455,pr_auc,0.010343983223722875,-0.09150013656789244,-0.06247392918596767,-0.1205263439498172,-0.1888956291429397,0.06804061127653357,-0.005591308330356453,0.24688092948032625,0.19142009983866243,-1.3447871036315893,-0.38212514049076657,0.32804075368370417,0.39246912371448944,0.7101658941744707,greedy,1DI9+1KV2+1OUY,0.7205098773981936,11OY+1DI9+1KV2,0.5571347659039549,0.7101658941744707,11OY+1KV2+1W82,1KV1+1KV2+1OUK,1DI9+1KV2+1OUY,bootstrap_seed=0,e1_smoke3,train_selected,0.7101658941744707,1DI9+1KV2+1OUY,0.7101658941744707,0.866478823077787,0.8467881944444444,5.0,5.0,4.583333333333333
MK14,primary,3,max,2,120,24,105,pr_auc,0.03006238201985023,-0.13734497014723238,-0.1179405334319355,-0.15674940686252925,-0.2718312653219565,0.11118107511268187,-0.23759867445728527,0.2259672044817321,0.31278808492391375,-1.2353268756218938,-0.36026777366368207,0.22160251480157794,0.3903301556835323,0.58187028846526,greedy,1DI9+1KV2,0.6119326704851102,1KV1+1W82,0.5167753182204281,0.5279942945305479,1A9U+1W82,1DI9+1KV1,1DI9+1W83,bootstrap_seed=0,e1_smoke3,oracle,0.6119326704851102,1KV1+1W82,0.5071910125534933,0.5577211203823456,0.8064236111111112,2.5,2.5,3.333333333333333
MK14,primary,3,max,2,120,24,105,pr_auc,0.03006238201985023,-0.13734497014723238,-0.1179405334319355,-0.15674940686252925,-0.2718312653219565,0.11118107511268187,-0.23759867445728527,0.2259672044817321,0.31278808492391375,-1.2353268756218938,-0.36026777366368207,0.22160251480157794,0.3903301556835323,0.58187028846526,greedy,1DI9+1KV2,0.6119326704851102,1KV1+1W82,0.5167753182204281,0.5279942945305479,1A9U+1W82,1DI9+1KV1,1DI9+1W83,bootstrap_seed=0,e1_smoke3,ref,0.58187028846526,1DI9+1KV2,0.58187028846526,0.705624396486224,0.8207465277777778,5.0,3.333333333333333,3.333333333333333
MK14,primary,3,max,2,120,24,105,pr_auc,0.03006238201985023,-0.13734497014723238,-0.1179405334319355,-0.15674940686252925,-0.2718312653219565,0.11118107511268187,-0.23759867445728527,0.2259672044817321,0.31278808492391375,-1.2353268756218938,-0.36026777366368207,0.22160251480157794,0.3903301556835323,0.58187028846526,greedy,1DI9+1KV2,0.6119326704851102,1KV1+1W82,0.5167753182204281,0.5279942945305479,1A9U+1W82,1DI9+1KV1,1DI9+1W83,bootstrap_seed=0,e1_smoke3,greedy,0.58187028846526,1DI9+1KV2,0.58187028846526,0.705624396486224,0.8207465277777778,5.0,3.333333333333333,3.333333333333333
MK14,primary,3,max,2,120,24,105,pr_auc,0.03006238201985023,-0.13734497014723238,-0.1179405334319355,-0.15674940686252925,-0.2718312653219565,0.11118107511268187,-0.23759867445728527,0.2259672044817321,0.31278808492391375,-1.2353268756218938,-0.36026777366368207,0.22160251480157794,0.3903301556835323,0.58187028846526,greedy,1DI9+1KV2,0.6119326704851102,1KV1+1W82,0.5167753182204281,0.5279942945305479,1A9U+1W82,1DI9+1KV1,1DI9+1W83,bootstrap_seed=0,e1_smoke3,single,0.598329874183151,1KV2,0.598329874183151,0.7149673345573841,0.8166232638888888,5.0,3.333333333333333,3.75
MK14,primary,3,max,2,120,24,105,pr_auc,0.03006238201985023,-0.13734497014723238,-0.1179405334319355,-0.15674940686252925,-0.2718312653219565,0.11118107511268187,-0.23759867445728527,0.2259672044817321,0.31278808492391375,-1.2353268756218938,-0.36026777366368207,0.22160251480157794,0.3903301556835323,0.58187028846526,greedy,1DI9+1KV2,0.6119326704851102,1KV1+1W82,0.5167753182204281,0.5279942945305479,1A9U+1W82,1DI9+1KV1,1DI9+1W83,bootstrap_seed=0,e1_smoke3,train_selected,0.5279942945305479,1DI9+1W83,0.5279942945305479,0.6202854506788633,0.8131510416666666,5.0,2.5,2.9166666666666665
MK14,primary,3,max,3,120,24,455,pr_auc,0.08161591759356146,-0.11268593185914208,-0.12623747176393302,-0.09913439195435114,-0.20325856681786703,0.10017274125633494,-0.2333690798701547,0.15426069974366452,0.2818181049912671,-1.1249161243455121,-0.3131312970584528,0.22629197325825812,0.39474721465201423,0.5394232703167109,greedy,1DI9+1KV2+1W83,0.6210391879102724,1BL7+1KV1+1W82,0.5221255146543,0.5104469403436278,1A9U+1KV2+1W82,1BMK+1DI9+1KV1,1BL7+1DI9+1W83,bootstrap_seed=0,e1_smoke3,oracle,0.6210391879102724,1BL7+1KV1+1W82,0.5100652164095258,0.5579829370496436,0.8098958333333334,2.5,2.5,3.333333333333333
MK14,primary,3,max,3,120,24,455,pr_auc,0.08161591759356146,-0.11268593185914208,-0.12623747176393302,-0.09913439195435114,-0.20325856681786703,0.10017274125633494,-0.2333690798701547,0.15426069974366452,0.2818181049912671,-1.1249161243455121,-0.3131312970584528,0.22629197325825812,0.39474721465201423,0.5394232703167109,greedy,1DI9+1KV2+1W83,0.6210391879102724,1BL7+1KV1+1W82,0.5221255146543,0.5104469403436278,1A9U+1KV2+1W82,1BMK+1DI9+1KV1,1BL7+1DI9+1W83,bootstrap_seed=0,e1_smoke3,ref,0.5394232703167109,1DI9+1KV2+1W83,0.5394232703167109,0.6399678122618826,0.818359375,5.0,3.333333333333333,2.9166666666666665
MK14,primary,3,max,3,120,24,455,pr_auc,0.08161591759356146,-0.11268593185914208,-0.12623747176393302,-0.09913439195435114,-0.20325856681786703,0.10017274125633494,-0.2333690798701547,0.15426069974366452,0.2818181049912671,-1.1249161243455121,-0.3131312970584528,0.22629197325825812,0.39474721465201423,0.5394232703167109,greedy,1DI9+1KV2+1W83,0.6210391879102724,1BL7+1KV1+1W82,0.5221255146543,0.5104469403436278,1A9U+1KV2+1W82,1BMK+1DI9+1KV1,1BL7+1DI9+1W83,bootstrap_seed=0,e1_smoke3,greedy,0.5394232703167109,1DI9+1KV2+1W83,0.5394232703167109,0.6399678122618826,0.818359375,5.0,3.333333333333333,2.9166666666666665
MK14,primary,3,max,3,120,24,455,pr_auc,0.08161591759356146,-0.11268593185914208,-0.12623747176393302,-0.09913439195435114,-0.20325856681786703,0.10017274125633494,-0.2333690798701547,0.15426069974366452,0.2818181049912671,-1.1249161243455121,-0.3131312970584528,0.22629197325825812,0.39474721465201423,0.5394232703167109,greedy,1DI9+1KV2+1W83,0.6210391879102724,1BL7+1KV1+1W82,0.5221255146543,0.5104469403436278,1A9U+1KV2+1W82,1BMK+1DI9+1KV1,1BL7+1DI9+1W83,bootstrap_seed=0,e1_smoke3,single,0.598329874183151,1KV2,0.598329874183151,0.7149673345573841,0.8166232638888888,5.0,3.333333333333333,3.75
MK14,primary,3,max,3,120,24,455,pr_auc,0.08161591759356146,-0.11268593185914208,-0.12623747176393302,-0.09913439195435114,-0.20325856681786703,0.10017274125633494,-0.2333690798701547,0.15426069974366452,0.2818181049912671,-1.1249161243455121,-0.3131312970584528,0.22629197325825812,0.39474721465201423,0.5394232703167109,greedy,1DI9+1KV2+1W83,0.6210391879102724,1BL7+1KV1+1W82,0.5221255146543,0.5104469403436278,1A9U+1KV2+1W82,1BMK+1DI9+1KV1,1BL7+1DI9+1W83,bootstrap_seed=0,e1_smoke3,train_selected,0.5104469403436278,1BL7+1DI9+1W83,0.5104469403436278,0.5727445790131371,0.8135850694444444,5.0,2.5,2.9166666666666665
MK14,primary,3,mean,2,120,24,105,pr_auc,0.0,-0.10722059932837746,-0.04166283063341891,-0.17277836802333602,-0.27503565492843707,0.06194612511026664,-0.003600061943584248,0.2316665949717144,0.17427435219582027,-1.7308685432304345,-0.3832012631320568,0.319136871461123,0.3832012631320568,0.7023381345931798,greedy,1DI9+1KV2,0.7023381345931798,1DI9+1KV2,0.5583956537487488,0.7023381345931798,1BL7+1KV2,1BL7+1OUK,1DI9+1KV2,bootstrap_seed=0,e1_smoke3,oracle,0.7023381345931798,1DI9+1KV2,0.6765784403852851,0.8186047691130128,0.8528645833333334,5.0,4.166666666666667,4.166666666666667
MK14,primary,3,mean,2,120,24,105,pr_auc,0.0,-0.10722059932837746,-0.04166283063341891,-0.17277836802333602,-0.27503565492843707,0.06194612511026664,-0.003600061943584248,0.2316665949717144,0.17427435219582027,-1.7308685432304345,-0.3832012631320568,0.319136871461123,0.3832012631320568,0.7023381345931798,greedy,1DI9+1KV2,0.7023381345931798,1DI9+1KV2,0.5583956537487488,0.7023381345931798,1BL7+1KV2,1BL7+1OUK,1DI9+1KV2,bootstrap_seed=0,e1_smoke3,ref,0.7023381345931798,1DI9+1KV2,0.7023381345931798,0.8697201297439034,0.8524305555555556,5.0,5.0,4.583333333333333
MK14,primary,3,mean,2,120,24,105,pr_auc,0.0,-0.10722059932837746,-0.04166283063341891,-0.17277836802333602,-0.27503565492843707,0.06194612511026664,-0.003600061943584248,0.2316665949717144,0.17427435219582027,-1.7308685432304345,-0.3832012631320568,0.319136871461123,0.3832012631320568,0.7023381345931798,greedy,1DI9+1KV2,0.7023381345931798,1DI9+1KV2,0.5583956537487488,0.7023381345931798,1BL7+1KV2,1BL7+1OUK,1DI9+1KV2,bootstrap_seed=0,e1_smoke3,greedy,0.7023381345931798,1DI9+1KV2,0.7023381345931798,0.8697201297439034,0.8524305555555556,5.0,5.0,4.583333333333333
MK14,primary,3,mean,2,120,24,105,pr_auc,0.0,-0.10722059932837746,-0.04166283063341891,-0.17277836802333602,-0.27503565492843707,0.06194612511026664,-0.003600061943584248,0.2316665949717144,0.17427435219582027,-1.7308685432304345,-0.3832012631320568,0.319136871461123,0.3832012631320568,0.7023381345931798,greedy,1DI9+1KV2,0.7023381345931798,1DI9+1KV2,0.5583956537487488,0.7023381345931798,1BL7+1KV2,1BL7+1OUK,1DI9+1KV2,bootstrap_seed=0,e1_smoke3,single,0.598329874183151,1KV2,0.598329874183151,0.7149673345573841,0.8166232638888888,5.0,3.333333333333333,3.75
MK14,primary,3,mean,2,120,24,105,pr_auc,0.0,-0.10722059932837746,-0.04166283063341891,-0.17277836802333602,-0.27503565492843707,0.06194612511026664,-0.003600061943584248,0.2316665949717144,0.17427435219582027,-1.7308685432304345,-0.3832012631320568,0.319136871461123,0.3832012631320568,0.7023381345931798,greedy,1DI9+1KV2,0.7023381345931798,1DI9+1KV2,0.5583956537487488,0.7023381345931798,1BL7+1KV2,1BL7+1OUK,1DI9+1KV2,bootstrap_seed=0,e1_smoke3,train_selected,0.7023381345931798,1DI9+1KV2,0.7023381345931798,0.8697201297439034,0.8524305555555556,5.0,5.0,4.583333333333333
MK14,primary,3,mean,3,120,24,455,pr_auc,0.006623859502529417,-0.18276032042893464,-0.06359829700738773,-0.30192234385048156,-0.34220826403672916,0.08364711458455167,-0.01316876854172911,0.27306941822148495,0.23532620775429716,-2.1848968889918847,-0.3808943030137794,0.336650551180068,0.38751816251630883,0.7175448541938474,greedy,1DI9+1KV2+1OUY,0.7241687136963768,1BL7+1DI9+1KV2,0.5418819434836141,0.521441376385917,1BL7+1KV2+1W82,1DI9+1KV1+1OUK,1DI9+1OUY+1W83,bootstrap_seed=0,e1_smoke3,oracle,0.7241687136963768,1BL7+1DI9+1KV2,0.7103827752810581,0.8305372104381805,0.8732638888888888,5.0,5.0,3.75
MK14,primary,3,mean,3,120,24,455,pr_auc,0.006623859502529417,-0.18276032042893464,-0.06359829700738773,-0.30192234385048156,-0.34220826403672916,0.08364711458455167,-0.01316876854172911,0.27306941822148495,0.23532620775429716,-2.1848968889918847,-0.3808943030137794,0.336650551180068,0.38751816251630883,0.7175448541938474,greedy,1DI9+1KV2+1OUY,0.7241687136963768,1BL7+1DI9+1KV2,0.5418819434836141,0.521441376385917,1BL7+1KV2+1W82,1DI9+1KV1+1OUK,1DI9+1OUY+1W83,bootstrap_seed=0,e1_smoke3,ref,0.7175448541938474,1DI9+1KV2+1OUY,0.7175448541938474,0.8946574756093716,0.8376736111111112,5.0,5.0,4.583333333333333
MK14,primary,3,mean,3,120,24,455,pr_auc,0.006623859502529417,-0.18276032042893464,-0.06359829700738773,-0.30192234385048156,-0.34220826403672916,0.08364711458455167,-0.01316876854172911,0.27306941822148495,0.23532620775429716,-2.1848968889918847,-0.3808943030137794,0.336650551180068,0.38751816251630883,0.7175448541938474,greedy,1DI9+1KV2+1OUY,0.7241687136963768,1BL7+1DI9+1KV2,0.5418819434836141,0.521441376385917,1BL7+1KV2+1W82,1DI9+1KV1+1OUK,1DI9+1OUY+1W83,bootstrap_seed=0,e1_smoke3,greedy,0.7175448541938474,1DI9+1KV2+1OUY,0.7175448541938474,0.8946574756093716,0.8376736111111112,5.0,5.0,4.583333333333333
MK14,primary,3,mean,3,120,24,455,pr_auc,0.006623859502529417,-0.18276032042893464,-0.06359829700738773,-0.30192234385048156,-0.34220826403672916,0.08364711458455167,-0.01316876854172911,0.27306941822148495,0.23532620775429716,-2.1848968889918847,-0.3808943030137794,0.336650551180068,0.38751816251630883,0.7175448541938474,greedy,1DI9+1KV2+1OUY,0.7241687136963768,1BL7+1DI9+1KV2,0.5418819434836141,0.521441376385917,1BL7+1KV2+1W82,1DI9+1KV1+1OUK,1DI9+1OUY+1W83,bootstrap_seed=0,e1_smoke3,single,0.598329874183151,1KV2,0.598329874183151,0.7149673345573841,0.8166232638888888,5.0,3.333333333333333,3.75
MK14,primary,3,mean,3,120,24,455,pr_auc,0.006623859502529417,-0.18276032042893464,-0.06359829700738773,-0.30192234385048156,-0.34220826403672916,0.08364711458455167,-0.01316876854172911,0.27306941822148495,0.23532620775429716,-2.1848968889918847,-0.3808943030137794,0.336650551180068,0.38751816251630883,0.7175448541938474,greedy,1DI9+1KV2+1OUY,0.7241687136963768,1BL7+1DI9+1KV2,0.5418819434836141,0.521441376385917,1BL7+1KV2+1W82,1DI9+1KV1+1OUK,1DI9+1OUY+1W83,bootstrap_seed=0,e1_smoke3,train_selected,0.521441376385917,1DI9+1OUY+1W83,0.521441376385917,0.6007426801910942,0.8072916666666666,2.5,3.333333333333333,3.333333333333333
MK14,primary,3,min,2,120,24,105,pr_auc,0.060001659862729206,-0.06747183241916602,-0.12053207349976308,-0.014411591338568952,-0.22030842752153557,0.02123877427097803,-0.03809815963479592,0.047612301824761186,0.05975149568951012,-3.176823274183185,-0.33585969531019494,0.2676263597214485,0.39586135517292415,0.6034860550316434,greedy,1KV2+1M7Q,0.6634877148943726,1KV2+1OUY,0.5239532620773212,0.6034860550316434,1DI9+1W82,1BL7+1KV1,1KV2+1M7Q,bootstrap_seed=0,e1_smoke3,oracle,0.6634877148943726,1KV2+1OUY,0.5675175425582146,0.629678110258479,0.8446180555555556,5.0,2.5,3.333333333333333
MK14,primary,3,min,2,120,24,105,pr_auc,0.060001659862729206,-0.06747183241916602,-0.12053207349976308,-0.014411591338568952,-0.22030842752153557,0.02123877427097803,-0.03809815963479592,0.047612301824761186,0.05975149568951012,-3.176823274183185,-0.33585969531019494,0.2676263597214485,0.39586135517292415,0.6034860550316434,greedy,1KV2+1M7Q,0.6634877148943726,1KV2+1OUY,0.5239532620773212,0.6034860550316434,1DI9+1W82,1BL7+1KV1,1KV2+1M7Q,bootstrap_seed=0,e1_smoke3,ref,0.6034860550316434,1KV2+1M7Q,0.6034860550316434,0.7137520218990249,0.8257378472222222,5.0,3.333333333333333,3.75
MK14,primary,3,min,2,120,24,105,pr_auc,0.060001659862729206,-0.06747183241916602,-0.12053207349976308,-0.014411591338568952,-0.22030842752153557,0.02123877427097803,-0.03809815963479592,0.047612301824761186,0.05975149568951012,-3.176823274183185,-0.33585969531019494,0.2676263597214485,0.39586135517292415,0.6034860550316434,greedy,1KV2+1M7Q,0.6634877148943726,1KV2+1OUY,0.5239532620773212,0.6034860550316434,1DI9+1W82,1BL7+1KV1,1KV2+1M7Q,bootstrap_seed=0,e1_smoke3,greedy,0.6034860550316434,1KV2+1M7Q,0.6034860550316434,0.7137520218990249,0.8257378472222222,5.0,3.333333333333333,3.75
MK14,primary,3,min,2,120,24,105,pr_auc,0.060001659862729206,-0.06747183241916602,-0.12053207349976308,-0.014411591338568952,-0.22030842752153557,0.02123877427097803,-0.03809815963479592,0.047612301824761186,0.05975149568951012,-3.176823274183185,-0.33585969531019494,0.2676263597214485,0.39586135517292415,0.6034860550316434,greedy,1KV2+1M7Q,0.6634877148943726,1KV2+1OUY,0.5239532620773212,0.6034860550316434,1DI9+1W82,1BL7+1KV1,1KV2+1M7Q,bootstrap_seed=0,e1_smoke3,single,0.598329874183151,1KV2,0.598329874183151,0.7149673345573841,0.8166232638888888,5.0,3.333333333333333,3.75
MK14,primary,3,min,2,120,24,105,pr_auc,0.060001659862729206,-0.06747183241916602,-0.12053207349976308,-0.014411591338568952,-0.22030842752153557,0.02123877427097803,-0.03809815963479592,0.047612301824761186,0.05975149568951012,-3.176823274183185,-0.33585969531019494,0.2676263597214485,0.39586135517292415,0.6034860550316434,greedy,1KV2+1M7Q,0.6634877148943726,1KV2+1OUY,0.5239532620773212,0.6034860550316434,1DI9+1W82,1BL7+1KV1,1KV2+1M7Q,bootstrap_seed=0,e1_smoke3,train_selected,0.6034860550316434,1KV2+1M7Q,0.6034860550316434,0.7137520218990249,0.8257378472222222,5.0,3.333333333333333,3.75
MK14,primary,3,min,3,120,24,455,pr_auc,0.08357376323645616,0.013269034454894718,0.012691445447781169,0.013846623462008267,-0.13822229451638554,0.02176448800628822,-0.035747504876854304,0.052059757718650713,0.06123049733002505,0.6096644428787397,-0.31513926034968315,0.2922730591660247,0.3987130235861393,0.6074123195157078,greedy,1BL6+1KV2+1M7Q,0.690986082752164,1BL7+1KV1+1OUY,0.53675565466494,0.6074123195157078,11OY+1KV2+1W82,1BL7+1KV1+1OUY,1BL6+1KV2+1M7Q,bootstrap_seed=0,e1_smoke3,oracle,0.690986082752164,1BL7+1KV1+1OUY,0.6661050920103363,0.7896041340388159,0.8556857638888888,5.0,4.166666666666667,3.75
MK14,primary,3,min,3,120,24,455,pr_auc,0.08357376323645616,0.013269034454894718,0.012691445447781169,0.013846623462008267,-0.13822229451638554,0.02176448800628822,-0.035747504876854304,0.052059757718650713,0.06123049733002505,0.6096644428787397,-0.31513926034968315,0.2922730591660247,0.3987130235861393,0.6074123195157078,greedy,1BL6+1KV2+1M7Q,0.690986082752164,1BL7+1KV1+1OUY,0.53675565466494,0.6074123195157078,11OY+1KV2+1W82,1BL7+1KV1+1OUY,1BL6+1KV2+1M7Q,bootstrap_seed=0,e1_smoke3,ref,0.6074123195157078,1BL6+1KV2+1M7Q,0.6074123195157078,0.7126189009701428,0.833984375,5.0,3.333333333333333,3.75
MK14,primary,3,min,3,120,24,455,pr_auc,0.08357376323645616,0.013269034454894718,0.012691445447781169,0.013846623462008267,-0.13822229451638554,0.02176448800628822,-0.035747504876854304,0.052059757718650713,0.06123049733002505,0.6096644428787397,-0.31513926034968315,0.2922730591660247,0.3987130235861393,0.6074123195157078,greedy,1BL6+1KV2+1M7Q,0.690986082752164,1BL7+1KV1+1OUY,0.53675565466494,0.6074123195157078,11OY+1KV2+1W82,1BL7+1KV1+1OUY,1BL6+1KV2+1M7Q,bootstrap_seed=0,e1_smoke3,greedy,0.6074123195157078,1BL6+1KV2+1M7Q,0.6074123195157078,0.7126189009701428,0.833984375,5.0,3.333333333333333,3.75
MK14,primary,3,min,3,120,24,455,pr_auc,0.08357376323645616,0.013269034454894718,0.012691445447781169,0.013846623462008267,-0.13822229451638554,0.02176448800628822,-0.035747504876854304,0.052059757718650713,0.06123049733002505,0.6096644428787397,-0.31513926034968315,0.2922730591660247,0.3987130235861393,0.6074123195157078,greedy,1BL6+1KV2+1M7Q,0.690986082752164,1BL7+1KV1+1OUY,0.53675565466494,0.6074123195157078,11OY+1KV2+1W82,1BL7+1KV1+1OUY,1BL6+1KV2+1M7Q,bootstrap_seed=0,e1_smoke3,single,0.598329874183151,1KV2,0.598329874183151,0.7149673345573841,0.8166232638888888,5.0,3.333333333333333,3.75
MK14,primary,3,min,3,120,24,455,pr_auc,0.08357376323645616,0.013269034454894718,0.012691445447781169,0.013846623462008267,-0.13822229451638554,0.02176448800628822,-0.035747504876854304,0.052059757718650713,0.06123049733002505,0.6096644428787397,-0.31513926034968315,0.2922730591660247,0.3987130235861393,0.6074123195157078,greedy,1BL6+1KV2+1M7Q,0.690986082752164,1BL7+1KV1+1OUY,0.53675565466494,0.6074123195157078,11OY+1KV2+1W82,1BL7+1KV1+1OUY,1BL6+1KV2+1M7Q,bootstrap_seed=0,e1_smoke3,train_selected,0.6074123195157078,1BL6+1KV2+1M7Q,0.6074123195157078,0.7126189009701428,0.833984375,5.0,3.333333333333333,3.75
MK14,primary,3,ranksum,2,120,24,105,pr_auc,0.0,-0.19993063094780847,-0.089063949518495,-0.31079731237712194,-0.3503025660087956,0.07549011227718157,-0.059822935157186896,0.2457756323440762,0.21237793955436848,-2.6484346746460146,-0.3839846590174837,0.2911561942001091,0.3839846590174837,0.6751408532175928,greedy,1DI9+1KV2,0.6751408532175928,1DI9+1KV2,0.5143850492709986,0.4739182996104032,1BL7+1W82,1DI9+1KV1,1DI9+1W83,bootstrap_seed=0,e1_smoke3,oracle,0.6751408532175928,1DI9+1KV2,0.6214872325474793,0.6913876299788356,0.8563368055555556,5.0,3.333333333333333,3.333333333333333
MK14,primary,3,ranksum,2,120,24,105,pr_auc,0.0,-0.19993063094780847,-0.089063949518495,-0.31079731237712194,-0.3503025660087956,0.07549011227718157,-0.059822935157186896,0.2457756323440762,0.21237793955436848,-2.6484346746460146,-0.3839846590174837,0.2911561942001091,0.3839846590174837,0.6751408532175928,greedy,1DI9+1KV2,0.6751408532175928,1DI9+1KV2,0.5143850492709986,0.4739182996104032,1BL7+1W82,1DI9+1KV1,1DI9+1W83,bootstrap_seed=0,e1_smoke3,ref,0.6751408532175928,1DI9+1KV2,0.6751408532175928,0.8365606092559265,0.8493923611111112,5.0,5.0,4.166666666666667
MK14,primary,3,ranksum,2,120,24,105,pr_auc,0.0,-0.19993063094780847,-0.089063949518495,-0.31079731237712194,-0.3503025660087956,0.07549011227718157,-0.059822935157186896,0.2457756323440762,0.21237793955436848,-2.6484346746460146,-0.3839846590174837,0.2911561942001091,0.3839846590174837,0.6751408532175928,greedy,1DI9+1KV2,0.6751408532175928,1DI9+1KV2,0.5143850492709986,0.4739182996104032,1BL7+1W82,1DI9+1KV1,1DI9+1W83,bootstrap_seed=0,e1_smoke3,greedy,0.6751408532175928,1DI9+1KV2,0.6751408532175928,0.8365606092559265,0.8493923611111112,5.0,5.0,4.166666666666667
MK14,primary,3,ranksum,2,120,24,105,pr_auc,0.0,-0.19993063094780847,-0.089063949518495,-0.31079731237712194,-0.3503025660087956,0.07549011227718157,-0.059822935157186896,0.2457756323440762,0.21237793955436848,-2.6484346746460146,-0.3839846590174837,0.2911561942001091,0.3839846590174837,0.6751408532175928,greedy,1DI9+1KV2,0.6751408532175928,1DI9+1KV2,0.5143850492709986,0.4739182996104032,1BL7+1W82,1DI9+1KV1,1DI9+1W83,bootstrap_seed=0,e1_smoke3,single,0.5988040325520462,1KV2,0.5988040325520462,0.7150268433925325,0.8155381944444444,5.0,3.333333333333333,3.75
MK14,primary,3,ranksum,2,120,24,105,pr_auc,0.0,-0.19993063094780847,-0.089063949518495,-0.31079731237712194,-0.3503025660087956,0.07549011227718157,-0.059822935157186896,0.2457756323440762,0.21237793955436848,-2.6484346746460146,-0.3839846590174837,0.2911561942001091,0.3839846590174837,0.6751408532175928,greedy,1DI9+1KV2,0.6751408532175928,1DI9+1KV2,0.5143850492709986,0.4739182996104032,1BL7+1W82,1DI9+1KV1,1DI9+1W83,bootstrap_seed=0,e1_smoke3,train_selected,0.4739182996104032,1DI9+1W83,0.4739182996104032,0.5401309422694622,0.8020833333333334,2.5,2.5,3.333333333333333
MK14,primary,3,ranksum,3,120,24,455,pr_auc,0.07802876551944982,-0.11465053178227363,-0.031839598083245546,-0.19746146548130172,-0.23871298509691735,0.07485355714848757,-0.11987360435668284,0.1848355681492515,0.21058710546276707,-1.5316644412080578,-0.3220765699722907,0.29891904007871706,0.40010533549174054,0.6209956100510078,greedy,1DI9+1KV2+1W83,0.6990243755704576,1BL7+1DI9+1KV2,0.5121767020887269,0.6209956100510078,11OY+1KV2+1W82,1DI9+1KV1+1OUY,1DI9+1KV2+1W83,bootstrap_seed=0,e1_smoke3,oracle,0.6990243755704576,1BL7+1DI9+1KV2,0.6456840201204923,0.7459377288883815,0.8561197916666666,5.0,4.166666666666667,3.333333333333333
MK14,primary,3,ranksum,3,120,24,455,pr_auc,0.07802876551944982,-0.11465053178227363,-0.031839598083245546,-0.19746146548130172,-0.23871298509691735,0.07485355714848757,-0.11987360435668284,0.1848355681492515,0.21058710546276707,-1.5316644412080578,-0.3220765699722907,0.29891904007871706,0.40010533549174054,0.6209956100510078,greedy,1DI9+1KV2+1W83,0.6990243755704576,1BL7+1DI9+1KV2,0.5121767020887269,0.6209956100510078,11OY+1KV2+1W82,1DI9+1KV1+1OUY,1DI9+1KV2+1W83,bootstrap_seed=0,e1_smoke3,ref,0.6209956100510078,1DI9+1KV2+1W83,0.6209956100510078,0.7718762459115274,0.8296440972222222,5.0,4.166666666666667,3.75
MK14,primary,3,ranksum,3,120,24,455,pr_auc,0.07802876551944982,-0.11465053178227363,-0.031839598083245546,-0.19746146548130172,-0.23871298509691735,0.07485355714848757,-0.11987360435668284,0.1848355681492515,0.21058710546276707,-1.5316644412080578,-0.3220765699722907,0.29891904007871706,0.40010533549174054,0.6209956100510078,greedy,1DI9+1KV2+1W83,0.6990243755704576,1BL7+1DI9+1KV2,0.5121767020887269,0.6209956100510078,11OY+1KV2+1W82,1DI9+1KV1+1OUY,1DI9+1KV2+1W83,bootstrap_seed=0,e1_smoke3,greedy,0.6209956100510078,1DI9+1KV2+1W83,0.6209956100510078,0.7718762459115274,0.8296440972222222,5.0,4.166666666666667,3.75
MK14,primary,3,ranksum,3,120,24,455,pr_auc,0.07802876551944982,-0.11465053178227363,-0.031839598083245546,-0.19746146548130172,-0.23871298509691735,0.07485355714848757,-0.11987360435668284,0.1848355681492515,0.21058710546276707,-1.5316644412080578,-0.3220765699722907,0.29891904007871706,0.40010533549174054,0.6209956100510078,greedy,1DI9+1KV2+1W83,0.6990243755704576,1BL7+1DI9+1KV2,0.5121767020887269,0.6209956100510078,11OY+1KV2+1W82,1DI9+1KV1+1OUY,1DI9+1KV2+1W83,bootstrap_seed=0,e1_smoke3,single,0.5988040325520462,1KV2,0.5988040325520462,0.7150268433925325,0.8155381944444444,5.0,3.333333333333333,3.75
MK14,primary,3,ranksum,3,120,24,455,pr_auc,0.07802876551944982,-0.11465053178227363,-0.031839598083245546,-0.19746146548130172,-0.23871298509691735,0.07485355714848757,-0.11987360435668284,0.1848355681492515,0.21058710546276707,-1.5316644412080578,-0.3220765699722907,0.29891904007871706,0.40010533549174054,0.6209956100510078,greedy,1DI9+1KV2+1W83,0.6990243755704576,1BL7+1DI9+1KV2,0.5121767020887269,0.6209956100510078,11OY+1KV2+1W82,1DI9+1KV1+1OUY,1DI9+1KV2+1W83,bootstrap_seed=0,e1_smoke3,train_selected,0.6209956100510078,1DI9+1KV2+1W83,0.6209956100510078,0.7718762459115274,0.8296440972222222,5.0,4.166666666666667,3.75
MK14,primary,3,rrf,2,120,24,105,pr_auc,0.0,-0.06804553309951711,-0.02665726169944027,-0.10943380449959395,-0.16776683830672845,0.0733198642129367,-0.022335159795620767,0.2666627961656506,0.20627233448500762,-0.9280640905430241,-0.3823872478649306,0.3219580507317975,0.3823872478649306,0.7043452985967281,greedy,1DI9+1KV2,0.7043452985967281,1DI9+1KV2,0.5524932789578776,0.7043452985967281,11OY+1KV2,1BL7+1DI9,1DI9+1KV2,bootstrap_seed=0,e1_smoke3,oracle,0.7043452985967281,1DI9+1KV2,0.6725801109244847,0.7908194278081239,0.8619791666666666,5.0,4.166666666666667,4.166666666666667
MK14,primary,3,rrf,2,120,24,105,pr_auc,0.0,-0.06804553309951711,-0.02665726169944027,-0.10943380449959395,-0.16776683830672845,0.0733198642129367,-0.022335159795620767,0.2666627961656506,0.20627233448500762,-0.9280640905430241,-0.3823872478649306,0.3219580507317975,0.3823872478649306,0.7043452985967281,greedy,1DI9+1KV2,0.7043452985967281,1DI9+1KV2,0.5524932789578776,0.7043452985967281,11OY+1KV2,1BL7+1DI9,1DI9+1KV2,bootstrap_seed=0,e1_smoke3,ref,0.7043452985967281,1DI9+1KV2,0.7043452985967281,0.8730319944955361,0.8559027777777778,5.0,5.0,4.166666666666667
MK14,primary,3,rrf,2,120,24,105,pr_auc,0.0,-0.06804553309951711,-0.02665726169944027,-0.10943380449959395,-0.16776683830672845,0.0733198642129367,-0.022335159795620767,0.2666627961656506,0.20627233448500762,-0.9280640905430241,-0.3823872478649306,0.3219580507317975,0.3823872478649306,0.7043452985967281,greedy,1DI9+1KV2,0.7043452985967281,1DI9+1KV2,0.5524932789578776,0.7043452985967281,11OY+1KV2,1BL7+1DI9,1DI9+1KV2,bootstrap_seed=0,e1_smoke3,greedy,0.7043452985967281,1DI9+1KV2,0.7043452985967281,0.8730319944955361,0.8559027777777778,5.0,5.0,4.166666666666667
MK14,primary,3,rrf,2,120,24,105,pr_auc,0.0,-0.06804553309951711,-0.02665726169944027,-0.10943380449959395,-0.16776683830672845,0.0733198642129367,-0.022335159795620767,0.2666627961656506,0.20627233448500762,-0.9280640905430241,-0.3823872478649306,0.3219580507317975,0.3823872478649306,0.7043452985967281,greedy,1DI9+1KV2,0.7043452985967281,1DI9+1KV2,0.5524932789578776,0.7043452985967281,11OY+1KV2,1BL7+1DI9,1DI9+1KV2,bootstrap_seed=0,e1_smoke3,single,0.5988040325520462,1KV2,0.5988040325520462,0.7150268433925325,0.8155381944444444,5.0,3.333333333333333,3.75
MK14,primary,3,rrf,2,120,24,105,pr_auc,0.0,-0.06804553309951711,-0.02665726169944027,-0.10943380449959395,-0.16776683830672845,0.0733198642129367,-0.022335159795620767,0.2666627961656506,0.20627233448500762,-0.9280640905430241,-0.3823872478649306,0.3219580507317975,0.3823872478649306,0.7043452985967281,greedy,1DI9+1KV2,0.7043452985967281,1DI9+1KV2,0.5524932789578776,0.7043452985967281,11OY+1KV2,1BL7+1DI9,1DI9+1KV2,bootstrap_seed=0,e1_smoke3,train_selected,0.7043452985967281,1DI9+1KV2,0.7043452985967281,0.8730319944955361,0.8559027777777778,5.0,5.0,4.166666666666667
MK14,primary,3,rrf,3,120,24,455,pr_auc,0.1390450969253595,0.019144061352318997,0.016728097316704438,0.021560025387933557,-0.14764653912922507,0.06363283869553824,-0.12909568639096497,0.15622496364312743,0.1790196194242361,0.30085191458952354,-0.2567723507028913,0.34001150081476994,0.3958174476282508,0.5967838515176612,greedy,1DI9+1KV2+1W83,0.7358289484430207,1BL7+1DI9+1KV2,0.5470078512711999,0.5967838515176612,11OY+1KV2+1W82,1BL7+1DI9+1OUK,1DI9+1KV2+1W83,bootstrap_seed=0,e1_smoke3,oracle,0.7358289484430207,1BL7+1DI9+1KV2,0.6626956479710159,0.7644982587787451,0.8658854166666666,5.0,4.166666666666667,3.75
MK14,primary,3,rrf,3,120,24,455,pr_auc,0.1390450969253595,0.019144061352318997,0.016728097316704438,0.021560025387933557,-0.14764653912922507,0.06363283869553824,-0.12909568639096497,0.15622496364312743,0.1790196194242361,0.30085191458952354,-0.2567723507028913,0.34001150081476994,0.3958174476282508,0.5967838515176612,greedy,1DI9+1KV2+1W83,0.7358289484430207,1BL7+1DI9+1KV2,0.5470078512711999,0.5967838515176612,11OY+1KV2+1W82,1BL7+1DI9+1OUK,1DI9+1KV2+1W83,bootstrap_seed=0,e1_smoke3,ref,0.5967838515176612,1DI9+1KV2+1W83,0.5967838515176612,0.7134729617276635,0.8276909722222222,5.0,3.333333333333333,3.333333333333333
MK14,primary,3,rrf,3,120,24,455,pr_auc,0.1390450969253595,0.019144061352318997,0.016728097316704438,0.021560025387933557,-0.14764653912922507,0.06363283869553824,-0.12909568639096497,0.15622496364312743,0.1790196194242361,0.30085191458952354,-0.2567723507028913,0.34001150081476994,0.3958174476282508,0.5967838515176612,greedy,1DI9+1KV2+1W83,0.7358289484430207,1BL7+1DI9+1KV2,0.5470078512711999,0.5967838515176612,11OY+1KV2+1W82,1BL7+1DI9+1OUK,1DI9+1KV2+1W83,bootstrap_seed=0,e1_smoke3,greedy,0.5967838515176612,1DI9+1KV2+1W83,0.5967838515176612,0.7134729617276635,0.8276909722222222,5.0,3.333333333333333,3.333333333333333
MK14,primary,3,rrf,3,120,24,455,pr_auc,0.1390450969253595,0.019144061352318997,0.016728097316704438,0.021560025387933557,-0.14764653912922507,0.06363283869553824,-0.12909568639096497,0.15622496364312743,0.1790196194242361,0.30085191458952354,-0.2567723507028913,0.34001150081476994,0.3958174476282508,0.5967838515176612,greedy,1DI9+1KV2+1W83,0.7358289484430207,1BL7+1DI9+1KV2,0.5470078512711999,0.5967838515176612,11OY+1KV2+1W82,1BL7+1DI9+1OUK,1DI9+1KV2+1W83,bootstrap_seed=0,e1_smoke3,single,0.5988040325520462,1KV2,0.5988040325520462,0.7150268433925325,0.8155381944444444,5.0,3.333333333333333,3.75
MK14,primary,3,rrf,3,120,24,455,pr_auc,0.1390450969253595,0.019144061352318997,0.016728097316704438,0.021560025387933557,-0.14764653912922507,0.06363283869553824,-0.12909568639096497,0.15622496364312743,0.1790196194242361,0.30085191458952354,-0.2567723507028913,0.34001150081476994,0.3958174476282508,0.5967838515176612,greedy,1DI9+1KV2+1W83,0.7358289484430207,1BL7+1DI9+1KV2,0.5470078512711999,0.5967838515176612,11OY+1KV2+1W82,1BL7+1DI9+1OUK,1DI9+1KV2+1W83,bootstrap_seed=0,e1_smoke3,train_selected,0.5967838515176612,1DI9+1KV2+1W83,0.5967838515176612,0.7134729617276635,0.8276909722222222,5.0,3.333333333333333,3.333333333333333
MK14,primary,3,zmean,2,120,24,105,pr_auc,0.0,-0.07152962350257591,-0.03710800189929042,-0.1059512451058614,-0.19974581866674657,0.07063068553151851,-0.017653120721403754,0.2533172018633635,0.19870681086575395,-1.0127273006667372,-0.3754834070472345,0.33683340724169075,0.3754834070472345,0.7123168142889252,greedy,1DI9+1KV2,0.7123168142889252,1DI9+1KV2,0.5632552642345466,0.7123168142889252,11OY+1KV2,1BL7+1DI9,1DI9+1KV2,bootstrap_seed=0,e1_smoke3,oracle,0.7123168142889252,1DI9+1KV2,0.68159784217869,0.8207387106682674,0.8524305555555556,5.0,4.166666666666667,4.166666666666667
MK14,primary,3,zmean,2,120,24,105,pr_auc,0.0,-0.07152962350257591,-0.03710800189929042,-0.1059512451058614,-0.19974581866674657,0.07063068553151851,-0.017653120721403754,0.2533172018633635,0.19870681086575395,-1.0127273006667372,-0.3754834070472345,0.33683340724169075,0.3754834070472345,0.7123168142889252,greedy,1DI9+1KV2,0.7123168142889252,1DI9+1KV2,0.5632552642345466,0.7123168142889252,11OY+1KV2,1BL7+1DI9,1DI9+1KV2,bootstrap_seed=0,e1_smoke3,ref,0.7123168142889252,1DI9+1KV2,0.7123168142889252,0.8827719276445671,0.8546006944444444,5.0,5.0,4.583333333333333
MK14,primary,3,zmean,2,120,24,105,pr_auc,0.0,-0.07152962350257591,-0.03710800189929042,-0.1059512451058614,-0.19974581866674657,0.07063068553151851,-0.017653120721403754,0.2533172018633635,0.19870681086575395,-1.0127273006667372,-0.3754834070472345,0.33683340724169075,0.3754834070472345,0.7123168142889252,greedy,1DI9+1KV2,0.7123168142889252,1DI9+1KV2,0.5632552642345466,0.7123168142889252,11OY+1KV2,1BL7+1DI9,1DI9+1KV2,bootstrap_seed=0,e1_smoke3,greedy,0.7123168142889252,1DI9+1KV2,0.7123168142889252,0.8827719276445671,0.8546006944444444,5.0,5.0,4.583333333333333
MK14,primary,3,zmean,2,120,24,105,pr_auc,0.0,-0.07152962350257591,-0.03710800189929042,-0.1059512451058614,-0.19974581866674657,0.07063068553151851,-0.017653120721403754,0.2533172018633635,0.19870681086575395,-1.0127273006667372,-0.3754834070472345,0.33683340724169075,0.3754834070472345,0.7123168142889252,greedy,1DI9+1KV2,0.7123168142889252,1DI9+1KV2,0.5632552642345466,0.7123168142889252,11OY+1KV2,1BL7+1DI9,1DI9+1KV2,bootstrap_seed=0,e1_smoke3,single,0.598329874183151,1KV2,0.598329874183151,0.7149673345573841,0.8166232638888888,5.0,3.333333333333333,3.75
MK14,primary,3,zmean,2,120,24,105,pr_auc,0.0,-0.07152962350257591,-0.03710800189929042,-0.1059512451058614,-0.19974581866674657,0.07063068553151851,-0.017653120721403754,0.2533172018633635,0.19870681086575395,-1.0127273006667372,-0.3754834070472345,0.33683340724169075,0.3754834070472345,0.7123168142889252,greedy,1DI9+1KV2,0.7123168142889252,1DI9+1KV2,0.5632552642345466,0.7123168142889252,11OY+1KV2,1BL7+1DI9,1DI9+1KV2,bootstrap_seed=0,e1_smoke3,train_selected,0.7123168142889252,1DI9+1KV2,0.7123168142889252,0.8827719276445671,0.8546006944444444,5.0,5.0,4.583333333333333
MK14,primary,3,zmean,3,120,24,455,pr_auc,0.09085072846950859,-0.02956704260714771,-0.024963818036733754,-0.034170267177561664,-0.16990955892553927,0.058641208634298635,-0.06598859085943588,0.1760154176909804,0.1649765603341763,-0.5042024763086866,-0.2942421428620981,0.343858484418095,0.3850928713316067,0.6381006272801931,greedy,1DI9+1KV2+1W83,0.7289513557497017,1BL7+1DI9+1KV2,0.5468912996810068,0.6381006272801931,11OY+1KV2+1W82,1BL7+1DI9+1KV1,1DI9+1KV2+1W83,bootstrap_seed=0,e1_smoke3,oracle,0.7289513557497017,1BL7+1DI9+1KV2,0.6646041593274357,0.7797171253255012,0.8585069444444444,5.0,4.166666666666667,3.75
MK14,primary,3,zmean,3,120,24,455,pr_auc,0.09085072846950859,-0.02956704260714771,-0.024963818036733754,-0.034170267177561664,-0.16990955892553927,0.058641208634298635,-0.06598859085943588,0.1760154176909804,0.1649765603341763,-0.5042024763086866,-0.2942421428620981,0.343858484418095,0.3850928713316067,0.6381006272801931,greedy,1DI9+1KV2+1W83,0.7289513557497017,1BL7+1DI9+1KV2,0.5468912996810068,0.6381006272801931,11OY+1KV2+1W82,1BL7+1DI9+1KV1,1DI9+1KV2+1W83,bootstrap_seed=0,e1_smoke3,ref,0.6381006272801931,1DI9+1KV2+1W83,0.6381006272801931,0.7868980825868024,0.8355034722222222,5.0,4.166666666666667,3.75
MK14,primary,3,zmean,3,120,24,455,pr_auc,0.09085072846950859,-0.02956704260714771,-0.024963818036733754,-0.034170267177561664,-0.16990955892553927,0.058641208634298635,-0.06598859085943588,0.1760154176909804,0.1649765603341763,-0.5042024763086866,-0.2942421428620981,0.343858484418095,0.3850928713316067,0.6381006272801931,greedy,1DI9+1KV2+1W83,0.7289513557497017,1BL7+1DI9+1KV2,0.5468912996810068,0.6381006272801931,11OY+1KV2+1W82,1BL7+1DI9+1KV1,1DI9+1KV2+1W83,bootstrap_seed=0,e1_smoke3,greedy,0.6381006272801931,1DI9+1KV2+1W83,0.6381006272801931,0.7868980825868024,0.8355034722222222,5.0,4.166666666666667,3.75
MK14,primary,3,zmean,3,120,24,455,pr_auc,0.09085072846950859,-0.02956704260714771,-0.024963818036733754,-0.034170267177561664,-0.16990955892553927,0.058641208634298635,-0.06598859085943588,0.1760154176909804,0.1649765603341763,-0.5042024763086866,-0.2942421428620981,0.343858484418095,0.3850928713316067,0.6381006272801931,greedy,1DI9+1KV2+1W83,0.7289513557497017,1BL7+1DI9+1KV2,0.5468912996810068,0.6381006272801931,11OY+1KV2+1W82,1BL7+1DI9+1KV1,1DI9+1KV2+1W83,bootstrap_seed=0,e1_smoke3,single,0.598329874183151,1KV2,0.598329874183151,0.7149673345573841,0.8166232638888888,5.0,3.333333333333333,3.75
MK14,primary,3,zmean,3,120,24,455,pr_auc,0.09085072846950859,-0.02956704260714771,-0.024963818036733754,-0.034170267177561664,-0.16990955892553927,0.058641208634298635,-0.06598859085943588,0.1760154176909804,0.1649765603341763,-0.5042024763086866,-0.2942421428620981,0.343858484418095,0.3850928713316067,0.6381006272801931,greedy,1DI9+1KV2+1W83,0.7289513557497017,1BL7+1DI9+1KV2,0.5468912996810068,0.6381006272801931,11OY+1KV2+1W82,1BL7+1DI9+1KV1,1DI9+1KV2+1W83,bootstrap_seed=0,e1_smoke3,train_selected,0.6381006272801931,1DI9+1KV2+1W83,0.6381006272801931,0.7868980825868024,0.8355034722222222,5.0,4.166666666666667,3.75
MK14,primary,4,gmean,2,120,24,105,pr_auc,0.05278442167481834,-0.03002691415333042,-0.0032754428416394976,-0.05677838546502134,-0.20162561563490647,0.02759495548201459,-0.013610449085639227,0.08963743504626717,0.07761947424312907,-1.0881305524446632,-0.3836513134207621,0.22269353503540468,0.4364357350955804,0.6063448484561668,greedy,1DI9+1KV2,0.6591292701309851,1DI9+1W83,0.5749052948307682,0.6063448484561668,1DI9+1W83,1R39+1W83,1DI9+1KV2,bootstrap_seed=0,e1_smoke3,oracle,0.6591292701309851,1DI9+1W83,0.6591292701309851,0.7467815141263544,0.8871527777777778,5.0,4.166666666666667,3.333333333333333
MK14,primary,4,gmean,2,120,24,105,pr_auc,0.05278442167481834,-0.03002691415333042,-0.0032754428416394976,-0.05677838546502134,-0.20162561563490647,0.02759495548201459,-0.013610449085639227,0.08963743504626717,0.07761947424312907,-1.0881305524446632,-0.3836513134207621,0.22269353503540468,0.4364357350955804,0.6063448484561668,greedy,1DI9+1KV2,0.6591292701309851,1DI9+1W83,0.5749052948307682,0.6063448484561668,1DI9+1W83,1R39+1W83,1DI9+1KV2,bootstrap_seed=0,e1_smoke3,ref,0.6063448484561668,1DI9+1KV2,0.6063448484561668,0.7018837791427534,0.8572048611111112,5.0,4.166666666666667,2.9166666666666665
MK14,primary,4,gmean,2,120,24,105,pr_auc,0.05278442167481834,-0.03002691415333042,-0.0032754428416394976,-0.05677838546502134,-0.20162561563490647,0.02759495548201459,-0.013610449085639227,0.08963743504626717,0.07761947424312907,-1.0881305524446632,-0.3836513134207621,0.22269353503540468,0.4364357350955804,0.6063448484561668,greedy,1DI9+1KV2,0.6591292701309851,1DI9+1W83,0.5749052948307682,0.6063448484561668,1DI9+1W83,1R39+1W83,1DI9+1KV2,bootstrap_seed=0,e1_smoke3,greedy,0.6063448484561668,1DI9+1KV2,0.6063448484561668,0.7018837791427534,0.8572048611111112,5.0,4.166666666666667,2.9166666666666665
MK14,primary,4,gmean,2,120,24,105,pr_auc,0.05278442167481834,-0.03002691415333042,-0.0032754428416394976,-0.05677838546502134,-0.20162561563490647,0.02759495548201459,-0.013610449085639227,0.08963743504626717,0.07761947424312907,-1.0881305524446632,-0.3836513134207621,0.22269353503540468,0.4364357350955804,0.6063448484561668,greedy,1DI9+1KV2,0.6591292701309851,1DI9+1W83,0.5749052948307682,0.6063448484561668,1DI9+1W83,1R39+1W83,1DI9+1KV2,bootstrap_seed=0,e1_smoke3,single,0.5664240809639508,1KV2,0.5664240809639508,0.6884722737250595,0.8170572916666666,5.0,4.166666666666667,2.5
MK14,primary,4,gmean,2,120,24,105,pr_auc,0.05278442167481834,-0.03002691415333042,-0.0032754428416394976,-0.05677838546502134,-0.20162561563490647,0.02759495548201459,-0.013610449085639227,0.08963743504626717,0.07761947424312907,-1.0881305524446632,-0.3836513134207621,0.22269353503540468,0.4364357350955804,0.6063448484561668,greedy,1DI9+1KV2,0.6591292701309851,1DI9+1W83,0.5749052948307682,0.6063448484561668,1DI9+1W83,1R39+1W83,1DI9+1KV2,bootstrap_seed=0,e1_smoke3,train_selected,0.6063448484561668,1DI9+1KV2,0.6063448484561668,0.7018837791427534,0.8572048611111112,5.0,4.166666666666667,2.9166666666666665
MK14,primary,4,gmean,3,120,24,455,pr_auc,0.1102857841503605,-0.054824928201876566,-0.02324446178334827,-0.08640539462040486,-0.2340498480876094,0.048767687341277365,-0.10815891098959714,0.07635904642595107,0.13717442863607404,-1.124206030485114,-0.335804977282525,0.21506085104457207,0.4460907614328855,0.5508658283270971,greedy,11OY+1DI9+1KV2,0.6611516124774576,1DI9+1OUY+1W83,0.6020755396051055,0.5508658283270971,1M7Q+1W7H+1W83,1M7Q+1W82+1W83,11OY+1DI9+1KV2,bootstrap_seed=0,e1_smoke3,oracle,0.6611516124774576,1DI9+1OUY+1W83,0.566289749194161,0.6840415309405687,0.8255208333333334,5.0,4.166666666666667,2.9166666666666665
MK14,primary,4,gmean,3,120,24,455,pr_auc,0.1102857841503605,-0.054824928201876566,-0.02324446178334827,-0.08640539462040486,-0.2340498480876094,0.048767687341277365,-0.10815891098959714,0.07635904642595107,0.13717442863607404,-1.124206030485114,-0.335804977282525,0.21506085104457207,0.4460907614328855,0.5508658283270971,greedy,11OY+1DI9+1KV2,0.6611516124774576,1DI9+1OUY+1W83,0.6020755396051055,0.5508658283270971,1M7Q+1W7H+1W83,1M7Q+1W82+1W83,11OY+1DI9+1KV2,bootstrap_seed=0,e1_smoke3,ref,0.5508658283270971,11OY+1DI9+1KV2,0.5508658283270971,0.6054122563572711,0.8459201388888888,5.0,3.333333333333333,2.5
MK14,primary,4,gmean,3,120,24,455,pr_auc,0.1102857841503605,-0.054824928201876566,-0.02324446178334827,-0.08640539462040486,-0.2340498480876094,0.048767687341277365,-0.10815891098959714,0.07635904642595107,0.13717442863607404,-1.124206030485114,-0.335804977282525,0.21506085104457207,0.4460907614328855,0.5508658283270971,greedy,11OY+1DI9+1KV2,0.6611516124774576,1DI9+1OUY+1W83,0.6020755396051055,0.5508658283270971,1M7Q+1W7H+1W83,1M7Q+1W82+1W83,11OY+1DI9+1KV2,bootstrap_seed=0,e1_smoke3,greedy,0.5508658283270971,11OY+1DI9+1KV2,0.5508658283270971,0.6054122563572711,0.8459201388888888,5.0,3.333333333333333,2.5
MK14,primary,4,gmean,3,120,24,455,pr_auc,0.1102857841503605,-0.054824928201876566,-0.02324446178334827,-0.08640539462040486,-0.2340498480876094,0.048767687341277365,-0.10815891098959714,0.07635904642595107,0.13717442863607404,-1.124206030485114,-0.335804977282525,0.21506085104457207,0.4460907614328855,0.5508658283270971,greedy,11OY+1DI9+1KV2,0.6611516124774576,1DI9+1OUY+1W83,0.6020755396051055,0.5508658283270971,1M7Q+1W7H+1W83,1M7Q+1W82+1W83,11OY+1DI9+1KV2,bootstrap_seed=0,e1_smoke3,single,0.5664240809639508,1KV2,0.5664240809639508,0.6884722737250595,0.8170572916666666,5.0,4.166666666666667,2.5
MK14,primary,4,gmean,3,120,24,455,pr_auc,0.1102857841503605,-0.054824928201876566,-0.02324446178334827,-0.08640539462040486,-0.2340498480876094,0.048767687341277365,-0.10815891098959714,0.07635904642595107,0.13717442863607404,-1.124206030485114,-0.335804977282525,0.21506085104457207,0.4460907614328855,0.5508658283270971,greedy,11OY+1DI9+1KV2,0.6611516124774576,1DI9+1OUY+1W83,0.6020755396051055,0.5508658283270971,1M7Q+1W7H+1W83,1M7Q+1W82+1W83,11OY+1DI9+1KV2,bootstrap_seed=0,e1_smoke3,train_selected,0.5508658283270971,11OY+1DI9+1KV2,0.5508658283270971,0.6054122563572711,0.8459201388888888,5.0,3.333333333333333,2.5
MK14,primary,4,hmean,2,120,24,105,pr_auc,0.14341251814034606,0.0993215028083016,0.08875289572649347,0.10989010989010972,-0.084674538520353,0.04449227077525501,-0.13502283445770685,0.030836110938344007,0.12514847750738636,2.2323316180018535,-0.2862685401544867,0.22532052991835966,0.4296810582948328,0.5115890700728464,greedy,11OY+1KV2,0.6550015882131924,1DI9+1W83,0.5726031258904146,0.5115890700728464,1DI9+1W83,1R39+1W83,11OY+1KV2,bootstrap_seed=0,e1_smoke3,oracle,0.6550015882131924,1DI9+1W83,0.6550015882131924,0.7511619576444095,0.8819444444444444,5.0,4.166666666666667,3.333333333333333
MK14,primary,4,hmean,2,120,24,105,pr_auc,0.14341251814034606,0.0993215028083016,0.08875289572649347,0.10989010989010972,-0.084674538520353,0.04449227077525501,-0.13502283445770685,0.030836110938344007,0.12514847750738636,2.2323316180018535,-0.2862685401544867,0.22532052991835966,0.4296810582948328,0.5115890700728464,greedy,11OY+1KV2,0.6550015882131924,1DI9+1W83,0.5726031258904146,0.5115890700728464,1DI9+1W83,1R39+1W83,11OY+1KV2,bootstrap_seed=0,e1_smoke3,ref,0.5115890700728464,11OY+1KV2,0.5115890700728464,0.5742843620648673,0.8172743055555556,5.0,3.333333333333333,2.5
MK14,primary,4,hmean,2,120,24,105,pr_auc,0.14341251814034606,0.0993215028083016,0.08875289572649347,0.10989010989010972,-0.084674538520353,0.04449227077525501,-0.13502283445770685,0.030836110938344007,0.12514847750738636,2.2323316180018535,-0.2862685401544867,0.22532052991835966,0.4296810582948328,0.5115890700728464,greedy,11OY+1KV2,0.6550015882131924,1DI9+1W83,0.5726031258904146,0.5115890700728464,1DI9+1W83,1R39+1W83,11OY+1KV2,bootstrap_seed=0,e1_smoke3,greedy,0.5115890700728464,11OY+1KV2,0.5115890700728464,0.5742843620648673,0.8172743055555556,5.0,3.333333333333333,2.5
MK14,primary,4,hmean,2,120,24,105,pr_auc,0.14341251814034606,0.0993215028083016,0.08875289572649347,0.10989010989010972,-0.084674538520353,0.04449227077525501,-0.13502283445770685,0.030836110938344007,0.12514847750738636,2.2323316180018535,-0.2862685401544867,0.22532052991835966,0.4296810582948328,0.5115890700728464,greedy,11OY+1KV2,0.6550015882131924,1DI9+1W83,0.5726031258904146,0.5115890700728464,1DI9+1W83,1R39+1W83,11OY+1KV2,bootstrap_seed=0,e1_smoke3,single,0.5664240809639508,1KV2,0.5664240809639508,0.6884722737250595,0.8170572916666666,5.0,4.166666666666667,2.5
MK14,primary,4,hmean,2,120,24,105,pr_auc,0.14341251814034606,0.0993215028083016,0.08875289572649347,0.10989010989010972,-0.084674538520353,0.04449227077525501,-0.13502283445770685,0.030836110938344007,0.12514847750738636,2.2323316180018535,-0.2862685401544867,0.22532052991835966,0.4296810582948328,0.5115890700728464,greedy,11OY+1KV2,0.6550015882131924,1DI9+1W83,0.5726031258904146,0.5115890700728464,1DI9+1W83,1R39+1W83,11OY+1KV2,bootstrap_seed=0,e1_smoke3,train_selected,0.5115890700728464,11OY+1KV2,0.5115890700728464,0.5742843620648673,0.8172743055555556,5.0,3.333333333333333,2.5
MK14,primary,4,hmean,3,120,24,455,pr_auc,0.11575482721554875,0.014048710914910667,0.039892063057960225,-0.011794641228138891,-0.15019896195881646,0.0435359785114159,-0.10298282243029919,0.057452726077689475,0.12245860533889012,0.32269197558582147,-0.32977340488294565,0.21687257339490945,0.4455282320984944,0.5466459782778551,greedy,11OY+1DI9+1KV2,0.6624008054934039,1DI9+1OUY+1W83,0.6001489163800695,0.5466459782778551,1DI9+1OUY+1W83,1M7Q+1W82+1W83,11OY+1DI9+1KV2,bootstrap_seed=0,e1_smoke3,oracle,0.6624008054934039,1DI9+1OUY+1W83,0.6624008054934039,0.7865573471817204,0.8671875,5.0,4.166666666666667,3.75
MK14,primary,4,hmean,3,120,24,455,pr_auc,0.11575482721554875,0.014048710914910667,0.039892063057960225,-0.011794641228138891,-0.15019896195881646,0.0435359785114159,-0.10298282243029919,0.057452726077689475,0.12245860533889012,0.32269197558582147,-0.32977340488294565,0.21687257339490945,0.4455282320984944,0.5466459782778551,greedy,11OY+1DI9+1KV2,0.6624008054934039,1DI9+1OUY+1W83,0.6001489163800695,0.5466459782778551,1DI9+1OUY+1W83,1M7Q+1W82+1W83,11OY+1DI9+1KV2,bootstrap_seed=0,e1_smoke3,ref,0.5466459782778551,11OY+1DI9+1KV2,0.5466459782778551,0.6032499613113785,0.8402777777777778,5.0,3.333333333333333,2.5
MK14,primary,4,hmean,3,120,24,455,pr_auc,0.11575482721554875,0.014048710914910667,0.039892063057960225,-0.011794641228138891,-0.15019896195881646,0.0435359785114159,-0.10298282243029919,0.057452726077689475,0.12245860533889012,0.32269197558582147,-0.32977340488294565,0.21687257339490945,0.4455282320984944,0.5466459782778551,greedy,11OY+1DI9+1KV2,0.6624008054934039,1DI9+1OUY+1W83,0.6001489163800695,0.5466459782778551,1DI9+1OUY+1W83,1M7Q+1W82+1W83,11OY+1DI9+1KV2,bootstrap_seed=0,e1_smoke3,greedy,0.5466459782778551,11OY+1DI9+1KV2,0.5466459782778551,0.6032499613113785,0.8402777777777778,5.0,3.333333333333333,2.5
MK14,primary,4,hmean,3,120,24,455,pr_auc,0.11575482721554875,0.014048710914910667,0.039892063057960225,-0.011794641228138891,-0.15019896195881646,0.0435359785114159,-0.10298282243029919,0.057452726077689475,0.12245860533889012,0.32269197558582147,-0.32977340488294565,0.21687257339490945,0.4455282320984944,0.5466459782778551,greedy,11OY+1DI9+1KV2,0.6624008054934039,1DI9+1OUY+1W83,0.6001489163800695,0.5466459782778551,1DI9+1OUY+1W83,1M7Q+1W82+1W83,11OY+1DI9+1KV2,bootstrap_seed=0,e1_smoke3,single,0.5664240809639508,1KV2,0.5664240809639508,0.6884722737250595,0.8170572916666666,5.0,4.166666666666667,2.5
MK14,primary,4,hmean,3,120,24,455,pr_auc,0.11575482721554875,0.014048710914910667,0.039892063057960225,-0.011794641228138891,-0.15019896195881646,0.0435359785114159,-0.10298282243029919,0.057452726077689475,0.12245860533889012,0.32269197558582147,-0.32977340488294565,0.21687257339490945,0.4455282320984944,0.5466459782778551,greedy,11OY+1DI9+1KV2,0.6624008054934039,1DI9+1OUY+1W83,0.6001489163800695,0.5466459782778551,1DI9+1OUY+1W83,1M7Q+1W82+1W83,11OY+1DI9+1KV2,bootstrap_seed=0,e1_smoke3,train_selected,0.5466459782778551,11OY+1DI9+1KV2,0.5466459782778551,0.6032499613113785,0.8402777777777778,5.0,3.333333333333333,2.5
MK14,primary,4,max,2,120,24,105,pr_auc,0.054881496986463496,-0.05509329301821514,0.008055377621492554,-0.11824196365792283,-0.26212800231893635,0.10419758593029754,-0.17470652274059578,0.2172894285962707,0.2930884176488081,-0.5287386701556552,-0.3699515914272829,0.1964724895366679,0.4248330884137464,0.5664240809639508,single,1KV2,0.6213055779504143,1KV2+1W83,0.5308598187698985,0.43081375736066585,1KV2+1W83,1R39+1W83,1A9U+1DI9,bootstrap_seed=0,e1_smoke3,oracle,0.6213055779504143,1KV2+1W83,0.6213055779504143,0.7689583491558217,0.8411458333333334,5.0,4.166666666666667,3.75
MK14,primary,4,max,2,120,24,105,pr_auc,0.054881496986463496,-0.05509329301821514,0.008055377621492554,-0.11824196365792283,-0.26212800231893635,0.10419758593029754,-0.17470652274059578,0.2172894285962707,0.2930884176488081,-0.5287386701556552,-0.3699515914272829,0.1964724895366679,0.4248330884137464,0.5664240809639508,single,1KV2,0.6213055779504143,1KV2+1W83,0.5308598187698985,0.43081375736066585,1KV2+1W83,1R39+1W83,1A9U+1DI9,bootstrap_seed=0,e1_smoke3,ref,0.5664240809639508,1KV2,0.5664240809639508,0.6884722737250595,0.8170572916666666,5.0,4.166666666666667,2.5
MK14,primary,4,max,2,120,24,105,pr_auc,0.054881496986463496,-0.05509329301821514,0.008055377621492554,-0.11824196365792283,-0.26212800231893635,0.10419758593029754,-0.17470652274059578,0.2172894285962707,0.2930884176488081,-0.5287386701556552,-0.3699515914272829,0.1964724895366679,0.4248330884137464,0.5664240809639508,single,1KV2,0.6213055779504143,1KV2+1W83,0.5308598187698985,0.43081375736066585,1KV2+1W83,1R39+1W83,1A9U+1DI9,bootstrap_seed=0,e1_smoke3,greedy,0.5755408898307128,1DI9+1KV2,0.5755408898307128,0.6380595576306437,0.8580729166666666,5.0,3.333333333333333,2.9166666666666665
MK14,primary,4,max,2,120,24,105,pr_auc,0.054881496986463496,-0.05509329301821514,0.008055377621492554,-0.11824196365792283,-0.26212800231893635,0.10419758593029754,-0.17470652274059578,0.2172894285962707,0.2930884176488081,-0.5287386701556552,-0.3699515914272829,0.1964724895366679,0.4248330884137464,0.5664240809639508,single,1KV2,0.6213055779504143,1KV2+1W83,0.5308598187698985,0.43081375736066585,1KV2+1W83,1R39+1W83,1A9U+1DI9,bootstrap_seed=0,e1_smoke3,single,0.5664240809639508,1KV2,0.5664240809639508,0.6884722737250595,0.8170572916666666,5.0,4.166666666666667,2.5
MK14,primary,4,max,2,120,24,105,pr_auc,0.054881496986463496,-0.05509329301821514,0.008055377621492554,-0.11824196365792283,-0.26212800231893635,0.10419758593029754,-0.17470652274059578,0.2172894285962707,0.2930884176488081,-0.5287386701556552,-0.3699515914272829,0.1964724895366679,0.4248330884137464,0.5664240809639508,single,1KV2,0.6213055779504143,1KV2+1W83,0.5308598187698985,0.43081375736066585,1KV2+1W83,1R39+1W83,1A9U+1DI9,bootstrap_seed=0,e1_smoke3,train_selected,0.43081375736066585,1A9U+1DI9,0.43081375736066585,0.4212295578548997,0.7986111111111112,0.0,1.6666666666666665,2.5
MK14,primary,4,max,3,120,24,455,pr_auc,0.18680291412759897,0.10500494404147662,0.11219019002829289,0.09781969805466034,-0.04051960335724589,0.09957729431830234,-0.30638039277502815,0.07943728819272626,0.28009239719837664,1.0545069009991836,-0.25488703224028475,0.1793446017733662,0.4416899463678837,0.43423163401365095,greedy,1A9U+1DI9+1KV2,0.6210345481412499,1DI9+1R39+1W83,0.5333838034350803,0.43130925486784727,1BL6+1DI9+1W83,1BL6+1R39+1W83,11OY+1A9U+1DI9,bootstrap_seed=0,e1_smoke3,oracle,0.6210345481412499,1DI9+1R39+1W83,0.615263429317449,0.6401863544050155,0.9036458333333334,2.5,3.333333333333333,3.333333333333333
MK14,primary,4,max,3,120,24,455,pr_auc,0.18680291412759897,0.10500494404147662,0.11219019002829289,0.09781969805466034,-0.04051960335724589,0.09957729431830234,-0.30638039277502815,0.07943728819272626,0.28009239719837664,1.0545069009991836,-0.25488703224028475,0.1793446017733662,0.4416899463678837,0.43423163401365095,greedy,1A9U+1DI9+1KV2,0.6210345481412499,1DI9+1R39+1W83,0.5333838034350803,0.43130925486784727,1BL6+1DI9+1W83,1BL6+1R39+1W83,11OY+1A9U+1DI9,bootstrap_seed=0,e1_smoke3,ref,0.43423163401365095,1A9U+1DI9+1KV2,0.43423163401365095,0.42134251941070017,0.8046875,0.0,1.6666666666666665,2.5
MK14,primary,4,max,3,120,24,455,pr_auc,0.18680291412759897,0.10500494404147662,0.11219019002829289,0.09781969805466034,-0.04051960335724589,0.09957729431830234,-0.30638039277502815,0.07943728819272626,0.28009239719837664,1.0545069009991836,-0.25488703224028475,0.1793446017733662,0.4416899463678837,0.43423163401365095,greedy,1A9U+1DI9+1KV2,0.6210345481412499,1DI9+1R39+1W83,0.5333838034350803,0.43130925486784727,1BL6+1DI9+1W83,1BL6+1R39+1W83,11OY+1A9U+1DI9,bootstrap_seed=0,e1_smoke3,greedy,0.43423163401365095,1A9U+1DI9+1KV2,0.43423163401365095,0.42134251941070017,0.8046875,0.0,1.6666666666666665,2.5
MK14,primary,4,max,3,120,24,455,pr_auc,0.18680291412759897,0.10500494404147662,0.11219019002829289,0.09781969805466034,-0.04051960335724589,0.09957729431830234,-0.30638039277502815,0.07943728819272626,0.28009239719837664,1.0545069009991836,-0.25488703224028475,0.1793446017733662,0.4416899463678837,0.43423163401365095,greedy,1A9U+1DI9+1KV2,0.6210345481412499,1DI9+1R39+1W83,0.5333838034350803,0.43130925486784727,1BL6+1DI9+1W83,1BL6+1R39+1W83,11OY+1A9U+1DI9,bootstrap_seed=0,e1_smoke3,single,0.5664240809639508,1KV2,0.5664240809639508,0.6884722737250595,0.8170572916666666,5.0,4.166666666666667,2.5
MK14,primary,4,max,3,120,24,455,pr_auc,0.18680291412759897,0.10500494404147662,0.11219019002829289,0.09781969805466034,-0.04051960335724589,0.09957729431830234,-0.30638039277502815,0.07943728819272626,0.28009239719837664,1.0545069009991836,-0.25488703224028475,0.1793446017733662,0.4416899463678837,0.43423163401365095,greedy,1A9U+1DI9+1KV2,0.6210345481412499,1DI9+1R39+1W83,0.5333838034350803,0.43130925486784727,1BL6+1DI9+1W83,1BL6+1R39+1W83,11OY+1A9U+1DI9,bootstrap_seed=0,e1_smoke3,train_selected,0.43130925486784727,11OY+1A9U+1DI9,0.43130925486784727,0.42122996545986857,0.7999131944444444,0.0,1.6666666666666665,2.5
MK14,primary,4,mean,2,120,24,105,pr_auc,0.06193190974333329,-0.02860938576053379,-0.005452390857966893,-0.051766380663100686,-0.1959230839294576,0.03871309877055738,-0.033503909527735166,0.1131804745492881,0.10889274218439929,-0.7390104814418057,-0.36473684532319756,0.23951173712036916,0.42666875506653085,0.6042485824435667,greedy,1DI9+1KV2,0.6661804921869,1DI9+1W83,0.587244337605899,0.6042485824435667,1DI9+1W83,1R39+1W83,1DI9+1KV2,bootstrap_seed=0,e1_smoke3,oracle,0.6661804921869,1DI9+1W83,0.6661804921869,0.7529170251112841,0.8899739583333334,5.0,4.166666666666667,3.333333333333333
MK14,primary,4,mean,2,120,24,105,pr_auc,0.06193190974333329,-0.02860938576053379,-0.005452390857966893,-0.051766380663100686,-0.1959230839294576,0.03871309877055738,-0.033503909527735166,0.1131804745492881,0.10889274218439929,-0.7390104814418057,-0.36473684532319756,0.23951173712036916,0.42666875506653085,0.6042485824435667,greedy,1DI9+1KV2,0.6661804921869,1DI9+1W83,0.587244337605899,0.6042485824435667,1DI9+1W83,1R39+1W83,1DI9+1KV2,bootstrap_seed=0,e1_smoke3,ref,0.6042485824435667,1DI9+1KV2,0.6042485824435667,0.6857465029039417,0.8611111111111112,5.0,3.333333333333333,2.9166666666666665
MK14,primary,4,mean,2,120,24,105,pr_auc,0.06193190974333329,-0.02860938576053379,-0.005452390857966893,-0.051766380663100686,-0.1959230839294576,0.03871309877055738,-0.033503909527735166,0.1131804745492881,0.10889274218439929,-0.7390104814418057,-0.36473684532319756,0.23951173712036916,0.42666875506653085,0.6042485824435667,greedy,1DI9+1KV2,0.6661804921869,1DI9+1W83,0.587244337605899,0.6042485824435667,1DI9+1W83,1R39+1W83,1DI9+1KV2,bootstrap_seed=0,e1_smoke3,greedy,0.6042485824435667,1DI9+1KV2,0.6042485824435667,0.6857465029039417,0.8611111111111112,5.0,3.333333333333333,2.9166666666666665
MK14,primary,4,mean,2,120,24,105,pr_auc,0.06193190974333329,-0.02860938576053379,-0.005452390857966893,-0.051766380663100686,-0.1959230839294576,0.03871309877055738,-0.033503909527735166,0.1131804745492881,0.10889274218439929,-0.7390104814418057,-0.36473684532319756,0.23951173712036916,0.42666875506653085,0.6042485824435667,greedy,1DI9+1KV2,0.6661804921869,1DI9+1W83,0.587244337605899,0.6042485824435667,1DI9+1W83,1R39+1W83,1DI9+1KV2,bootstrap_seed=0,e1_smoke3,single,0.5664240809639508,1KV2,0.5664240809639508,0.6884722737250595,0.8170572916666666,5.0,4.166666666666667,2.5
MK14,primary,4,mean,2,120,24,105,pr_auc,0.06193190974333329,-0.02860938576053379,-0.005452390857966893,-0.051766380663100686,-0.1959230839294576,0.03871309877055738,-0.033503909527735166,0.1131804745492881,0.10889274218439929,-0.7390104814418057,-0.36473684532319756,0.23951173712036916,0.42666875506653085,0.6042485824435667,greedy,1DI9+1KV2,0.6661804921869,1DI9+1W83,0.587244337605899,0.6042485824435667,1DI9+1W83,1R39+1W83,1DI9+1KV2,bootstrap_seed=0,e1_smoke3,train_selected,0.6042485824435667,1DI9+1KV2,0.6042485824435667,0.6857465029039417,0.8611111111111112,5.0,3.333333333333333,2.9166666666666665
MK14,primary,4,mean,3,120,24,455,pr_auc,0.11916758823116547,0.09404329174627396,0.0647588894751987,0.12332769401734922,-0.05659046702773907,0.06332826343248286,-0.1656339859054153,0.0729257338925037,0.17813061940119634,1.4850129570746524,-0.3292919661388649,0.20256301103572283,0.4484595543700304,0.5318549771745877,greedy,11OY+1DI9+1KV2,0.6510225654057532,1DI9+1R39+1W83,0.595847589988746,0.5318549771745877,1DI9+1KV2+1W83,1OUY+1R39+1W83,11OY+1DI9+1KV2,bootstrap_seed=0,e1_smoke3,oracle,0.6510225654057532,1DI9+1R39+1W83,0.6424063007577058,0.7536870875484035,0.87109375,5.0,4.166666666666667,3.333333333333333
MK14,primary,4,mean,3,120,24,455,pr_auc,0.11916758823116547,0.09404329174627396,0.0647588894751987,0.12332769401734922,-0.05659046702773907,0.06332826343248286,-0.1656339859054153,0.0729257338925037,0.17813061940119634,1.4850129570746524,-0.3292919661388649,0.20256301103572283,0.4484595543700304,0.5318549771745877,greedy,11OY+1DI9+1KV2,0.6510225654057532,1DI9+1R39+1W83,0.595847589988746,0.5318549771745877,1DI9+1KV2+1W83,1OUY+1R39+1W83,11OY+1DI9+1KV2,bootstrap_seed=0,e1_smoke3,ref,0.5318549771745877,11OY+1DI9+1KV2,0.5318549771745877,0.5523069411106885,0.8467881944444444,5.0,2.5,2.5
MK14,primary,4,mean,3,120,24,455,pr_auc,0.11916758823116547,0.09404329174627396,0.0647588894751987,0.12332769401734922,-0.05659046702773907,0.06332826343248286,-0.1656339859054153,0.0729257338925037,0.17813061940119634,1.4850129570746524,-0.3292919661388649,0.20256301103572283,0.4484595543700304,0.5318549771745877,greedy,11OY+1DI9+1KV2,0.6510225654057532,1DI9+1R39+1W83,0.595847589988746,0.5318549771745877,1DI9+1KV2+1W83,1OUY+1R39+1W83,11OY+1DI9+1KV2,bootstrap_seed=0,e1_smoke3,greedy,0.5318549771745877,11OY+1DI9+1KV2,0.5318549771745877,0.5523069411106885,0.8467881944444444,5.0,2.5,2.5
MK14,primary,4,mean,3,120,24,455,pr_auc,0.11916758823116547,0.09404329174627396,0.0647588894751987,0.12332769401734922,-0.05659046702773907,0.06332826343248286,-0.1656339859054153,0.0729257338925037,0.17813061940119634,1.4850129570746524,-0.3292919661388649,0.20256301103572283,0.4484595543700304,0.5318549771745877,greedy,11OY+1DI9+1KV2,0.6510225654057532,1DI9+1R39+1W83,0.595847589988746,0.5318549771745877,1DI9+1KV2+1W83,1OUY+1R39+1W83,11OY+1DI9+1KV2,bootstrap_seed=0,e1_smoke3,single,0.5664240809639508,1KV2,0.5664240809639508,0.6884722737250595,0.8170572916666666,5.0,4.166666666666667,2.5
MK14,primary,4,mean,3,120,24,455,pr_auc,0.11916758823116547,0.09404329174627396,0.0647588894751987,0.12332769401734922,-0.05659046702773907,0.06332826343248286,-0.1656339859054153,0.0729257338925037,0.17813061940119634,1.4850129570746524,-0.3292919661388649,0.20256301103572283,0.4484595543700304,0.5318549771745877,greedy,11OY+1DI9+1KV2,0.6510225654057532,1DI9+1R39+1W83,0.595847589988746,0.5318549771745877,1DI9+1KV2+1W83,1OUY+1R39+1W83,11OY+1DI9+1KV2,bootstrap_seed=0,e1_smoke3,train_selected,0.5318549771745877,11OY+1DI9+1KV2,0.5318549771745877,0.5523069411106885,0.8467881944444444,5.0,2.5,2.5
MK14,primary,4,min,2,120,24,105,pr_auc,0.10548543103850228,0.10803885157691379,0.07315742898355349,0.1429202741702741,-0.06319541230855856,0.03916278808874385,-0.13029079235711744,0.013017817408479937,0.11015763454753914,2.758711952072847,-0.312795424260765,0.20398186841487465,0.4182808552992673,0.5167772926756397,greedy,11OY+1KV2,0.6222627237141419,1DI9+1W83,0.5720217717776545,0.5167772926756397,1DI9+1W83,1DI9+1W83,11OY+1KV2,bootstrap_seed=0,e1_smoke3,oracle,0.6222627237141419,1DI9+1W83,0.6222627237141419,0.7665019695835729,0.8420138888888888,5.0,4.166666666666667,4.166666666666667
MK14,primary,4,min,2,120,24,105,pr_auc,0.10548543103850228,0.10803885157691379,0.07315742898355349,0.1429202741702741,-0.06319541230855856,0.03916278808874385,-0.13029079235711744,0.013017817408479937,0.11015763454753914,2.758711952072847,-0.312795424260765,0.20398186841487465,0.4182808552992673,0.5167772926756397,greedy,11OY+1KV2,0.6222627237141419,1DI9+1W83,0.5720217717776545,0.5167772926756397,1DI9+1W83,1DI9+1W83,11OY+1KV2,bootstrap_seed=0,e1_smoke3,ref,0.5167772926756397,11OY+1KV2,0.5167772926756397,0.6255216028411268,0.7994791666666666,5.0,4.166666666666667,2.5
MK14,primary,4,min,2,120,24,105,pr_auc,0.10548543103850228,0.10803885157691379,0.07315742898355349,0.1429202741702741,-0.06319541230855856,0.03916278808874385,-0.13029079235711744,0.013017817408479937,0.11015763454753914,2.758711952072847,-0.312795424260765,0.20398186841487465,0.4182808552992673,0.5167772926756397,greedy,11OY+1KV2,0.6222627237141419,1DI9+1W83,0.5720217717776545,0.5167772926756397,1DI9+1W83,1DI9+1W83,11OY+1KV2,bootstrap_seed=0,e1_smoke3,greedy,0.5167772926756397,11OY+1KV2,0.5167772926756397,0.6255216028411268,0.7994791666666666,5.0,4.166666666666667,2.5
MK14,primary,4,min,2,120,24,105,pr_auc,0.10548543103850228,0.10803885157691379,0.07315742898355349,0.1429202741702741,-0.06319541230855856,0.03916278808874385,-0.13029079235711744,0.013017817408479937,0.11015763454753914,2.758711952072847,-0.312795424260765,0.20398186841487465,0.4182808552992673,0.5167772926756397,greedy,11OY+1KV2,0.6222627237141419,1DI9+1W83,0.5720217717776545,0.5167772926756397,1DI9+1W83,1DI9+1W83,11OY+1KV2,bootstrap_seed=0,e1_smoke3,single,0.5664240809639508,1KV2,0.5664240809639508,0.6884722737250595,0.8170572916666666,5.0,4.166666666666667,2.5
MK14,primary,4,min,2,120,24,105,pr_auc,0.10548543103850228,0.10803885157691379,0.07315742898355349,0.1429202741702741,-0.06319541230855856,0.03916278808874385,-0.13029079235711744,0.013017817408479937,0.11015763454753914,2.758711952072847,-0.312795424260765,0.20398186841487465,0.4182808552992673,0.5167772926756397,greedy,11OY+1KV2,0.6222627237141419,1DI9+1W83,0.5720217717776545,0.5167772926756397,1DI9+1W83,1DI9+1W83,11OY+1KV2,bootstrap_seed=0,e1_smoke3,train_selected,0.5167772926756397,11OY+1KV2,0.5167772926756397,0.6255216028411268,0.7994791666666666,5.0,4.166666666666667,2.5
MK14,primary,4,min,3,120,24,455,pr_auc,0.13120135066899502,-0.008277788132707409,0.045798532044575846,-0.06235410830999066,-0.10011854596104731,0.04559136897859818,-0.15930256787657407,0.009833295762814217,0.12824003620697072,-0.1815648075097992,-0.29278354792304223,0.20007124340038995,0.42398489859203725,0.4928547913234322,greedy,11OY+1BL6+1KV2,0.6240561419924272,1DI9+1KV1+1W83,0.5792170029916641,0.4928547913234322,1DI9+1KV1+1W83,1A9U+1KV1+1R39,11OY+1BL6+1KV2,bootstrap_seed=0,e1_smoke3,oracle,0.6240561419924272,1DI9+1KV1+1W83,0.6240561419924272,0.7701282859597326,0.8420138888888888,5.0,4.166666666666667,3.75
MK14,primary,4,min,3,120,24,455,pr_auc,0.13120135066899502,-0.008277788132707409,0.045798532044575846,-0.06235410830999066,-0.10011854596104731,0.04559136897859818,-0.15930256787657407,0.009833295762814217,0.12824003620697072,-0.1815648075097992,-0.29278354792304223,0.20007124340038995,0.42398489859203725,0.4928547913234322,greedy,11OY+1BL6+1KV2,0.6240561419924272,1DI9+1KV1+1W83,0.5792170029916641,0.4928547913234322,1DI9+1KV1+1W83,1A9U+1KV1+1R39,11OY+1BL6+1KV2,bootstrap_seed=0,e1_smoke3,ref,0.4928547913234322,11OY+1BL6+1KV2,0.4928547913234322,0.6180040447679359,0.7747395833333334,5.0,4.166666666666667,2.5
MK14,primary,4,min,3,120,24,455,pr_auc,0.13120135066899502,-0.008277788132707409,0.045798532044575846,-0.06235410830999066,-0.10011854596104731,0.04559136897859818,-0.15930256787657407,0.009833295762814217,0.12824003620697072,-0.1815648075097992,-0.29278354792304223,0.20007124340038995,0.42398489859203725,0.4928547913234322,greedy,11OY+1BL6+1KV2,0.6240561419924272,1DI9+1KV1+1W83,0.5792170029916641,0.4928547913234322,1DI9+1KV1+1W83,1A9U+1KV1+1R39,11OY+1BL6+1KV2,bootstrap_seed=0,e1_smoke3,greedy,0.4928547913234322,11OY+1BL6+1KV2,0.4928547913234322,0.6180040447679359,0.7747395833333334,5.0,4.166666666666667,2.5
MK14,primary,4,min,3,120,24,455,pr_auc,0.13120135066899502,-0.008277788132707409,0.045798532044575846,-0.06235410830999066,-0.10011854596104731,0.04559136897859818,-0.15930256787657407,0.009833295762814217,0.12824003620697072,-0.1815648075097992,-0.29278354792304223,0.20007124340038995,0.42398489859203725,0.4928547913234322,greedy,11OY+1BL6+1KV2,0.6240561419924272,1DI9+1KV1+1W83,0.5792170029916641,0.4928547913234322,1DI9+1KV1+1W83,1A9U+1KV1+1R39,11OY+1BL6+1KV2,bootstrap_seed=0,e1_smoke3,single,0.5664240809639508,1KV2,0.5664240809639508,0.6884722737250595,0.8170572916666666,5.0,4.166666666666667,2.5
MK14,primary,4,min,3,120,24,455,pr_auc,0.13120135066899502,-0.008277788132707409,0.045798532044575846,-0.06235410830999066,-0.10011854596104731,0.04559136897859818,-0.15930256787657407,0.009833295762814217,0.12824003620697072,-0.1815648075097992,-0.29278354792304223,0.20007124340038995,0.42398489859203725,0.4928547913234322,greedy,11OY+1BL6+1KV2,0.6240561419924272,1DI9+1KV1+1W83,0.5792170029916641,0.4928547913234322,1DI9+1KV1+1W83,1A9U+1KV1+1R39,11OY+1BL6+1KV2,bootstrap_seed=0,e1_smoke3,train_selected,0.4928547913234322,11OY+1BL6+1KV2,0.4928547913234322,0.6180040447679359,0.7747395833333334,5.0,4.166666666666667,2.5
MK14,primary,4,ranksum,2,120,24,105,pr_auc,0.10342889237076391,0.010145357829979884,0.04992231490362797,-0.029631599243668205,-0.15874957692381536,0.06398183125881504,-0.11391176105757517,0.12445192440548768,0.1799689840651724,0.1585662309185956,-0.3183623515726744,0.23722806231268473,0.4217912439434383,0.5555904138853591,greedy,1DI9+1KV2,0.659019306256123,1DI9+1W83,0.5585641120878728,0.5555904138853591,1DI9+1W83,1R39+1W83,1DI9+1KV2,bootstrap_seed=0,e1_smoke3,oracle,0.659019306256123,1DI9+1W83,0.659019306256123,0.7289813901910652,0.892578125,5.0,4.166666666666667,2.5
MK14,primary,4,ranksum,2,120,24,105,pr_auc,0.10342889237076391,0.010145357829979884,0.04992231490362797,-0.029631599243668205,-0.15874957692381536,0.06398183125881504,-0.11391176105757517,0.12445192440548768,0.1799689840651724,0.1585662309185956,-0.3183623515726744,0.23722806231268473,0.4217912439434383,0.5555904138853591,greedy,1DI9+1KV2,0.659019306256123,1DI9+1W83,0.5585641120878728,0.5555904138853591,1DI9+1W83,1R39+1W83,1DI9+1KV2,bootstrap_seed=0,e1_smoke3,ref,0.5555904138853591,1DI9+1KV2,0.5555904138853591,0.5680762189509059,0.8576388888888888,5.0,2.5,2.5
MK14,primary,4,ranksum,2,120,24,105,pr_auc,0.10342889237076391,0.010145357829979884,0.04992231490362797,-0.029631599243668205,-0.15874957692381536,0.06398183125881504,-0.11391176105757517,0.12445192440548768,0.1799689840651724,0.1585662309185956,-0.3183623515726744,0.23722806231268473,0.4217912439434383,0.5555904138853591,greedy,1DI9+1KV2,0.659019306256123,1DI9+1W83,0.5585641120878728,0.5555904138853591,1DI9+1W83,1R39+1W83,1DI9+1KV2,bootstrap_seed=0,e1_smoke3,greedy,0.5555904138853591,1DI9+1KV2,0.5555904138853591,0.5680762189509059,0.8576388888888888,5.0,2.5,2.5
MK14,primary,4,ranksum,2,120,24,105,pr_auc,0.10342889237076391,0.010145357829979884,0.04992231490362797,-0.029631599243668205,-0.15874957692381536,0.06398183125881504,-0.11391176105757517,0.12445192440548768,0.1799689840651724,0.1585662309185956,-0.3183623515726744,0.23722806231268473,0.4217912439434383,0.5555904138853591,greedy,1DI9+1KV2,0.659019306256123,1DI9+1W83,0.5585641120878728,0.5555904138853591,1DI9+1W83,1R39+1W83,1DI9+1KV2,bootstrap_seed=0,e1_smoke3,single,0.5671978413953056,1KV2,0.5671978413953056,0.6885886547960077,0.8168402777777778,5.0,4.166666666666667,2.5
MK14,primary,4,ranksum,2,120,24,105,pr_auc,0.10342889237076391,0.010145357829979884,0.04992231490362797,-0.029631599243668205,-0.15874957692381536,0.06398183125881504,-0.11391176105757517,0.12445192440548768,0.1799689840651724,0.1585662309185956,-0.3183623515726744,0.23722806231268473,0.4217912439434383,0.5555904138853591,greedy,1DI9+1KV2,0.659019306256123,1DI9+1W83,0.5585641120878728,0.5555904138853591,1DI9+1W83,1R39+1W83,1DI9+1KV2,bootstrap_seed=0,e1_smoke3,train_selected,0.5555904138853591,1DI9+1KV2,0.5555904138853591,0.5680762189509059,0.8576388888888888,5.0,2.5,2.5
MK14,primary,4,ranksum,3,120,24,455,pr_auc,0.09960065059193157,0.09660323214927946,0.03163338090067369,0.16157308339788523,-0.01574454824102843,0.04916563303714055,-0.11902056220105547,0.06682816182966607,0.13829377581930644,1.9648528083896275,-0.34183646516463045,0.20154344795544415,0.441437115756562,0.5433799131200746,greedy,1DI9+1KV2+1W82,0.6429805637120062,1DI9+1KV2+1W83,0.533994168481579,0.5433799131200746,1DI9+1KV2+1W83,1DI9+1KV1+1W83,1DI9+1KV2+1W82,bootstrap_seed=0,e1_smoke3,oracle,0.6429805637120062,1DI9+1KV2+1W83,0.6429805637120062,0.7325801708404545,0.8771701388888888,5.0,4.166666666666667,3.333333333333333
MK14,primary,4,ranksum,3,120,24,455,pr_auc,0.09960065059193157,0.09660323214927946,0.03163338090067369,0.16157308339788523,-0.01574454824102843,0.04916563303714055,-0.11902056220105547,0.06682816182966607,0.13829377581930644,1.9648528083896275,-0.34183646516463045,0.20154344795544415,0.441437115756562,0.5433799131200746,greedy,1DI9+1KV2+1W82,0.6429805637120062,1DI9+1KV2+1W83,0.533994168481579,0.5433799131200746,1DI9+1KV2+1W83,1DI9+1KV1+1W83,1DI9+1KV2+1W82,bootstrap_seed=0,e1_smoke3,ref,0.5433799131200746,1DI9+1KV2+1W82,0.5433799131200746,0.5980051148864656,0.8396267361111112,5.0,3.333333333333333,2.5
MK14,primary,4,ranksum,3,120,24,455,pr_auc,0.09960065059193157,0.09660323214927946,0.03163338090067369,0.16157308339788523,-0.01574454824102843,0.04916563303714055,-0.11902056220105547,0.06682816182966607,0.13829377581930644,1.9648528083896275,-0.34183646516463045,0.20154344795544415,0.441437115756562,0.5433799131200746,greedy,1DI9+1KV2+1W82,0.6429805637120062,1DI9+1KV2+1W83,0.533994168481579,0.5433799131200746,1DI9+1KV2+1W83,1DI9+1KV1+1W83,1DI9+1KV2+1W82,bootstrap_seed=0,e1_smoke3,greedy,0.5433799131200746,1DI9+1KV2+1W82,0.5433799131200746,0.5980051148864656,0.8396267361111112,5.0,3.333333333333333,2.5
MK14,primary,4,ranksum,3,120,24,455,pr_auc,0.09960065059193157,0.09660323214927946,0.03163338090067369,0.16157308339788523,-0.01574454824102843,0.04916563303714055,-0.11902056220105547,0.06682816182966607,0.13829377581930644,1.9648528083896275,-0.34183646516463045,0.20154344795544415,0.441437115756562,0.5433799131200746,greedy,1DI9+1KV2+1W82,0.6429805637120062,1DI9+1KV2+1W83,0.533994168481579,0.5433799131200746,1DI9+1KV2+1W83,1DI9+1KV1+1W83,1DI9+1KV2+1W82,bootstrap_seed=0,e1_smoke3,single,0.5671978413953056,1KV2,0.5671978413953056,0.6885886547960077,0.8168402777777778,5.0,4.166666666666667,2.5
MK14,primary,4,ranksum,3,120,24,455,pr_auc,0.09960065059193157,0.09660323214927946,0.03163338090067369,0.16157308339788523,-0.01574454824102843,0.04916563303714055,-0.11902056220105547,0.06682816182966607,0.13829377581930644,1.9648528083896275,-0.34183646516463045,0.20154344795544415,0.441437115756562,0.5433799131200746,greedy,1DI9+1KV2+1W82,0.6429805637120062,1DI9+1KV2+1W83,0.533994168481579,0.5433799131200746,1DI9+1KV2+1W83,1DI9+1KV1+1W83,1DI9+1KV2+1W82,bootstrap_seed=0,e1_smoke3,train_selected,0.5433799131200746,1DI9+1KV2+1W82,0.5433799131200746,0.5980051148864656,0.8396267361111112,5.0,3.333333333333333,2.5
MK14,primary,4,rrf,2,120,24,105,pr_auc,0.09596709435660111,-0.09463782748609129,0.03386010650944349,-0.22313576148162606,-0.24406625209651003,0.0578635389677355,-0.09149679093869274,0.12210747673170237,0.16275936648818787,-1.6355347283349018,-0.3335741321325521,0.23647347875682184,0.4295412264891532,0.570047610889374,greedy,1DI9+1KV2,0.6660147052459751,1DI9+1W83,0.5950016862121655,0.570047610889374,1DI9+1W83,1R39+1W83,1DI9+1KV2,bootstrap_seed=0,e1_smoke3,oracle,0.6660147052459751,1DI9+1W83,0.6660147052459751,0.7618087509025843,0.8836805555555556,5.0,5.0,3.333333333333333
MK14,primary,4,rrf,2,120,24,105,pr_auc,0.09596709435660111,-0.09463782748609129,0.03386010650944349,-0.22313576148162606,-0.24406625209651003,0.0578635389677355,-0.09149679093869274,0.12210747673170237,0.16275936648818787,-1.6355347283349018,-0.3335741321325521,0.23647347875682184,0.4295412264891532,0.570047610889374,greedy,1DI9+1KV2,0.6660147052459751,1DI9+1W83,0.5950016862121655,0.570047610889374,1DI9+1W83,1R39+1W83,1DI9+1KV2,bootstrap_seed=0,e1_smoke3,ref,0.570047610889374,1DI9+1KV2,0.570047610889374,0.6130026963172946,0.8598090277777778,5.0,3.333333333333333,2.5
MK14,primary,4,rrf,2,120,24,105,pr_auc,0.09596709435660111,-0.09463782748609129,0.03386010650944349,-0.22313576148162606,-0.24406625209651003,0.0578635389677355,-0.09149679093869274,0.12210747673170237,0.16275936648818787,-1.6355347283349018,-0.3335741321325521,0.23647347875682184,0.4295412264891532,0.570047610889374,greedy,1DI9+1KV2,0.6660147052459751,1DI9+1W83,0.5950016862121655,0.570047610889374,1DI9+1W83,1R39+1W83,1DI9+1KV2,bootstrap_seed=0,e1_smoke3,greedy,0.570047610889374,1DI9+1KV2,0.570047610889374,0.6130026963172946,0.8598090277777778,5.0,3.333333333333333,2.5
MK14,primary,4,rrf,2,120,24,105,pr_auc,0.09596709435660111,-0.09463782748609129,0.03386010650944349,-0.22313576148162606,-0.24406625209651003,0.0578635389677355,-0.09149679093869274,0.12210747673170237,0.16275936648818787,-1.6355347283349018,-0.3335741321325521,0.23647347875682184,0.4295412264891532,0.570047610889374,greedy,1DI9+1KV2,0.6660147052459751,1DI9+1W83,0.5950016862121655,0.570047610889374,1DI9+1W83,1R39+1W83,1DI9+1KV2,bootstrap_seed=0,e1_smoke3,single,0.5671978413953056,1KV2,0.5671978413953056,0.6885886547960077,0.8168402777777778,5.0,4.166666666666667,2.5
MK14,primary,4,rrf,2,120,24,105,pr_auc,0.09596709435660111,-0.09463782748609129,0.03386010650944349,-0.22313576148162606,-0.24406625209651003,0.0578635389677355,-0.09149679093869274,0.12210747673170237,0.16275936648818787,-1.6355347283349018,-0.3335741321325521,0.23647347875682184,0.4295412264891532,0.570047610889374,greedy,1DI9+1KV2,0.6660147052459751,1DI9+1W83,0.5950016862121655,0.570047610889374,1DI9+1W83,1R39+1W83,1DI9+1KV2,bootstrap_seed=0,e1_smoke3,train_selected,0.570047610889374,1DI9+1KV2,0.570047610889374,0.6130026963172946,0.8598090277777778,5.0,3.333333333333333,2.5
MK14,primary,4,rrf,3,120,24,455,pr_auc,0.16939025398095414,0.08952789201714079,0.00764721176364036,0.1714085722706412,-0.1171367360265699,0.07374117218844475,-0.20968216330076123,0.06771065918335266,0.20742019384918636,1.2140828435484217,-0.2742609368435544,0.19606989313114065,0.44365119082450855,0.47033082997469505,greedy,11OY+1DI9+1KV2,0.6397210839556492,1DI9+1KV1+1W83,0.5902391987657959,0.47033082997469505,1KV2+1W7H+1W83,1DI9+1KV1+1W83,11OY+1DI9+1KV2,bootstrap_seed=0,e1_smoke3,oracle,0.6397210839556492,1DI9+1KV1+1W83,0.5326348525236614,0.6650459931543833,0.79296875,5.0,4.166666666666667,3.333333333333333
MK14,primary,4,rrf,3,120,24,455,pr_auc,0.16939025398095414,0.08952789201714079,0.00764721176364036,0.1714085722706412,-0.1171367360265699,0.07374117218844475,-0.20968216330076123,0.06771065918335266,0.20742019384918636,1.2140828435484217,-0.2742609368435544,0.19606989313114065,0.44365119082450855,0.47033082997469505,greedy,11OY+1DI9+1KV2,0.6397210839556492,1DI9+1KV1+1W83,0.5902391987657959,0.47033082997469505,1KV2+1W7H+1W83,1DI9+1KV1+1W83,11OY+1DI9+1KV2,bootstrap_seed=0,e1_smoke3,ref,0.47033082997469505,11OY+1DI9+1KV2,0.47033082997469505,0.4465643759436273,0.8346354166666666,2.5,1.6666666666666665,2.5
MK14,primary,4,rrf,3,120,24,455,pr_auc,0.16939025398095414,0.08952789201714079,0.00764721176364036,0.1714085722706412,-0.1171367360265699,0.07374117218844475,-0.20968216330076123,0.06771065918335266,0.20742019384918636,1.2140828435484217,-0.2742609368435544,0.19606989313114065,0.44365119082450855,0.47033082997469505,greedy,11OY+1DI9+1KV2,0.6397210839556492,1DI9+1KV1+1W83,0.5902391987657959,0.47033082997469505,1KV2+1W7H+1W83,1DI9+1KV1+1W83,11OY+1DI9+1KV2,bootstrap_seed=0,e1_smoke3,greedy,0.47033082997469505,11OY+1DI9+1KV2,0.47033082997469505,0.4465643759436273,0.8346354166666666,2.5,1.6666666666666665,2.5
MK14,primary,4,rrf,3,120,24,455,pr_auc,0.16939025398095414,0.08952789201714079,0.00764721176364036,0.1714085722706412,-0.1171367360265699,0.07374117218844475,-0.20968216330076123,0.06771065918335266,0.20742019384918636,1.2140828435484217,-0.2742609368435544,0.19606989313114065,0.44365119082450855,0.47033082997469505,greedy,11OY+1DI9+1KV2,0.6397210839556492,1DI9+1KV1+1W83,0.5902391987657959,0.47033082997469505,1KV2+1W7H+1W83,1DI9+1KV1+1W83,11OY+1DI9+1KV2,bootstrap_seed=0,e1_smoke3,single,0.5671978413953056,1KV2,0.5671978413953056,0.6885886547960077,0.8168402777777778,5.0,4.166666666666667,2.5
MK14,primary,4,rrf,3,120,24,455,pr_auc,0.16939025398095414,0.08952789201714079,0.00764721176364036,0.1714085722706412,-0.1171367360265699,0.07374117218844475,-0.20968216330076123,0.06771065918335266,0.20742019384918636,1.2140828435484217,-0.2742609368435544,0.19606989313114065,0.44365119082450855,0.47033082997469505,greedy,11OY+1DI9+1KV2,0.6397210839556492,1DI9+1KV1+1W83,0.5902391987657959,0.47033082997469505,1KV2+1W7H+1W83,1DI9+1KV1+1W83,11OY+1DI9+1KV2,bootstrap_seed=0,e1_smoke3,train_selected,0.47033082997469505,11OY+1DI9+1KV2,0.47033082997469505,0.4465643759436273,0.8346354166666666,2.5,1.6666666666666665,2.5
MK14,primary,4,zmean,2,120,24,105,pr_auc,0.07886314443341846,-0.042063698459851695,0.01784083394631064,-0.10196823086601403,-0.21554229200207647,0.052823186836332865,-0.06402822219018879,0.13903554547396973,0.1485817939715481,-0.7963112598674078,-0.3411331663230391,0.25605866524689663,0.41999631075645755,0.5971918315699357,greedy,1DI9+1KV2,0.6760549760033542,1DI9+1W83,0.5955347882799878,0.5971918315699357,1DI9+1W83,1R39+1W83,1DI9+1KV2,bootstrap_seed=0,e1_smoke3,oracle,0.6760549760033542,1DI9+1W83,0.6760549760033542,0.7618311566233281,0.8949652777777778,5.0,5.0,2.9166666666666665
MK14,primary,4,zmean,2,120,24,105,pr_auc,0.07886314443341846,-0.042063698459851695,0.01784083394631064,-0.10196823086601403,-0.21554229200207647,0.052823186836332865,-0.06402822219018879,0.13903554547396973,0.1485817939715481,-0.7963112598674078,-0.3411331663230391,0.25605866524689663,0.41999631075645755,0.5971918315699357,greedy,1DI9+1KV2,0.6760549760033542,1DI9+1W83,0.5955347882799878,0.5971918315699357,1DI9+1W83,1R39+1W83,1DI9+1KV2,bootstrap_seed=0,e1_smoke3,ref,0.5971918315699357,1DI9+1KV2,0.5971918315699357,0.6619024680068408,0.8641493055555556,5.0,3.333333333333333,2.5
MK14,primary,4,zmean,2,120,24,105,pr_auc,0.07886314443341846,-0.042063698459851695,0.01784083394631064,-0.10196823086601403,-0.21554229200207647,0.052823186836332865,-0.06402822219018879,0.13903554547396973,0.1485817939715481,-0.7963112598674078,-0.3411331663230391,0.25605866524689663,0.41999631075645755,0.5971918315699357,greedy,1DI9+1KV2,0.6760549760033542,1DI9+1W83,0.5955347882799878,0.5971918315699357,1DI9+1W83,1R39+1W83,1DI9+1KV2,bootstrap_seed=0,e1_smoke3,greedy,0.5971918315699357,1DI9+1KV2,0.5971918315699357,0.6619024680068408,0.8641493055555556,5.0,3.333333333333333,2.5
MK14,primary,4,zmean,2,120,24,105,pr_auc,0.07886314443341846,-0.042063698459851695,0.01784083394631064,-0.10196823086601403,-0.21554229200207647,0.052823186836332865,-0.06402822219018879,0.13903554547396973,0.1485817939715481,-0.7963112598674078,-0.3411331663230391,0.25605866524689663,0.41999631075645755,0.5971918315699357,greedy,1DI9+1KV2,0.6760549760033542,1DI9+1W83,0.5955347882799878,0.5971918315699357,1DI9+1W83,1R39+1W83,1DI9+1KV2,bootstrap_seed=0,e1_smoke3,single,0.5664240809639508,1KV2,0.5664240809639508,0.6884722737250595,0.8170572916666666,5.0,4.166666666666667,2.5
MK14,primary,4,zmean,2,120,24,105,pr_auc,0.07886314443341846,-0.042063698459851695,0.01784083394631064,-0.10196823086601403,-0.21554229200207647,0.052823186836332865,-0.06402822219018879,0.13903554547396973,0.1485817939715481,-0.7963112598674078,-0.3411331663230391,0.25605866524689663,0.41999631075645755,0.5971918315699357,greedy,1DI9+1KV2,0.6760549760033542,1DI9+1W83,0.5955347882799878,0.5971918315699357,1DI9+1W83,1R39+1W83,1DI9+1KV2,bootstrap_seed=0,e1_smoke3,train_selected,0.5971918315699357,1DI9+1KV2,0.5971918315699357,0.6619024680068408,0.8641493055555556,5.0,3.333333333333333,2.5
MK14,primary,4,zmean,3,120,24,455,pr_auc,0.15717082737463167,0.12101629584275286,0.07283165373456768,0.16920093795093805,-0.05170889627905478,0.07628655715636123,-0.19780022846049203,0.10078701337492954,0.21457988805796344,1.5863384107728316,-0.2914666069486962,0.2051092849421074,0.44863743432332787,0.4965758918908036,greedy,11OY+1DI9+1KV2,0.6537467192654353,1DI9+1KV1+1W83,0.5918273870526077,0.4965758918908036,1DI9+1KV2+1W83,1DI9+1R39+1W83,11OY+1DI9+1KV2,bootstrap_seed=0,e1_smoke3,oracle,0.6537467192654353,1DI9+1KV1+1W83,0.6409078068803752,0.7311343996227339,0.8784722222222222,5.0,4.166666666666667,3.333333333333333
MK14,primary,4,zmean,3,120,24,455,pr_auc,0.15717082737463167,0.12101629584275286,0.07283165373456768,0.16920093795093805,-0.05170889627905478,0.07628655715636123,-0.19780022846049203,0.10078701337492954,0.21457988805796344,1.5863384107728316,-0.2914666069486962,0.2051092849421074,0.44863743432332787,0.4965758918908036,greedy,11OY+1DI9+1KV2,0.6537467192654353,1DI9+1KV1+1W83,0.5918273870526077,0.4965758918908036,1DI9+1KV2+1W83,1DI9+1R39+1W83,11OY+1DI9+1KV2,bootstrap_seed=0,e1_smoke3,ref,0.4965758918908036,11OY+1DI9+1KV2,0.4965758918908036,0.4991825301140925,0.84765625,2.5,2.5,2.5
MK14,primary,4,zmean,3,120,24,455,pr_auc,0.15717082737463167,0.12101629584275286,0.07283165373456768,0.16920093795093805,-0.05170889627905478,0.07628655715636123,-0.19780022846049203,0.10078701337492954,0.21457988805796344,1.5863384107728316,-0.2914666069486962,0.2051092849421074,0.44863743432332787,0.4965758918908036,greedy,11OY+1DI9+1KV2,0.6537467192654353,1DI9+1KV1+1W83,0.5918273870526077,0.4965758918908036,1DI9+1KV2+1W83,1DI9+1R39+1W83,11OY+1DI9+1KV2,bootstrap_seed=0,e1_smoke3,greedy,0.4965758918908036,11OY+1DI9+1KV2,0.4965758918908036,0.4991825301140925,0.84765625,2.5,2.5,2.5
MK14,primary,4,zmean,3,120,24,455,pr_auc,0.15717082737463167,0.12101629584275286,0.07283165373456768,0.16920093795093805,-0.05170889627905478,0.07628655715636123,-0.19780022846049203,0.10078701337492954,0.21457988805796344,1.5863384107728316,-0.2914666069486962,0.2051092849421074,0.44863743432332787,0.4965758918908036,greedy,11OY+1DI9+1KV2,0.6537467192654353,1DI9+1KV1+1W83,0.5918273870526077,0.4965758918908036,1DI9+1KV2+1W83,1DI9+1R39+1W83,11OY+1DI9+1KV2,bootstrap_seed=0,e1_smoke3,single,0.5664240809639508,1KV2,0.5664240809639508,0.6884722737250595,0.8170572916666666,5.0,4.166666666666667,2.5
MK14,primary,4,zmean,3,120,24,455,pr_auc,0.15717082737463167,0.12101629584275286,0.07283165373456768,0.16920093795093805,-0.05170889627905478,0.07628655715636123,-0.19780022846049203,0.10078701337492954,0.21457988805796344,1.5863384107728316,-0.2914666069486962,0.2051092849421074,0.44863743432332787,0.4965758918908036,greedy,11OY+1DI9+1KV2,0.6537467192654353,1DI9+1KV1+1W83,0.5918273870526077,0.4965758918908036,1DI9+1KV2+1W83,1DI9+1R39+1W83,11OY+1DI9+1KV2,bootstrap_seed=0,e1_smoke3,train_selected,0.4965758918908036,11OY+1DI9+1KV2,0.4965758918908036,0.4991825301140925,0.84765625,2.5,2.5,2.5
MK14,primary,5,gmean,2,120,24,105,pr_auc,0.0,-0.050438119060119024,-0.07864183026223226,-0.02223440785800579,-0.1402594228013023,0.09217877733633258,-0.034175289425675485,0.2900168247975073,0.25928174582067676,-0.5471771324985742,-0.38265114883020607,0.2601149914517496,0.38265114883020607,0.6427661402819557,greedy,1DI9+1KV2,0.6427661402819557,1DI9+1KV2,0.5545223465094536,0.6427661402819557,1BL6+1KV2,1KV2+1M7Q,1DI9+1KV2,bootstrap_seed=0,e1_smoke3,oracle,0.6427661402819557,1DI9+1KV2,0.6245188141193521,0.8243820649855815,0.7391493055555556,5.0,5.0,3.75
MK14,primary,5,gmean,2,120,24,105,pr_auc,0.0,-0.050438119060119024,-0.07864183026223226,-0.02223440785800579,-0.1402594228013023,0.09217877733633258,-0.034175289425675485,0.2900168247975073,0.25928174582067676,-0.5471771324985742,-0.38265114883020607,0.2601149914517496,0.38265114883020607,0.6427661402819557,greedy,1DI9+1KV2,0.6427661402819557,1DI9+1KV2,0.5545223465094536,0.6427661402819557,1BL6+1KV2,1KV2+1M7Q,1DI9+1KV2,bootstrap_seed=0,e1_smoke3,ref,0.6427661402819557,1DI9+1KV2,0.6427661402819557,0.8408580178658606,0.7756076388888888,5.0,5.0,4.166666666666667
MK14,primary,5,gmean,2,120,24,105,pr_auc,0.0,-0.050438119060119024,-0.07864183026223226,-0.02223440785800579,-0.1402594228013023,0.09217877733633258,-0.034175289425675485,0.2900168247975073,0.25928174582067676,-0.5471771324985742,-0.38265114883020607,0.2601149914517496,0.38265114883020607,0.6427661402819557,greedy,1DI9+1KV2,0.6427661402819557,1DI9+1KV2,0.5545223465094536,0.6427661402819557,1BL6+1KV2,1KV2+1M7Q,1DI9+1KV2,bootstrap_seed=0,e1_smoke3,greedy,0.6427661402819557,1DI9+1KV2,0.6427661402819557,0.8408580178658606,0.7756076388888888,5.0,5.0,4.166666666666667
MK14,primary,5,gmean,2,120,24,105,pr_auc,0.0,-0.050438119060119024,-0.07864183026223226,-0.02223440785800579,-0.1402594228013023,0.09217877733633258,-0.034175289425675485,0.2900168247975073,0.25928174582067676,-0.5471771324985742,-0.38265114883020607,0.2601149914517496,0.38265114883020607,0.6427661402819557,greedy,1DI9+1KV2,0.6427661402819557,1DI9+1KV2,0.5545223465094536,0.6427661402819557,1BL6+1KV2,1KV2+1M7Q,1DI9+1KV2,bootstrap_seed=0,e1_smoke3,single,0.5125243449456556,1DI9,0.5125243449456556,0.6193025838135613,0.7899305555555556,5.0,2.5,2.9166666666666665
MK14,primary,5,gmean,2,120,24,105,pr_auc,0.0,-0.050438119060119024,-0.07864183026223226,-0.02223440785800579,-0.1402594228013023,0.09217877733633258,-0.034175289425675485,0.2900168247975073,0.25928174582067676,-0.5471771324985742,-0.38265114883020607,0.2601149914517496,0.38265114883020607,0.6427661402819557,greedy,1DI9+1KV2,0.6427661402819557,1DI9+1KV2,0.5545223465094536,0.6427661402819557,1BL6+1KV2,1KV2+1M7Q,1DI9+1KV2,bootstrap_seed=0,e1_smoke3,train_selected,0.6427661402819557,1DI9+1KV2,0.6427661402819557,0.8408580178658606,0.7756076388888888,5.0,5.0,4.166666666666667
MK14,primary,5,gmean,3,120,24,455,pr_auc,0.020368608576348812,-0.06254467833082719,-0.1344080825591057,0.009318725897451308,-0.16864745980665402,0.09296284857970455,-0.05911240687134487,0.2622318243991584,0.2614871923095959,-0.6727921883461068,-0.3577768997576962,0.27595279101022185,0.37814550833404503,0.6337296907679181,greedy,1DI9+1KV2+1OUY,0.6540982993442669,1BL6+1DI9+1KV2,0.5574846825613893,0.6337296907679181,11OY+1BL6+1KV2,1DI9+1KV2+1M7Q,1DI9+1KV2+1OUY,bootstrap_seed=0,e1_smoke3,oracle,0.6540982993442669,1BL6+1DI9+1KV2,0.621140760713282,0.7976303355341526,0.7673611111111112,5.0,4.166666666666667,3.75
MK14,primary,5,gmean,3,120,24,455,pr_auc,0.020368608576348812,-0.06254467833082719,-0.1344080825591057,0.009318725897451308,-0.16864745980665402,0.09296284857970455,-0.05911240687134487,0.2622318243991584,0.2614871923095959,-0.6727921883461068,-0.3577768997576962,0.27595279101022185,0.37814550833404503,0.6337296907679181,greedy,1DI9+1KV2+1OUY,0.6540982993442669,1BL6+1DI9+1KV2,0.5574846825613893,0.6337296907679181,11OY+1BL6+1KV2,1DI9+1KV2+1M7Q,1DI9+1KV2+1OUY,bootstrap_seed=0,e1_smoke3,ref,0.6337296907679181,1DI9+1KV2+1OUY,0.6337296907679181,0.8286502849231796,0.7782118055555556,5.0,5.0,3.75
MK14,primary,5,gmean,3,120,24,455,pr_auc,0.020368608576348812,-0.06254467833082719,-0.1344080825591057,0.009318725897451308,-0.16864745980665402,0.09296284857970455,-0.05911240687134487,0.2622318243991584,0.2614871923095959,-0.6727921883461068,-0.3577768997576962,0.27595279101022185,0.37814550833404503,0.6337296907679181,greedy,1DI9+1KV2+1OUY,0.6540982993442669,1BL6+1DI9+1KV2,0.5574846825613893,0.6337296907679181,11OY+1BL6+1KV2,1DI9+1KV2+1M7Q,1DI9+1KV2+1OUY,bootstrap_seed=0,e1_smoke3,greedy,0.6337296907679181,1DI9+1KV2+1OUY,0.6337296907679181,0.8286502849231796,0.7782118055555556,5.0,5.0,3.75
MK14,primary,5,gmean,3,120,24,455,pr_auc,0.020368608576348812,-0.06254467833082719,-0.1344080825591057,0.009318725897451308,-0.16864745980665402,0.09296284857970455,-0.05911240687134487,0.2622318243991584,0.2614871923095959,-0.6727921883461068,-0.3577768997576962,0.27595279101022185,0.37814550833404503,0.6337296907679181,greedy,1DI9+1KV2+1OUY,0.6540982993442669,1BL6+1DI9+1KV2,0.5574846825613893,0.6337296907679181,11OY+1BL6+1KV2,1DI9+1KV2+1M7Q,1DI9+1KV2+1OUY,bootstrap_seed=0,e1_smoke3,single,0.5125243449456556,1DI9,0.5125243449456556,0.6193025838135613,0.7899305555555556,5.0,2.5,2.9166666666666665
MK14,primary,5,gmean,3,120,24,455,pr_auc,0.020368608576348812,-0.06254467833082719,-0.1344080825591057,0.009318725897451308,-0.16864745980665402,0.09296284857970455,-0.05911240687134487,0.2622318243991584,0.2614871923095959,-0.6727921883461068,-0.3577768997576962,0.27595279101022185,0.37814550833404503,0.6337296907679181,greedy,1DI9+1KV2+1OUY,0.6540982993442669,1BL6+1DI9+1KV2,0.5574846825613893,0.6337296907679181,11OY+1BL6+1KV2,1DI9+1KV2+1M7Q,1DI9+1KV2+1OUY,bootstrap_seed=0,e1_smoke3,train_selected,0.6337296907679181,1DI9+1KV2+1OUY,0.6337296907679181,0.8286502849231796,0.7782118055555556,5.0,5.0,3.75
MK14,primary,5,hmean,2,120,24,105,pr_auc,0.001896952375140648,-0.02284488418003716,-0.03698556548064669,-0.008704202879427636,-0.07935457658988893,0.09448938773166081,-0.06081244141561238,0.2818641060001922,0.26578106284921765,-0.24177195691979772,-0.38100636106056646,0.24916945081686442,0.3829033134357071,0.6301758118774309,greedy,1DI9+1KV2,0.6320727642525715,1KV2+1M7Q,0.544348614569445,0.6301758118774309,1BL6+1KV2,1KV2+1M7Q,1DI9+1KV2,bootstrap_seed=0,e1_smoke3,oracle,0.6320727642525715,1KV2+1M7Q,0.6191716681924081,0.8210582650772644,0.7352430555555556,5.0,5.0,3.75
MK14,primary,5,hmean,2,120,24,105,pr_auc,0.001896952375140648,-0.02284488418003716,-0.03698556548064669,-0.008704202879427636,-0.07935457658988893,0.09448938773166081,-0.06081244141561238,0.2818641060001922,0.26578106284921765,-0.24177195691979772,-0.38100636106056646,0.24916945081686442,0.3829033134357071,0.6301758118774309,greedy,1DI9+1KV2,0.6320727642525715,1KV2+1M7Q,0.544348614569445,0.6301758118774309,1BL6+1KV2,1KV2+1M7Q,1DI9+1KV2,bootstrap_seed=0,e1_smoke3,ref,0.6301758118774309,1DI9+1KV2,0.6301758118774309,0.8314872035440052,0.7660590277777778,5.0,5.0,4.166666666666667
MK14,primary,5,hmean,2,120,24,105,pr_auc,0.001896952375140648,-0.02284488418003716,-0.03698556548064669,-0.008704202879427636,-0.07935457658988893,0.09448938773166081,-0.06081244141561238,0.2818641060001922,0.26578106284921765,-0.24177195691979772,-0.38100636106056646,0.24916945081686442,0.3829033134357071,0.6301758118774309,greedy,1DI9+1KV2,0.6320727642525715,1KV2+1M7Q,0.544348614569445,0.6301758118774309,1BL6+1KV2,1KV2+1M7Q,1DI9+1KV2,bootstrap_seed=0,e1_smoke3,greedy,0.6301758118774309,1DI9+1KV2,0.6301758118774309,0.8314872035440052,0.7660590277777778,5.0,5.0,4.166666666666667
MK14,primary,5,hmean,2,120,24,105,pr_auc,0.001896952375140648,-0.02284488418003716,-0.03698556548064669,-0.008704202879427636,-0.07935457658988893,0.09448938773166081,-0.06081244141561238,0.2818641060001922,0.26578106284921765,-0.24177195691979772,-0.38100636106056646,0.24916945081686442,0.3829033134357071,0.6301758118774309,greedy,1DI9+1KV2,0.6320727642525715,1KV2+1M7Q,0.544348614569445,0.6301758118774309,1BL6+1KV2,1KV2+1M7Q,1DI9+1KV2,bootstrap_seed=0,e1_smoke3,single,0.5125243449456556,1DI9,0.5125243449456556,0.6193025838135613,0.7899305555555556,5.0,2.5,2.9166666666666665
MK14,primary,5,hmean,2,120,24,105,pr_auc,0.001896952375140648,-0.02284488418003716,-0.03698556548064669,-0.008704202879427636,-0.07935457658988893,0.09448938773166081,-0.06081244141561238,0.2818641060001922,0.26578106284921765,-0.24177195691979772,-0.38100636106056646,0.24916945081686442,0.3829033134357071,0.6301758118774309,greedy,1DI9+1KV2,0.6320727642525715,1KV2+1M7Q,0.544348614569445,0.6301758118774309,1BL6+1KV2,1KV2+1M7Q,1DI9+1KV2,bootstrap_seed=0,e1_smoke3,train_selected,0.6301758118774309,1DI9+1KV2,0.6301758118774309,0.8314872035440052,0.7660590277777778,5.0,5.0,4.166666666666667
MK14,primary,5,hmean,3,120,24,455,pr_auc,0.028616772822767977,-0.05212610246549876,-0.1163250160259729,0.012072811094975378,-0.14658428328569595,0.09502106294616622,-0.06790495407772247,0.27205476569591336,0.26727656628081076,-0.5485741881779472,-0.34940060162825104,0.28399981874354285,0.378017374451019,0.6334004203717939,greedy,1DI9+1KV2+1OUY,0.6620171931945619,1DI9+1KV2+1M7Q,0.5650624525995912,0.6334004203717939,1BL6+1KV1+1OUY,1DI9+1KV2+1M7Q,1DI9+1KV2+1OUY,bootstrap_seed=0,e1_smoke3,oracle,0.6620171931945619,1DI9+1KV2+1M7Q,0.5848431610667355,0.7462231378771357,0.7478298611111112,5.0,3.333333333333333,3.75
MK14,primary,5,hmean,3,120,24,455,pr_auc,0.028616772822767977,-0.05212610246549876,-0.1163250160259729,0.012072811094975378,-0.14658428328569595,0.09502106294616622,-0.06790495407772247,0.27205476569591336,0.26727656628081076,-0.5485741881779472,-0.34940060162825104,0.28399981874354285,0.378017374451019,0.6334004203717939,greedy,1DI9+1KV2+1OUY,0.6620171931945619,1DI9+1KV2+1M7Q,0.5650624525995912,0.6334004203717939,1BL6+1KV1+1OUY,1DI9+1KV2+1M7Q,1DI9+1KV2+1OUY,bootstrap_seed=0,e1_smoke3,ref,0.6334004203717939,1DI9+1KV2+1OUY,0.6334004203717939,0.83026400330597,0.7747395833333334,5.0,5.0,3.75
MK14,primary,5,hmean,3,120,24,455,pr_auc,0.028616772822767977,-0.05212610246549876,-0.1163250160259729,0.012072811094975378,-0.14658428328569595,0.09502106294616622,-0.06790495407772247,0.27205476569591336,0.26727656628081076,-0.5485741881779472,-0.34940060162825104,0.28399981874354285,0.378017374451019,0.6334004203717939,greedy,1DI9+1KV2+1OUY,0.6620171931945619,1DI9+1KV2+1M7Q,0.5650624525995912,0.6334004203717939,1BL6+1KV1+1OUY,1DI9+1KV2+1M7Q,1DI9+1KV2+1OUY,bootstrap_seed=0,e1_smoke3,greedy,0.6334004203717939,1DI9+1KV2+1OUY,0.6334004203717939,0.83026400330597,0.7747395833333334,5.0,5.0,3.75
MK14,primary,5,hmean,3,120,24,455,pr_auc,0.028616772822767977,-0.05212610246549876,-0.1163250160259729,0.012072811094975378,-0.14658428328569595,0.09502106294616622,-0.06790495407772247,0.27205476569591336,0.26727656628081076,-0.5485741881779472,-0.34940060162825104,0.28399981874354285,0.378017374451019,0.6334004203717939,greedy,1DI9+1KV2+1OUY,0.6620171931945619,1DI9+1KV2+1M7Q,0.5650624525995912,0.6334004203717939,1BL6+1KV1+1OUY,1DI9+1KV2+1M7Q,1DI9+1KV2+1OUY,bootstrap_seed=0,e1_smoke3,single,0.5125243449456556,1DI9,0.5125243449456556,0.6193025838135613,0.7899305555555556,5.0,2.5,2.9166666666666665
MK14,primary,5,hmean,3,120,24,455,pr_auc,0.028616772822767977,-0.05212610246549876,-0.1163250160259729,0.012072811094975378,-0.14658428328569595,0.09502106294616622,-0.06790495407772247,0.27205476569591336,0.26727656628081076,-0.5485741881779472,-0.34940060162825104,0.28399981874354285,0.378017374451019,0.6334004203717939,greedy,1DI9+1KV2+1OUY,0.6620171931945619,1DI9+1KV2+1M7Q,0.5650624525995912,0.6334004203717939,1BL6+1KV1+1OUY,1DI9+1KV2+1M7Q,1DI9+1KV2+1OUY,bootstrap_seed=0,e1_smoke3,train_selected,0.6334004203717939,1DI9+1KV2+1OUY,0.6334004203717939,0.83026400330597,0.7747395833333334,5.0,5.0,3.75
MK14,primary,5,max,2,120,24,105,pr_auc,0.0,-0.22665343839843194,-0.4533214586510683,1.4581854204442912e-05,-0.3441261245811164,0.0679654883247799,-0.040007684519735076,0.2016367656292391,0.191174270017768,-3.3348313090218045,-0.40363420669547834,0.18447932248921328,0.40363420669547834,0.5881135291846916,greedy,1DI9+1W83,0.5881135291846916,1DI9+1W83,0.5061644562923859,0.5881135291846916,11OY+1BMK,1DI9+1KV2,1DI9+1W83,bootstrap_seed=0,e1_smoke3,oracle,0.5881135291846916,1DI9+1W83,0.5682585072100728,0.6865610881902421,0.8248697916666666,2.5,3.333333333333333,4.166666666666667
MK14,primary,5,max,2,120,24,105,pr_auc,0.0,-0.22665343839843194,-0.4533214586510683,1.4581854204442912e-05,-0.3441261245811164,0.0679654883247799,-0.040007684519735076,0.2016367656292391,0.191174270017768,-3.3348313090218045,-0.40363420669547834,0.18447932248921328,0.40363420669547834,0.5881135291846916,greedy,1DI9+1W83,0.5881135291846916,1DI9+1W83,0.5061644562923859,0.5881135291846916,11OY+1BMK,1DI9+1KV2,1DI9+1W83,bootstrap_seed=0,e1_smoke3,ref,0.5881135291846916,1DI9+1W83,0.5881135291846916,0.7316338202976064,0.798828125,5.0,4.166666666666667,3.75
MK14,primary,5,max,2,120,24,105,pr_auc,0.0,-0.22665343839843194,-0.4533214586510683,1.4581854204442912e-05,-0.3441261245811164,0.0679654883247799,-0.040007684519735076,0.2016367656292391,0.191174270017768,-3.3348313090218045,-0.40363420669547834,0.18447932248921328,0.40363420669547834,0.5881135291846916,greedy,1DI9+1W83,0.5881135291846916,1DI9+1W83,0.5061644562923859,0.5881135291846916,11OY+1BMK,1DI9+1KV2,1DI9+1W83,bootstrap_seed=0,e1_smoke3,greedy,0.5881135291846916,1DI9+1W83,0.5881135291846916,0.7316338202976064,0.798828125,5.0,4.166666666666667,3.75
MK14,primary,5,max,2,120,24,105,pr_auc,0.0,-0.22665343839843194,-0.4533214586510683,1.4581854204442912e-05,-0.3441261245811164,0.0679654883247799,-0.040007684519735076,0.2016367656292391,0.191174270017768,-3.3348313090218045,-0.40363420669547834,0.18447932248921328,0.40363420669547834,0.5881135291846916,greedy,1DI9+1W83,0.5881135291846916,1DI9+1W83,0.5061644562923859,0.5881135291846916,11OY+1BMK,1DI9+1KV2,1DI9+1W83,bootstrap_seed=0,e1_smoke3,single,0.5125243449456556,1DI9,0.5125243449456556,0.6193025838135613,0.7899305555555556,5.0,2.5,2.9166666666666665
MK14,primary,5,max,2,120,24,105,pr_auc,0.0,-0.22665343839843194,-0.4533214586510683,1.4581854204442912e-05,-0.3441261245811164,0.0679654883247799,-0.040007684519735076,0.2016367656292391,0.191174270017768,-3.3348313090218045,-0.40363420669547834,0.18447932248921328,0.40363420669547834,0.5881135291846916,greedy,1DI9+1W83,0.5881135291846916,1DI9+1W83,0.5061644562923859,0.5881135291846916,11OY+1BMK,1DI9+1KV2,1DI9+1W83,bootstrap_seed=0,e1_smoke3,train_selected,0.5881135291846916,1DI9+1W83,0.5881135291846916,0.7316338202976064,0.798828125,5.0,4.166666666666667,3.75
MK14,primary,5,max,3,120,24,455,pr_auc,0.006421940194031972,-0.18883885355515803,-0.3830771818494135,0.00539947473909741,-0.3033552517091049,0.06925131982850082,-0.029902471344165876,0.22627285880495873,0.1947910747395266,-2.726862881787853,-0.413700187620215,0.18886299320715338,0.42012212781424696,0.6025631808273684,greedy,1BL7+1DI9+1W83,0.6089851210214003,1BMK+1DI9+1KV2,0.5022621546773526,0.6025631808273684,11OY+1BL7+1BMK,1BL7+1DI9+1KV2,1BL7+1DI9+1W83,bootstrap_seed=0,e1_smoke3,oracle,0.6089851210214003,1BMK+1DI9+1KV2,0.4795375258525337,0.5573994624646044,0.7606336805555556,5.0,3.333333333333333,2.0833333333333335
MK14,primary,5,max,3,120,24,455,pr_auc,0.006421940194031972,-0.18883885355515803,-0.3830771818494135,0.00539947473909741,-0.3033552517091049,0.06925131982850082,-0.029902471344165876,0.22627285880495873,0.1947910747395266,-2.726862881787853,-0.413700187620215,0.18886299320715338,0.42012212781424696,0.6025631808273684,greedy,1BL7+1DI9+1W83,0.6089851210214003,1BMK+1DI9+1KV2,0.5022621546773526,0.6025631808273684,11OY+1BL7+1BMK,1BL7+1DI9+1KV2,1BL7+1DI9+1W83,bootstrap_seed=0,e1_smoke3,ref,0.6025631808273684,1BL7+1DI9+1W83,0.6025631808273684,0.7357947607235027,0.8096788194444444,5.0,4.166666666666667,3.75
MK14,primary,5,max,3,120,24,455,pr_auc,0.006421940194031972,-0.18883885355515803,-0.3830771818494135,0.00539947473909741,-0.3033552517091049,0.06925131982850082,-0.029902471344165876,0.22627285880495873,0.1947910747395266,-2.726862881787853,-0.413700187620215,0.18886299320715338,0.42012212781424696,0.6025631808273684,greedy,1BL7+1DI9+1W83,0.6089851210214003,1BMK+1DI9+1KV2,0.5022621546773526,0.6025631808273684,11OY+1BL7+1BMK,1BL7+1DI9+1KV2,1BL7+1DI9+1W83,bootstrap_seed=0,e1_smoke3,greedy,0.6025631808273684,1BL7+1DI9+1W83,0.6025631808273684,0.7357947607235027,0.8096788194444444,5.0,4.166666666666667,3.75
MK14,primary,5,max,3,120,24,455,pr_auc,0.006421940194031972,-0.18883885355515803,-0.3830771818494135,0.00539947473909741,-0.3033552517091049,0.06925131982850082,-0.029902471344165876,0.22627285880495873,0.1947910747395266,-2.726862881787853,-0.413700187620215,0.18886299320715338,0.42012212781424696,0.6025631808273684,greedy,1BL7+1DI9+1W83,0.6089851210214003,1BMK+1DI9+1KV2,0.5022621546773526,0.6025631808273684,11OY+1BL7+1BMK,1BL7+1DI9+1KV2,1BL7+1DI9+1W83,bootstrap_seed=0,e1_smoke3,single,0.5125243449456556,1DI9,0.5125243449456556,0.6193025838135613,0.7899305555555556,5.0,2.5,2.9166666666666665
MK14,primary,5,max,3,120,24,455,pr_auc,0.006421940194031972,-0.18883885355515803,-0.3830771818494135,0.00539947473909741,-0.3033552517091049,0.06925131982850082,-0.029902471344165876,0.22627285880495873,0.1947910747395266,-2.726862881787853,-0.413700187620215,0.18886299320715338,0.42012212781424696,0.6025631808273684,greedy,1BL7+1DI9+1W83,0.6089851210214003,1BMK+1DI9+1KV2,0.5022621546773526,0.6025631808273684,11OY+1BL7+1BMK,1BL7+1DI9+1KV2,1BL7+1DI9+1W83,bootstrap_seed=0,e1_smoke3,train_selected,0.6025631808273684,1BL7+1DI9+1W83,0.6025631808273684,0.7357947607235027,0.8096788194444444,5.0,4.166666666666667,3.75
MK14,primary,5,mean,2,120,24,105,pr_auc,0.0,-0.06969216037381107,-0.13938432074762214,0.0,-0.16874214897044226,0.08566381722041032,-0.038137938707688626,0.2929249010865816,0.24095637547382365,-0.8135542243523345,-0.38517176694327193,0.2636676848051184,0.38517176694327193,0.6488394517483903,greedy,1DI9+1KV2,0.6488394517483903,1DI9+1KV2,0.5644333792100753,0.6488394517483903,1BL6+1KV2,1DI9+1KV2,1DI9+1KV2,bootstrap_seed=0,e1_smoke3,oracle,0.6488394517483903,1DI9+1KV2,0.608003331501575,0.7978616156348912,0.7378472222222222,5.0,5.0,3.75
MK14,primary,5,mean,2,120,24,105,pr_auc,0.0,-0.06969216037381107,-0.13938432074762214,0.0,-0.16874214897044226,0.08566381722041032,-0.038137938707688626,0.2929249010865816,0.24095637547382365,-0.8135542243523345,-0.38517176694327193,0.2636676848051184,0.38517176694327193,0.6488394517483903,greedy,1DI9+1KV2,0.6488394517483903,1DI9+1KV2,0.5644333792100753,0.6488394517483903,1BL6+1KV2,1DI9+1KV2,1DI9+1KV2,bootstrap_seed=0,e1_smoke3,ref,0.6488394517483903,1DI9+1KV2,0.6488394517483903,0.8406137333203146,0.7860243055555556,5.0,5.0,4.166666666666667
MK14,primary,5,mean,2,120,24,105,pr_auc,0.0,-0.06969216037381107,-0.13938432074762214,0.0,-0.16874214897044226,0.08566381722041032,-0.038137938707688626,0.2929249010865816,0.24095637547382365,-0.8135542243523345,-0.38517176694327193,0.2636676848051184,0.38517176694327193,0.6488394517483903,greedy,1DI9+1KV2,0.6488394517483903,1DI9+1KV2,0.5644333792100753,0.6488394517483903,1BL6+1KV2,1DI9+1KV2,1DI9+1KV2,bootstrap_seed=0,e1_smoke3,greedy,0.6488394517483903,1DI9+1KV2,0.6488394517483903,0.8406137333203146,0.7860243055555556,5.0,5.0,4.166666666666667
MK14,primary,5,mean,2,120,24,105,pr_auc,0.0,-0.06969216037381107,-0.13938432074762214,0.0,-0.16874214897044226,0.08566381722041032,-0.038137938707688626,0.2929249010865816,0.24095637547382365,-0.8135542243523345,-0.38517176694327193,0.2636676848051184,0.38517176694327193,0.6488394517483903,greedy,1DI9+1KV2,0.6488394517483903,1DI9+1KV2,0.5644333792100753,0.6488394517483903,1BL6+1KV2,1DI9+1KV2,1DI9+1KV2,bootstrap_seed=0,e1_smoke3,single,0.5125243449456556,1DI9,0.5125243449456556,0.6193025838135613,0.7899305555555556,5.0,2.5,2.9166666666666665
MK14,primary,5,mean,2,120,24,105,pr_auc,0.0,-0.06969216037381107,-0.13938432074762214,0.0,-0.16874214897044226,0.08566381722041032,-0.038137938707688626,0.2929249010865816,0.24095637547382365,-0.8135542243523345,-0.38517176694327193,0.2636676848051184,0.38517176694327193,0.6488394517483903,greedy,1DI9+1KV2,0.6488394517483903,1DI9+1KV2,0.5644333792100753,0.6488394517483903,1BL6+1KV2,1DI9+1KV2,1DI9+1KV2,bootstrap_seed=0,e1_smoke3,train_selected,0.6488394517483903,1DI9+1KV2,0.6488394517483903,0.8406137333203146,0.7860243055555556,5.0,5.0,4.166666666666667
MK14,primary,5,mean,3,120,24,455,pr_auc,0.07858796079017716,-0.013154597355673925,-0.12799547597972682,0.10168628126837898,-0.1342483467273212,0.09641976985979582,-0.13976610451635696,0.23591412816531243,0.2712108685240929,-0.13643049941730884,-0.30523912872854936,0.2704397477410328,0.3838270895187265,0.5756788764695822,greedy,1DI9+1KV2+1W82,0.6542668372597593,1BL6+1DI9+1KV2,0.5548285014462978,0.5756788764695822,11OY+1BL6+1KV2,1DI9+1KV2+1OUK,1DI9+1KV2+1W82,bootstrap_seed=0,e1_smoke3,oracle,0.6542668372597593,1BL6+1DI9+1KV2,0.5895484327452815,0.7507053863859446,0.7621527777777778,5.0,4.166666666666667,3.75
MK14,primary,5,mean,3,120,24,455,pr_auc,0.07858796079017716,-0.013154597355673925,-0.12799547597972682,0.10168628126837898,-0.1342483467273212,0.09641976985979582,-0.13976610451635696,0.23591412816531243,0.2712108685240929,-0.13643049941730884,-0.30523912872854936,0.2704397477410328,0.3838270895187265,0.5756788764695822,greedy,1DI9+1KV2+1W82,0.6542668372597593,1BL6+1DI9+1KV2,0.5548285014462978,0.5756788764695822,11OY+1BL6+1KV2,1DI9+1KV2+1OUK,1DI9+1KV2+1W82,bootstrap_seed=0,e1_smoke3,ref,0.5756788764695822,1DI9+1KV2+1W82,0.5756788764695822,0.7615058025534497,0.7430555555555556,5.0,4.166666666666667,3.333333333333333
MK14,primary,5,mean,3,120,24,455,pr_auc,0.07858796079017716,-0.013154597355673925,-0.12799547597972682,0.10168628126837898,-0.1342483467273212,0.09641976985979582,-0.13976610451635696,0.23591412816531243,0.2712108685240929,-0.13643049941730884,-0.30523912872854936,0.2704397477410328,0.3838270895187265,0.5756788764695822,greedy,1DI9+1KV2+1W82,0.6542668372597593,1BL6+1DI9+1KV2,0.5548285014462978,0.5756788764695822,11OY+1BL6+1KV2,1DI9+1KV2+1OUK,1DI9+1KV2+1W82,bootstrap_seed=0,e1_smoke3,greedy,0.5756788764695822,1DI9+1KV2+1W82,0.5756788764695822,0.7615058025534497,0.7430555555555556,5.0,4.166666666666667,3.333333333333333
MK14,primary,5,mean,3,120,24,455,pr_auc,0.07858796079017716,-0.013154597355673925,-0.12799547597972682,0.10168628126837898,-0.1342483467273212,0.09641976985979582,-0.13976610451635696,0.23591412816531243,0.2712108685240929,-0.13643049941730884,-0.30523912872854936,0.2704397477410328,0.3838270895187265,0.5756788764695822,greedy,1DI9+1KV2+1W82,0.6542668372597593,1BL6+1DI9+1KV2,0.5548285014462978,0.5756788764695822,11OY+1BL6+1KV2,1DI9+1KV2+1OUK,1DI9+1KV2+1W82,bootstrap_seed=0,e1_smoke3,single,0.5125243449456556,1DI9,0.5125243449456556,0.6193025838135613,0.7899305555555556,5.0,2.5,2.9166666666666665
MK14,primary,5,mean,3,120,24,455,pr_auc,0.07858796079017716,-0.013154597355673925,-0.12799547597972682,0.10168628126837898,-0.1342483467273212,0.09641976985979582,-0.13976610451635696,0.23591412816531243,0.2712108685240929,-0.13643049941730884,-0.30523912872854936,0.2704397477410328,0.3838270895187265,0.5756788764695822,greedy,1DI9+1KV2+1W82,0.6542668372597593,1BL6+1DI9+1KV2,0.5548285014462978,0.5756788764695822,11OY+1BL6+1KV2,1DI9+1KV2+1OUK,1DI9+1KV2+1W82,bootstrap_seed=0,e1_smoke3,train_selected,0.5756788764695822,1DI9+1KV2+1W82,0.5756788764695822,0.7615058025534497,0.7430555555555556,5.0,4.166666666666667,3.333333333333333
MK14,primary,5,min,2,120,24,105,pr_auc,0.042641608603431025,0.048724923176974244,0.05356357509211129,0.043886271261837195,-0.01677123479609986,0.10395067525679329,-0.11667938571916693,0.2501158665289843,0.2923939038752705,0.46873118482979764,-0.32739065243858984,0.262783522159802,0.37003226104202086,0.5901741745983918,greedy,1DI9+1KV2,0.6328157832018229,11OY+1KV2,0.5322905888365012,0.5954704185281622,11OY+1KV2,11OY+1KV2,1KV2+1OUY,bootstrap_seed=0,e1_smoke3,oracle,0.6328157832018229,11OY+1KV2,0.6328157832018229,0.8531484988144001,0.7434895833333334,5.0,5.0,4.166666666666667
MK14,primary,5,min,2,120,24,105,pr_auc,0.042641608603431025,0.048724923176974244,0.05356357509211129,0.043886271261837195,-0.01677123479609986,0.10395067525679329,-0.11667938571916693,0.2501158665289843,0.2923939038752705,0.46873118482979764,-0.32739065243858984,0.262783522159802,0.37003226104202086,0.5901741745983918,greedy,1DI9+1KV2,0.6328157832018229,11OY+1KV2,0.5322905888365012,0.5954704185281622,11OY+1KV2,11OY+1KV2,1KV2+1OUY,bootstrap_seed=0,e1_smoke3,ref,0.5901741745983918,1DI9+1KV2,0.5901741745983918,0.8180835698935217,0.7092013888888888,5.0,5.0,3.75
MK14,primary,5,min,2,120,24,105,pr_auc,0.042641608603431025,0.048724923176974244,0.05356357509211129,0.043886271261837195,-0.01677123479609986,0.10395067525679329,-0.11667938571916693,0.2501158665289843,0.2923939038752705,0.46873118482979764,-0.32739065243858984,0.262783522159802,0.37003226104202086,0.5901741745983918,greedy,1DI9+1KV2,0.6328157832018229,11OY+1KV2,0.5322905888365012,0.5954704185281622,11OY+1KV2,11OY+1KV2,1KV2+1OUY,bootstrap_seed=0,e1_smoke3,greedy,0.5901741745983918,1DI9+1KV2,0.5901741745983918,0.8180835698935217,0.7092013888888888,5.0,5.0,3.75
MK14,primary,5,min,2,120,24,105,pr_auc,0.042641608603431025,0.048724923176974244,0.05356357509211129,0.043886271261837195,-0.01677123479609986,0.10395067525679329,-0.11667938571916693,0.2501158665289843,0.2923939038752705,0.46873118482979764,-0.32739065243858984,0.262783522159802,0.37003226104202086,0.5901741745983918,greedy,1DI9+1KV2,0.6328157832018229,11OY+1KV2,0.5322905888365012,0.5954704185281622,11OY+1KV2,11OY+1KV2,1KV2+1OUY,bootstrap_seed=0,e1_smoke3,single,0.5125243449456556,1DI9,0.5125243449456556,0.6193025838135613,0.7899305555555556,5.0,2.5,2.9166666666666665
MK14,primary,5,min,2,120,24,105,pr_auc,0.042641608603431025,0.048724923176974244,0.05356357509211129,0.043886271261837195,-0.01677123479609986,0.10395067525679329,-0.11667938571916693,0.2501158665289843,0.2923939038752705,0.46873118482979764,-0.32739065243858984,0.262783522159802,0.37003226104202086,0.5901741745983918,greedy,1DI9+1KV2,0.6328157832018229,11OY+1KV2,0.5322905888365012,0.5954704185281622,11OY+1KV2,11OY+1KV2,1KV2+1OUY,bootstrap_seed=0,e1_smoke3,train_selected,0.5954704185281622,1KV2+1OUY,0.5954704185281622,0.8217499158029303,0.7109375,5.0,5.0,3.75
MK14,primary,5,min,3,120,24,455,pr_auc,0.035360069543513895,-0.012703095867071912,-0.03161224766815618,0.0062060559340123556,-0.11067879379847922,0.10105864171587817,-0.10508158841325048,0.25677001197685223,0.2842591517432863,-0.1257002434565279,-0.3387270435259411,0.26423582687989755,0.37408711306945497,0.6029628704058386,greedy,1DI9+1KV2+1OUY,0.6383229399493525,11OY+1BL6+1KV2,0.5413023837234864,0.60151504238707,11OY+1BL6+1KV1,1BL6+1KV2+1M7Q,1BL7+1KV2+1OUY,bootstrap_seed=0,e1_smoke3,oracle,0.6383229399493525,11OY+1BL6+1KV2,0.5864643053389932,0.7702137834569476,0.7745225694444444,5.0,5.0,3.75
MK14,primary,5,min,3,120,24,455,pr_auc,0.035360069543513895,-0.012703095867071912,-0.03161224766815618,0.0062060559340123556,-0.11067879379847922,0.10105864171587817,-0.10508158841325048,0.25677001197685223,0.2842591517432863,-0.1257002434565279,-0.3387270435259411,0.26423582687989755,0.37408711306945497,0.6029628704058386,greedy,1DI9+1KV2+1OUY,0.6383229399493525,11OY+1BL6+1KV2,0.5413023837234864,0.60151504238707,11OY+1BL6+1KV1,1BL6+1KV2+1M7Q,1BL7+1KV2+1OUY,bootstrap_seed=0,e1_smoke3,ref,0.6029628704058386,1DI9+1KV2+1OUY,0.6029628704058386,0.8221349354376359,0.7230902777777778,5.0,5.0,3.75
MK14,primary,5,min,3,120,24,455,pr_auc,0.035360069543513895,-0.012703095867071912,-0.03161224766815618,0.0062060559340123556,-0.11067879379847922,0.10105864171587817,-0.10508158841325048,0.25677001197685223,0.2842591517432863,-0.1257002434565279,-0.3387270435259411,0.26423582687989755,0.37408711306945497,0.6029628704058386,greedy,1DI9+1KV2+1OUY,0.6383229399493525,11OY+1BL6+1KV2,0.5413023837234864,0.60151504238707,11OY+1BL6+1KV1,1BL6+1KV2+1M7Q,1BL7+1KV2+1OUY,bootstrap_seed=0,e1_smoke3,greedy,0.6029628704058386,1DI9+1KV2+1OUY,0.6029628704058386,0.8221349354376359,0.7230902777777778,5.0,5.0,3.75
MK14,primary,5,min,3,120,24,455,pr_auc,0.035360069543513895,-0.012703095867071912,-0.03161224766815618,0.0062060559340123556,-0.11067879379847922,0.10105864171587817,-0.10508158841325048,0.25677001197685223,0.2842591517432863,-0.1257002434565279,-0.3387270435259411,0.26423582687989755,0.37408711306945497,0.6029628704058386,greedy,1DI9+1KV2+1OUY,0.6383229399493525,11OY+1BL6+1KV2,0.5413023837234864,0.60151504238707,11OY+1BL6+1KV1,1BL6+1KV2+1M7Q,1BL7+1KV2+1OUY,bootstrap_seed=0,e1_smoke3,single,0.5125243449456556,1DI9,0.5125243449456556,0.6193025838135613,0.7899305555555556,5.0,2.5,2.9166666666666665
MK14,primary,5,min,3,120,24,455,pr_auc,0.035360069543513895,-0.012703095867071912,-0.03161224766815618,0.0062060559340123556,-0.11067879379847922,0.10105864171587817,-0.10508158841325048,0.25677001197685223,0.2842591517432863,-0.1257002434565279,-0.3387270435259411,0.26423582687989755,0.37408711306945497,0.6029628704058386,greedy,1DI9+1KV2+1OUY,0.6383229399493525,11OY+1BL6+1KV2,0.5413023837234864,0.60151504238707,11OY+1BL6+1KV1,1BL6+1KV2+1M7Q,1BL7+1KV2+1OUY,bootstrap_seed=0,e1_smoke3,train_selected,0.60151504238707,1BL7+1KV2+1OUY,0.60151504238707,0.8212820210407924,0.7296006944444444,5.0,5.0,3.75
MK14,primary,5,ranksum,2,120,24,105,pr_auc,0.0,-0.2269047295899139,-0.2584191954549329,-0.19539026372489487,-0.3872942989962074,0.07949192655602275,-0.06723521765619692,0.2377381812481184,0.2235959956475879,-2.854437417993643,-0.38645424297464487,0.21357832862387532,0.38645424297464487,0.6000325715985202,greedy,1DI9+1KV2,0.6000325715985202,1DI9+1KV2,0.5293826770721761,0.6000325715985202,11OY+1BL6,1DI9+1W82,1DI9+1KV2,bootstrap_seed=0,e1_smoke3,oracle,0.6000325715985202,1DI9+1KV2,0.4704549944553223,0.6022268913893767,0.7196180555555556,5.0,2.5,2.5
MK14,primary,5,ranksum,2,120,24,105,pr_auc,0.0,-0.2269047295899139,-0.2584191954549329,-0.19539026372489487,-0.3872942989962074,0.07949192655602275,-0.06723521765619692,0.2377381812481184,0.2235959956475879,-2.854437417993643,-0.38645424297464487,0.21357832862387532,0.38645424297464487,0.6000325715985202,greedy,1DI9+1KV2,0.6000325715985202,1DI9+1KV2,0.5293826770721761,0.6000325715985202,11OY+1BL6,1DI9+1W82,1DI9+1KV2,bootstrap_seed=0,e1_smoke3,ref,0.6000325715985202,1DI9+1KV2,0.6000325715985202,0.7670551902172102,0.7877604166666666,5.0,4.166666666666667,3.333333333333333
MK14,primary,5,ranksum,2,120,24,105,pr_auc,0.0,-0.2269047295899139,-0.2584191954549329,-0.19539026372489487,-0.3872942989962074,0.07949192655602275,-0.06723521765619692,0.2377381812481184,0.2235959956475879,-2.854437417993643,-0.38645424297464487,0.21357832862387532,0.38645424297464487,0.6000325715985202,greedy,1DI9+1KV2,0.6000325715985202,1DI9+1KV2,0.5293826770721761,0.6000325715985202,11OY+1BL6,1DI9+1W82,1DI9+1KV2,bootstrap_seed=0,e1_smoke3,greedy,0.6000325715985202,1DI9+1KV2,0.6000325715985202,0.7670551902172102,0.7877604166666666,5.0,4.166666666666667,3.333333333333333
MK14,primary,5,ranksum,2,120,24,105,pr_auc,0.0,-0.2269047295899139,-0.2584191954549329,-0.19539026372489487,-0.3872942989962074,0.07949192655602275,-0.06723521765619692,0.2377381812481184,0.2235959956475879,-2.854437417993643,-0.38645424297464487,0.21357832862387532,0.38645424297464487,0.6000325715985202,greedy,1DI9+1KV2,0.6000325715985202,1DI9+1KV2,0.5293826770721761,0.6000325715985202,11OY+1BL6,1DI9+1W82,1DI9+1KV2,bootstrap_seed=0,e1_smoke3,single,0.5140431153749531,1DI9,0.5140431153749531,0.6194366562741929,0.7905815972222222,5.0,2.5,2.9166666666666665
MK14,primary,5,ranksum,2,120,24,105,pr_auc,0.0,-0.2269047295899139,-0.2584191954549329,-0.19539026372489487,-0.3872942989962074,0.07949192655602275,-0.06723521765619692,0.2377381812481184,0.2235959956475879,-2.854437417993643,-0.38645424297464487,0.21357832862387532,0.38645424297464487,0.6000325715985202,greedy,1DI9+1KV2,0.6000325715985202,1DI9+1KV2,0.5293826770721761,0.6000325715985202,11OY+1BL6,1DI9+1W82,1DI9+1KV2,bootstrap_seed=0,e1_smoke3,train_selected,0.6000325715985202,1DI9+1KV2,0.6000325715985202,0.7670551902172102,0.7877604166666666,5.0,4.166666666666667,3.333333333333333
MK14,primary,5,ranksum,3,120,24,455,pr_auc,0.04147773538771371,-0.19267337119846548,-0.3177107931439368,-0.06763594925299415,-0.32146280958497153,0.08985819194022579,-0.1312091487968845,0.20929348794899724,0.2527543709713319,-2.144193723891451,-0.35556820810202866,0.2002989397126081,0.39704594348974237,0.5558671478146368,greedy,1DI9+1KV2+1W82,0.5973448832023505,1BL7+1DI9+1KV2,0.526252585632366,0.5558671478146368,11OY+1BL6+1W83,1DI9+1R39+1W82,1DI9+1KV2+1W82,bootstrap_seed=0,e1_smoke3,oracle,0.5973448832023505,1BL7+1DI9+1KV2,0.476277050507161,0.5612718184072585,0.7335069444444444,2.5,2.5,3.333333333333333
MK14,primary,5,ranksum,3,120,24,455,pr_auc,0.04147773538771371,-0.19267337119846548,-0.3177107931439368,-0.06763594925299415,-0.32146280958497153,0.08985819194022579,-0.1312091487968845,0.20929348794899724,0.2527543709713319,-2.144193723891451,-0.35556820810202866,0.2002989397126081,0.39704594348974237,0.5558671478146368,greedy,1DI9+1KV2+1W82,0.5973448832023505,1BL7+1DI9+1KV2,0.526252585632366,0.5558671478146368,11OY+1BL6+1W83,1DI9+1R39+1W82,1DI9+1KV2+1W82,bootstrap_seed=0,e1_smoke3,ref,0.5558671478146368,1DI9+1KV2+1W82,0.5558671478146368,0.7257293310845309,0.7439236111111112,5.0,4.166666666666667,3.333333333333333
MK14,primary,5,ranksum,3,120,24,455,pr_auc,0.04147773538771371,-0.19267337119846548,-0.3177107931439368,-0.06763594925299415,-0.32146280958497153,0.08985819194022579,-0.1312091487968845,0.20929348794899724,0.2527543709713319,-2.144193723891451,-0.35556820810202866,0.2002989397126081,0.39704594348974237,0.5558671478146368,greedy,1DI9+1KV2+1W82,0.5973448832023505,1BL7+1DI9+1KV2,0.526252585632366,0.5558671478146368,11OY+1BL6+1W83,1DI9+1R39+1W82,1DI9+1KV2+1W82,bootstrap_seed=0,e1_smoke3,greedy,0.5558671478146368,1DI9+1KV2+1W82,0.5558671478146368,0.7257293310845309,0.7439236111111112,5.0,4.166666666666667,3.333333333333333
MK14,primary,5,ranksum,3,120,24,455,pr_auc,0.04147773538771371,-0.19267337119846548,-0.3177107931439368,-0.06763594925299415,-0.32146280958497153,0.08985819194022579,-0.1312091487968845,0.20929348794899724,0.2527543709713319,-2.144193723891451,-0.35556820810202866,0.2002989397126081,0.39704594348974237,0.5558671478146368,greedy,1DI9+1KV2+1W82,0.5973448832023505,1BL7+1DI9+1KV2,0.526252585632366,0.5558671478146368,11OY+1BL6+1W83,1DI9+1R39+1W82,1DI9+1KV2+1W82,bootstrap_seed=0,e1_smoke3,single,0.5140431153749531,1DI9,0.5140431153749531,0.6194366562741929,0.7905815972222222,5.0,2.5,2.9166666666666665
MK14,primary,5,ranksum,3,120,24,455,pr_auc,0.04147773538771371,-0.19267337119846548,-0.3177107931439368,-0.06763594925299415,-0.32146280958497153,0.08985819194022579,-0.1312091487968845,0.20929348794899724,0.2527543709713319,-2.144193723891451,-0.35556820810202866,0.2002989397126081,0.39704594348974237,0.5558671478146368,greedy,1DI9+1KV2+1W82,0.5973448832023505,1BL7+1DI9+1KV2,0.526252585632366,0.5558671478146368,11OY+1BL6+1W83,1DI9+1R39+1W82,1DI9+1KV2+1W82,bootstrap_seed=0,e1_smoke3,train_selected,0.5558671478146368,1DI9+1KV2+1W82,0.5558671478146368,0.7257293310845309,0.7439236111111112,5.0,4.166666666666667,3.333333333333333
MK14,primary,5,rrf,2,120,24,105,pr_auc,0.0,0.0,0.0,0.0,0.0,0.07803819731280094,-0.013764390204567545,0.26631400218039636,0.21950692583103096,0.0,-0.3788378916179668,0.27170587028751275,0.3788378916179668,0.6505437619054796,greedy,1DI9+1KV2,0.6505437619054796,1DI9+1KV2,0.559661898501081,0.6505437619054796,1DI9+1KV2,1DI9+1KV2,1DI9+1KV2,bootstrap_seed=0,e1_smoke3,oracle,0.6505437619054796,1DI9+1KV2,0.6505437619054796,0.8453924656656937,0.7916666666666666,5.0,5.0,4.166666666666667
MK14,primary,5,rrf,2,120,24,105,pr_auc,0.0,0.0,0.0,0.0,0.0,0.07803819731280094,-0.013764390204567545,0.26631400218039636,0.21950692583103096,0.0,-0.3788378916179668,0.27170587028751275,0.3788378916179668,0.6505437619054796,greedy,1DI9+1KV2,0.6505437619054796,1DI9+1KV2,0.559661898501081,0.6505437619054796,1DI9+1KV2,1DI9+1KV2,1DI9+1KV2,bootstrap_seed=0,e1_smoke3,ref,0.6505437619054796,1DI9+1KV2,0.6505437619054796,0.8453924656656937,0.7916666666666666,5.0,5.0,4.166666666666667
MK14,primary,5,rrf,2,120,24,105,pr_auc,0.0,0.0,0.0,0.0,0.0,0.07803819731280094,-0.013764390204567545,0.26631400218039636,0.21950692583103096,0.0,-0.3788378916179668,0.27170587028751275,0.3788378916179668,0.6505437619054796,greedy,1DI9+1KV2,0.6505437619054796,1DI9+1KV2,0.559661898501081,0.6505437619054796,1DI9+1KV2,1DI9+1KV2,1DI9+1KV2,bootstrap_seed=0,e1_smoke3,greedy,0.6505437619054796,1DI9+1KV2,0.6505437619054796,0.8453924656656937,0.7916666666666666,5.0,5.0,4.166666666666667
MK14,primary,5,rrf,2,120,24,105,pr_auc,0.0,0.0,0.0,0.0,0.0,0.07803819731280094,-0.013764390204567545,0.26631400218039636,0.21950692583103096,0.0,-0.3788378916179668,0.27170587028751275,0.3788378916179668,0.6505437619054796,greedy,1DI9+1KV2,0.6505437619054796,1DI9+1KV2,0.559661898501081,0.6505437619054796,1DI9+1KV2,1DI9+1KV2,1DI9+1KV2,bootstrap_seed=0,e1_smoke3,single,0.5140431153749531,1DI9,0.5140431153749531,0.6194366562741929,0.7905815972222222,5.0,2.5,2.9166666666666665
MK14,primary,5,rrf,2,120,24,105,pr_auc,0.0,0.0,0.0,0.0,0.0,0.07803819731280094,-0.013764390204567545,0.26631400218039636,0.21950692583103096,0.0,-0.3788378916179668,0.27170587028751275,0.3788378916179668,0.6505437619054796,greedy,1DI9+1KV2,0.6505437619054796,1DI9+1KV2,0.559661898501081,0.6505437619054796,1DI9+1KV2,1DI9+1KV2,1DI9+1KV2,bootstrap_seed=0,e1_smoke3,train_selected,0.6505437619054796,1DI9+1KV2,0.6505437619054796,0.8453924656656937,0.7916666666666666,5.0,5.0,4.166666666666667
MK14,primary,5,rrf,3,120,24,455,pr_auc,0.060755018744201195,-0.06784230915738676,-0.008337616324046948,-0.12734700199072657,-0.26341846612789127,0.08523269843582063,-0.07191124382975055,0.23604281726678017,0.2397437185656435,-0.7959657549557855,-0.31657542756663504,0.2887319725190657,0.37733044631083623,0.6053074000857007,greedy,1DI9+1KV1+1KV2,0.6660624188299019,1BL6+1DI9+1KV2,0.5528550098352359,0.6053074000857007,1BL6+1KV1+1OUY,1DI9+1R39+1W82,1DI9+1KV1+1KV2,bootstrap_seed=0,e1_smoke3,oracle,0.6660624188299019,1BL6+1DI9+1KV2,0.5907155120670963,0.7400431400225809,0.7578125,5.0,3.333333333333333,3.75
MK14,primary,5,rrf,3,120,24,455,pr_auc,0.060755018744201195,-0.06784230915738676,-0.008337616324046948,-0.12734700199072657,-0.26341846612789127,0.08523269843582063,-0.07191124382975055,0.23604281726678017,0.2397437185656435,-0.7959657549557855,-0.31657542756663504,0.2887319725190657,0.37733044631083623,0.6053074000857007,greedy,1DI9+1KV1+1KV2,0.6660624188299019,1BL6+1DI9+1KV2,0.5528550098352359,0.6053074000857007,1BL6+1KV1+1OUY,1DI9+1R39+1W82,1DI9+1KV1+1KV2,bootstrap_seed=0,e1_smoke3,ref,0.6053074000857007,1DI9+1KV1+1KV2,0.6053074000857007,0.7927257101521173,0.7677951388888888,5.0,4.166666666666667,3.75
MK14,primary,5,rrf,3,120,24,455,pr_auc,0.060755018744201195,-0.06784230915738676,-0.008337616324046948,-0.12734700199072657,-0.26341846612789127,0.08523269843582063,-0.07191124382975055,0.23604281726678017,0.2397437185656435,-0.7959657549557855,-0.31657542756663504,0.2887319725190657,0.37733044631083623,0.6053074000857007,greedy,1DI9+1KV1+1KV2,0.6660624188299019,1BL6+1DI9+1KV2,0.5528550098352359,0.6053074000857007,1BL6+1KV1+1OUY,1DI9+1R39+1W82,1DI9+1KV1+1KV2,bootstrap_seed=0,e1_smoke3,greedy,0.6053074000857007,1DI9+1KV1+1KV2,0.6053074000857007,0.7927257101521173,0.7677951388888888,5.0,4.166666666666667,3.75
MK14,primary,5,rrf,3,120,24,455,pr_auc,0.060755018744201195,-0.06784230915738676,-0.008337616324046948,-0.12734700199072657,-0.26341846612789127,0.08523269843582063,-0.07191124382975055,0.23604281726678017,0.2397437185656435,-0.7959657549557855,-0.31657542756663504,0.2887319725190657,0.37733044631083623,0.6053074000857007,greedy,1DI9+1KV1+1KV2,0.6660624188299019,1BL6+1DI9+1KV2,0.5528550098352359,0.6053074000857007,1BL6+1KV1+1OUY,1DI9+1R39+1W82,1DI9+1KV1+1KV2,bootstrap_seed=0,e1_smoke3,single,0.5140431153749531,1DI9,0.5140431153749531,0.6194366562741929,0.7905815972222222,5.0,2.5,2.9166666666666665
MK14,primary,5,rrf,3,120,24,455,pr_auc,0.060755018744201195,-0.06784230915738676,-0.008337616324046948,-0.12734700199072657,-0.26341846612789127,0.08523269843582063,-0.07191124382975055,0.23604281726678017,0.2397437185656435,-0.7959657549557855,-0.31657542756663504,0.2887319725190657,0.37733044631083623,0.6053074000857007,greedy,1DI9+1KV1+1KV2,0.6660624188299019,1BL6+1DI9+1KV2,0.5528550098352359,0.6053074000857007,1BL6+1KV1+1OUY,1DI9+1R39+1W82,1DI9+1KV1+1KV2,bootstrap_seed=0,e1_smoke3,train_selected,0.6053074000857007,1DI9+1KV1+1KV2,0.6053074000857007,0.7927257101521173,0.7677951388888888,5.0,4.166666666666667,3.75
MK14,primary,5,zmean,2,120,24,105,pr_auc,0.0,-0.17032730799998036,-0.1184041189010599,-0.22225049709890082,-0.30270870219403734,0.07556390883184214,-0.021758334559597595,0.27106783366920145,0.212547212808735,-2.2540828106050217,-0.3842470370313298,0.2621181353540848,0.3842470370313298,0.6463651723854146,greedy,1DI9+1KV2,0.6463651723854146,1DI9+1KV2,0.5665663295816388,0.6463651723854146,1BL6+1KV2,1DI9+1W82,1DI9+1KV2,bootstrap_seed=0,e1_smoke3,oracle,0.6463651723854146,1DI9+1KV2,0.6040473760146686,0.7875990594715184,0.7361111111111112,5.0,5.0,3.333333333333333
MK14,primary,5,zmean,2,120,24,105,pr_auc,0.0,-0.17032730799998036,-0.1184041189010599,-0.22225049709890082,-0.30270870219403734,0.07556390883184214,-0.021758334559597595,0.27106783366920145,0.212547212808735,-2.2540828106050217,-0.3842470370313298,0.2621181353540848,0.3842470370313298,0.6463651723854146,greedy,1DI9+1KV2,0.6463651723854146,1DI9+1KV2,0.5665663295816388,0.6463651723854146,1BL6+1KV2,1DI9+1W82,1DI9+1KV2,bootstrap_seed=0,e1_smoke3,ref,0.6463651723854146,1DI9+1KV2,0.6463651723854146,0.8264305231446162,0.7986111111111112,5.0,5.0,3.75
MK14,primary,5,zmean,2,120,24,105,pr_auc,0.0,-0.17032730799998036,-0.1184041189010599,-0.22225049709890082,-0.30270870219403734,0.07556390883184214,-0.021758334559597595,0.27106783366920145,0.212547212808735,-2.2540828106050217,-0.3842470370313298,0.2621181353540848,0.3842470370313298,0.6463651723854146,greedy,1DI9+1KV2,0.6463651723854146,1DI9+1KV2,0.5665663295816388,0.6463651723854146,1BL6+1KV2,1DI9+1W82,1DI9+1KV2,bootstrap_seed=0,e1_smoke3,greedy,0.6463651723854146,1DI9+1KV2,0.6463651723854146,0.8264305231446162,0.7986111111111112,5.0,5.0,3.75
MK14,primary,5,zmean,2,120,24,105,pr_auc,0.0,-0.17032730799998036,-0.1184041189010599,-0.22225049709890082,-0.30270870219403734,0.07556390883184214,-0.021758334559597595,0.27106783366920145,0.212547212808735,-2.2540828106050217,-0.3842470370313298,0.2621181353540848,0.3842470370313298,0.6463651723854146,greedy,1DI9+1KV2,0.6463651723854146,1DI9+1KV2,0.5665663295816388,0.6463651723854146,1BL6+1KV2,1DI9+1W82,1DI9+1KV2,bootstrap_seed=0,e1_smoke3,single,0.5125243449456556,1DI9,0.5125243449456556,0.6193025838135613,0.7899305555555556,5.0,2.5,2.9166666666666665
MK14,primary,5,zmean,2,120,24,105,pr_auc,0.0,-0.17032730799998036,-0.1184041189010599,-0.22225049709890082,-0.30270870219403734,0.07556390883184214,-0.021758334559597595,0.27106783366920145,0.212547212808735,-2.2540828106050217,-0.3842470370313298,0.2621181353540848,0.3842470370313298,0.6463651723854146,greedy,1DI9+1KV2,0.6463651723854146,1DI9+1KV2,0.5665663295816388,0.6463651723854146,1BL6+1KV2,1DI9+1W82,1DI9+1KV2,bootstrap_seed=0,e1_smoke3,train_selected,0.6463651723854146,1DI9+1KV2,0.6463651723854146,0.8264305231446162,0.7986111111111112,5.0,5.0,3.75
MK14,primary,5,zmean,3,120,24,455,pr_auc,0.07380727814625576,-0.1418432558354472,-0.16834050432208902,-0.1153460073488054,-0.28688144801508964,0.09283240706268736,-0.1263607304556507,0.2439577365748375,0.26112028459789655,-1.5279497787842997,-0.31130927259983054,0.27548237906894923,0.3851165507460863,0.5867916516687798,greedy,1DI9+1KV2+1W82,0.6605989298150355,1BL6+1DI9+1KV2,0.5539491062866543,0.5867916516687798,11OY+1BL6+1KV2,1DI9+1OUK+1W82,1DI9+1KV2+1W82,bootstrap_seed=0,e1_smoke3,oracle,0.6605989298150355,1BL6+1DI9+1KV2,0.579902442573284,0.7324975778508261,0.76171875,5.0,3.333333333333333,3.75
MK14,primary,5,zmean,3,120,24,455,pr_auc,0.07380727814625576,-0.1418432558354472,-0.16834050432208902,-0.1153460073488054,-0.28688144801508964,0.09283240706268736,-0.1263607304556507,0.2439577365748375,0.26112028459789655,-1.5279497787842997,-0.31130927259983054,0.27548237906894923,0.3851165507460863,0.5867916516687798,greedy,1DI9+1KV2+1W82,0.6605989298150355,1BL6+1DI9+1KV2,0.5539491062866543,0.5867916516687798,11OY+1BL6+1KV2,1DI9+1OUK+1W82,1DI9+1KV2+1W82,bootstrap_seed=0,e1_smoke3,ref,0.5867916516687798,1DI9+1KV2+1W82,0.5867916516687798,0.7683495676270811,0.7526041666666666,5.0,4.166666666666667,3.333333333333333
MK14,primary,5,zmean,3,120,24,455,pr_auc,0.07380727814625576,-0.1418432558354472,-0.16834050432208902,-0.1153460073488054,-0.28688144801508964,0.09283240706268736,-0.1263607304556507,0.2439577365748375,0.26112028459789655,-1.5279497787842997,-0.31130927259983054,0.27548237906894923,0.3851165507460863,0.5867916516687798,greedy,1DI9+1KV2+1W82,0.6605989298150355,1BL6+1DI9+1KV2,0.5539491062866543,0.5867916516687798,11OY+1BL6+1KV2,1DI9+1OUK+1W82,1DI9+1KV2+1W82,bootstrap_seed=0,e1_smoke3,greedy,0.5867916516687798,1DI9+1KV2+1W82,0.5867916516687798,0.7683495676270811,0.7526041666666666,5.0,4.166666666666667,3.333333333333333
MK14,primary,5,zmean,3,120,24,455,pr_auc,0.07380727814625576,-0.1418432558354472,-0.16834050432208902,-0.1153460073488054,-0.28688144801508964,0.09283240706268736,-0.1263607304556507,0.2439577365748375,0.26112028459789655,-1.5279497787842997,-0.31130927259983054,0.27548237906894923,0.3851165507460863,0.5867916516687798,greedy,1DI9+1KV2+1W82,0.6605989298150355,1BL6+1DI9+1KV2,0.5539491062866543,0.5867916516687798,11OY+1BL6+1KV2,1DI9+1OUK+1W82,1DI9+1KV2+1W82,bootstrap_seed=0,e1_smoke3,single,0.5125243449456556,1DI9,0.5125243449456556,0.6193025838135613,0.7899305555555556,5.0,2.5,2.9166666666666665
MK14,primary,5,zmean,3,120,24,455,pr_auc,0.07380727814625576,-0.1418432558354472,-0.16834050432208902,-0.1153460073488054,-0.28688144801508964,0.09283240706268736,-0.1263607304556507,0.2439577365748375,0.26112028459789655,-1.5279497787842997,-0.31130927259983054,0.27548237906894923,0.3851165507460863,0.5867916516687798,greedy,1DI9+1KV2+1W82,0.6605989298150355,1BL6+1DI9+1KV2,0.5539491062866543,0.5867916516687798,11OY+1BL6+1KV2,1DI9+1OUK+1W82,1DI9+1KV2+1W82,bootstrap_seed=0,e1_smoke3,train_selected,0.5867916516687798,1DI9+1KV2+1W82,0.5867916516687798,0.7683495676270811,0.7526041666666666,5.0,4.166666666666667,3.333333333333333
